,P,Exp P,Log P,Log Exp P
17963606,3.92745e-10,5.547703090037335e-08,9.406,7.256
17963607,4.012986e-10,1.109540618007467e-07,9.397,6.955
17963609,6.797737e-10,1.6643109270112004e-07,9.168,6.779
17963724,1.383522e-09,2.219081236014934e-07,8.859,6.654
8399254,6.968903e-08,2.773851545018667e-07,7.157,6.557
8399683,8.358703e-08,3.328621854022401e-07,7.078,6.478
8399618,8.750364e-08,3.8833921630261344e-07,7.058,6.411
8399614,8.994531e-08,4.438162472029868e-07,7.046,6.353
16881646,1.502288e-07,4.992932781033601e-07,6.823,6.302
8399388,1.778118e-07,5.547703090037334e-07,6.75,6.256
8399335,1.842294e-07,6.102473399041069e-07,6.735,6.214
1307236,2.017666e-07,6.657243708044802e-07,6.695,6.177
8399131,2.254875e-07,7.212014017048536e-07,6.647,6.142
9105390,2.602363e-07,7.766784326052269e-07,6.585,6.11
6025093,3.037095e-07,8.321554635056003e-07,6.518,6.08
9105345,4.385043e-07,8.876324944059736e-07,6.358,6.052
9105337,4.501066e-07,9.431095253063469e-07,6.347,6.025
1226019,5.181002e-07,9.985865562067203e-07,6.286,6.001
16881605,5.694415e-07,1.0540635871070937e-06,6.245,5.977
14632928,7.617948e-07,1.109540618007467e-06,6.118,5.955
16882067,7.659448e-07,1.1650176489078403e-06,6.116,5.934
16882237,7.890262e-07,1.2204946798082137e-06,6.103,5.913
16881909,8.017502e-07,1.2759717107085871e-06,6.096,5.894
2141812,8.159506e-07,1.3314487416089603e-06,6.088,5.876
1227344,8.315604e-07,1.3869257725093337e-06,6.08,5.858
12045556,8.49563e-07,1.4424028034097071e-06,6.071,5.841
8399032,9.793146e-07,1.4978798343100803e-06,6.009,5.825
14633019,1.059624e-06,1.5533568652104537e-06,5.975,5.809
11290228,1.2212e-06,1.6088338961108272e-06,5.913,5.793
16881586,1.258595e-06,1.6643109270112006e-06,5.9,5.779
5841498,1.492297e-06,1.7197879579115738e-06,5.826,5.765
16882163,1.677052e-06,1.7752649888119472e-06,5.775,5.751
16881845,1.700247e-06,1.8307420197123206e-06,5.769,5.737
16883399,1.706257e-06,1.8862190506126938e-06,5.768,5.724
4488729,1.7451e-06,1.9416960815130674e-06,5.758,5.712
3596258,1.766354e-06,1.9971731124134406e-06,5.753,5.7
16881696,1.800909e-06,2.0526501433138138e-06,5.745,5.688
16883300,1.824345e-06,2.1081271742141874e-06,5.739,5.676
16883320,1.827357e-06,2.1636042051145606e-06,5.738,5.665
9105391,2.017121e-06,2.219081236014934e-06,5.695,5.654
2203010,2.059097e-06,2.2745582669153074e-06,5.686,5.643
18000681,2.146856e-06,2.3300352978156806e-06,5.668,5.633
9105398,2.155554e-06,2.385512328716054e-06,5.666,5.622
17963660,2.313726e-06,2.4409893596164274e-06,5.636,5.612
5359801,2.362474e-06,2.4964663905168006e-06,5.627,5.603
16955007,2.655606e-06,2.5519434214171743e-06,5.576,5.593
18000718,2.723183e-06,2.6074204523175474e-06,5.565,5.584
16883153,2.799066e-06,2.6628974832179206e-06,5.553,5.575
3994076,2.80612e-06,2.7183745141182943e-06,5.552,5.566
17963669,2.813442e-06,2.7738515450186675e-06,5.551,5.557
16883179,2.827654e-06,2.8293285759190407e-06,5.549,5.548
16955010,2.833476e-06,2.8848056068194143e-06,5.548,5.54
16955005,2.835785e-06,2.9402826377197875e-06,5.547,5.532
16882699,2.921752e-06,2.9957596686201607e-06,5.534,5.523
12062675,2.976456e-06,3.0512366995205343e-06,5.526,5.516
17963652,3.038848e-06,3.1067137304209075e-06,5.517,5.508
15540902,3.095667e-06,3.162190761321281e-06,5.509,5.5
9105388,3.100148e-06,3.2176677922216543e-06,5.509,5.492
17963653,3.10491e-06,3.2731448231220275e-06,5.508,5.485
16883161,3.137568e-06,3.328621854022401e-06,5.503,5.478
15078412,3.142027e-06,3.3840988849227743e-06,5.503,5.471
1443003,3.14461e-06,3.4395759158231475e-06,5.502,5.463
545969,3.209482e-06,3.495052946723521e-06,5.494,5.457
17963671,3.214517e-06,3.5505299776238943e-06,5.493,5.45
16881800,3.31129e-06,3.6060070085242675e-06,5.48,5.443
8399201,3.330658e-06,3.661484039424641e-06,5.477,5.436
17963720,3.387779e-06,3.7169610703250143e-06,5.47,5.43
4489143,3.433776e-06,3.7724381012253875e-06,5.464,5.423
13134916,3.454157e-06,3.827915132125761e-06,5.462,5.417
11079875,3.488873e-06,3.883392163026135e-06,5.457,5.411
17963668,3.524654e-06,3.9388691939265076e-06,5.453,5.405
8399149,3.551101e-06,3.994346224826881e-06,5.45,5.399
11079472,3.661813e-06,4.049823255727255e-06,5.436,5.393
17963613,3.667324e-06,4.1053002866276276e-06,5.436,5.387
17963620,3.667766e-06,4.160777317528001e-06,5.436,5.381
17963662,3.679576e-06,4.216254348428375e-06,5.434,5.375
17963672,3.699628e-06,4.271731379328748e-06,5.432,5.369
13722984,3.791733e-06,4.327208410229121e-06,5.421,5.364
17963663,3.806708e-06,4.382685441129495e-06,5.419,5.358
17963725,3.872715e-06,4.438162472029868e-06,5.412,5.353
17963612,3.910281e-06,4.493639502930241e-06,5.408,5.347
11079758,3.934463e-06,4.549116533830615e-06,5.405,5.342
17963665,3.93818e-06,4.604593564730988e-06,5.405,5.337
8398972,3.95416e-06,4.660070595631361e-06,5.403,5.332
17963675,3.955369e-06,4.715547626531735e-06,5.403,5.326
17963730,4.004084e-06,4.771024657432108e-06,5.397,5.321
18000664,4.020052e-06,4.826501688332481e-06,5.396,5.316
11078478,4.035972e-06,4.881978719232855e-06,5.394,5.311
17963747,4.039389e-06,4.9374557501332285e-06,5.394,5.306
17963745,4.045234e-06,4.992932781033601e-06,5.393,5.302
8398993,4.077911e-06,5.048409811933975e-06,5.39,5.297
17963622,4.092901e-06,5.1038868428343485e-06,5.388,5.292
16883111,4.101778e-06,5.159363873734721e-06,5.387,5.287
17963733,4.133902e-06,5.214840904635095e-06,5.384,5.283
17963732,4.138936e-06,5.2703179355354685e-06,5.383,5.278
17963646,4.154444e-06,5.325794966435841e-06,5.381,5.274
17963681,4.159838e-06,5.381271997336215e-06,5.381,5.269
17963614,4.171868e-06,5.4367490282365885e-06,5.38,5.265
16883360,4.24667e-06,5.492226059136961e-06,5.372,5.26
17963619,4.262982e-06,5.547703090037335e-06,5.37,5.256
17963727,4.267761e-06,5.6031801209377085e-06,5.37,5.252
8647610,4.270628e-06,5.658657151838081e-06,5.37,5.247
17963723,4.280571e-06,5.714134182738455e-06,5.368,5.243
17963630,4.295153e-06,5.7696112136388286e-06,5.367,5.239
17963640,4.316302e-06,5.825088244539201e-06,5.365,5.235
17963676,4.341664e-06,5.880565275439575e-06,5.362,5.231
8399132,4.34494e-06,5.9360423063399486e-06,5.362,5.227
3650884,4.37927e-06,5.991519337240321e-06,5.359,5.222
17963684,4.387799e-06,6.046996368140695e-06,5.358,5.218
17963643,4.40769e-06,6.102473399041069e-06,5.356,5.214
3650566,4.424368e-06,6.157950429941441e-06,5.354,5.211
11122701,4.43863e-06,6.213427460841815e-06,5.353,5.207
17963683,4.499525e-06,6.268904491742189e-06,5.347,5.203
13723009,4.527241e-06,6.324381522642562e-06,5.344,5.199
17963679,4.542771e-06,6.379858553542935e-06,5.343,5.195
17963677,4.557297e-06,6.435335584443309e-06,5.341,5.191
15390377,4.558038e-06,6.490812615343682e-06,5.341,5.188
10883657,4.586206e-06,6.546289646244055e-06,5.339,5.184
8399048,4.678433e-06,6.601766677144429e-06,5.33,5.18
17963694,4.715671e-06,6.657243708044802e-06,5.326,5.177
17963726,4.733289e-06,6.712720738945175e-06,5.325,5.173
15540903,4.825036e-06,6.768197769845549e-06,5.316,5.17
16882048,4.909324e-06,6.823674800745922e-06,5.309,5.166
17963697,4.917928e-06,6.879151831646295e-06,5.308,5.162
17963693,4.941489e-06,6.934628862546669e-06,5.306,5.159
5048098,4.942808e-06,6.990105893447042e-06,5.306,5.156
17963704,4.985245e-06,7.045582924347415e-06,5.302,5.152
5613299,5.013989e-06,7.101059955247789e-06,5.3,5.149
17964004,5.026264e-06,7.156536986148162e-06,5.299,5.145
17963685,5.046008e-06,7.212014017048535e-06,5.297,5.142
17963686,5.051132e-06,7.267491047948909e-06,5.297,5.139
17963692,5.073497e-06,7.322968078849282e-06,5.295,5.135
17963632,5.088397e-06,7.378445109749655e-06,5.293,5.132
17963687,5.10312e-06,7.433922140650029e-06,5.292,5.129
17963695,5.103738e-06,7.489399171550402e-06,5.292,5.126
17963705,5.182489e-06,7.544876202450775e-06,5.285,5.122
11077945,5.224851e-06,7.600353233351149e-06,5.282,5.119
3489876,5.230197e-06,7.655830264251522e-06,5.281,5.116
8514217,5.285851e-06,7.711307295151896e-06,5.277,5.113
8935076,5.286533e-06,7.76678432605227e-06,5.277,5.11
17963629,5.304795e-06,7.822261356952641e-06,5.275,5.107
17963751,5.516005e-06,7.877738387853015e-06,5.258,5.104
3651054,5.670653e-06,7.933215418753389e-06,5.246,5.101
17137339,5.716558e-06,7.988692449653762e-06,5.243,5.098
18019778,5.731794e-06,8.044169480554136e-06,5.242,5.095
17963710,5.742079e-06,8.09964651145451e-06,5.241,5.092
17963690,5.773454e-06,8.155123542354882e-06,5.239,5.089
9105363,5.841828e-06,8.210600573255255e-06,5.233,5.086
17963708,5.884667e-06,8.266077604155629e-06,5.23,5.083
17963702,6.016289e-06,8.321554635056002e-06,5.221,5.08
13497557,6.030532e-06,8.377031665956376e-06,5.22,5.077
8934746,6.112617e-06,8.43250869685675e-06,5.214,5.074
10011725,6.222272e-06,8.487985727757123e-06,5.206,5.071
15178841,6.239028e-06,8.543462758657495e-06,5.205,5.068
14744299,6.330838e-06,8.598939789557869e-06,5.199,5.066
13498936,6.435772e-06,8.654416820458242e-06,5.191,5.063
15761348,6.746718e-06,8.709893851358616e-06,5.171,5.06
17137333,6.751809e-06,8.76537088225899e-06,5.171,5.057
14506694,6.826871e-06,8.820847913159363e-06,5.166,5.054
13133722,6.846928e-06,8.876324944059735e-06,5.165,5.052
11032760,6.890306e-06,8.931801974960109e-06,5.162,5.049
13133810,7.002289e-06,8.987279005860482e-06,5.155,5.046
5886666,7.030743e-06,9.042756036760856e-06,5.153,5.044
13723003,7.132737e-06,9.09823306766123e-06,5.147,5.041
4425761,7.316567e-06,9.153710098561603e-06,5.136,5.038
13135499,7.433235e-06,9.209187129461975e-06,5.129,5.036
17963678,7.482856e-06,9.264664160362349e-06,5.126,5.033
17137356,7.55733e-06,9.320141191262722e-06,5.122,5.031
8789489,7.568152e-06,9.375618222163096e-06,5.121,5.028
15540899,7.573234e-06,9.43109525306347e-06,5.121,5.025
16881841,7.632515e-06,9.486572283963843e-06,5.117,5.023
13135001,7.667276e-06,9.542049314864215e-06,5.115,5.02
17963766,7.672472e-06,9.597526345764589e-06,5.115,5.018
5841779,7.935687e-06,9.653003376664962e-06,5.1,5.015
10011784,8.372815e-06,9.708480407565336e-06,5.077,5.013
3596231,8.498746e-06,9.76395743846571e-06,5.071,5.01
13995415,8.5695e-06,9.819434469366083e-06,5.067,5.008
3596245,8.798519e-06,9.874911500266457e-06,5.056,5.005
16883311,8.827312e-06,9.930388531166829e-06,5.054,5.003
13579774,8.834539e-06,9.985865562067203e-06,5.054,5.001
17137338,8.983835e-06,1.0041342592967576e-05,5.047,4.998
17963920,8.987048e-06,1.009681962386795e-05,5.046,4.996
9105315,9.208517e-06,1.0152296654768323e-05,5.036,4.993
9105464,9.263509e-06,1.0207773685668697e-05,5.033,4.991
13134465,9.269322e-06,1.0263250716569069e-05,5.033,4.989
5613738,9.433415e-06,1.0318727747469443e-05,5.025,4.986
16883271,9.442475e-06,1.0374204778369816e-05,5.025,4.984
2217639,9.464272e-06,1.042968180927019e-05,5.024,4.982
14744363,9.526854e-06,1.0485158840170563e-05,5.021,4.979
2217647,9.531711e-06,1.0540635871070937e-05,5.021,4.977
2217672,9.54999e-06,1.0596112901971309e-05,5.02,4.975
17963795,9.593541e-06,1.0651589932871683e-05,5.018,4.973
16075884,9.721264e-06,1.0707066963772056e-05,5.012,4.97
5359802,9.793193e-06,1.076254399467243e-05,5.009,4.968
13135052,9.837214e-06,1.0818021025572803e-05,5.007,4.966
9292692,9.987175e-06,1.0873498056473177e-05,5.001,4.964
13134551,1.003489e-05,1.0928975087373549e-05,4.998,4.961
5613762,1.024204e-05,1.0984452118273923e-05,4.99,4.959
9292866,1.027988e-05,1.1039929149174296e-05,4.988,4.957
11700939,1.028464e-05,1.109540618007467e-05,4.988,4.955
15601882,1.042764e-05,1.1150883210975043e-05,4.982,4.953
16881410,1.043016e-05,1.1206360241875417e-05,4.982,4.951
9105364,1.052002e-05,1.126183727277579e-05,4.978,4.948
2217676,1.056046e-05,1.1317314303676163e-05,4.976,4.946
8399208,1.061281e-05,1.1372791334576536e-05,4.974,4.944
15763782,1.069734e-05,1.142826836547691e-05,4.971,4.942
12566511,1.072475e-05,1.1483745396377283e-05,4.97,4.94
7682444,1.081785e-05,1.1539222427277657e-05,4.966,4.938
6107186,1.087735e-05,1.159469945817803e-05,4.963,4.936
17322451,1.094015e-05,1.1650176489078403e-05,4.961,4.934
8399148,1.095229e-05,1.1705653519978776e-05,4.96,4.932
5613667,1.098469e-05,1.176113055087915e-05,4.959,4.93
5613770,1.101816e-05,1.1816607581779524e-05,4.958,4.928
9292963,1.11256e-05,1.1872084612679897e-05,4.954,4.925
9292746,1.118615e-05,1.192756164358027e-05,4.951,4.923
8399202,1.121395e-05,1.1983038674480643e-05,4.95,4.921
6197995,1.123793e-05,1.2038515705381016e-05,4.949,4.919
5910002,1.124335e-05,1.209399273628139e-05,4.949,4.917
8399253,1.133265e-05,1.2149469767181764e-05,4.946,4.915
16883095,1.151938e-05,1.2204946798082137e-05,4.939,4.913
4120241,1.155251e-05,1.226042382898251e-05,4.937,4.911
11195172,1.16355e-05,1.2315900859882883e-05,4.934,4.91
8485882,1.173731e-05,1.2371377890783256e-05,4.93,4.908
8399106,1.180088e-05,1.242685492168363e-05,4.928,4.906
17963831,1.181177e-05,1.2482331952584004e-05,4.928,4.904
3646523,1.18782e-05,1.2537808983484377e-05,4.925,4.902
7043740,1.208027e-05,1.259328601438475e-05,4.918,4.9
17963791,1.216727e-05,1.2648763045285124e-05,4.915,4.898
4120218,1.221885e-05,1.2704240076185496e-05,4.913,4.896
795108,1.245836e-05,1.275971710708587e-05,4.905,4.894
8399303,1.24615e-05,1.2815194137986244e-05,4.904,4.892
8398929,1.249825e-05,1.2870671168886617e-05,4.903,4.89
4489232,1.270336e-05,1.292614819978699e-05,4.896,4.889
16881880,1.279593e-05,1.2981625230687364e-05,4.893,4.887
8399224,1.281633e-05,1.3037102261587736e-05,4.892,4.885
6107135,1.283763e-05,1.309257929248811e-05,4.892,4.883
16883433,1.28398e-05,1.3148056323388484e-05,4.891,4.881
16883137,1.285217e-05,1.3203533354288857e-05,4.891,4.879
3650143,1.296844e-05,1.3259010385189231e-05,4.887,4.877
16882500,1.298551e-05,1.3314487416089604e-05,4.887,4.876
12668544,1.299348e-05,1.3369964446989976e-05,4.886,4.874
15079379,1.303214e-05,1.342544147789035e-05,4.885,4.872
16883444,1.311677e-05,1.3480918508790724e-05,4.882,4.87
6107165,1.314787e-05,1.3536395539691097e-05,4.881,4.868
12668543,1.315139e-05,1.3591872570591471e-05,4.881,4.867
12668583,1.317539e-05,1.3647349601491845e-05,4.88,4.865
6161576,1.320167e-05,1.3702826632392216e-05,4.879,4.863
4882155,1.32171e-05,1.375830366329259e-05,4.879,4.861
6107046,1.323952e-05,1.3813780694192964e-05,4.878,4.86
18000678,1.328153e-05,1.3869257725093337e-05,4.877,4.858
6107049,1.330267e-05,1.3924734755993711e-05,4.876,4.856
2217473,1.331727e-05,1.3980211786894085e-05,4.876,4.854
16881999,1.342706e-05,1.4035688817794458e-05,4.872,4.853
14505949,1.362261e-05,1.409116584869483e-05,4.866,4.851
6107044,1.362768e-05,1.4146642879595204e-05,4.866,4.849
6107026,1.367919e-05,1.4202119910495577e-05,4.864,4.848
6107051,1.369318e-05,1.4257596941395951e-05,4.863,4.846
2590573,1.369692e-05,1.4313073972296325e-05,4.863,4.844
6107023,1.370356e-05,1.4368551003196698e-05,4.863,4.843
4120128,1.37144e-05,1.442402803409707e-05,4.863,4.841
18000769,1.377767e-05,1.4479505064997444e-05,4.861,4.839
1426464,1.391822e-05,1.4534982095897817e-05,4.856,4.838
15540947,1.410529e-05,1.4590459126798191e-05,4.851,4.836
16883370,1.4258e-05,1.4645936157698565e-05,4.846,4.834
13199387,1.429982e-05,1.4701413188598938e-05,4.845,4.833
18000641,1.469825e-05,1.475689021949931e-05,4.833,4.831
4620053,1.470851e-05,1.4812367250399684e-05,4.832,4.829
17137337,1.473826e-05,1.4867844281300057e-05,4.832,4.828
3596359,1.481858e-05,1.4923321312200431e-05,4.829,4.826
13134683,1.485675e-05,1.4978798343100805e-05,4.828,4.825
16883457,1.496468e-05,1.5034275374001178e-05,4.825,4.823
8648043,1.498011e-05,1.508975240490155e-05,4.824,4.821
2019609,1.498944e-05,1.5145229435801924e-05,4.824,4.82
16883398,1.504703e-05,1.5200706466702297e-05,4.823,4.818
13136229,1.514109e-05,1.5256183497602671e-05,4.82,4.817
1227119,1.517294e-05,1.5311660528503045e-05,4.819,4.815
16882865,1.520399e-05,1.5367137559403417e-05,4.818,4.813
12479382,1.520549e-05,1.5422614590303792e-05,4.818,4.812
4120155,1.523921e-05,1.5478091621204164e-05,4.817,4.81
8398964,1.527567e-05,1.553356865210454e-05,4.816,4.809
2681164,1.539284e-05,1.558904568300491e-05,4.813,4.807
15070353,1.541245e-05,1.5644522713905283e-05,4.812,4.806
3189220,1.552707e-05,1.5699999744805658e-05,4.809,4.804
3489940,1.55504e-05,1.575547677570603e-05,4.808,4.803
8107785,1.558474e-05,1.5810953806606406e-05,4.807,4.801
17963876,1.56551e-05,1.5866430837506777e-05,4.805,4.8
10011750,1.568088e-05,1.5921907868407153e-05,4.805,4.798
13723098,1.575555e-05,1.5977384899307525e-05,4.803,4.796
4881855,1.584135e-05,1.6032861930207897e-05,4.8,4.795
5886681,1.60957e-05,1.6088338961108272e-05,4.793,4.793
6783344,1.612605e-05,1.6143815992008644e-05,4.792,4.792
15070314,1.64527e-05,1.619929302290902e-05,4.784,4.791
2019555,1.650928e-05,1.625477005380939e-05,4.782,4.789
17963782,1.651746e-05,1.6310247084709763e-05,4.782,4.788
8485604,1.652261e-05,1.636572411561014e-05,4.782,4.786
17421656,1.654884e-05,1.642120114651051e-05,4.781,4.785
6161417,1.659216e-05,1.6476678177410886e-05,4.78,4.783
17137336,1.669805e-05,1.6532155208311258e-05,4.777,4.782
10796501,1.674535e-05,1.6587632239211633e-05,4.776,4.78
6782576,1.67607e-05,1.6643109270112005e-05,4.776,4.779
11951145,1.702628e-05,1.6698586301012377e-05,4.769,4.777
2591201,1.705107e-05,1.6754063331912752e-05,4.768,4.776
13208917,1.707156e-05,1.6809540362813124e-05,4.768,4.774
11010028,1.710609e-05,1.68650173937135e-05,4.767,4.773
5886733,1.712896e-05,1.692049442461387e-05,4.766,4.772
17137345,1.716376e-05,1.6975971455514246e-05,4.765,4.77
13238677,1.722826e-05,1.703144848641462e-05,4.764,4.769
5886732,1.731031e-05,1.708692551731499e-05,4.762,4.767
2443187,1.745e-05,1.7142402548215366e-05,4.758,4.766
16883420,1.758267e-05,1.7197879579115738e-05,4.755,4.765
16883424,1.767745e-05,1.7253356610016113e-05,4.753,4.763
10694565,1.767782e-05,1.7308833640916485e-05,4.753,4.762
1226939,1.773698e-05,1.7364310671816857e-05,4.751,4.76
15540949,1.77569e-05,1.7419787702717232e-05,4.751,4.759
7682433,1.797484e-05,1.7475264733617604e-05,4.745,4.758
2019677,1.806364e-05,1.753074176451798e-05,4.743,4.756
15760607,1.810612e-05,1.758621879541835e-05,4.742,4.755
8107521,1.82751e-05,1.7641695826318727e-05,4.738,4.753
8107522,1.827574e-05,1.76971728572191e-05,4.738,4.752
15960757,1.843263e-05,1.775264988811947e-05,4.734,4.751
202076,1.848091e-05,1.7808126919019846e-05,4.733,4.749
15071362,1.851149e-05,1.7863603949920218e-05,4.733,4.748
12642084,1.851732e-05,1.7919080980820593e-05,4.732,4.747
15071340,1.853611e-05,1.7974558011720965e-05,4.732,4.745
15071360,1.853611e-05,1.803003504262134e-05,4.732,4.744
1345291,1.860544e-05,1.8085512073521712e-05,4.73,4.743
17137349,1.866355e-05,1.8140989104422084e-05,4.729,4.741
8797409,1.866702e-05,1.819646613532246e-05,4.729,4.74
9221287,1.870134e-05,1.825194316622283e-05,4.728,4.739
11195176,1.87165e-05,1.8307420197123207e-05,4.728,4.737
5886725,1.871696e-05,1.836289722802358e-05,4.728,4.736
202070,1.882393e-05,1.841837425892395e-05,4.725,4.735
6106988,1.888918e-05,1.8473851289824326e-05,4.724,4.733
10816461,1.893949e-05,1.8529328320724698e-05,4.723,4.732
6951555,1.900916e-05,1.8584805351625073e-05,4.721,4.731
17137350,1.922577e-05,1.8640282382525445e-05,4.716,4.73
5886722,1.926939e-05,1.869575941342582e-05,4.715,4.728
16881727,1.928135e-05,1.8751236444326192e-05,4.715,4.727
18000659,1.931564e-05,1.8806713475226564e-05,4.714,4.726
5886727,1.932478e-05,1.886219050612694e-05,4.714,4.724
6561421,1.93348e-05,1.891766753702731e-05,4.714,4.723
4120270,1.936238e-05,1.8973144567927687e-05,4.713,4.722
2019648,1.938165e-05,1.902862159882806e-05,4.713,4.721
5910017,1.939326e-05,1.908409862972843e-05,4.712,4.719
10011740,1.940164e-05,1.9139575660628806e-05,4.712,4.718
9226120,1.959122e-05,1.9195052691529178e-05,4.708,4.717
2019628,1.964696e-05,1.9250529722429553e-05,4.707,4.716
7682529,1.968939e-05,1.9306006753329925e-05,4.706,4.714
2019620,1.97228e-05,1.93614837842303e-05,4.705,4.713
6106987,1.975478e-05,1.9416960815130672e-05,4.704,4.712
8485716,1.991425e-05,1.9472437846031044e-05,4.701,4.711
15358169,1.992922e-05,1.952791487693142e-05,4.701,4.709
8586743,1.997612e-05,1.958339190783179e-05,4.699,4.708
4882677,1.998555e-05,1.9638868938732167e-05,4.699,4.707
7682539,2.000195e-05,1.969434596963254e-05,4.699,4.706
6106932,2.021952e-05,1.9749823000532914e-05,4.694,4.704
11950779,2.023751e-05,1.9805300031433286e-05,4.694,4.703
7300929,2.027497e-05,1.9860777062333658e-05,4.693,4.702
5886720,2.031404e-05,1.9916254093234033e-05,4.692,4.701
7260917,2.033373e-05,1.9971731124134405e-05,4.692,4.7
11461686,2.054879e-05,2.002720815503478e-05,4.687,4.698
5886721,2.056984e-05,2.0082685185935152e-05,4.687,4.697
15071306,2.069866e-05,2.0138162216835524e-05,4.684,4.696
18000650,2.072507e-05,2.01936392477359e-05,4.684,4.695
13789292,2.08661e-05,2.024911627863627e-05,4.681,4.694
10694674,2.086877e-05,2.0304593309536647e-05,4.681,4.692
18000649,2.091601e-05,2.036007034043702e-05,4.68,4.691
4009195,2.100602e-05,2.0415547371337394e-05,4.678,4.69
8036183,2.106466e-05,2.0471024402237766e-05,4.676,4.689
15761140,2.109626e-05,2.0526501433138138e-05,4.676,4.688
13789293,2.109756e-05,2.0581978464038513e-05,4.676,4.687
4152582,2.112294e-05,2.0637455494938885e-05,4.675,4.685
1345286,2.121403e-05,2.069293252583926e-05,4.673,4.684
2179357,2.128906e-05,2.0748409556739632e-05,4.672,4.683
5613877,2.129014e-05,2.0803886587640008e-05,4.672,4.682
8436671,2.129426e-05,2.085936361854038e-05,4.672,4.681
2217461,2.146236e-05,2.091484064944075e-05,4.668,4.68
6197827,2.148648e-05,2.0970317680341127e-05,4.668,4.678
16882918,2.150099e-05,2.10257947112415e-05,4.668,4.677
5613812,2.151464e-05,2.1081271742141874e-05,4.667,4.676
13789267,2.152566e-05,2.1136748773042246e-05,4.667,4.675
16883462,2.155904e-05,2.1192225803942618e-05,4.666,4.674
526521,2.163499e-05,2.1247702834842993e-05,4.665,4.673
2019577,2.165428e-05,2.1303179865743365e-05,4.664,4.672
8935064,2.17715e-05,2.135865689664374e-05,4.662,4.67
8399059,2.180051e-05,2.1414133927544112e-05,4.662,4.669
13723092,2.183141e-05,2.1469610958444488e-05,4.661,4.668
15070423,2.183721e-05,2.152508798934486e-05,4.661,4.667
3993844,2.189043e-05,2.158056502024523e-05,4.66,4.666
13134342,2.19581e-05,2.1636042051145607e-05,4.658,4.665
13789280,2.202957e-05,2.169151908204598e-05,4.657,4.664
1603506,2.2056e-05,2.1746996112946354e-05,4.656,4.663
926671,2.211053e-05,2.1802473143846726e-05,4.655,4.661
2019711,2.212376e-05,2.1857950174747098e-05,4.655,4.66
2019568,2.216454e-05,2.1913427205647473e-05,4.654,4.659
8485731,2.217872e-05,2.1968904236547845e-05,4.654,4.658
3596526,2.218237e-05,2.202438126744822e-05,4.654,4.657
3596460,2.22412e-05,2.2079858298348592e-05,4.653,4.656
10011707,2.224423e-05,2.2135335329248968e-05,4.653,4.655
9216593,2.225994e-05,2.219081236014934e-05,4.652,4.654
4881913,2.226981e-05,2.224628939104971e-05,4.652,4.653
6951529,2.23316e-05,2.2301766421950087e-05,4.651,4.652
276074,2.259053e-05,2.235724345285046e-05,4.646,4.651
14122012,2.269854e-05,2.2412720483750834e-05,4.644,4.65
12668595,2.277337e-05,2.2468197514651206e-05,4.643,4.648
6782444,2.28215e-05,2.252367454555158e-05,4.642,4.647
202039,2.282607e-05,2.2579151576451953e-05,4.642,4.646
2019544,2.283004e-05,2.2634628607352325e-05,4.641,4.645
12566650,2.293737e-05,2.26901056382527e-05,4.639,4.644
6107039,2.322857e-05,2.2745582669153072e-05,4.634,4.643
2019584,2.33234e-05,2.2801059700053448e-05,4.632,4.642
16954970,2.334111e-05,2.285653673095382e-05,4.632,4.641
9292960,2.348822e-05,2.291201376185419e-05,4.629,4.64
2800805,2.349376e-05,2.2967490792754567e-05,4.629,4.639
4120452,2.361684e-05,2.302296782365494e-05,4.627,4.638
7043769,2.38448e-05,2.3078444854555314e-05,4.623,4.637
17741739,2.414356e-05,2.3133921885455686e-05,4.617,4.636
7682669,2.419203e-05,2.318939891635606e-05,4.616,4.635
2019560,2.446053e-05,2.3244875947256433e-05,4.612,4.634
5583180,2.451041e-05,2.3300352978156805e-05,4.611,4.633
15601688,2.451632e-05,2.335583000905718e-05,4.611,4.632
2019593,2.453684e-05,2.3411307039957553e-05,4.61,4.631
17478914,2.469614e-05,2.3466784070857928e-05,4.607,4.63
7043535,2.47176e-05,2.35222611017583e-05,4.607,4.629
5886751,2.472736e-05,2.3577738132658675e-05,4.607,4.627
2975362,2.480388e-05,2.3633215163559047e-05,4.605,4.626
13135463,2.482925e-05,2.368869219445942e-05,4.605,4.625
4357826,2.492767e-05,2.3744169225359794e-05,4.603,4.624
6920172,2.503755e-05,2.3799646256260166e-05,4.601,4.623
6161430,2.511548e-05,2.385512328716054e-05,4.6,4.622
1292381,2.51341e-05,2.3910600318060913e-05,4.6,4.621
13498581,2.513426e-05,2.3966077348961285e-05,4.6,4.62
2019573,2.529336e-05,2.402155437986166e-05,4.597,4.619
13135257,2.534783e-05,2.4077031410762033e-05,4.596,4.618
9293016,2.536256e-05,2.4132508441662408e-05,4.596,4.617
13364015,2.537382e-05,2.418798547256278e-05,4.596,4.616
1413554,2.54371e-05,2.4243462503463155e-05,4.595,4.615
2499586,2.549452e-05,2.4298939534363527e-05,4.594,4.614
1292450,2.559476e-05,2.43544165652639e-05,4.592,4.613
15074828,2.567756e-05,2.4409893596164274e-05,4.59,4.612
11079874,2.568715e-05,2.4465370627064646e-05,4.59,4.611
4425997,2.577463e-05,2.452084765796502e-05,4.589,4.61
7661330,2.591272e-05,2.4576324688865393e-05,4.586,4.609
16881953,2.598361e-05,2.468727875066614e-05,4.585,4.608
17752234,2.598396e-05,2.4742755781566513e-05,4.585,4.607
9105332,2.6011e-05,2.4798232812466888e-05,4.585,4.606
2582943,2.60793e-05,2.485370984336726e-05,4.584,4.605
8517365,2.609713e-05,2.4909186874267635e-05,4.583,4.604
7260788,2.613191e-05,2.4964663905168007e-05,4.583,4.603
16882469,2.630084e-05,2.502014093606838e-05,4.58,4.602
7682662,2.636841e-05,2.5075617966968754e-05,4.579,4.601
6161375,2.656724e-05,2.5131094997869126e-05,4.576,4.6
17389451,2.660505e-05,2.51865720287695e-05,4.575,4.599
3596563,2.666292e-05,2.5242049059669874e-05,4.574,4.598
3597187,2.676458e-05,2.529752609057025e-05,4.572,4.597
13135310,2.682356e-05,2.535300312147062e-05,4.571,4.596
4738751,2.687788e-05,2.5408480152370993e-05,4.571,4.595
6828209,2.68811e-05,2.5463957183271368e-05,4.571,4.594
12668572,2.688514e-05,2.551943421417174e-05,4.57,4.593
8201827,2.689585e-05,2.5574911245072115e-05,4.57,4.592
10011708,2.692146e-05,2.5630388275972487e-05,4.57,4.591
3596069,2.703928e-05,2.568586530687286e-05,4.568,4.59
2019700,2.720238e-05,2.5741342337773234e-05,4.565,4.589
7682686,2.725626e-05,2.5796819368673606e-05,4.565,4.588
13723091,2.726111e-05,2.585229639957398e-05,4.564,4.588
15396570,2.728442e-05,2.5907773430474354e-05,4.564,4.587
16054453,2.729861e-05,2.596325046137473e-05,4.564,4.586
13789313,2.736493e-05,2.60187274922751e-05,4.563,4.585
5837980,2.743805e-05,2.6074204523175473e-05,4.562,4.584
4425809,2.74432e-05,2.6129681554075848e-05,4.562,4.583
4009119,2.745502e-05,2.618515858497622e-05,4.561,4.582
12668594,2.749061e-05,2.6240635615876595e-05,4.561,4.581
15540901,2.773755e-05,2.6296112646776967e-05,4.557,4.58
2973367,2.781232e-05,2.6351589677677343e-05,4.556,4.579
16176523,2.791142e-05,2.6407066708577714e-05,4.554,4.578
6951520,2.792152e-05,2.6462543739478086e-05,4.554,4.577
13135187,2.793703e-05,2.6518020770378462e-05,4.554,4.576
12696143,2.802919e-05,2.662897483217921e-05,4.552,4.575
3249174,2.807722e-05,2.668445186307958e-05,4.552,4.574
6638209,2.810008e-05,2.6739928893979953e-05,4.551,4.573
3249196,2.822854e-05,2.6795405924880328e-05,4.549,4.572
2019678,2.824487e-05,2.68508829557807e-05,4.549,4.571
13789230,2.826875e-05,2.6906359986681075e-05,4.549,4.57
16210232,2.839507e-05,2.6961837017581447e-05,4.547,4.569
460922,2.857182e-05,2.7017314048481823e-05,4.544,4.568
11283599,2.86238e-05,2.7072791079382195e-05,4.543,4.567
4882673,2.88682e-05,2.7128268110282566e-05,4.54,4.567
13789253,2.896724e-05,2.7183745141182942e-05,4.538,4.566
4489955,2.910984e-05,2.7239222172083314e-05,4.536,4.565
4426139,2.914295e-05,2.729469920298369e-05,4.535,4.564
7301030,2.914761e-05,2.735017623388406e-05,4.535,4.563
4277512,2.941939e-05,2.7405653264784433e-05,4.531,4.562
13238546,2.954318e-05,2.7461130295684808e-05,4.53,4.561
2448743,2.954346e-05,2.751660732658518e-05,4.53,4.56
17479694,2.965152e-05,2.7572084357485555e-05,4.528,4.56
3596708,2.969808e-05,2.7627561388385927e-05,4.527,4.559
813290,2.977568e-05,2.7683038419286303e-05,4.526,4.558
16883615,2.983207e-05,2.7738515450186675e-05,4.525,4.557
1345333,2.985251e-05,2.7793992481087047e-05,4.525,4.556
3596697,2.989731e-05,2.7849469511987422e-05,4.524,4.555
15593604,2.990474e-05,2.7904946542887794e-05,4.524,4.554
7924392,2.994609e-05,2.796042357378817e-05,4.524,4.553
8665286,2.997489e-05,2.801590060468854e-05,4.523,4.553
3697457,3.055539e-05,2.8071377635588916e-05,4.515,4.552
3596603,3.061478e-05,2.8126854666489288e-05,4.514,4.551
11797416,3.064341e-05,2.818233169738966e-05,4.514,4.55
1080534,3.069694e-05,2.8237808728290035e-05,4.513,4.549
5886714,3.070986e-05,2.8293285759190407e-05,4.513,4.548
14315577,3.095275e-05,2.8348762790090783e-05,4.509,4.547
10723611,3.112659e-05,2.8404239820991155e-05,4.507,4.547
15938725,3.144631e-05,2.8459716851891527e-05,4.502,4.546
8485725,3.184302e-05,2.8515193882791902e-05,4.497,4.545
12920805,3.191625e-05,2.8570670913692274e-05,4.496,4.544
16881933,3.197196e-05,2.862614794459265e-05,4.495,4.543
15174331,3.205138e-05,2.868162497549302e-05,4.494,4.542
8107434,3.22513e-05,2.879257903729377e-05,4.491,4.541
10011760,3.226835e-05,2.884805606819414e-05,4.491,4.54
10723606,3.240529e-05,2.8903533099094516e-05,4.489,4.539
5837944,3.242959e-05,2.8959010129994887e-05,4.489,4.538
4390657,3.24866e-05,2.9014487160895263e-05,4.488,4.537
4426078,3.254849e-05,2.9069964191795635e-05,4.487,4.537
7186910,3.272187e-05,2.912544122269601e-05,4.485,4.536
18000594,3.27431e-05,2.9180918253596382e-05,4.485,4.535
4738765,3.280894e-05,2.9236395284496754e-05,4.484,4.534
15174330,3.289984e-05,2.929187231539713e-05,4.483,4.533
3993843,3.292511e-05,2.93473493462975e-05,4.482,4.532
9960360,3.296163e-05,2.945830340809825e-05,4.482,4.531
3993810,3.299442e-05,2.951378043899862e-05,4.482,4.53
3993811,3.299442e-05,2.9569257469898996e-05,4.482,4.529
13789425,3.305736e-05,2.9624734500799368e-05,4.481,4.528
14467825,3.323622e-05,2.9680211531699743e-05,4.478,4.528
13789372,3.339645e-05,2.9735688562600115e-05,4.476,4.527
9221357,3.346623e-05,2.979116559350049e-05,4.475,4.526
13789375,3.349655e-05,2.9846642624400862e-05,4.475,4.525
7806941,3.367764e-05,2.9902119655301234e-05,4.473,4.524
12087343,3.369711e-05,2.995759668620161e-05,4.472,4.523
15703682,3.377209e-05,3.0068550748002356e-05,4.471,4.522
9945134,3.399569e-05,3.012402777890273e-05,4.469,4.521
2539158,3.404392e-05,3.01795048098031e-05,4.468,4.52
5837946,3.405575e-05,3.0234981840703476e-05,4.468,4.519
15397688,3.410733e-05,3.0290458871603848e-05,4.467,4.519
15760891,3.416926e-05,3.0345935902504223e-05,4.466,4.518
2499715,3.421144e-05,3.0401412933404595e-05,4.466,4.517
9105354,3.440326e-05,3.045688996430497e-05,4.463,4.516
2019707,3.443568e-05,3.0567844026105714e-05,4.463,4.515
12566400,3.457087e-05,3.062332105700609e-05,4.461,4.514
4357803,3.462908e-05,3.0678798087906465e-05,4.461,4.513
12695573,3.486486e-05,3.073427511880683e-05,4.458,4.512
13805644,3.497262e-05,3.078975214970721e-05,4.456,4.512
1944763,3.507819e-05,3.0845229180607584e-05,4.455,4.511
13805640,3.508658e-05,3.090070621150795e-05,4.455,4.51
13805647,3.508658e-05,3.095618324240833e-05,4.455,4.509
13805648,3.508658e-05,3.10116602733087e-05,4.455,4.508
7301184,3.514889e-05,3.112261433510945e-05,4.454,4.507
15636053,3.515705e-05,3.117809136600982e-05,4.454,4.506
15636061,3.515705e-05,3.12335683969102e-05,4.454,4.505
19308,3.531475e-05,3.134452245871094e-05,4.452,4.504
15636090,3.538001e-05,3.1399999489611317e-05,4.451,4.503
15636079,3.538001e-05,3.145547652051169e-05,4.451,4.502
3596839,3.549117e-05,3.151095355141206e-05,4.45,4.502
11010011,3.551253e-05,3.1566430582312436e-05,4.45,4.501
13805650,3.557685e-05,3.162190761321281e-05,4.449,4.5
3659884,3.557843e-05,3.167738464411318e-05,4.449,4.499
5161413,3.563267e-05,3.1732861675013555e-05,4.448,4.498
12920428,3.568952e-05,3.1843815736814306e-05,4.447,4.497
12709530,3.569398e-05,3.1899292767714674e-05,4.447,4.496
16882916,3.580919e-05,3.195476979861505e-05,4.446,4.495
2118811,3.603374e-05,3.2010246829515425e-05,4.443,4.495
9945127,3.608288e-05,3.206572386041579e-05,4.443,4.494
2240414,3.618257e-05,3.212120089131617e-05,4.442,4.493
17421390,3.620148e-05,3.2176677922216544e-05,4.441,4.492
16955013,3.637494e-05,3.223215495311692e-05,4.439,4.492
15146328,3.638281e-05,3.228763198401729e-05,4.439,4.491
12062422,3.641979e-05,3.234310901491766e-05,4.439,4.49
1682826,3.649435e-05,3.239858604581804e-05,4.438,4.489
13789417,3.652124e-05,3.250954010761878e-05,4.437,4.488
2118969,3.654799e-05,3.256501713851916e-05,4.437,4.487
7043569,3.673132e-05,3.26759712003199e-05,4.435,4.486
5250960,3.678142e-05,3.273144823122028e-05,4.434,4.485
3595904,3.699463e-05,3.278692526212065e-05,4.432,4.484
9105340,3.706632e-05,3.284240229302102e-05,4.431,4.484
13090159,3.729133e-05,3.2897879323921396e-05,4.428,4.483
15960986,3.749685e-05,3.295335635482177e-05,4.426,4.482
12698180,3.750588e-05,3.300883338572214e-05,4.426,4.481
3993789,3.755798e-05,3.3064310416622515e-05,4.425,4.481
5613834,3.763987e-05,3.311978744752289e-05,4.424,4.48
7301032,3.766612e-05,3.3175264478423266e-05,4.424,4.479
7301057,3.772133e-05,3.3230741509323634e-05,4.423,4.478
17421652,3.791323e-05,3.328621854022401e-05,4.421,4.478
2120455,3.793587e-05,3.3341695571124385e-05,4.421,4.477
15834637,3.799824e-05,3.339717260202475e-05,4.42,4.476
12708992,3.814597e-05,3.345264963292513e-05,4.419,4.476
7043738,3.822044e-05,3.3508126663825504e-05,4.418,4.475
12920636,3.836083e-05,3.356360369472588e-05,4.416,4.474
5613833,3.837517e-05,3.361908072562625e-05,4.416,4.473
16955011,3.849398e-05,3.3730034787427e-05,4.415,4.472
1032642,3.849716e-05,3.378551181832737e-05,4.415,4.471
3993794,3.859862e-05,3.384098884922774e-05,4.413,4.471
3993793,3.86491e-05,3.389646588012812e-05,4.413,4.47
9292964,3.873719e-05,3.395194291102849e-05,4.412,4.469
4120530,3.894482e-05,3.400741994192886e-05,4.41,4.468
7043522,3.898088e-05,3.406289697282924e-05,4.409,4.468
8713868,3.911581e-05,3.411837400372961e-05,4.408,4.467
7301119,3.917382e-05,3.417385103462998e-05,4.407,4.466
11010020,3.921167e-05,3.428480509643073e-05,4.407,4.465
12920645,3.933442e-05,3.434028212733111e-05,4.405,4.464
5837972,3.935426e-05,3.4395759158231475e-05,4.405,4.463
10723605,3.940546e-05,3.4506713220032226e-05,4.404,4.462
10723602,3.945621e-05,3.4562190250932594e-05,4.404,4.461
7301066,3.949525e-05,3.461766728183297e-05,4.403,4.461
12303761,3.951021e-05,3.4673144312733345e-05,4.403,4.46
15635975,3.968771e-05,3.4728621343633713e-05,4.401,4.459
13789283,3.994531e-05,3.4839575405434464e-05,4.399,4.458
3993787,3.994861e-05,3.489505243633484e-05,4.398,4.457
14467816,4.004197e-05,3.500600649813558e-05,4.397,4.456
18000621,4.00813e-05,3.506148352903596e-05,4.397,4.455
17421261,4.00905e-05,3.511696055993633e-05,4.397,4.454
18000580,4.014915e-05,3.522791462173708e-05,4.396,4.453
5214095,4.036518e-05,3.528339165263745e-05,4.394,4.452
4062812,4.056939e-05,3.53943457144382e-05,4.392,4.451
10163857,4.075204e-05,3.544982274533857e-05,4.39,4.45
12303758,4.093262e-05,3.550529977623894e-05,4.388,4.45
12920363,4.09983e-05,3.5560776807139316e-05,4.387,4.449
10973893,4.101356e-05,3.561625383803969e-05,4.387,4.448
4882073,4.107803e-05,3.5727207899840435e-05,4.386,4.447
2499723,4.107975e-05,3.578268493074081e-05,4.386,4.446
7043587,4.112238e-05,3.5893638992541554e-05,4.386,4.445
11427354,4.118046e-05,3.594911602344193e-05,4.385,4.444
4425916,4.133901e-05,3.6004593054342305e-05,4.384,4.444
8485963,4.138714e-05,3.606007008524268e-05,4.383,4.443
3595179,4.142491e-05,3.611554711614305e-05,4.383,4.442
1273463,4.159353e-05,3.6171024147043424e-05,4.381,4.442
12920389,4.175155e-05,3.62265011779438e-05,4.379,4.441
5047771,4.1785e-05,3.628197820884417e-05,4.379,4.44
9221340,4.185266e-05,3.6337455239744543e-05,4.378,4.44
15636132,4.202672e-05,3.639293227064492e-05,4.376,4.439
460629,4.204696e-05,3.644840930154529e-05,4.376,4.438
1132635,4.230897e-05,3.650388633244566e-05,4.374,4.438
3595064,4.232711e-05,3.655936336334604e-05,4.373,4.437
10694479,4.248392e-05,3.661484039424641e-05,4.372,4.436
2681974,4.259266e-05,3.667031742514678e-05,4.371,4.436
12920799,4.268854e-05,3.672579445604716e-05,4.37,4.435
15636130,4.270926e-05,3.678127148694753e-05,4.369,4.434
8485983,4.272631e-05,3.6892225548748276e-05,4.369,4.433
13723040,4.276651e-05,3.694770257964865e-05,4.369,4.432
201905,4.280888e-05,3.700317961054903e-05,4.368,4.432
15242569,4.292227e-05,3.7058656641449395e-05,4.367,4.431
4425902,4.293178e-05,3.711413367234977e-05,4.367,4.43
13805543,4.309327e-05,3.7169610703250146e-05,4.366,4.43
15540995,4.315719e-05,3.7225087734150515e-05,4.365,4.429
10587957,4.331556e-05,3.728056476505089e-05,4.363,4.429
13498968,4.340221e-05,3.7336041795951265e-05,4.362,4.428
7429513,4.340517e-05,3.739151882685164e-05,4.362,4.427
11108453,4.346807e-05,3.7502472888652384e-05,4.362,4.426
9221291,4.35017e-05,3.755794991955276e-05,4.361,4.425
15255256,4.355253e-05,3.7668903981353504e-05,4.361,4.424
15589839,4.355632e-05,3.772438101225388e-05,4.361,4.423
5837918,4.369923e-05,3.7779858043154254e-05,4.36,4.423
13498494,4.370345e-05,3.783533507405462e-05,4.359,4.422
12920355,4.377227e-05,3.7890812104955e-05,4.359,4.421
433587,4.37966e-05,3.800176616675574e-05,4.359,4.42
3595193,4.386462e-05,3.805724319765612e-05,4.358,4.42
1139339,4.387337e-05,3.811272022855649e-05,4.358,4.419
9292740,4.393151e-05,3.816819725945686e-05,4.357,4.418
9226041,4.420162e-05,3.827915132125761e-05,4.355,4.417
3225806,4.423049e-05,3.833462835215799e-05,4.354,4.416
13498793,4.426313e-05,3.844558241395873e-05,4.354,4.415
1132627,4.430713e-05,3.8556536475759475e-05,4.354,4.414
8380546,4.433192e-05,3.861201350665985e-05,4.353,4.413
3595104,4.442453e-05,3.87229675684606e-05,4.352,4.412
2499562,4.443108e-05,3.877844459936097e-05,4.352,4.411
7043574,4.452145e-05,3.8833921630261344e-05,4.351,4.411
11214396,4.45581e-05,3.888939866116172e-05,4.351,4.41
7301008,4.462509e-05,3.9000352722962464e-05,4.35,4.409
1132608,4.484274e-05,3.905582975386284e-05,4.348,4.408
9105294,4.491355e-05,3.916678381566358e-05,4.348,4.407
7682791,4.500589e-05,3.922226084656396e-05,4.347,4.406
12720849,4.5071e-05,3.9277737877464333e-05,4.346,4.406
13525169,4.539775e-05,3.93332149083647e-05,4.343,4.405
10011787,4.567965e-05,3.944416897016545e-05,4.34,4.404
12920347,4.571414e-05,3.949964600106583e-05,4.34,4.403
6951594,4.573331e-05,3.961060006286657e-05,4.34,4.402
5886648,4.589579e-05,3.966607709376695e-05,4.338,4.402
6451752,4.590698e-05,3.9721554124667316e-05,4.338,4.401
6451753,4.590698e-05,3.977703115556769e-05,4.338,4.4
433574,4.599248e-05,3.988798521736844e-05,4.337,4.399
7301131,4.604129e-05,3.9998939279169185e-05,4.337,4.398
201912,4.610893e-05,4.005441631006956e-05,4.336,4.397
7301026,4.619828e-05,4.0165370371870305e-05,4.335,4.396
7301054,4.641514e-05,4.027632443367105e-05,4.333,4.395
13498636,4.644894e-05,4.0331801464571424e-05,4.333,4.394
7301041,4.653063e-05,4.03872784954718e-05,4.332,4.394
7301065,4.654689e-05,4.0442755526372174e-05,4.332,4.393
13498620,4.656081e-05,4.055370958817292e-05,4.332,4.392
7301050,4.659103e-05,4.0609186619073294e-05,4.332,4.391
10011783,4.662801e-05,4.066466364997366e-05,4.331,4.391
12690096,4.664902e-05,4.072014068087404e-05,4.331,4.39
6951477,4.675286e-05,4.077561771177441e-05,4.33,4.39
15601960,4.681235e-05,4.083109474267479e-05,4.33,4.389
1382382,4.682457e-05,4.0886571773575157e-05,4.33,4.388
6219551,4.687213e-05,4.094204880447553e-05,4.329,4.388
13088655,4.695209e-05,4.099752583537591e-05,4.328,4.387
15804179,4.701185e-05,4.110847989717665e-05,4.328,4.386
8485365,4.726979e-05,4.1163956928077026e-05,4.325,4.385
5701977,4.73459e-05,4.127491098987777e-05,4.325,4.384
7812401,4.738812e-05,4.1330388020778146e-05,4.324,4.384
11427366,4.745443e-05,4.138586505167852e-05,4.324,4.383
16724730,4.756942e-05,4.1496819113479265e-05,4.323,4.382
8485940,4.759825e-05,4.155229614437964e-05,4.322,4.381
2139380,4.762163e-05,4.1663250206180384e-05,4.322,4.38
16200267,4.778712e-05,4.1774204267981134e-05,4.321,4.379
7301074,4.793092e-05,4.18296812988815e-05,4.319,4.379
1292292,4.798748e-05,4.188515832978188e-05,4.319,4.378
13089001,4.801332e-05,4.1940635360682254e-05,4.319,4.377
10124884,4.804075e-05,4.199611239158262e-05,4.318,4.377
12920283,4.821223e-05,4.2051589422483e-05,4.317,4.376
9877951,4.830395e-05,4.216254348428375e-05,4.316,4.375
12668492,4.843349e-05,4.227349754608449e-05,4.315,4.374
16686959,4.843645e-05,4.232897457698487e-05,4.315,4.373
460764,4.845996e-05,4.243992863878561e-05,4.315,4.372
12920542,4.846933e-05,4.255088270058636e-05,4.315,4.371
12920376,4.852296e-05,4.260635973148673e-05,4.314,4.371
2499712,4.860123e-05,4.2661836762387106e-05,4.313,4.37
11490625,4.861871e-05,4.271731379328748e-05,4.313,4.369
13101747,4.870903e-05,4.277279082418785e-05,4.312,4.369
2191512,4.873284e-05,4.2828267855088225e-05,4.312,4.368
13133505,4.89626e-05,4.28837448859886e-05,4.31,4.368
1273443,4.89642e-05,4.2939221916888975e-05,4.31,4.367
14003203,4.903806e-05,4.2994698947789344e-05,4.309,4.367
8485939,4.907834e-05,4.305017597868972e-05,4.309,4.366
15760718,4.909952e-05,4.3105653009590095e-05,4.309,4.365
17421501,4.917113e-05,4.316113004049046e-05,4.308,4.365
17755779,4.933514e-05,4.321660707139084e-05,4.307,4.364
13805592,4.942234e-05,4.332756113319159e-05,4.306,4.363
17964064,4.944067e-05,4.343851519499233e-05,4.306,4.362
12641613,4.950111e-05,4.349399222589271e-05,4.305,4.362
13805642,4.953741e-05,4.354946925679308e-05,4.305,4.361
11427347,4.957277e-05,4.360494628769345e-05,4.305,4.36
5251593,4.965392e-05,4.366042331859383e-05,4.304,4.36
13300967,4.965972e-05,4.3715900349494196e-05,4.304,4.359
13805629,4.969605e-05,4.3826854411294947e-05,4.304,4.358
11655965,4.97198e-05,4.393780847309569e-05,4.303,4.357
13805631,4.975757e-05,4.404876253489644e-05,4.303,4.356
13805613,4.981103e-05,4.4159716596697185e-05,4.303,4.355
13088852,4.99996e-05,4.421519362759756e-05,4.301,4.354
7301168,5.01794e-05,4.4270670658497936e-05,4.299,4.354
7301154,5.020128e-05,4.4326147689398304e-05,4.299,4.353
6951471,5.022381e-05,4.4437101751199055e-05,4.299,4.352
1273460,5.032379e-05,4.449257878209942e-05,4.298,4.352
1345329,5.034654e-05,4.45480558129998e-05,4.298,4.351
460747,5.03975e-05,4.465900987480055e-05,4.298,4.35
6951573,5.049748e-05,4.471448690570092e-05,4.297,4.35
17859016,5.050521e-05,4.476996393660129e-05,4.297,4.349
11950685,5.055216e-05,4.482544096750167e-05,4.296,4.348
1510502,5.064024e-05,4.493639502930241e-05,4.296,4.347
9462339,5.064765e-05,4.499187206020279e-05,4.295,4.347
15589832,5.076095e-05,4.504734909110316e-05,4.294,4.346
11078213,5.100639e-05,4.515830315290391e-05,4.292,4.345
201996,5.104093e-05,4.526925721470465e-05,4.292,4.344
9005238,5.108522e-05,4.53802112765054e-05,4.292,4.343
1273458,5.118842e-05,4.5491165338306145e-05,4.291,4.342
13208854,5.127424e-05,4.554664236920652e-05,4.29,4.342
9158939,5.128123e-05,4.5602119400106896e-05,4.29,4.341
460841,5.128419e-05,4.5657596431007264e-05,4.29,4.34
1273466,5.151653e-05,4.5768550492808015e-05,4.288,4.339
201900,5.158551e-05,4.587950455460876e-05,4.287,4.338
11427353,5.178341e-05,4.5934981585509134e-05,4.286,4.338
13135634,5.187375e-05,4.599045861640951e-05,4.285,4.337
8935084,5.227278e-05,4.604593564730988e-05,4.282,4.337
15861573,5.228252e-05,4.610141267821025e-05,4.282,4.336
6951430,5.230014e-05,4.6212366740011e-05,4.281,4.335
15716382,5.242278e-05,4.632332080181175e-05,4.28,4.334
13789290,5.254706e-05,4.637879783271212e-05,4.279,4.334
14106915,5.256398e-05,4.643427486361249e-05,4.279,4.333
17156310,5.26702e-05,4.654522892541324e-05,4.278,4.332
11489618,5.282685e-05,4.6656182987213986e-05,4.277,4.331
9168390,5.295102e-05,4.6767137049014737e-05,4.276,4.33
7647868,5.324184e-05,4.6822614079915105e-05,4.274,4.33
12668525,5.33091e-05,4.687809111081548e-05,4.273,4.329
9221218,5.34102e-05,4.6989045172616224e-05,4.272,4.328
15724799,5.343722e-05,4.70445222035166e-05,4.272,4.327
5908979,5.366343e-05,4.715547626531735e-05,4.27,4.326
10340789,5.39106e-05,4.721095329621772e-05,4.268,4.326
879670,5.396536e-05,4.7266430327118094e-05,4.268,4.325
16865551,5.416453e-05,4.732190735801847e-05,4.266,4.325
15888179,5.431713e-05,4.737738438891884e-05,4.265,4.324
7315773,5.447922e-05,4.743286141981921e-05,4.264,4.324
9927220,5.449439e-05,4.748833845071959e-05,4.264,4.323
16517321,5.499697e-05,4.759929251252033e-05,4.26,4.322
10723609,5.506929e-05,4.771024657432108e-05,4.259,4.321
15255042,5.513342e-05,4.782120063612183e-05,4.259,4.32
13300965,5.520115e-05,4.78766776670222e-05,4.258,4.32
13300964,5.520115e-05,4.793215469792257e-05,4.258,4.319
12644120,5.521799e-05,4.804310875972332e-05,4.258,4.318
2443573,5.531927e-05,4.8154062821524065e-05,4.257,4.317
7842701,5.534659e-05,4.8265016883324816e-05,4.257,4.316
2600936,5.540923e-05,4.837597094512556e-05,4.256,4.315
13134681,5.542852e-05,4.848692500692631e-05,4.256,4.314
13189443,5.555066e-05,4.854240203782668e-05,4.255,4.314
6187829,5.556465e-05,4.8597879068727054e-05,4.255,4.313
7350507,5.586564e-05,4.865335609962743e-05,4.253,4.313
8142753,5.5869e-05,4.87088331305278e-05,4.253,4.312
1132710,5.591803e-05,4.876431016142817e-05,4.252,4.312
13189529,5.59744e-05,4.881978719232855e-05,4.252,4.311
1417594,5.603625e-05,4.893074125412929e-05,4.252,4.31
17755795,5.606175e-05,4.898621828502967e-05,4.251,4.31
13499047,5.608477e-05,4.904169531593004e-05,4.251,4.309
17755811,5.610877e-05,4.915264937773079e-05,4.251,4.308
8765862,5.634326e-05,4.926360343953153e-05,4.249,4.307
667123,5.644289e-05,4.937455750133228e-05,4.248,4.306
8035029,5.665028e-05,4.943003453223266e-05,4.247,4.306
15046125,5.681152e-05,4.95409885940334e-05,4.246,4.305
10427523,5.708094e-05,4.9596465624933776e-05,4.244,4.305
9292989,5.714993e-05,4.9651942655834144e-05,4.243,4.304
15672969,5.7176e-05,4.9762896717634895e-05,4.243,4.303
11567400,5.7224e-05,4.981837374853527e-05,4.242,4.303
461692,5.737738e-05,4.987385077943564e-05,4.241,4.302
1175427,5.755556e-05,4.998480484123639e-05,4.24,4.301
10072731,5.759233e-05,5.0095758903037133e-05,4.24,4.3
17859011,5.779346e-05,5.015123593393751e-05,4.238,4.3
1585695,5.782835e-05,5.0206712964837884e-05,4.238,4.299
2105305,5.790289e-05,5.026218999573825e-05,4.237,4.299
13498386,5.791727e-05,5.031766702663863e-05,4.237,4.298
4514261,5.815343e-05,5.042862108843937e-05,4.235,4.297
12677805,5.819263e-05,5.053957515024012e-05,4.235,4.296
4376950,5.833257e-05,5.0650529212040866e-05,4.234,4.295
11751063,5.85576e-05,5.070600624294124e-05,4.232,4.295
15491297,5.866973e-05,5.076148327384162e-05,4.232,4.294
18003660,5.874637e-05,5.0816960304741985e-05,4.231,4.294
15491296,5.891082e-05,5.0927914366542736e-05,4.23,4.293
12040318,5.903702e-05,5.098339139744311e-05,4.229,4.293
16525715,5.911978e-05,5.103886842834348e-05,4.228,4.292
2020781,5.914321e-05,5.114982249014423e-05,4.228,4.291
3595561,5.921664e-05,5.1260776551944974e-05,4.228,4.29
2682242,5.948686e-05,5.131625358284535e-05,4.226,4.29
4376958,5.959115e-05,5.137173061374572e-05,4.225,4.289
4773316,5.973489e-05,5.148268467554647e-05,4.224,4.288
9226111,5.982281e-05,5.1538161706446844e-05,4.223,4.288
12920476,5.984212e-05,5.159363873734721e-05,4.223,4.287
4489678,5.995025e-05,5.164911576824759e-05,4.222,4.287
10723618,6.005249e-05,5.170459279914796e-05,4.221,4.286
6744443,6.022909e-05,5.187102389184908e-05,4.22,4.285
13789265,6.0345e-05,5.1981977953649826e-05,4.219,4.284
11075715,6.045828e-05,5.209293201545058e-05,4.219,4.283
10723624,6.048647e-05,5.2148409046350946e-05,4.218,4.283
11427356,6.04976e-05,5.220388607725132e-05,4.218,4.282
8637568,6.060623e-05,5.231484013905207e-05,4.217,4.281
10723620,6.075292e-05,5.237031716995244e-05,4.216,4.281
2139910,6.086051e-05,5.2425794200852815e-05,4.216,4.28
8934993,6.095042e-05,5.253674826265356e-05,4.215,4.28
5886756,6.110905e-05,5.2592225293553935e-05,4.214,4.279
2120466,6.120559e-05,5.264770232445431e-05,4.213,4.279
1273442,6.130223e-05,5.2703179355354685e-05,4.213,4.278
13628433,6.1361e-05,5.2758656386255054e-05,4.212,4.278
10723614,6.137797e-05,5.281413341715543e-05,4.212,4.277
8485895,6.149352e-05,5.292508747895617e-05,4.211,4.276
7043508,6.156738e-05,5.3036041540756923e-05,4.211,4.275
10723619,6.159643e-05,5.309151857165729e-05,4.21,4.275
10337986,6.163781e-05,5.320247263345804e-05,4.21,4.274
1682805,6.174616e-05,5.325794966435842e-05,4.209,4.274
4850172,6.185496e-05,5.3313426695258786e-05,4.209,4.273
10723626,6.19288e-05,5.336890372615916e-05,4.208,4.273
10023298,6.214757e-05,5.342438075705954e-05,4.207,4.272
6426154,6.216774e-05,5.3479857787959906e-05,4.206,4.272
10804352,6.21789e-05,5.353533481886028e-05,4.206,4.271
12920475,6.223693e-05,5.364628888066103e-05,4.206,4.27
12920483,6.232202e-05,5.37017659115614e-05,4.205,4.27
12920468,6.232202e-05,5.381271997336215e-05,4.205,4.269
12920478,6.232202e-05,5.3923674035162895e-05,4.205,4.268
4723132,6.238788e-05,5.4034628096963645e-05,4.205,4.267
12920517,6.248613e-05,5.4090105127864014e-05,4.204,4.267
1082477,6.248748e-05,5.414558215876439e-05,4.204,4.266
12668510,6.260324e-05,5.4201059189664764e-05,4.203,4.266
8485399,6.263721e-05,5.431201325146551e-05,4.203,4.265
3276238,6.286372e-05,5.442296731326626e-05,4.202,4.264
11306367,6.301471e-05,5.447844434416663e-05,4.201,4.264
13628437,6.309844e-05,5.4533921375067e-05,4.2,4.263
16302085,6.317637e-05,5.4644875436867747e-05,4.199,4.262
15054537,6.337853e-05,5.4811306529568866e-05,4.198,4.261
1273469,6.349877e-05,5.4922260591369616e-05,4.197,4.26
1273472,6.35353e-05,5.503321465317036e-05,4.197,4.259
10681621,6.362391e-05,5.514416871497111e-05,4.196,4.259
9160617,6.362865e-05,5.519964574587148e-05,4.196,4.258
3000964,6.37738e-05,5.531059980767223e-05,4.195,4.257
8684046,6.380004e-05,5.5421553869472974e-05,4.195,4.256
6887598,6.384096e-05,5.5532507931273725e-05,4.195,4.255
6035490,6.39587e-05,5.558798496217409e-05,4.194,4.255
3091163,6.412685e-05,5.564346199307447e-05,4.193,4.255
10011766,6.425176e-05,5.5698939023974844e-05,4.192,4.254
3595845,6.44324e-05,5.575441605487522e-05,4.191,4.254
9592268,6.447911e-05,5.580989308577559e-05,4.191,4.253
1604474,6.452121e-05,5.586537011667596e-05,4.19,4.253
4465770,6.47691e-05,5.592084714757634e-05,4.189,4.252
6139041,6.482871e-05,5.597632417847671e-05,4.188,4.252
2331494,6.4834e-05,5.608727824027746e-05,4.188,4.251
15601564,6.49399e-05,5.614275527117783e-05,4.187,4.251
1345310,6.502493e-05,5.61982323020782e-05,4.187,4.25
10828757,6.515878e-05,5.6253709332978577e-05,4.186,4.25
8549273,6.540415e-05,5.630918636387895e-05,4.184,4.249
6153122,6.582956e-05,5.636466339477932e-05,4.182,4.249
6035767,6.594709e-05,5.6420140425679696e-05,4.181,4.249
13300984,6.597049e-05,5.647561745658007e-05,4.181,4.248
3596936,6.603884e-05,5.6531094487480446e-05,4.18,4.248
4854703,6.614105e-05,5.6586571518380815e-05,4.18,4.247
16526126,6.621848e-05,5.664204854928119e-05,4.179,4.247
2117383,6.622753e-05,5.6697525580181565e-05,4.179,4.246
12668506,6.651434e-05,5.680847964198231e-05,4.177,4.246
15589821,6.653569e-05,5.6863956672882685e-05,4.177,4.245
11427372,6.667973e-05,5.691943370378305e-05,4.176,4.245
2499553,6.668574e-05,5.697491073468343e-05,4.176,4.244
3595881,6.673628e-05,5.708586479648418e-05,4.176,4.243
9642553,6.700112e-05,5.714134182738455e-05,4.174,4.243
1682807,6.716697e-05,5.72522958891853e-05,4.173,4.242
7301178,6.730061e-05,5.730777292008567e-05,4.172,4.242
10723715,6.734475e-05,5.736324995098604e-05,4.172,4.241
15961056,6.755416e-05,5.752968104368716e-05,4.17,4.24
1273450,6.771791e-05,5.758515807458754e-05,4.169,4.24
15589830,6.773555e-05,5.764063510548791e-05,4.169,4.239
16882727,6.779648e-05,5.7751589167288656e-05,4.169,4.238
13789249,6.790792e-05,5.780706619818903e-05,4.168,4.238
13395223,6.796193e-05,5.7918020259989775e-05,4.168,4.237
12358139,6.80118e-05,5.797349729089015e-05,4.167,4.237
2147084,6.812981e-05,5.8028974321790526e-05,4.167,4.236
10011703,6.815835e-05,5.813992838359127e-05,4.166,4.236
10066054,6.820857e-05,5.8195405414491645e-05,4.166,4.235
12920253,6.831527e-05,5.825088244539202e-05,4.165,4.235
10804387,6.8344e-05,5.830635947629239e-05,4.165,4.234
9221389,6.851532e-05,5.8361836507192764e-05,4.164,4.234
6140185,6.856594e-05,5.841731353809314e-05,4.164,4.233
16746616,6.872959e-05,5.852826759989388e-05,4.163,4.233
16087292,6.876663e-05,5.858374463079426e-05,4.163,4.232
7043689,6.881381e-05,5.863922166169463e-05,4.162,4.232
4043565,6.893809e-05,5.8694698692595e-05,4.162,4.231
17478951,6.895287e-05,5.875017572349538e-05,4.161,4.231
3383402,6.939912e-05,5.880565275439575e-05,4.159,4.231
13805612,6.943251e-05,5.886112978529612e-05,4.158,4.23
5886740,6.967604e-05,5.897208384709687e-05,4.157,4.229
6962257,6.976857e-05,5.9083037908897616e-05,4.156,4.229
1510674,7.008036e-05,5.913851493979799e-05,4.154,4.228
8684133,7.063479e-05,5.9249469001598735e-05,4.151,4.227
15632485,7.080143e-05,5.930494603249911e-05,4.15,4.227
5886752,7.087336e-05,5.9415900094299854e-05,4.15,4.226
7301097,7.105319e-05,5.947137712520023e-05,4.148,4.226
16882882,7.107988e-05,5.9526854156100605e-05,4.148,4.225
5886738,7.123153e-05,5.963780821790135e-05,4.147,4.224
18003798,7.128026e-05,5.980423931060247e-05,4.147,4.223
5886759,7.133314e-05,5.991519337240322e-05,4.147,4.222
9105897,7.137948e-05,5.9970670403303594e-05,4.146,4.222
1510597,7.162727e-05,6.002614743420396e-05,4.145,4.222
15255025,7.163423e-05,6.008162446510434e-05,4.145,4.221
5886739,7.167011e-05,6.019257852690508e-05,4.145,4.22
15960527,7.17055e-05,6.030353258870583e-05,4.144,4.22
9917862,7.172694e-05,6.03590096196062e-05,4.144,4.219
11542214,7.175394e-05,6.046996368140695e-05,4.144,4.218
1638440,7.197686e-05,6.0580917743207695e-05,4.143,4.218
5886743,7.200858e-05,6.063639477410807e-05,4.143,4.217
6139458,7.203513e-05,6.0691871805008446e-05,4.142,4.217
10125332,7.225555e-05,6.0747348835908814e-05,4.141,4.216
17508970,7.246951e-05,6.080282586680919e-05,4.14,4.216
8130758,7.269332e-05,6.0858302897709565e-05,4.139,4.216
12920311,7.285222e-05,6.091377992860994e-05,4.138,4.215
7682492,7.293451e-05,6.096925695951031e-05,4.137,4.215
11009924,7.296543e-05,6.1024733990410684e-05,4.137,4.214
14075885,7.308259e-05,6.108021102131105e-05,4.136,4.214
8684032,7.326819e-05,6.113568805221143e-05,4.135,4.214
9016632,7.328149e-05,6.11911650831118e-05,4.135,4.213
2591611,7.342257e-05,6.130211914491255e-05,4.134,4.213
9945014,7.344928e-05,6.135759617581293e-05,4.134,4.212
1942959,7.354378e-05,6.141307320671329e-05,4.133,4.212
12920294,7.35899e-05,6.146855023761367e-05,4.133,4.211
8924171,7.37106e-05,6.163498133031479e-05,4.132,4.21
7043646,7.390043e-05,6.174593539211554e-05,4.131,4.209
1273461,7.408462e-05,6.185688945391628e-05,4.13,4.209
6951504,7.415469e-05,6.191236648481666e-05,4.13,4.208
460803,7.4237e-05,6.196784351571703e-05,4.129,4.208
9160644,7.436601e-05,6.20233205466174e-05,4.129,4.207
9158923,7.446227e-05,6.207879757751778e-05,4.128,4.207
15602822,7.458412e-05,6.213427460841816e-05,4.127,4.207
16941340,7.463188e-05,6.218975163931852e-05,4.127,4.206
17755818,7.488125e-05,6.230070570111927e-05,4.126,4.206
839313,7.488442e-05,6.235618273201964e-05,4.126,4.205
9226115,7.492706e-05,6.241165976292002e-05,4.125,4.205
17743034,7.499183e-05,6.24671367938204e-05,4.125,4.204
13803573,7.507479e-05,6.263356788652151e-05,4.125,4.203
6887596,7.522681e-05,6.268904491742188e-05,4.124,4.203
12566697,7.542674e-05,6.274452194832226e-05,4.122,4.202
6887591,7.552902e-05,6.291095304102338e-05,4.122,4.201
12566640,7.563701e-05,6.296643007192375e-05,4.121,4.201
15067769,7.592964e-05,6.302190710282412e-05,4.12,4.201
10694305,7.594562e-05,6.30773841337245e-05,4.119,4.2
4723034,7.59731e-05,6.318833819552525e-05,4.119,4.199
8485394,7.618422e-05,6.3299292257326e-05,4.118,4.199
15491415,7.627829e-05,6.335476928822636e-05,4.118,4.198
9200704,7.63143e-05,6.346572335002711e-05,4.117,4.197
16526140,7.636415e-05,6.363215444272824e-05,4.117,4.196
6921226,7.648657e-05,6.374310850452897e-05,4.116,4.196
5886185,7.649745e-05,6.379858553542935e-05,4.116,4.195
11009928,7.663857e-05,6.39095395972301e-05,4.116,4.194
8485397,7.669336e-05,6.396501662813047e-05,4.115,4.194
15470703,7.671218e-05,6.407597068993122e-05,4.115,4.193
3215247,7.686908e-05,6.424240178263234e-05,4.114,4.192
8485398,7.709047e-05,6.429787881353271e-05,4.113,4.192
1273446,7.712848e-05,6.435335584443309e-05,4.113,4.191
17759421,7.723467e-05,6.446430990623384e-05,4.112,4.191
12720826,7.743264e-05,6.45197869371342e-05,4.111,4.19
15174590,7.76715e-05,6.457526396803458e-05,4.11,4.19
10023469,7.77575e-05,6.463074099893495e-05,4.109,4.19
8485400,7.782858e-05,6.468621802983533e-05,4.109,4.189
22013,7.796535e-05,6.47416950607357e-05,4.108,4.189
7043726,7.799625e-05,6.479717209163608e-05,4.108,4.188
17421277,7.808924e-05,6.485264912253645e-05,4.107,4.188
15962267,7.81092e-05,6.496360318433719e-05,4.107,4.187
6921257,7.828432e-05,6.513003427703832e-05,4.106,4.186
2591705,7.829755e-05,6.524098833883905e-05,4.106,4.185
6951558,7.832649e-05,6.540741943154018e-05,4.106,4.184
8797412,7.849525e-05,6.546289646244055e-05,4.105,4.184
4009276,7.854572e-05,6.55738505242413e-05,4.105,4.183
6306635,7.866427e-05,6.568480458604204e-05,4.104,4.183
17777049,7.869512e-05,6.574028161694242e-05,4.104,4.182
12031982,7.881157e-05,6.579575864784279e-05,4.103,4.182
15491321,7.885905e-05,6.585123567874317e-05,4.103,4.181
12032108,7.897702e-05,6.601766677144428e-05,4.102,4.18
4884824,7.91269e-05,6.61840978641454e-05,4.102,4.179
7350583,7.920671e-05,6.629505192594616e-05,4.101,4.179
17129278,7.922138e-05,6.635052895684653e-05,4.101,4.178
16883565,7.926104e-05,6.646148301864727e-05,4.101,4.177
2488556,7.934179e-05,6.657243708044802e-05,4.1,4.177
4849898,7.936049e-05,6.66279141113484e-05,4.1,4.176
1226403,7.951612e-05,6.67943452040495e-05,4.1,4.175
16656791,7.954051e-05,6.684982223494988e-05,4.099,4.175
15961226,7.976711e-05,6.690529926585026e-05,4.098,4.175
8485404,7.98506e-05,6.696077629675063e-05,4.098,4.174
8485409,7.995169e-05,6.707173035855138e-05,4.097,4.173
17343340,8.013141e-05,6.718268442035212e-05,4.096,4.173
13856791,8.031146e-05,6.72381614512525e-05,4.095,4.172
430725,8.058224e-05,6.729363848215287e-05,4.094,4.172
10125113,8.081521e-05,6.740459254395362e-05,4.093,4.171
14681100,8.087514e-05,6.7460069574854e-05,4.092,4.171
10804372,8.09462e-05,6.757102363665473e-05,4.092,4.17
1595939,8.09932e-05,6.773745472935586e-05,4.092,4.169
9105349,8.123099e-05,6.779293176025624e-05,4.09,4.169
9475507,8.123618e-05,6.784840879115661e-05,4.09,4.168
4008849,8.134808e-05,6.801483988385772e-05,4.09,4.167
11009889,8.13902e-05,6.812579394565847e-05,4.089,4.167
6503599,8.164629e-05,6.818127097655885e-05,4.088,4.166
15470990,8.1774e-05,6.823674800745922e-05,4.087,4.166
8684050,8.185102e-05,6.834770206925996e-05,4.087,4.165
11009959,8.198223e-05,6.845865613106071e-05,4.086,4.165
6921261,8.198951e-05,6.851413316196109e-05,4.086,4.164
12677834,8.212971e-05,6.862508722376184e-05,4.085,4.164
12062149,8.217408e-05,6.868056425466221e-05,4.085,4.163
9105911,8.219002e-05,6.879151831646295e-05,4.085,4.162
4541022,8.227604e-05,6.895794940916408e-05,4.085,4.161
6921268,8.235041e-05,6.906890347096481e-05,4.084,4.161
5885914,8.244699e-05,6.912438050186519e-05,4.084,4.16
1856430,8.258936e-05,6.923533456366594e-05,4.083,4.16
5885907,8.269329e-05,6.929081159456631e-05,4.083,4.159
7350649,8.274553e-05,6.934628862546669e-05,4.082,4.159
7301062,8.288687e-05,6.945724268726743e-05,4.082,4.158
13628436,8.305927e-05,6.95127197181678e-05,4.081,4.158
461016,8.329967e-05,6.956819674906818e-05,4.079,4.158
8182164,8.33057e-05,6.962367377996855e-05,4.079,4.157
15632486,8.352416e-05,6.97346278417693e-05,4.078,4.157
7350629,8.372129e-05,6.979010487266968e-05,4.077,4.156
8916154,8.378625e-05,6.995653596537079e-05,4.077,4.155
3414551,8.40973e-05,7.006749002717154e-05,4.075,4.154
17964044,8.447387e-05,7.017844408897229e-05,4.073,4.154
1273455,8.448695e-05,7.023392111987265e-05,4.073,4.153
6107298,8.465506e-05,7.03448751816734e-05,4.072,4.153
936730,8.47869e-05,7.040035221257378e-05,4.072,4.152
6572758,8.485491e-05,7.045582924347416e-05,4.071,4.152
37142,8.493627e-05,7.05667833052749e-05,4.071,4.151
9674230,8.507329e-05,7.067773736707564e-05,4.07,4.151
16525626,8.529909e-05,7.073321439797602e-05,4.069,4.15
8485513,8.541393e-05,7.084416845977677e-05,4.068,4.15
2732407,8.548672e-05,7.089964549067714e-05,4.068,4.149
17776949,8.5631e-05,7.095512252157752e-05,4.067,4.149
16882192,8.576055e-05,7.106607658337826e-05,4.067,4.148
10693547,8.581186e-05,7.117703064517901e-05,4.066,4.148
9917823,8.58305e-05,7.123250767607938e-05,4.066,4.147
10973855,8.613383e-05,7.134346173788013e-05,4.065,4.147
2443403,8.614969e-05,7.13989387687805e-05,4.065,4.146
9465430,8.632596e-05,7.150989283058125e-05,4.064,4.146
9292857,8.640373e-05,7.156536986148162e-05,4.063,4.145
11339176,8.645806e-05,7.173180095418275e-05,4.063,4.144
15961265,8.657624e-05,7.189823204688386e-05,4.063,4.143
16317883,8.688094e-05,7.195370907778423e-05,4.061,4.143
460967,8.693392e-05,7.206466313958499e-05,4.061,4.142
2020796,8.715644e-05,7.217561720138572e-05,4.06,4.142
11750998,8.715785e-05,7.22310942322861e-05,4.06,4.141
12032542,8.730726e-05,7.234204829408685e-05,4.059,4.141
4850268,8.742067e-05,7.239752532498722e-05,4.058,4.14
7115771,8.756429e-05,7.256395641768834e-05,4.058,4.139
5612903,8.764277e-05,7.273038751038946e-05,4.057,4.138
6243582,8.812581e-05,7.289681860309057e-05,4.055,4.137
8692436,8.818513e-05,7.30632496957917e-05,4.055,4.136
1606696,8.82333e-05,7.317420375759245e-05,4.054,4.136
3993777,8.833062e-05,7.322968078849283e-05,4.054,4.135
1606677,8.843565e-05,7.328515781939319e-05,4.053,4.135
2240436,8.87039e-05,7.339611188119394e-05,4.052,4.134
11330930,8.882087e-05,7.345158891209431e-05,4.051,4.134
4465468,8.886275e-05,7.356254297389506e-05,4.051,4.133
12668495,8.898433e-05,7.372897406659618e-05,4.051,4.132
9105256,8.915106e-05,7.378445109749655e-05,4.05,4.132
17740735,8.921291e-05,7.38954051592973e-05,4.05,4.131
8315700,8.93232e-05,7.395088219019768e-05,4.049,4.131
8315718,8.936903e-05,7.406183625199842e-05,4.049,4.13
2488567,8.950697e-05,7.422826734469954e-05,4.048,4.129
16761863,8.990344e-05,7.428374437559992e-05,4.046,4.129
11751020,8.997053e-05,7.439469843740067e-05,4.046,4.128
17154390,9.015473e-05,7.445017546830103e-05,4.045,4.128
830301,9.02599e-05,7.456112953010178e-05,4.045,4.127
3993762,9.036242e-05,7.461660656100216e-05,4.044,4.127
9216576,9.047373e-05,7.467208359190253e-05,4.043,4.127
3993763,9.052046e-05,7.478303765370328e-05,4.043,4.126
3993761,9.061279e-05,7.49494687464044e-05,4.043,4.125
3237216,9.073857e-05,7.511589983910552e-05,4.042,4.124
9333021,9.078135e-05,7.528233093180663e-05,4.042,4.123
8315717,9.097544e-05,7.539328499360738e-05,4.041,4.123
9945010,9.107732e-05,7.544876202450776e-05,4.041,4.122
16314614,9.124151e-05,7.550423905540813e-05,4.04,4.122
4307214,9.14309e-05,7.561519311720887e-05,4.039,4.121
16314613,9.162666e-05,7.572614717900962e-05,4.038,4.121
12032273,9.172093e-05,7.578162420991e-05,4.038,4.12
15255046,9.173216e-05,7.583710124081037e-05,4.037,4.12
8692442,9.18333e-05,7.594805530261112e-05,4.037,4.119
7260540,9.206181e-05,7.605900936441186e-05,4.036,4.119
2331496,9.214914e-05,7.616996342621261e-05,4.036,4.118
6034873,9.218906e-05,7.622544045711298e-05,4.035,4.118
14200318,9.236794e-05,7.628091748801336e-05,4.034,4.118
8960214,9.243618e-05,7.633639451891372e-05,4.034,4.117
3380982,9.270319e-05,7.644734858071447e-05,4.033,4.117
8485635,9.273853e-05,7.650282561161485e-05,4.033,4.116
16746521,9.295742e-05,7.66137796734156e-05,4.032,4.116
11751729,9.297515e-05,7.666925670431597e-05,4.032,4.115
8023038,9.312228e-05,7.672473373521634e-05,4.031,4.115
6306836,9.328882e-05,7.683568779701709e-05,4.03,4.114
9160650,9.350198e-05,7.694664185881784e-05,4.029,4.114
10011475,9.357303e-05,7.700211888971821e-05,4.029,4.113
8684371,9.369268e-05,7.705759592061859e-05,4.028,4.113
1252471,9.389518e-05,7.72240270133197e-05,4.027,4.112
17964105,9.404451e-05,7.739045810602083e-05,4.027,4.111
11972920,9.422547e-05,7.755688919872194e-05,4.026,4.11
8692539,9.423518e-05,7.772332029142306e-05,4.026,4.109
6107206,9.432978e-05,7.777879732232344e-05,4.025,4.109
11941079,9.450734e-05,7.794522841502455e-05,4.025,4.108
6951466,9.460721e-05,7.80561824768253e-05,4.024,4.108
3596765,9.470477e-05,7.811165950772568e-05,4.024,4.107
1987666,9.479226e-05,7.816713653862605e-05,4.023,4.107
15668487,9.494647e-05,7.827809060042679e-05,4.023,4.106
9221374,9.502183e-05,7.833356763132717e-05,4.022,4.106
5932796,9.517322e-05,7.844452169312792e-05,4.021,4.105
6426048,9.541258e-05,7.861095278582904e-05,4.02,4.105
8684407,9.542667e-05,7.86664298167294e-05,4.02,4.104
3596778,9.548298e-05,7.883286090943053e-05,4.02,4.103
6426027,9.552223e-05,7.899929200213166e-05,4.02,4.102
8683484,9.561792e-05,7.916572309483277e-05,4.019,4.101
3597065,9.581307e-05,7.938763121843427e-05,4.019,4.1
3596769,9.589061e-05,7.955406231113538e-05,4.018,4.099
4364850,9.603724e-05,7.972049340383651e-05,4.018,4.098
15470858,9.611424e-05,7.977597043473688e-05,4.017,4.098
15888222,9.626767e-05,7.9942401527438e-05,4.017,4.097
8741743,9.63387e-05,7.999787855833837e-05,4.016,4.097
8741567,9.649622e-05,8.010883262013912e-05,4.015,4.096
7682818,9.672446e-05,8.021978668193986e-05,4.014,4.096
11285530,9.675437e-05,8.027526371284023e-05,4.014,4.095
9295471,9.695392e-05,8.044169480554136e-05,4.013,4.095
1345304,9.696283e-05,8.049717183644174e-05,4.013,4.094
8485469,9.713441e-05,8.066360292914285e-05,4.013,4.093
1583869,9.717436e-05,8.071907996004322e-05,4.012,4.093
15888218,9.739187e-05,8.083003402184397e-05,4.011,4.092
17244393,9.776103e-05,8.094098808364471e-05,4.01,4.092
3596785,9.79018e-05,8.105194214544546e-05,4.009,4.091
9221369,9.809968e-05,8.121837323814659e-05,4.008,4.09
5886748,9.827006e-05,8.13848043308477e-05,4.008,4.089
2499687,9.832158e-05,8.16067124544492e-05,4.007,4.088
460953,9.853235e-05,8.177314354715031e-05,4.006,4.087
11751534,9.87566e-05,8.193957463985144e-05,4.005,4.087
14132698,9.877267e-05,8.199505167075181e-05,4.005,4.086
1944768,9.908317e-05,8.205052870165219e-05,4.004,4.086
12032699,9.923196e-05,8.216148276345293e-05,4.003,4.085
15888109,9.931681e-05,8.232791385615405e-05,4.003,4.084
6242851,9.946691e-05,8.249434494885517e-05,4.002,4.084
6951442,9.949716e-05,8.254982197975554e-05,4.002,4.083
650854,9.966352e-05,8.260529901065592e-05,4.001,4.083
4203003,9.977844e-05,8.271625307245667e-05,4.001,4.082
10121565,9.996048e-05,8.282720713425742e-05,4.0,4.082
7043963,0.0001000414,8.293816119605815e-05,4.0,4.081
7204090,0.0001001479,8.30491152578589e-05,3.999,4.081
4850340,0.0001002149,8.310459228875928e-05,3.999,4.08
9917750,0.0001003798,8.321554635056003e-05,3.998,4.08
9105661,0.0001005078,8.332650041236077e-05,3.998,4.079
8683169,0.000100594,8.338197744326114e-05,3.997,4.079
4202965,0.0001008576,8.343745447416152e-05,3.996,4.079
4202966,0.0001008722,8.34929315050619e-05,3.996,4.078
5842570,0.0001009689,8.3659362597763e-05,3.996,4.077
16685739,0.0001010975,8.371483962866338e-05,3.995,4.077
4850241,0.0001011869,8.388127072136451e-05,3.995,4.076
1362162,0.0001016224,8.399222478316524e-05,3.993,4.076
13741720,0.0001016686,8.404770181406562e-05,3.993,4.075
16525698,0.000101938,8.421413290676675e-05,3.992,4.075
16402320,0.0001019636,8.426960993766712e-05,3.992,4.074
16637685,0.0001019783,8.438056399946786e-05,3.991,4.074
15224595,0.0001021477,8.443604103036823e-05,3.991,4.073
4850252,0.0001023038,8.454699509216898e-05,3.99,4.073
8052387,0.0001023358,8.465794915396973e-05,3.99,4.072
10125391,0.0001024686,8.482438024667085e-05,3.989,4.071
15961797,0.0001027053,8.499081133937197e-05,3.988,4.071
6951451,0.0001028803,8.504628837027235e-05,3.988,4.07
10053641,0.0001030528,8.510176540117272e-05,3.987,4.07
4850253,0.0001031016,8.521271946297346e-05,3.987,4.069
4290970,0.000103206,8.526819649387384e-05,3.986,4.069
11664926,0.0001033357,8.543462758657496e-05,3.986,4.068
5213549,0.0001034311,8.55455816483757e-05,3.985,4.068
11295888,0.0001035486,8.565653571017645e-05,3.985,4.067
8684437,0.0001037656,8.582296680287758e-05,3.984,4.066
5348954,0.0001038864,8.593392086467831e-05,3.983,4.066
8409441,0.0001039216,8.604487492647906e-05,3.983,4.065
13136018,0.000104563,8.621130601918019e-05,3.981,4.064
13410823,0.0001046018,8.632226008098093e-05,3.98,4.064
10497918,0.0001047769,8.643321414278168e-05,3.98,4.063
2381188,0.0001048965,8.648869117368205e-05,3.979,4.063
5232974,0.0001050137,8.65996452354828e-05,3.979,4.062
16725353,0.0001051571,8.665512226638318e-05,3.978,4.062
8859981,0.0001053262,8.682155335908429e-05,3.977,4.061
8683132,0.0001055861,8.693250742088504e-05,3.976,4.061
5349130,0.0001056956,8.704346148268579e-05,3.976,4.06
15255244,0.0001058127,8.715441554448653e-05,3.975,4.06
2019562,0.0001058398,8.72098925753869e-05,3.975,4.059
13978199,0.0001060696,8.726536960628728e-05,3.974,4.059
6678914,0.000106346,8.743180069898839e-05,3.973,4.058
8409457,0.0001064826,8.765370882258989e-05,3.973,4.057
15234267,0.0001066087,8.7820139915291e-05,3.972,4.056
2443347,0.0001070062,8.798657100799213e-05,3.971,4.056
2019512,0.0001070777,8.80420480388925e-05,3.97,4.055
6572700,0.0001072494,8.820847913159362e-05,3.97,4.054
10011561,0.0001073018,8.8263956162494e-05,3.969,4.054
7682794,0.0001074263,8.843038725519512e-05,3.969,4.053
13978464,0.0001075748,8.859681834789623e-05,3.968,4.053
13236821,0.0001077827,8.865229537879661e-05,3.967,4.052
8683657,0.0001079815,8.881872647149773e-05,3.967,4.051
13091850,0.0001081281,8.887420350239811e-05,3.966,4.051
6115050,0.0001083029,8.898515756419885e-05,3.965,4.051
14132697,0.0001085439,8.904063459509922e-05,3.964,4.05
10427272,0.0001087138,8.926254271870072e-05,3.964,4.049
2830510,0.0001088066,8.93180197496011e-05,3.963,4.049
579869,0.0001093986,8.948445084230221e-05,3.961,4.048
4120196,0.0001095367,8.953992787320259e-05,3.96,4.048
15940996,0.0001096911,8.965088193500334e-05,3.96,4.047
17740751,0.0001098947,8.970635896590371e-05,3.959,4.047
7682921,0.0001100479,8.981731302770445e-05,3.958,4.047
9292731,0.0001100587,8.987279005860482e-05,3.958,4.046
6122468,0.0001103774,8.998374412040557e-05,3.957,4.046
9505850,0.0001104188,9.009469818220633e-05,3.957,4.045
579886,0.0001105971,9.026112927490744e-05,3.956,4.044
5346665,0.0001108201,9.048303739850894e-05,3.955,4.043
3595442,0.0001110758,9.064946849121005e-05,3.954,4.043
11536982,0.0001111372,9.070494552211043e-05,3.954,4.042
2830469,0.000111311,9.087137661481155e-05,3.953,4.042
579891,0.0001113624,9.092685364571191e-05,3.953,4.041
8683499,0.0001116075,9.109328473841304e-05,3.952,4.041
3046932,0.0001117252,9.114876176931342e-05,3.952,4.04
4290976,0.0001118578,9.131519286201453e-05,3.951,4.039
579894,0.0001120976,9.142614692381528e-05,3.95,4.039
3152233,0.0001121586,9.153710098561603e-05,3.95,4.038
7589173,0.0001123631,9.170353207831714e-05,3.949,4.038
6572725,0.0001124489,9.175900910921752e-05,3.949,4.037
1292491,0.0001125988,9.186996317101827e-05,3.948,4.037
15714457,0.0001127546,9.198091723281902e-05,3.948,4.036
12303737,0.0001128922,9.203639426371938e-05,3.947,4.036
5185255,0.0001129855,9.22028253564205e-05,3.947,4.035
6572720,0.0001131811,9.236925644912163e-05,3.946,4.034
1345180,0.0001133872,9.248021051092237e-05,3.945,4.034
7541862,0.0001136634,9.259116457272312e-05,3.944,4.033
579888,0.0001139155,9.281307269632461e-05,3.943,4.032
14545183,0.0001141147,9.303498081992611e-05,3.943,4.031
17563778,0.0001141691,9.309045785082648e-05,3.942,4.031
8684389,0.0001142227,9.32568889435276e-05,3.942,4.03
3152043,0.0001143511,9.34787970671291e-05,3.942,4.029
9462332,0.00011443,9.353427409802947e-05,3.941,4.029
14132824,0.0001148137,9.370070519073059e-05,3.94,4.028
8683498,0.0001149951,9.381165925253134e-05,3.939,4.028
13499168,0.0001150694,9.386713628343171e-05,3.939,4.027
7300926,0.0001152206,9.40890444070332e-05,3.938,4.026
8691203,0.0001154116,9.43109525306347e-05,3.938,4.025
6697589,0.000115551,9.447738362333581e-05,3.937,4.025
9105347,0.0001155591,9.453286065423619e-05,3.937,4.024
2538818,0.0001156889,9.475476877783768e-05,3.937,4.023
11010073,0.0001158952,9.481024580873805e-05,3.936,4.023
17208693,0.0001160138,9.486572283963843e-05,3.935,4.023
4229565,0.0001160639,9.497667690143918e-05,3.935,4.022
13978334,0.0001163098,9.514310799414029e-05,3.934,4.022
3596949,0.0001163321,9.519858502504066e-05,3.934,4.021
8684212,0.000116547,9.536501611774179e-05,3.933,4.021
8248469,0.0001165486,9.542049314864217e-05,3.933,4.02
3596948,0.000116788,9.564240127224365e-05,3.933,4.019
10693536,0.0001168247,9.569787830314403e-05,3.932,4.019
1292195,0.0001171959,9.57533553340444e-05,3.931,4.019
10852666,0.0001172148,9.586430939584514e-05,3.931,4.018
8886825,0.0001173706,9.591978642674552e-05,3.93,4.018
11339108,0.0001176266,9.608621751944664e-05,3.929,4.017
1429207,0.0001178541,9.630812564304813e-05,3.929,4.016
10011485,0.0001180249,9.63636026739485e-05,3.928,4.016
8797242,0.0001182899,9.653003376664963e-05,3.927,4.015
17072649,0.00011848,9.664098782845037e-05,3.926,4.015
14132823,0.0001186028,9.675194189025112e-05,3.926,4.014
2443579,0.0001187965,9.686289595205187e-05,3.925,4.014
10693527,0.0001189296,9.697385001385262e-05,3.925,4.013
11750897,0.0001190747,9.708480407565336e-05,3.924,4.013
1273515,0.0001192674,9.719575813745411e-05,3.923,4.012
579809,0.0001195408,9.74176662610556e-05,3.922,4.011
13300264,0.0001196878,9.76395743846571e-05,3.922,4.01
4131185,0.0001199028,9.786148250825859e-05,3.921,4.009
16525624,0.000120115,9.802791360095971e-05,3.92,4.009
7589296,0.0001202002,9.808339063186009e-05,3.92,4.008
2830475,0.0001203659,9.830529875546157e-05,3.919,4.007
1483236,0.0001206371,9.852720687906306e-05,3.919,4.006
15888101,0.0001206779,9.858268390996344e-05,3.918,4.006
370890,0.000120786,9.874911500266456e-05,3.918,4.005
460762,0.0001210123,9.886006906446531e-05,3.917,4.005
12718645,0.0001212021,9.897102312626605e-05,3.916,4.004
7275965,0.0001214763,9.924840828076793e-05,3.916,4.003
7276005,0.0001214992,9.930388531166829e-05,3.915,4.003
13628431,0.0001216198,9.947031640436941e-05,3.915,4.002
2019377,0.0001217676,9.963674749707054e-05,3.914,4.002
7275856,0.0001217733,9.96922245279709e-05,3.914,4.001
6962226,0.0001219626,9.99141326515724e-05,3.914,4.0
9592290,0.0001221699,9.996960968247278e-05,3.913,4.0
6798630,0.0001222452,0.00010013604077517389,3.913,3.999
14132714,0.0001223517,0.00010030247186787502,3.912,3.999
15071471,0.0001223865,0.00010035794889877539,3.912,3.998
9160295,0.000122646,0.00010041342592967577,3.911,3.998
9216549,0.0001227144,0.00010057985702237688,3.911,3.997
8380421,0.0001230201,0.00010085724217687874,3.91,3.996
14132772,0.0001231818,0.00010107915030048024,3.909,3.995
1483330,0.0001233616,0.00010130105842408173,3.909,3.994
16356267,0.0001235012,0.00010152296654768323,3.908,3.993
5423970,0.000123778,0.00010168939764038435,3.907,3.993
6951618,0.0001238655,0.00010174487467128472,3.907,3.992
5205049,0.0001241929,0.00010191130576398585,3.906,3.992
7753470,0.0001243144,0.00010202225982578658,3.905,3.991
4290957,0.0001244984,0.00010224416794938809,3.905,3.99
3597068,0.0001245968,0.0001024105990420892,3.904,3.99
3597078,0.0001245968,0.00010246607607298957,3.904,3.989
14545095,0.0001248341,0.00010268798419659107,3.904,3.988
6146900,0.0001248982,0.00010279893825839181,3.903,3.988
579876,0.0001250331,0.00010296536935109294,3.903,3.987
579840,0.0001251689,0.00010318727747469443,3.903,3.986
14545392,0.0001251842,0.0001032427545055948,3.902,3.986
9129727,0.0001254175,0.00010340918559829593,3.902,3.985
17453231,0.0001255474,0.0001034646626291963,3.901,3.985
4290958,0.0001258765,0.00010363109372189741,3.9,3.985
395257,0.0001259896,0.00010368657075279779,3.9,3.984
4005095,0.0001260467,0.00010374204778369817,3.899,3.984
3248727,0.0001261977,0.00010390847887639928,3.899,3.983
17509081,0.000126375,0.00010401943293820003,3.898,3.983
8684118,0.000126391,0.00010413038700000078,3.898,3.982
17974877,0.0001267285,0.00010424134106180153,3.897,3.982
8886933,0.0001268037,0.00010435229512360227,3.897,3.981
879624,0.0001269329,0.00010446324918540302,3.896,3.981
2443568,0.0001270806,0.00010462968027810414,3.896,3.98
371045,0.0001272972,0.00010479611137080526,3.895,3.98
1414806,0.000127338,0.00010485158840170563,3.895,3.979
9160643,0.0001276289,0.00010501801949440676,3.894,3.979
12697997,0.0001277215,0.0001051289735562075,3.894,3.978
10973853,0.0001278882,0.00010518445058710787,3.893,3.978
18008600,0.0001280271,0.000105350881679809,3.893,3.977
8797351,0.0001281049,0.00010551731277251011,3.892,3.977
2019618,0.0001281856,0.00010557278980341048,3.892,3.976
6351108,0.0001284044,0.00010568374386521123,3.891,3.976
10973833,0.0001286953,0.00010585017495791235,3.89,3.975
2019670,0.0001290756,0.00010601660605061347,3.889,3.975
1292218,0.0001291379,0.00010607208308151385,3.889,3.974
14916763,0.0001293007,0.00010618303714331458,3.888,3.974
2443218,0.0001293753,0.00010629399120511533,3.888,3.973
4850349,0.0001297453,0.00010646042229781646,3.887,3.973
10305609,0.000129824,0.0001065713763596172,3.887,3.972
1051268,0.0001299339,0.0001067932844832187,3.886,3.971
2500007,0.0001301678,0.00010701519260682019,3.885,3.971
9642740,0.0001302015,0.00010707066963772056,3.885,3.97
3922637,0.000130573,0.00010729257776132206,3.884,3.969
3597183,0.000130876,0.0001074035318231228,3.883,3.969
4850309,0.000131111,0.00010751448588492355,3.882,3.969
11751631,0.0001312293,0.00010756996291582393,3.882,3.968
18000510,0.0001313713,0.00010768091697762468,3.881,3.968
4131238,0.0001315545,0.00010779187103942541,3.881,3.967
13582224,0.00013172,0.00010790282510122616,3.88,3.967
4850379,0.0001318923,0.00010806925619392729,3.88,3.966
11751697,0.0001320542,0.00010818021025572803,3.879,3.966
9216565,0.000132145,0.00010829116431752878,3.879,3.965
8684486,0.0001323228,0.00010851307244113027,3.878,3.965
2019547,0.0001323676,0.00010856854947203064,3.878,3.964
16314617,0.0001324621,0.00010879045759563214,3.878,3.963
2019465,0.0001326562,0.00010890141165743288,3.877,3.963
13288240,0.0001328976,0.00010901236571923363,3.876,3.963
651228,0.0001329256,0.000109067842750134,3.876,3.962
8924190,0.0001331898,0.00010928975087373549,3.876,3.961
15505782,0.0001332411,0.00010934522790463587,3.875,3.961
8924212,0.000133401,0.00010956713602823737,3.875,3.96
14946391,0.0001335983,0.00010962261305913773,3.874,3.96
8147111,0.0001337943,0.00010978904415183886,3.874,3.959
10121569,0.0001339646,0.00010984452118273923,3.873,3.959
17683904,0.0001341914,0.00011001095227544035,3.872,3.959
11577970,0.0001342165,0.00011006642930634072,3.872,3.958
12860800,0.0001343636,0.00011028833742994222,3.872,3.957
8683192,0.0001344985,0.00011039929149174296,3.871,3.957
17963822,0.0001350926,0.00011051024555354371,3.869,3.957
2019539,0.0001351503,0.00011056572258444408,3.869,3.956
2772193,0.0001353824,0.00011073215367714521,3.868,3.956
579884,0.0001354832,0.00011084310773894595,3.868,3.955
14970265,0.0001357072,0.00011089858476984632,3.867,3.955
14311330,0.000135796,0.00011106501586254745,3.867,3.954
3596851,0.0001360711,0.00011128692398614894,3.866,3.954
4850382,0.0001361285,0.00011134240101704931,3.866,3.953
15962310,0.0001363965,0.0001115643091406508,3.865,3.952
2443137,0.0001366377,0.0001117862172642523,3.864,3.952
1006102,0.0001366576,0.00011184169429515268,3.864,3.951
6025102,0.0001369085,0.00011211907944965454,3.864,3.95
4413731,0.0001371082,0.00011217455648055491,3.863,3.95
6106999,0.0001372739,0.00011228551054235567,3.862,3.95
2019703,0.0001373421,0.00011234098757325603,3.862,3.949
4899839,0.0001375771,0.00011250741866595715,3.861,3.949
12662818,0.0001377913,0.0001126183727277579,3.861,3.948
15761739,0.0001378931,0.00011278480382045902,3.86,3.948
2019335,0.0001380081,0.00011289575788225977,3.86,3.947
9105974,0.0001383708,0.00011300671194406052,3.859,3.947
8923932,0.0001385629,0.00011311766600586125,3.858,3.946
16210219,0.0001387642,0.00011339505116036313,3.858,3.945
11665639,0.0001388356,0.00011345052819126349,3.857,3.945
6426497,0.0001388907,0.000113672436314865,3.857,3.944
14132803,0.000139182,0.00011389434443846648,3.856,3.943
10309674,0.0001394797,0.00011417172959296836,3.855,3.942
7589180,0.0001397802,0.00011444911474747022,3.855,3.941
1506101,0.0001400071,0.0001145045917783706,3.854,3.941
10973702,0.0001401454,0.00011467102287107171,3.853,3.941
6039118,0.0001402289,0.00011472649990197208,3.853,3.94
11455722,0.0001404751,0.00011483745396377283,3.852,3.94
8683611,0.0001407825,0.00011494840802557359,3.851,3.939
3248788,0.0001410382,0.00011522579318007545,3.851,3.938
14132704,0.0001411136,0.00011539222427277656,3.85,3.938
3248697,0.0001412123,0.00011550317833457731,3.85,3.937
13199304,0.0001414173,0.00011572508645817881,3.849,3.937
16054441,0.0001414178,0.00011578056348907917,3.849,3.936
17542107,0.0001417034,0.00011605794864358105,3.849,3.935
2019900,0.0001418951,0.00011611342567448143,3.848,3.935
3248702,0.0001421608,0.00011622437973628216,3.847,3.935
13188302,0.0001421698,0.00011627985676718254,3.847,3.934
15174454,0.0001424132,0.00011650176489078404,3.846,3.934
17963859,0.0001424202,0.0001165572419216844,3.846,3.933
15339904,0.0001425969,0.00011683462707618628,3.846,3.932
2139923,0.0001427343,0.00011700105816888739,3.845,3.932
4897730,0.0001429784,0.00011711201223068814,3.845,3.931
11751009,0.0001430916,0.00011722296629248889,3.844,3.931
4730220,0.0001433637,0.00011738939738519,3.844,3.93
1442921,0.0001435663,0.00011750035144699076,3.843,3.93
13236838,0.0001436587,0.00011766678253969187,3.843,3.929
13236834,0.0001437204,0.00011777773660149262,3.842,3.929
8485577,0.0001439851,0.00011794416769419374,3.842,3.928
8127258,0.0001441892,0.00011805512175599448,3.841,3.928
17205013,0.0001443881,0.00011822155284869561,3.84,3.927
752135,0.0001447396,0.0001184434609722971,3.839,3.926
1491504,0.0001450743,0.00011872084612679897,3.838,3.925
13179593,0.0001453122,0.00011899823128130083,3.838,3.924
4908606,0.000145621,0.00011910918534310159,3.837,3.924
1292283,0.0001457841,0.00011922013940490232,3.836,3.924
2526304,0.000145789,0.0001192756164358027,3.836,3.923
17376553,0.0001459449,0.00011955300159030457,3.836,3.922
8683933,0.0001460745,0.00011971943268300569,3.835,3.922
17369696,0.0001461405,0.00011983038674480644,3.835,3.921
3839975,0.0001464083,0.0001201077718993083,3.834,3.92
9160667,0.0001467857,0.0001203296800229098,3.833,3.92
14545459,0.0001468883,0.00012038515705381016,3.833,3.919
16314788,0.0001470903,0.00012060706517741166,3.832,3.919
9295451,0.0001471928,0.00012066254220831204,3.832,3.918
2959870,0.0001475303,0.00012088445033191353,3.831,3.918
10973868,0.0001476209,0.0001209399273628139,3.831,3.917
14746332,0.0001477643,0.00012099540439371428,3.83,3.917
5885830,0.0001480445,0.00012121731251731577,3.83,3.916
2020743,0.0001481158,0.00012127278954821614,3.829,3.916
853602,0.0001483465,0.00012149469767181763,3.829,3.915
17397353,0.0001485292,0.00012160565173361838,3.828,3.915
9129713,0.0001486891,0.0001217720828263195,3.828,3.914
10613417,0.0001488444,0.00012182755985721988,3.827,3.914
10759575,0.0001491406,0.00012199399094992099,3.826,3.914
17508940,0.0001493725,0.00012204946798082137,3.826,3.913
2588336,0.0001495578,0.00012210494501172173,3.825,3.913
5723837,0.0001497142,0.00012232685313532323,3.825,3.912
9076444,0.0001499281,0.00012249328422802436,3.824,3.912
7125554,0.000149965,0.0001226042382898251,3.824,3.911
17418983,0.0001501493,0.00012271519235162586,3.823,3.911
16525993,0.0001503562,0.00012293710047522733,3.823,3.91
1330160,0.000150567,0.00012304805453702808,3.822,3.91
2771013,0.0001506645,0.0001232144856297292,3.822,3.909
4291611,0.0001508799,0.00012338091672243034,3.821,3.909
14514683,0.000150956,0.00012349187078423109,3.821,3.908
15962385,0.0001512067,0.0001236028248460318,3.82,3.908
12917157,0.0001514038,0.00012376925593873294,3.82,3.907
13978138,0.0001517423,0.0001238247329696333,3.819,3.907
6146916,0.0001519019,0.00012399116406233444,3.818,3.907
14448678,0.0001519666,0.0001240466410932348,3.818,3.906
1370655,0.0001522407,0.0001242685492168363,3.817,3.906
11262215,0.0001522864,0.0001243240262477367,3.817,3.905
16883027,0.0001526054,0.00012454593437133816,3.816,3.905
4830380,0.0001526067,0.00012460141140223854,3.816,3.904
10011468,0.0001529428,0.0001249342735876408,3.815,3.903
5205406,0.0001531529,0.00012521165874214264,3.815,3.902
2657143,0.0001533738,0.00012543356686574414,3.814,3.902
17259451,0.000153381,0.00012548904389664452,3.814,3.901
3595542,0.0001536156,0.0001257664290511464,3.814,3.9
2499550,0.0001536621,0.00012582190608204677,3.813,3.9
14121995,0.0001538325,0.00012604381420564824,3.813,3.899
579896,0.0001540718,0.00012621024529834937,3.812,3.899
2016451,0.0001542247,0.0001263766763910505,3.812,3.898
14132707,0.0001545256,0.00012654310748375162,3.811,3.898
1413496,0.0001546421,0.00012665406154555234,3.811,3.897
6106637,0.0001547041,0.0001267650156073531,3.81,3.897
9243043,0.0001547796,0.00012693144670005422,3.81,3.896
1413491,0.0001549151,0.0001272088318545561,3.81,3.895
15234466,0.0001550987,0.00012743073997815757,3.809,3.895
5575802,0.0001553737,0.00012754169403995832,3.809,3.894
2147097,0.0001555367,0.00012770812513265945,3.808,3.894
2443092,0.0001555956,0.0001278190791944602,3.808,3.893
6633956,0.0001557943,0.00012793003325626095,3.807,3.893
8485069,0.0001560599,0.00012809646434896207,3.807,3.892
14478505,0.0001561403,0.00012831837247256355,3.806,3.892
7374802,0.0001563952,0.0001284293265343643,3.806,3.891
13208778,0.0001568255,0.0001286512346579658,3.805,3.891
14911529,0.0001568311,0.00012870671168886618,3.805,3.89
11750964,0.0001569139,0.00012876218871976655,3.804,3.89
4668068,0.0001571723,0.00012898409684336803,3.804,3.889
14132865,0.0001572432,0.0001290395738742684,3.803,3.889
7300872,0.0001574623,0.00012931695902877028,3.803,3.888
14132708,0.0001576051,0.00012942791309057103,3.802,3.888
840035,0.0001579855,0.00012953886715237178,3.801,3.888
10576741,0.0001582163,0.00012959434418327215,3.801,3.887
2115657,0.0001583808,0.00012976077527597325,3.8,3.887
2600455,0.0001584744,0.000129871729337774,3.8,3.886
8380437,0.0001587944,0.00013014911449227588,3.799,3.886
3596742,0.0001589493,0.00013020459152317625,3.799,3.885
11751684,0.0001590912,0.00013026006855407663,3.798,3.885
6726414,0.0001593207,0.0001304819766776781,3.798,3.884
8683208,0.0001594086,0.0001307038848012796,3.797,3.884
11751698,0.0001594372,0.00013081483886308036,3.797,3.883
14132736,0.0001596545,0.00013109222401758223,3.797,3.882
2020554,0.0001599603,0.0001311477010484826,3.796,3.882
7186964,0.0001602085,0.00013142508620298446,3.795,3.881
1898347,0.0001605397,0.00013164699432658596,3.794,3.881
460576,0.000160611,0.00013170247135748633,3.794,3.88
15632668,0.0001607902,0.0001319798565119882,3.794,3.879
13300233,0.0001609074,0.00013209081057378893,3.793,3.879
8886860,0.0001613565,0.00013231271869739044,3.792,3.878
1335118,0.0001616881,0.00013253462682099194,3.791,3.878
2021172,0.0001618215,0.0001325901038518923,3.791,3.877
9884475,0.0001619966,0.00013270105791369306,3.79,3.877
7043878,0.0001621785,0.00013292296603729454,3.79,3.876
1483205,0.0001623558,0.0001332003511917964,3.79,3.875
1292237,0.0001623804,0.0001332558282226968,3.789,3.875
13300219,0.0001626042,0.00013353321337719867,3.789,3.874
9472710,0.0001627674,0.0001336441674389994,3.788,3.874
9015880,0.0001630529,0.0001338660755626009,3.788,3.873
14396240,0.000163255,0.00013403250665530202,3.787,3.873
2030407,0.0001632836,0.00013414346071710277,3.787,3.872
4850362,0.0001634495,0.000134476322902505,3.787,3.871
4208332,0.0001636463,0.00013464275399520612,3.786,3.871
247468,0.0001637974,0.00013475370805700687,3.786,3.87
8694745,0.000163914,0.00013480918508790724,3.785,3.87
9171833,0.0001642546,0.0001350865702424091,3.784,3.869
7776023,0.0001646622,0.0001353084783660106,3.783,3.869
17237603,0.000164665,0.00013536395539691097,3.783,3.868
2303990,0.0001650952,0.0001355303864896121,3.782,3.868
15761726,0.0001652413,0.00013569681758231322,3.782,3.867
14132732,0.0001653905,0.0001357522946132136,3.781,3.867
7812491,0.0001658208,0.00013602967976771545,3.78,3.866
2443107,0.0001662361,0.00013625158789131695,3.779,3.866
4850395,0.0001666571,0.00013630706492221732,3.778,3.865
15761730,0.0001669596,0.00013663992710761955,3.777,3.864
14132738,0.000167133,0.0001369727892930218,3.777,3.863
3596749,0.0001673759,0.00013702826632392217,3.776,3.863
9292685,0.0001675403,0.00013725017444752368,3.776,3.862
8951431,0.0001678245,0.00013741660554022477,3.775,3.862
11032918,0.0001680536,0.0001375830366329259,3.775,3.861
10852641,0.000168089,0.00013769399069472665,3.774,3.861
2577653,0.0001682752,0.00013791589881832815,3.774,3.86
3249110,0.000168474,0.00013808232991102928,3.773,3.86
9213172,0.0001687202,0.00013824876100373038,3.773,3.859
7812459,0.00016885,0.0001384151920964315,3.772,3.859
3236856,0.0001689314,0.00013852614615823225,3.772,3.858
5233214,0.0001694146,0.0001388590083436345,3.771,3.857
3597085,0.0001696583,0.0001390254394363356,3.77,3.857
8514055,0.0001697379,0.00013919187052903673,3.77,3.856
9160531,0.0001700207,0.0001392473475599371,3.769,3.856
13351081,0.0001704597,0.00013952473271443898,3.768,3.855
11146263,0.0001708466,0.00013980211786894083,3.767,3.854
8485128,0.0001711549,0.00014013498005434308,3.767,3.853
8130746,0.0001712698,0.00014019045708524346,3.766,3.853
4305035,0.0001715898,0.0001404678422397453,3.766,3.852
8683531,0.0001716567,0.00014052331927064568,3.765,3.852
17963857,0.0001719617,0.00014080070442514756,3.765,3.851
16314820,0.0001720006,0.00014085618145604794,3.764,3.851
13300155,0.0001725414,0.00014107808957964944,3.763,3.851
7779634,0.0001725608,0.0001411335666105498,3.763,3.85
16503338,0.0001728939,0.0001413554747341513,3.762,3.85
4612932,0.0001729238,0.00014146642879595204,3.762,3.849
1218175,0.0001731833,0.00014174381395045391,3.761,3.848
3596752,0.0001734656,0.00014207667613585614,3.761,3.847
6855631,0.0001737037,0.00014224310722855726,3.76,3.847
4612912,0.0001737366,0.0001424095383212584,3.76,3.846
8517259,0.0001740182,0.00014257596941395952,3.759,3.846
3597082,0.0001742578,0.00014274240050666062,3.759,3.845
9292660,0.0001744022,0.00014290883159936174,3.758,3.845
3597069,0.0001746646,0.00014307526269206287,3.758,3.844
4489594,0.0001747946,0.00014313073972296324,3.757,3.844
13395176,0.0001750641,0.00014340812487746512,3.757,3.843
4263868,0.0001751881,0.0001434636019083655,3.756,3.843
13300161,0.0001754693,0.00014374098706286734,3.756,3.842
6855579,0.0001756084,0.00014379646409376772,3.755,3.842
3249248,0.0001760895,0.0001440738492482696,3.754,3.841
5233241,0.0001764134,0.00014440671143367182,3.753,3.84
15761687,0.0001766056,0.00014473957361907407,3.753,3.839
14132722,0.0001768326,0.0001450724358044763,3.752,3.838
16525670,0.0001772306,0.00014540529798987855,3.751,3.837
11751725,0.0001776654,0.00014557172908257967,3.75,3.837
14764728,0.0001777897,0.0001457381601752808,3.75,3.836
2346821,0.0001781771,0.00014607102236068303,3.749,3.835
3189048,0.0001784575,0.0001463484075151849,3.748,3.835
3249095,0.0001784678,0.00014640388454608528,3.748,3.834
5233201,0.0001786865,0.0001467367467314875,3.748,3.833
14132717,0.0001791571,0.000146958654855089,3.747,3.833
13199931,0.0001792759,0.00014706960891688975,3.746,3.832
14132726,0.0001797201,0.00014740247110229198,3.745,3.831
8409258,0.0001799945,0.0001477908103185946,3.745,3.83
9292826,0.0001801357,0.00014806819547309648,3.744,3.83
10337921,0.000180213,0.00014812367250399683,3.744,3.829
6818462,0.0001805128,0.00014834558062759833,3.743,3.829
17642864,0.0001806503,0.00014845653468939908,3.743,3.828
5758319,0.0001809992,0.00014856748875119983,3.742,3.828
3400609,0.0001814595,0.00014878939687480133,3.741,3.827
11752596,0.0001818857,0.00014895582796750243,3.74,3.827
4812895,0.0001819476,0.00014912225906020356,3.74,3.826
15471019,0.0001822049,0.00014917773609110393,3.739,3.826
8333348,0.0001826667,0.00014939964421470544,3.738,3.826
2499735,0.0001827495,0.0001494551212456058,3.738,3.825
457510,0.0001831324,0.00014978798343100804,3.737,3.825
17704792,0.000183139,0.0001498434604619084,3.737,3.824
15266408,0.0001835663,0.0001501208456164103,3.736,3.824
13466671,0.0001835776,0.00015017632264731066,3.736,3.823
16248313,0.000183894,0.0001504537078018125,3.735,3.823
15888079,0.0001838942,0.0001505091848327129,3.735,3.822
1712518,0.0001840412,0.00015084204701811514,3.735,3.821
13456887,0.0001843737,0.00015100847811081627,3.734,3.821
4304995,0.0001845503,0.00015123038623441774,3.734,3.82
9105335,0.0001847644,0.00015145229435801924,3.733,3.82
14132729,0.0001848928,0.00015156324841982,3.733,3.819
2499540,0.0001851643,0.00015184063357432187,3.732,3.819
5613844,0.0001851823,0.00015189611060522224,3.732,3.818
11558722,0.0001855645,0.00015228444982152484,3.732,3.817
16526046,0.0001855668,0.00015233992685242522,3.731,3.817
814823,0.0001859568,0.0001526173120069271,3.731,3.816
8409414,0.0001861306,0.0001527837430996282,3.73,3.816
10058765,0.0001863496,0.00015295017419232932,3.73,3.815
5233233,0.0001868178,0.00015311660528503045,3.729,3.815
7956002,0.0001868967,0.0001532275593468312,3.728,3.815
6637071,0.0001869763,0.00015333851340863195,3.728,3.814
11951043,0.0001875544,0.00015367137559403417,3.727,3.813
7775783,0.0001877682,0.0001538378066867353,3.726,3.813
2443087,0.0001880305,0.00015400423777943642,3.726,3.812
16526038,0.0001882741,0.00015411519184123718,3.725,3.812
1335091,0.0001884663,0.00015439257699573902,3.725,3.811
1006123,0.0001885851,0.0001544480540266394,3.724,3.811
14545113,0.0001889993,0.00015472543918114128,3.724,3.81
17497696,0.000189043,0.00015478091621204165,3.723,3.81
2021109,0.0001892424,0.00015511377839744388,3.723,3.809
13088485,0.0001894919,0.00015522473245924463,3.722,3.809
378568,0.0001896175,0.00015544664058284613,3.722,3.808
4304982,0.0001898711,0.00015577950276824835,3.722,3.807
16526030,0.0001898969,0.0001558904568300491,3.721,3.807
1019063,0.0001902443,0.00015616784198455098,3.721,3.806
16314812,0.0001903778,0.00015638975010815248,3.72,3.806
11981541,0.0001906097,0.0001565007041699532,3.72,3.805
10067255,0.0001907971,0.00015655618120085358,3.719,3.805
6026153,0.0001910199,0.00015688904338625583,3.719,3.804
7865847,0.0001914217,0.00015699999744805658,3.718,3.804
2019611,0.0001916744,0.00015711095150985733,3.717,3.804
401164,0.0001917288,0.00015722190557165808,3.717,3.803
17508958,0.0001921083,0.00015761024478796068,3.716,3.802
7865804,0.000192317,0.00015794310697336294,3.716,3.801
14132734,0.0001925577,0.00015810953806606404,3.715,3.801
9160588,0.0001928533,0.00015833144618966554,3.715,3.8
15825730,0.0001930351,0.00015849787728236666,3.714,3.8
2838897,0.0001932136,0.00015871978540596816,3.714,3.799
7865841,0.0001934424,0.00015888621649866926,3.713,3.799
7865856,0.0001936405,0.0001590526475913704,3.713,3.798
5233249,0.0001939376,0.00015933003274587226,3.712,3.798
8315711,0.000194023,0.00015944098680767302,3.712,3.797
16525048,0.0001943381,0.0001596628949312745,3.711,3.797
9160640,0.0001944274,0.00015977384899307524,3.711,3.796
3939863,0.0001947213,0.00016016218820937787,3.711,3.795
3187914,0.0001948013,0.00016027314227117862,3.71,3.795
14074885,0.0001953012,0.00016043957336387972,3.709,3.795
14778749,0.0001953578,0.00016055052742568047,3.709,3.794
2989495,0.0001957119,0.00016082791258018234,3.708,3.794
15100967,0.0001959192,0.00016088338961108272,3.708,3.793
6520253,0.0001963604,0.0001611052977346842,3.707,3.793
10181004,0.0001967288,0.00016127172882738532,3.706,3.792
2443715,0.0001970918,0.00016149363695098682,3.705,3.792
6520255,0.0001972113,0.00016166006804368795,3.705,3.791
5383815,0.0001976087,0.00016182649913638907,3.704,3.791
4612973,0.0001982613,0.00016204840725999055,3.703,3.79
2443103,0.0001984016,0.00016210388429089092,3.702,3.79
8886900,0.0001987362,0.0001623812694453928,3.702,3.789
1514280,0.0001988906,0.00016243674647629317,3.701,3.789
6351138,0.0001993079,0.0001627696086616954,3.7,3.788
6123862,0.0001996517,0.00016315794787799803,3.7,3.787
10058498,0.0001997584,0.00016326890193979878,3.699,3.787
16882523,0.0001999197,0.00016354628709430063,3.699,3.786
15040780,0.0002002889,0.00016376819521790213,3.698,3.786
8959493,0.0002003191,0.00016387914927970288,3.698,3.785
4290992,0.0002006208,0.00016426748849600548,3.698,3.784
2443266,0.0002007088,0.00016432296552690585,3.697,3.784
16963696,0.0002011212,0.0001646558277123081,3.697,3.783
5425655,0.000201141,0.00016476678177410886,3.696,3.783
13762934,0.0002012858,0.0001650441669286107,3.696,3.782
9292755,0.0002017295,0.00016515512099041146,3.695,3.782
7865876,0.0002021273,0.00016537702911401296,3.694,3.782
5653087,0.00020213,0.00016543250614491333,3.694,3.781
6798827,0.0002025355,0.00016582084536121593,3.693,3.78
6520252,0.000202956,0.00016615370754661818,3.693,3.779
16247880,0.0002030285,0.00016620918457751856,3.692,3.779
8927913,0.000203223,0.00016654204676292078,3.692,3.778
17163469,0.0002034865,0.00016665300082472154,3.691,3.778
3479996,0.0002039592,0.00016687490894832304,3.69,3.778
1191940,0.0002040641,0.0001669303859792234,3.69,3.777
8434158,0.0002044661,0.00016726324816462564,3.689,3.777
8923754,0.0002044808,0.000167318725195526,3.689,3.776
5912163,0.0002046997,0.00016770706441182864,3.689,3.775
2538837,0.000204928,0.00016792897253543014,3.688,3.775
10990467,0.0002049554,0.00016809540362813124,3.688,3.774
17080999,0.0002054205,0.00016848374284443387,3.687,3.773
12566439,0.0002057234,0.00016887208206073647,3.687,3.772
15724983,0.0002059619,0.00016898303612253722,3.686,3.772
9638140,0.000206322,0.00016920494424613872,3.685,3.772
13181727,0.0002064271,0.0001692604212770391,3.685,3.771
4413730,0.0002068011,0.00016959328346244132,3.684,3.771
3373964,0.0002068462,0.0001696487604933417,3.684,3.77
13789261,0.0002070656,0.00017003709970964432,3.684,3.769
12303659,0.0002073803,0.00017025900783324582,3.683,3.769
16286653,0.0002075743,0.00017042543892594692,3.683,3.768
9160573,0.0002077362,0.00017064734704954842,3.682,3.768
12025733,0.0002079247,0.00017081377814224955,3.682,3.767
7125558,0.0002082858,0.0001710911632967514,3.681,3.767
9292754,0.0002087349,0.00017120211735855215,3.68,3.766
11330715,0.0002093641,0.00017136854845125327,3.679,3.766
14547048,0.0002096815,0.00017164593360575515,3.678,3.765
5233194,0.0002101245,0.00017203427282205775,3.678,3.764
14546878,0.0002102217,0.00017208974985295813,3.677,3.764
13236757,0.0002105814,0.00017242261203836038,3.677,3.763
9221368,0.000210682,0.00017253356610016113,3.676,3.763
17963939,0.0002111289,0.00017281095125466298,3.675,3.762
9669849,0.0002116316,0.00017314381344006523,3.674,3.762
8886805,0.0002117184,0.0001731992904709656,3.674,3.761
11751650,0.0002121075,0.0001733657215636667,3.673,3.761
8409346,0.0002123186,0.0001735876296872682,3.673,3.76
5723806,0.0002125701,0.00017392049187267046,3.672,3.76
2020215,0.0002128937,0.0001740314459344712,3.672,3.759
14891805,0.0002130626,0.0001741978770271723,3.671,3.759
9105410,0.0002134762,0.0001744197851507738,3.671,3.758
16882652,0.0002135715,0.00017447526218167418,3.67,3.758
8246440,0.0002138218,0.00017480812436707644,3.67,3.757
15195215,0.0002140876,0.00017486360139797678,3.669,3.757
7374878,0.0002145519,0.00017519646358337904,3.668,3.756
4936641,0.000215076,0.0001754738487378809,3.667,3.756
3441394,0.0002152584,0.000175640279830582,3.667,3.755
2203065,0.0002158081,0.0001758621879541835,3.666,3.755
10024673,0.0002160798,0.00017602861904688464,3.665,3.754
11751736,0.0002164835,0.00017641695826318724,3.665,3.753
5212608,0.0002166401,0.00017658338935588836,3.664,3.753
9544664,0.0002169971,0.00017686077451039024,3.664,3.752
51863,0.0002170901,0.00017691625154129062,3.663,3.752
10031207,0.0002175279,0.00017724911372669284,3.662,3.751
9296915,0.0002177693,0.00017763745294299547,3.662,3.75
13763026,0.0002181716,0.00017785936106659697,3.661,3.75
9105484,0.000218395,0.00017808126919019844,3.661,3.749
9295475,0.0002185446,0.0001781922232519992,3.66,3.749
4291032,0.0002188317,0.00017846960840650107,3.66,3.748
17460609,0.0002190332,0.00017874699356100292,3.659,3.748
4413728,0.000219142,0.00017885794762280367,3.659,3.747
11526410,0.0002194814,0.00017930176387000667,3.659,3.746
8081462,0.000219546,0.00017935724090090705,3.658,3.746
14467850,0.0002198526,0.00017969010308630927,3.658,3.745
5233182,0.0002200703,0.00017980105714811002,3.657,3.745
5233163,0.000220243,0.00018013391933351228,3.657,3.744
3225241,0.0002206559,0.00018052225854981488,3.656,3.743
6080080,0.0002211479,0.00018079964370431675,3.655,3.743
4738874,0.0002212154,0.00018096607479701788,3.655,3.742
8417095,0.0002216829,0.00018124345995151973,3.654,3.742
11751721,0.0002219303,0.00018135441401332048,3.654,3.741
4488594,0.0002221689,0.0001817427532296231,3.653,3.741
684507,0.0002223332,0.00018179823026052345,3.653,3.74
16314736,0.0002226779,0.00018218656947682608,3.652,3.739
3225409,0.0002231521,0.00018263038572402906,3.651,3.738
4413726,0.0002236516,0.00018301872494033168,3.65,3.738
15541386,0.0002237046,0.00018307420197123206,3.65,3.737
17497748,0.0002241479,0.0001833515871257339,3.649,3.737
15254440,0.0002242286,0.00018346254118753466,3.649,3.736
5233139,0.0002245665,0.00018390635743473766,3.649,3.735
7865848,0.0002247188,0.0001840173114965384,3.648,3.735
7340003,0.0002250312,0.00018429469665104026,3.648,3.734
234750,0.000225216,0.00018451660477464176,3.647,3.734
11662317,0.0002254902,0.00018473851289824326,3.647,3.733
12718999,0.0002257037,0.00018501589805274511,3.646,3.733
2174654,0.0002259957,0.00018518232914544624,3.646,3.732
11551555,0.0002262918,0.00018557066836174887,3.645,3.731
17937158,0.0002267608,0.00018595900757805147,3.644,3.731
1335495,0.0002267978,0.00018601448460895184,3.644,3.73
14132747,0.0002273005,0.00018640282382525444,3.643,3.73
6351139,0.0002275006,0.00018645830085615482,3.643,3.729
1839686,0.0002278467,0.00018656925491795557,3.642,3.729
9604088,0.0002283012,0.00018684664007245745,3.641,3.729
16525956,0.0002283062,0.00018690211710335782,3.641,3.728
8409429,0.0002288868,0.00018729045631966042,3.64,3.727
11473179,0.0002294181,0.0001875678414741623,3.639,3.727
2020390,0.0002294772,0.00018773427256686342,3.639,3.726
9000093,0.0002298007,0.0001881780888140664,3.639,3.725
7865711,0.0002301353,0.00018828904287586715,3.638,3.725
4200933,0.000230425,0.00018856642803036903,3.637,3.725
17252928,0.0002305221,0.0001886219050612694,3.637,3.724
5916147,0.0002310001,0.000189010244277572,3.636,3.724
2284192,0.0002311531,0.00018906572130847238,3.636,3.723
9078067,0.0002315302,0.00018928762943207388,3.635,3.723
16189567,0.0002320802,0.00018945406052477498,3.634,3.722
2867183,0.0002325631,0.00018967596864837648,3.633,3.722
16220688,0.0002326108,0.00018989787677197798,3.633,3.721
8139318,0.0002329096,0.00019034169301918095,3.633,3.72
5233143,0.0002333507,0.0001904526470809817,3.632,3.72
7323514,0.0002336428,0.00019061907817368283,3.631,3.72
15491193,0.0002339715,0.00019078550926638396,3.631,3.719
8923957,0.0002341956,0.00019095194035908506,3.63,3.719
5425672,0.0002345063,0.00019122932551358693,3.63,3.718
16298613,0.0002347148,0.00019134027957538768,3.629,3.718
4291020,0.0002351051,0.00019167314176078993,3.629,3.717
11469588,0.0002353296,0.0001918950498843914,3.628,3.717
15234306,0.0002355801,0.0001921169580079929,3.628,3.716
6983715,0.0002358396,0.00019217243503889329,3.627,3.716
1034271,0.0002363489,0.00019256077425519589,3.626,3.715
8765900,0.0002368697,0.0001929491134714985,3.625,3.715
4403141,0.0002368823,0.0001930045905023989,3.625,3.714
14741126,0.0002374589,0.00019328197565690074,3.624,3.714
5233159,0.0002377781,0.00019344840674960186,3.624,3.713
5686942,0.000237968,0.00019367031487320336,3.623,3.713
11698319,0.0002382557,0.00019389222299680487,3.623,3.712
320882,0.0002385337,0.0001942250851822071,3.622,3.712
16188652,0.0002386204,0.00019433603924400784,3.622,3.711
16746595,0.0002390357,0.00019477985549121082,3.622,3.71
16963540,0.0002391222,0.0001948353325221112,3.621,3.71
14500239,0.0002394792,0.00019522367173841382,3.621,3.709
1241555,0.000239645,0.00019544557986201532,3.62,3.709
8283552,0.00023998,0.0001956674879856168,3.62,3.708
17077833,0.0002402312,0.00019600035017101905,3.619,3.708
17913183,0.0002403189,0.0001961113042328198,3.619,3.707
15958255,0.0002407261,0.00019661059751092315,3.618,3.706
16289310,0.0002411322,0.00019705441375812612,3.618,3.705
17208621,0.0002413211,0.0001971098907890265,3.617,3.705
7259940,0.0002415579,0.00019749823000532913,3.617,3.704
16526027,0.0002419273,0.00019783109219073135,3.616,3.704
14132775,0.0002420661,0.0001979420462525321,3.616,3.703
15491311,0.000242456,0.00019810847734523323,3.615,3.703
8485412,0.0002425686,0.0001983858624997351,3.615,3.702
527499,0.0002429477,0.00019855229359243623,3.614,3.702
8485407,0.0002434585,0.00019888515577783845,3.614,3.701
4248433,0.0002437344,0.00019894063280873883,3.613,3.701
978156,0.0002440682,0.00019916254093234033,3.612,3.701
460565,0.0002443195,0.00019932897202504146,3.612,3.7
5851925,0.000244653,0.00019977278827224443,3.611,3.699
2326531,0.0002453573,0.00019999469639584593,3.61,3.699
5233176,0.0002457617,0.00020016112748854703,3.609,3.699
10973996,0.0002458381,0.0002002166045194474,3.609,3.698
12045316,0.0002463305,0.0002006604207666504,3.608,3.698
4413669,0.0002465307,0.00020071589779755079,3.608,3.697
16176374,0.0002467741,0.00020115971404475376,3.608,3.696
8045002,0.0002469453,0.0002013261451374549,3.607,3.696
16314641,0.0002473482,0.0002016590073228571,3.607,3.695
3731030,0.000247479,0.0002017144843537575,3.606,3.695
14132724,0.000247741,0.00020210282357006011,3.606,3.694
9980540,0.0002481414,0.00020243568575546234,3.605,3.694
10468119,0.0002483051,0.0002025466398172631,3.605,3.693
14312290,0.0002486778,0.00020287950200266534,3.604,3.693
15411709,0.000249039,0.00020304593309536647,3.604,3.692
7125761,0.0002492555,0.00020310141012626684,3.603,3.692
4850423,0.0002497862,0.00020348974934256944,3.602,3.691
8683910,0.0002505196,0.0002038226115279717,3.601,3.691
17052663,0.0002507152,0.0002039890426206728,3.601,3.69
2059791,0.0002510285,0.00020415547371337392,3.6,3.69
8665327,0.0002511072,0.0002044328588678758,3.6,3.689
14867784,0.000251505,0.0002046547669914773,3.599,3.689
3328321,0.00025165,0.00020493215214597915,3.599,3.688
7319962,0.0002520649,0.00020509858323868027,3.598,3.688
15491352,0.0002522415,0.00020537596839318215,3.598,3.687
6520242,0.0002526125,0.0002058752616712855,3.598,3.686
1335485,0.0002526682,0.00020593073870218588,3.597,3.686
13168785,0.0002531396,0.00020631907791848848,3.597,3.685
7340539,0.0002533236,0.00020637455494938885,3.596,3.685
6351160,0.0002538525,0.00020681837119659185,3.595,3.684
17558748,0.0002544094,0.00020715123338199408,3.594,3.684
11585001,0.0002544825,0.00020726218744379483,3.594,3.683
9301383,0.000254735,0.0002077614807218982,3.594,3.682
115982,0.0002550107,0.0002081498199382008,3.593,3.682
5204959,0.0002550282,0.00020826077400000156,3.593,3.681
121364,0.0002553714,0.00020870459024720453,3.593,3.68
14630606,0.0002560269,0.00020903745243260678,3.592,3.68
5184479,0.0002562751,0.0002092038835253079,3.591,3.679
8409301,0.000256788,0.00020970317680341126,3.59,3.678
6393701,0.0002571825,0.00021014699305061424,3.59,3.677
4131299,0.0002574032,0.000210257947112415,3.589,3.677
5375432,0.0002578246,0.00021064628632871761,3.589,3.676
7586726,0.0002579471,0.00021081271742141874,3.588,3.676
6393797,0.0002583197,0.00021114557960682097,3.588,3.675
8586772,0.0002585568,0.00021142296476132284,3.587,3.675
2640243,0.0002587827,0.00021164487288492432,3.587,3.674
1617076,0.0002590974,0.00021208868913212732,3.587,3.673
5047676,0.0002591342,0.0002121441661630277,3.586,3.673
5204992,0.0002596374,0.00021258798241023067,3.586,3.672
5186220,0.0002597686,0.00021264345944113104,3.585,3.672
9995206,0.0002600947,0.00021308727568833405,3.585,3.671
4413692,0.000260335,0.0002133646608428359,3.584,3.671
8325407,0.0002605782,0.0002135865689664374,3.584,3.67
15224859,0.0002609255,0.00021386395412093927,3.583,3.67
2767677,0.000261184,0.00021408586224454075,3.583,3.669
17543970,0.0002617014,0.00021447420146084338,3.582,3.669
15860719,0.0002618148,0.00021458515552264413,3.582,3.668
395221,0.0002621987,0.0002150289717698471,3.581,3.668
12471473,0.0002622276,0.00021508444880074748,3.581,3.667
10990446,0.0002626297,0.00021552826504795045,3.581,3.666
5410691,0.0002627893,0.00021575017317155195,3.58,3.666
16525599,0.0002631017,0.00021602755832605383,3.58,3.665
12061803,0.0002633347,0.00021636042051145606,3.579,3.665
7322718,0.0002635051,0.00021652685160415718,3.579,3.664
6952312,0.0002641017,0.00021697066785136016,3.578,3.664
5498281,0.0002641145,0.00021702614488226053,3.578,3.663
974602,0.0002645618,0.0002175254381603639,3.577,3.662
9592230,0.0002651969,0.00021785830034576613,3.576,3.662
16314877,0.0002654988,0.00021802473143846726,3.576,3.661
2020263,0.0002658461,0.00021846854768567026,3.575,3.661
7865792,0.0002660097,0.00021857950174747099,3.575,3.66
3517033,0.0002663723,0.00021907879502557436,3.575,3.659
15760456,0.000266415,0.00021913427205647474,3.574,3.659
2284191,0.0002670559,0.00021946713424187696,3.573,3.659
7315589,0.0002671814,0.00021957808830367771,3.573,3.658
5376543,0.0002676622,0.00022007738158178107,3.572,3.657
7317726,0.0002682338,0.00022057667485988444,3.571,3.656
10796282,0.0002688476,0.0002210759681379878,3.57,3.655
8286592,0.0002693681,0.00022157526141609114,3.57,3.654
6935824,0.0002695416,0.00022163073844699152,3.569,3.654
8886862,0.0002698621,0.0002221300317250949,3.569,3.653
830417,0.0002702857,0.00022246289391049712,3.568,3.653
10684076,0.0002704354,0.00022262932500319825,3.568,3.652
16746320,0.0002708427,0.00022285123312679975,3.567,3.652
9212516,0.0002710459,0.0002231286182813016,3.567,3.651
7586557,0.0002714153,0.00022340600343580348,3.566,3.651
13236911,0.0002715942,0.00022362791155940498,3.566,3.65
17153933,0.0002719962,0.0002239607737448072,3.565,3.65
2489287,0.0002723361,0.0002241826818684087,3.565,3.649
15576400,0.0002726181,0.00022446006702291058,3.564,3.649
1017798,0.000272654,0.00022468197514651205,3.564,3.648
14486673,0.0002732815,0.00022495936030101393,3.563,3.648
13430015,0.0002735203,0.00022518126842461543,3.563,3.647
16525513,0.000273883,0.00022534769951731656,3.562,3.647
984031,0.0002744327,0.00022573603873361916,3.562,3.646
4386698,0.0002745062,0.00022579151576451953,3.561,3.646
11014328,0.0002752372,0.00022601342388812103,3.56,3.646
6197485,0.0002757151,0.0002262353320117225,3.56,3.645
1051237,0.0002758599,0.00022634628607352326,3.559,3.645
16503344,0.0002762717,0.0002267346252898259,3.559,3.644
8935380,0.000276424,0.00022684557935162664,3.558,3.644
1738247,0.0002772233,0.0002270674874752281,3.557,3.644
8979129,0.0002775161,0.0002272893955988296,3.557,3.643
6351154,0.000277687,0.00022734487262973,3.556,3.643
14132695,0.0002783297,0.0002276777348151322,3.555,3.643
15695667,0.0002784743,0.00022778868887693296,3.555,3.642
13789332,0.0002791419,0.00022789964293873371,3.554,3.642
8935377,0.0002796273,0.00022823250512413597,3.553,3.642
792305,0.0002797719,0.00022834345918593672,3.553,3.641
4850415,0.0002802433,0.0002287872754331397,3.552,3.641
936685,0.0002802891,0.00022884275246404007,3.552,3.64
16298566,0.0002808685,0.00022917561464944232,3.551,3.64
14311308,0.0002810171,0.0002293975227730438,3.551,3.639
370860,0.0002814402,0.00022989681605114717,3.551,3.638
2359474,0.0002815756,0.0002300077701129479,3.55,3.638
11282046,0.0002823795,0.00023039610932925052,3.549,3.638
15235679,0.0002824368,0.0002304515863601509,3.549,3.637
12860702,0.0002828351,0.00023061801745285202,3.548,3.637
16314607,0.0002833926,0.00023095087963825425,3.548,3.636
6188461,0.0002834727,0.000231061833700055,3.547,3.636
16526039,0.000284351,0.00023150564994725797,3.546,3.635
7337533,0.0002849334,0.00023206042025626173,3.545,3.634
13763043,0.0002854775,0.00023244875947256433,3.544,3.634
17453272,0.0002856619,0.00023255971353436508,3.544,3.633
11841373,0.0002860922,0.00023267066759616583,3.543,3.633
1201955,0.00028661,0.0002331144838433688,3.543,3.632
15888010,0.0002868871,0.00023316996087426918,3.542,3.632
6426421,0.0002876491,0.00023350282305967143,3.541,3.632
17153822,0.0002879186,0.00023366925415237256,3.541,3.631
10973756,0.0002882006,0.00023383568524507366,3.54,3.631
11817380,0.0002888379,0.00023400211633777478,3.539,3.631
1006204,0.0002889273,0.0002341685474304759,3.539,3.63
2577694,0.0002894631,0.00023427950149227666,3.538,3.63
10696955,0.0002901648,0.00023466784070857926,3.537,3.63
12713367,0.0002902525,0.00023472331773947963,3.537,3.629
15071226,0.000290741,0.00023516713398668264,3.536,3.629
8045251,0.0002909475,0.0002352780880484834,3.536,3.628
6911152,0.0002915073,0.00023544451914118449,3.535,3.628
4372907,0.000292012,0.00023577738132658674,3.535,3.627
11897940,0.0002922234,0.00023611024351198896,3.534,3.627
9160502,0.0002926985,0.00023633215163559046,3.534,3.626
6905148,0.0002927587,0.00023644310569739121,3.533,3.626
14132858,0.0002931634,0.0002368869219445942,3.533,3.625
8198351,0.0002937939,0.00023716430709909607,3.532,3.625
11062292,0.0002941979,0.00023738621522269757,3.531,3.625
7586605,0.0002942009,0.00023744169225359794,3.531,3.624
5233391,0.000294815,0.00023783003146990054,3.53,3.624
13532779,0.0002949324,0.00023799646256260167,3.53,3.623
7589619,0.000295598,0.00023821837068620317,3.529,3.623
6855368,0.0002962249,0.00023844027880980464,3.528,3.623
10327247,0.0002962726,0.0002385512328716054,3.528,3.622
14132647,0.000296874,0.00023905052614970877,3.527,3.622
8935402,0.0002969185,0.00023910600318060915,3.527,3.621
16574819,0.0002974638,0.00023966077348961287,3.527,3.62
8061701,0.0002975807,0.00023971625052051325,3.526,3.62
9292945,0.0002982304,0.0002399936356750151,3.525,3.62
2346920,0.0002983485,0.00024016006676771622,3.525,3.619
7317759,0.0002988881,0.00024071483707671995,3.524,3.618
7865760,0.0002999728,0.00024110317629302258,3.523,3.618
202056,0.0003005195,0.00024121413035482333,3.522,3.618
13675642,0.0003006016,0.0002412696073857237,3.522,3.617
16429544,0.0003009967,0.0002414360384784248,3.521,3.617
17134655,0.0003014538,0.00024182437769472743,3.521,3.616
14132903,0.000301651,0.00024221271691103003,3.52,3.616
116091,0.0003017489,0.00024243462503463153,3.52,3.615
4131182,0.0003023953,0.00024287844128183453,3.519,3.615
17963932,0.0003024334,0.00024298939534363526,3.519,3.614
6887665,0.000303261,0.00024343321159083826,3.518,3.614
3248631,0.0003032872,0.000243544165652639,3.518,3.613
2443412,0.0003037975,0.00024409893596164274,3.517,3.612
5411046,0.000304507,0.00024465370627064646,3.516,3.611
16314833,0.0003049113,0.0002452084765796502,3.516,3.61
17485378,0.0003051595,0.0002454303847032517,3.515,3.61
11976512,0.000305406,0.0002457632468886539,3.515,3.609
6027928,0.0003058513,0.00024631801719765767,3.514,3.609
3171984,0.000305919,0.00024637349422855807,3.514,3.608
7842839,0.0003066639,0.000246817310475761,3.513,3.608
4882333,0.0003067259,0.00024692826453756177,3.513,3.607
14132901,0.0003073328,0.000247261126722964,3.512,3.607
10182827,0.000307624,0.0002474830348465655,3.512,3.606
8485178,0.0003080373,0.0002479268510937685,3.511,3.606
5937173,0.0003080732,0.0002480378051555692,3.511,3.605
16314659,0.0003087225,0.0002485370984336726,3.51,3.605
11046932,0.0003088242,0.0002486480524954734,3.51,3.604
7865853,0.0003093968,0.0002489809146808756,3.509,3.604
6741215,0.0003096726,0.0002492028228044771,3.509,3.603
2590238,0.0003102006,0.0002495911620207797,3.508,3.603
7586650,0.0003102497,0.00024975759311348083,3.508,3.602
7125507,0.0003108372,0.00025020140936068383,3.507,3.602
9161921,0.0003112001,0.00025036784045338493,3.507,3.601
37055,0.0003116629,0.00025058974857698643,3.506,3.601
4844236,0.0003119974,0.0002509226107623887,3.506,3.6
1252587,0.0003123022,0.00025136642700959163,3.505,3.6
2444272,0.0003126207,0.0002515328581022928,3.505,3.599
16183626,0.0003129966,0.000251865720287695,3.504,3.599
16764914,0.0003134616,0.0002520876284112965,3.504,3.598
2140838,0.0003137141,0.0002523650135657984,3.503,3.598
13816360,0.000314095,0.00025264239872030024,3.503,3.597
8790874,0.0003145702,0.00025303073793660284,3.502,3.597
7586644,0.0003147352,0.00025325264606020434,3.502,3.596
7586540,0.0003151987,0.0002535300312147062,3.501,3.596
11282093,0.0003158834,0.0002537519393383077,3.5,3.596
5411022,0.0003159358,0.0002538074163692081,3.5,3.595
515779,0.0003166167,0.0002541957555855107,3.499,3.595
13789413,0.000316921,0.0002544176637091122,3.499,3.594
8327376,0.0003174045,0.00025475052589451444,3.498,3.594
13381377,0.0003177655,0.0002550279110490163,3.498,3.593
5701308,0.000318092,0.0002552498191726178,3.497,3.593
11495293,0.000318756,0.00025558268135802005,3.497,3.592
6951384,0.0003189364,0.0002556381583889204,3.496,3.592
5723777,0.0003194126,0.00025619292869792415,3.496,3.591
17519490,0.0003195224,0.0002563038827597249,3.495,3.591
16509078,0.0003199296,0.00025674769900692785,3.495,3.59
3115038,0.0003204083,0.00025702508416142975,3.494,3.59
16509077,0.0003209419,0.00025735794634683195,3.494,3.589
12716467,0.0003210417,0.00025741342337773235,3.493,3.589
6426610,0.0003213867,0.00025796819368673605,3.493,3.588
7300770,0.0003217583,0.00025819010181033755,3.492,3.588
15810429,0.0003219704,0.0002585784410266402,3.492,3.587
7586710,0.0003224538,0.0002591332113356439,3.492,3.586
15958261,0.0003224891,0.0002591886883665443,3.491,3.586
11117282,0.0003232556,0.000259743458675548,3.49,3.585
7586654,0.0003238689,0.0002603537060154521,3.49,3.584
3327498,0.0003239993,0.0002604091830463525,3.489,3.584
7260017,0.0003247242,0.0002609639533553562,3.488,3.583
7907480,0.0003254292,0.00026151872366435996,3.488,3.582
5557181,0.0003254694,0.00026157420069526036,3.487,3.582
6108633,0.0003260257,0.00026212897100426406,3.487,3.581
17252893,0.0003263691,0.00026218444803516447,3.486,3.581
2182105,0.0003269336,0.00026273921834416816,3.486,3.58
7865687,0.0003270326,0.00026279469537506857,3.485,3.58
780309,0.0003280559,0.00026323851162227157,3.484,3.58
10121472,0.0003281528,0.00026334946568407227,3.484,3.579
6446177,0.0003285379,0.00026379328193127527,3.483,3.579
2059618,0.000328786,0.0002639597130239764,3.483,3.578
12052018,0.000329262,0.00026423709817847827,3.482,3.578
14952267,0.000329615,0.0002645699603638805,3.482,3.577
15834702,0.0003300313,0.0002649028225492827,3.481,3.577
4986640,0.0003303483,0.0002651802077037846,3.481,3.576
10121473,0.0003308914,0.000265679500981888,3.48,3.576
11469683,0.000331024,0.0002657904550436887,3.48,3.575
14887787,0.0003315646,0.00026623427129089173,3.479,3.575
11897957,0.0003317982,0.0002664007023835928,3.479,3.574
15234750,0.0003326356,0.0002666780875380947,3.478,3.574
7865700,0.0003329243,0.00026701094972349693,3.478,3.573
16602417,0.000333079,0.00026706642675439733,3.477,3.573
16608033,0.000333789,0.00026762119706340103,3.477,3.572
11009912,0.0003338147,0.00026767667409430143,3.476,3.572
12264337,0.0003345436,0.00026823144440330513,3.476,3.571
12549335,0.0003346048,0.00026828692143420553,3.475,3.571
3237201,0.0003354056,0.00026884169174320923,3.474,3.571
8684108,0.0003354569,0.00026889716877410963,3.474,3.57
4372852,0.000336054,0.00026950741611401374,3.474,3.569
7125696,0.0003362452,0.0002695628931449141,3.473,3.569
180106,0.0003369099,0.00026989575533031634,3.472,3.569
12566113,0.0003369999,0.00027011766345391784,3.472,3.568
1586108,0.0003377039,0.0002706724337629216,3.471,3.568
17778672,0.0003377335,0.00027072791079382194,3.471,3.567
11282053,0.0003385109,0.0002712272040719253,3.47,3.567
17490958,0.0003387063,0.00027133815813372604,3.47,3.566
4372843,0.0003391704,0.00027200388250453054,3.47,3.565
16296048,0.000339248,0.0002720593595354309,3.469,3.565
17921454,0.0003396753,0.00027261412984443465,3.469,3.564
9025173,0.0003401268,0.00027283603796803615,3.468,3.564
12019480,0.0003404114,0.00027322437718433875,3.468,3.563
11216915,0.0003408859,0.00027361271640064135,3.467,3.563
4357773,0.0003412993,0.00027389010155514325,3.467,3.562
17405176,0.0003416592,0.00027405653264784435,3.466,3.562
6448242,0.0003422093,0.00027450034889504735,3.466,3.561
10427652,0.0003424442,0.00027466677998774845,3.465,3.561
12662902,0.0003428468,0.00027511059623495145,3.465,3.56
9135786,0.0003433113,0.0002753879813894533,3.464,3.56
17490951,0.0003440485,0.00027572084357485555,3.463,3.56
7300863,0.0003440903,0.0002757763206057559,3.463,3.559
4380049,0.0003446251,0.00027638656794566,3.463,3.558
1012636,0.0003448189,0.00027649752200746075,3.462,3.558
4291065,0.0003457266,0.0002770522923164645,3.461,3.557
8061677,0.0003463439,0.0002774406315327671,3.46,3.557
6951356,0.0003466449,0.0002776625396563686,3.46,3.556
14311870,0.000347216,0.0002781063559035716,3.459,3.556
3123803,0.0003473272,0.0002783282640271731,3.459,3.555
100595,0.0003479086,0.0002789385113670772,3.459,3.554
11282088,0.0003479867,0.00027904946542887796,3.458,3.554
315077,0.0003483861,0.00027960423573788166,3.458,3.553
3415587,0.000348771,0.0002799370979232839,3.457,3.553
15852267,0.0003491123,0.00028026996010868617,3.457,3.552
15540866,0.0003495591,0.0002806028222940884,3.456,3.552
12691449,0.000349875,0.00028088020744859027,3.456,3.551
15541376,0.0003506404,0.00028154593181939477,3.455,3.55
4306068,0.0003512165,0.0002819897480665977,3.454,3.55
12644267,0.000351696,0.0002822116561901992,3.454,3.549
15885908,0.0003519808,0.0002825445183756015,3.453,3.549
11822552,0.0003524592,0.0002828219035301033,3.453,3.548
978502,0.0003530948,0.0002831547657155056,3.452,3.548
6910760,0.0003535928,0.00028348762790090783,3.451,3.547
133232,0.0003544164,0.0002841533522717123,3.45,3.546
8426874,0.0003550961,0.0002848190766425168,3.45,3.545
14132881,0.00035528,0.0002850409847661183,3.449,3.545
11951006,0.0003558911,0.00028548480101332123,3.449,3.544
984022,0.0003560995,0.0002858731402296239,3.448,3.544
10741226,0.0003562167,0.0002860950483532254,3.448,3.543
15962068,0.0003568677,0.0002864279105386276,3.447,3.543
2600431,0.0003570943,0.00028676077272402984,3.447,3.542
8416750,0.0003578055,0.0002870381578785317,3.446,3.542
8662551,0.0003582283,0.00028742649709483434,3.446,3.541
13527400,0.0003585926,0.0002879257903729377,3.445,3.541
7204742,0.0003587727,0.0002880922214656388,3.445,3.54
13570508,0.0003593364,0.00028842508365104104,3.444,3.54
2443795,0.0003600361,0.0002887579458364433,3.444,3.539
15067586,0.0003602026,0.0002892017620836463,3.443,3.539
13029718,0.0003606409,0.00028942367020724774,3.443,3.538
16429315,0.0003611692,0.00028964557833084924,3.442,3.538
16178888,0.0003617451,0.00029008939457805225,3.442,3.537
7337356,0.0003618794,0.00029025582567075334,3.441,3.537
17917241,0.0003627566,0.00029075511894885675,3.44,3.536
11695428,0.0003634439,0.0002914208433196612,3.44,3.535
3596676,0.0003636804,0.0002914763203505616,3.439,3.535
5837995,0.0003643529,0.00029197561362866495,3.438,3.535
6197132,0.0003648365,0.0002920865676904657,3.438,3.534
9462803,0.00036521,0.00029236395284496755,3.437,3.534
4513361,0.0003656853,0.00029275229206127015,3.437,3.533
10121264,0.0003660765,0.00029314063127757275,3.436,3.533
9243988,0.000366524,0.000293473493462975,3.436,3.532
15270911,0.0003668976,0.0002937508786174769,3.435,3.532
4461711,0.0003677227,0.000293917309710178,3.434,3.532
4513373,0.0003679473,0.0002941392178337795,3.434,3.531
10762637,0.0003686556,0.0002946939881427832,3.433,3.531
4413647,0.0003687276,0.00029480494220458396,3.433,3.53
14064619,0.0003693715,0.00029547066657538846,3.433,3.529
12718478,0.0003694359,0.0002955261436062888,3.432,3.529
6937111,0.0003700661,0.0002961918679770933,3.432,3.528
11195221,0.0003702922,0.0002964137761006948,3.431,3.528
10822633,0.0003708635,0.0002968575923478978,3.431,3.527
4131263,0.0003715949,0.00029691306937879817,3.43,3.527
5768444,0.0003722311,0.0002970240234405989,3.429,3.527
12125998,0.0003728641,0.0002974678396878019,3.428,3.527
4550443,0.000372911,0.00029752331671870227,3.428,3.526
12720920,0.0003736804,0.00029796713296590527,3.427,3.526
2802165,0.0003738865,0.0002982445181204071,3.427,3.525
15632487,0.0003745417,0.00029874381139851047,3.426,3.525
8130419,0.0003748774,0.0002989102424912116,3.426,3.524
12644262,0.0003754171,0.00029935405873841457,3.425,3.524
11694877,0.0003759434,0.00029957596686201607,3.425,3.523
9161928,0.0003762728,0.000299853352016518,3.424,3.523
15717009,0.0003774,0.0003001307371710198,3.423,3.523
10180543,0.000377517,0.0003002971682637209,3.423,3.522
17181522,0.0003780338,0.0003006855074800236,3.422,3.522
7739629,0.0003785595,0.00030096289263452543,3.422,3.521
11611237,0.0003791966,0.0003014621859126288,3.421,3.521
11897973,0.000379327,0.0003016840940362303,3.421,3.52
13381778,0.0003797521,0.0003022943413761344,3.42,3.52
17364991,0.0003797816,0.00030234981840703473,3.42,3.519
10096411,0.0003806696,0.0003029045887160385,3.419,3.519
9991083,0.0003807592,0.0003030710198087396,3.419,3.518
10168019,0.000381535,0.0003035148360559426,3.418,3.518
8579342,0.0003818791,0.0003037922212104445,3.418,3.517
4151460,0.0003824241,0.00030429151448854784,3.417,3.517
17683955,0.0003826516,0.00030445794558124894,3.417,3.516
250911,0.0003832952,0.0003047353307357508,3.416,3.516
13699025,0.0003837569,0.0003051791469829538,3.416,3.515
9417675,0.0003842255,0.0003053455780756549,3.415,3.515
16314696,0.000384878,0.0003058448713537583,3.415,3.514
3596605,0.0003850779,0.00030612225650826014,3.414,3.514
7661213,0.0003858709,0.00030656607275546314,3.414,3.513
5824899,0.0003860186,0.0003066215497863635,3.413,3.513
1132512,0.0003868651,0.000307287274157168,3.412,3.512
4536520,0.0003878318,0.00030795299852797245,3.411,3.512
2695177,0.0003879194,0.00030800847555887285,3.411,3.511
9473469,0.00038859,0.0003086741999296773,3.411,3.51
9004059,0.0003885992,0.00030878515399147805,3.41,3.51
7337306,0.0003893229,0.00030939540133138215,3.41,3.509
11014405,0.0003896121,0.00030961730945498365,3.409,3.509
15539862,0.0003900274,0.000310116602733087,3.409,3.508
9160499,0.0003904467,0.00031028303382578816,3.408,3.508
252067,0.0003908291,0.00031083780413479185,3.408,3.507
6418693,0.0003913135,0.00031128162038199486,3.407,3.507
10125050,0.0003918862,0.0003115590055364967,3.407,3.506
15937928,0.0003922256,0.0003116144825673971,3.406,3.506
10000910,0.0003932748,0.00031216925287640086,3.405,3.506
16189638,0.0003934982,0.00031228020693820156,3.405,3.505
3383544,0.0003940581,0.00031272402318540456,3.404,3.505
2499528,0.0003944017,0.0003130014083399064,3.404,3.504
106502,0.0003950037,0.0003135007016180098,3.403,3.504
9134664,0.0003951199,0.0003137226097416113,3.403,3.503
10337857,0.000395824,0.0003140554719270135,3.402,3.503
13789157,0.0003961704,0.00031444381114331617,3.402,3.502
15204888,0.0003967901,0.0003151095355141206,3.401,3.502
5410773,0.0003969732,0.000315165012545021,3.401,3.501
400387,0.0003976694,0.00031588621394672587,3.4,3.5
17253223,0.0003985688,0.00031649646128663,3.399,3.5
3596156,0.0003986599,0.0003166074153484307,3.399,3.499
3237079,0.0003995463,0.0003173286167501356,3.398,3.498
4885624,0.0004004648,0.00031804981815184043,3.397,3.498
2058216,0.000400563,0.0003181052951827408,3.397,3.497
7932259,0.0004010004,0.00031882649658444563,3.397,3.496
13381745,0.0004013573,0.000319325789862549,3.396,3.496
5838139,0.0004018515,0.0003195476979861505,3.396,3.495
14505914,0.0004022583,0.00031988056017155273,3.395,3.495
10327292,0.0004027639,0.00032026889938785533,3.395,3.494
6110089,0.0004032529,0.00032049080751145683,3.394,3.494
2950818,0.0004038849,0.0003210455778204606,3.394,3.493
202147,0.00040413,0.00032148939406766354,3.393,3.493
12052476,0.0004043698,0.00032176677922216544,3.393,3.492
8455840,0.0004050785,0.0003222105954693684,3.392,3.492
6446178,0.0004053886,0.0003224879806238703,3.392,3.491
7943274,0.0004059806,0.0003232646590564755,3.391,3.49
1618774,0.0004065135,0.00032398586045818034,3.391,3.489
10427609,0.0004069194,0.000324374199674483,3.39,3.489
6106762,0.0004072017,0.0003247625388907856,3.39,3.488
2590487,0.0004079999,0.0003252063551379886,3.389,3.488
4674119,0.0004084905,0.00032548374029249045,3.389,3.487
3172141,0.0004088201,0.00032592755653969345,3.388,3.487
2059200,0.0004090801,0.00032626041872509565,3.388,3.486
2499744,0.0004096346,0.0003269816201268005,3.388,3.485
929088,0.0004098515,0.0003270370971577009,3.387,3.485
1618811,0.0004104429,0.00032775829855940576,3.387,3.484
2950780,0.0004107062,0.00032814663777570836,3.386,3.484
3596685,0.000410888,0.0003284794999611106,3.386,3.483
12269985,0.0004117485,0.0003292561783937158,3.385,3.482
983872,0.0004125565,0.00033003285682632106,3.385,3.481
13816356,0.0004126433,0.0003301438108881218,3.384,3.481
8077144,0.0004130947,0.0003307540582280259,3.384,3.48
5582373,0.000413665,0.00033103144338252776,3.383,3.48
8665392,0.0004140072,0.0003315307366606311,3.383,3.479
10696336,0.0004146391,0.00033191907587693377,3.382,3.479
4009050,0.0004150884,0.00033230741509323637,3.382,3.478
9161926,0.0004156341,0.00033269575430953897,3.381,3.478
15938012,0.0004163254,0.00033308409352584157,3.381,3.477
3596614,0.000416582,0.0003332505246185427,3.38,3.477
17490931,0.0004170524,0.0003338607719584468,3.38,3.476
3596611,0.0004173577,0.0003341936341438491,3.379,3.476
12583477,0.0004177709,0.0003345819733601517,3.379,3.475
1682801,0.000418363,0.000335081266638255,3.378,3.475
15553396,0.0004187729,0.0003353586517927569,3.378,3.474
5821279,0.0004193367,0.0003358024680399599,3.377,3.474
12047185,0.0004196568,0.00033613533022536213,3.377,3.473
540983,0.0004203048,0.0003364681924107644,3.376,3.473
5821292,0.0004206743,0.00033691200865796733,3.376,3.472
15734043,0.0004212524,0.00033730034787427,3.375,3.472
11897910,0.000421574,0.0003376886870905726,3.375,3.471
12053213,0.000422344,0.0003382989344304767,3.374,3.471
2058208,0.0004226104,0.0003384653655231778,3.374,3.47
17729360,0.0004231707,0.0003386872736467793,3.373,3.47
4380044,0.0004240415,0.00033924204395578304,3.373,3.469
7922849,0.0004243316,0.0003392975209866834,3.372,3.469
15924633,0.0004252594,0.00034001872238838824,3.371,3.468
6426124,0.0004262612,0.0003407954008209935,3.37,3.468
17461449,0.0004262666,0.00034085087785189384,3.37,3.467
7259585,0.0004270998,0.00034146112519179794,3.369,3.467
10121444,0.0004272691,0.0003416275562844991,3.369,3.466
3237081,0.0004279092,0.0003424042347171043,3.369,3.465
12672093,0.0004280816,0.00034251518877890505,3.368,3.465
2129601,0.0004287034,0.00034318091314970955,3.368,3.464
460969,0.0004290597,0.0003434582983042114,3.367,3.464
17323686,0.0004297312,0.00034395759158231475,3.367,3.463
17157582,0.0004301385,0.0003443459307986174,3.366,3.463
2059970,0.0004308383,0.00034478974704582035,3.366,3.462
90842,0.000431041,0.00034501165516942186,3.365,3.462
12108007,0.0004319595,0.0003455664254784256,3.365,3.461
5721467,0.0004320267,0.00034567737954022636,3.364,3.461
6426144,0.0004330805,0.00034628762688013046,3.363,3.461
17087895,0.0004331266,0.0003463431039110308,3.363,3.46
7922848,0.0004339042,0.0003471752593745364,3.363,3.459
1618734,0.0004341215,0.0003472307364054368,3.362,3.459
7259449,0.0004347134,0.00034795193780714167,3.362,3.458
15227064,0.000435021,0.00034811836889984276,3.361,3.458
6110111,0.0004355693,0.00034878409327064727,3.361,3.457
7529081,0.0004360572,0.00034917243248694987,3.36,3.457
2858493,0.0004363273,0.00034956077170325247,3.36,3.456
4600899,0.0004370298,0.0003501155420122562,3.359,3.456
10712279,0.0004371144,0.00035039292716675807,3.359,3.455
8979060,0.0004380862,0.00035100317450666217,3.358,3.455
9104455,0.0004382163,0.0003511696055993633,3.358,3.454
9221339,0.0004392078,0.0003518353299701678,3.357,3.454
830628,0.0004395348,0.00035200176106286893,3.357,3.453
5682176,0.0004400852,0.0003525010543409723,3.356,3.453
9714744,0.0004404163,0.00035277843949547413,3.356,3.452
12526513,0.0004411488,0.00035361059495897973,3.355,3.451
4131272,0.0004419559,0.00035444275042248533,3.355,3.45
10697741,0.000442325,0.0003545537044842861,3.354,3.45
263169,0.0004431917,0.0003551084747932898,3.353,3.45
17081088,0.0004432894,0.00035527490588599094,3.353,3.449
15378141,0.0004441197,0.0003558296761949947,3.352,3.449
6107374,0.0004444072,0.00035605158431859614,3.352,3.448
6147136,0.0004452236,0.000356772785720301,3.351,3.448
17461201,0.0004452994,0.00035688373978210174,3.351,3.447
7604123,0.0004459681,0.00035771589524560734,3.351,3.446
9085074,0.0004462011,0.0003578268493074081,3.35,3.446
9261331,0.0004470651,0.00035854805070911294,3.35,3.445
6147155,0.000447294,0.0003586590047709137,3.349,3.445
910473,0.0004477771,0.00035938020617261855,3.349,3.444
13029699,0.0004482775,0.00036004593054342305,3.348,3.444
8547202,0.0004484671,0.00036021236163612415,3.348,3.443
7780026,0.0004493269,0.00036087808600692865,3.347,3.443
13029671,0.0004495205,0.00036104451709962975,3.347,3.442
1495596,0.0004503039,0.0003617657185013346,3.346,3.442
9476461,0.0004504066,0.00036187667256313535,3.346,3.441
8547224,0.0004511385,0.00036270882802664096,3.346,3.44
13571066,0.0004514187,0.0003628197820884417,3.345,3.44
8325388,0.0004519001,0.00036354098349014656,3.345,3.439
10450445,0.000452416,0.0003640402767682499,3.344,3.439
17755965,0.000452757,0.00036437313895365216,3.344,3.438
10011496,0.0004534332,0.00036498338629355626,3.343,3.438
16138911,0.0004538318,0.00036520529441715777,3.343,3.437
8923931,0.000454619,0.0003657600647261615,3.342,3.437
11817673,0.0004550038,0.00036603744988066337,3.342,3.436
8295829,0.0004555176,0.0003665367431587667,3.341,3.436
8547137,0.0004556997,0.00036686960534416897,3.341,3.435
16954959,0.0004566905,0.00036742437565317267,3.34,3.435
1463692,0.0004572989,0.0003677572378385749,3.34,3.434
17221109,0.0004576313,0.0003679791459621764,3.339,3.434
13587631,0.0004584785,0.0003685893933020805,3.339,3.433
12186432,0.0004587162,0.0003688667784565824,3.338,3.433
796852,0.0004592091,0.0003694215487655861,3.338,3.432
4674190,0.0004598431,0.0003698098879818887,3.337,3.432
5518932,0.0004605124,0.00037030918125999213,3.337,3.431
11981531,0.000460853,0.0003708084745380955,3.336,3.431
15496465,0.0004615517,0.00037114133672349773,3.336,3.43
4513068,0.0004618676,0.00037152967593980033,3.335,3.43
10122049,0.0004621479,0.0003719734921870033,3.335,3.429
9295696,0.0004629208,0.0003726392165578078,3.334,3.429
8765872,0.0004631587,0.0003728611246814093,3.334,3.428
3596588,0.0004639852,0.00037358232608311414,3.333,3.428
15436303,0.0004641982,0.0003736932801449149,3.333,3.427
12022361,0.0004653319,0.0003744699585775201,3.332,3.427
7746610,0.0004654225,0.00037458091263932084,3.332,3.426
4314477,0.0004661967,0.0003751356829483246,3.331,3.426
17744453,0.000466822,0.00037541306810282644,3.331,3.425
17316998,0.0004672468,0.0003757459302882287,3.33,3.425
2191719,0.000467465,0.00037630070059723245,3.33,3.424
16537547,0.0004684417,0.00037668903981353505,3.329,3.424
6041927,0.0004692454,0.0003771883330916384,3.329,3.423
11316811,0.0004694286,0.0003772438101225388,3.328,3.423
11817389,0.0004702632,0.000378020488555144,3.328,3.422
983960,0.0004704906,0.00037835335074054625,3.327,3.422
13524575,0.0004715858,0.0003787971669877492,3.326,3.422
10786375,0.0004716907,0.00037890812104954995,3.326,3.421
3485862,0.0004726756,0.00037957384542035446,3.325,3.421
17078505,0.000473013,0.00037979575354395596,3.325,3.42
12045265,0.0004737174,0.0003801286157293582,3.324,3.42
15888116,0.0004745417,0.00038062790900746156,3.324,3.419
5668217,0.0004750397,0.0003811272022855649,3.323,3.419
17319283,0.0004754172,0.0003815155415018675,3.323,3.418
17137260,0.0004759586,0.00038207031181087126,3.322,3.418
12136310,0.0004761282,0.0003824031739962735,3.322,3.417
1242249,0.000477001,0.00038306889836707797,3.321,3.417
14040648,0.0004772565,0.00038329080649067947,3.321,3.416
4674406,0.000477999,0.0003841784389850854,3.321,3.415
10406562,0.0004782067,0.00038428939304688617,3.32,3.415
4376975,0.0004791382,0.0003850660714794914,3.32,3.414
11102048,0.0004792249,0.00038512154851039177,3.319,3.414
15378129,0.0004800092,0.0003859537039738974,3.319,3.413
1521356,0.0004803516,0.0003860091810047978,3.318,3.413
1618825,0.0004815225,0.0003866194283447019,3.317,3.413
3237126,0.0004821368,0.0003868413364683034,3.317,3.412
4407032,0.000482609,0.00038711872162280523,3.316,3.412
15602610,0.0004830517,0.00038772896896270933,3.316,3.411
10795522,0.0004836469,0.0003882282622408127,3.315,3.411
11279557,0.0004840075,0.00038861660145711533,3.315,3.41
4372886,0.0004847811,0.0003891158947352187,3.314,3.41
9200447,0.0004853295,0.0003895042339515213,3.314,3.409
14916438,0.0004858627,0.0003899480501987243,3.313,3.409
11869283,0.0004864308,0.00039039186644592724,3.313,3.408
10619534,0.0004869902,0.000390946636754931,3.312,3.408
4372887,0.0004872513,0.0003913349759712336,3.312,3.407
3193333,0.0004881089,0.0003919452233111377,3.311,3.407
14782581,0.000488339,0.0003922226084656396,3.311,3.406
2950709,0.0004892197,0.0003927773787746433,3.31,3.406
1506071,0.000489816,0.00039311024096004555,3.31,3.405
8778944,0.0004903727,0.0003933876261145474,3.309,3.405
13326235,0.000490852,0.0003940533504853519,3.309,3.404
13542284,0.000491526,0.00039455264376345525,3.308,3.404
8515590,0.0004921798,0.00039494098297975785,3.308,3.403
4197420,0.0004926449,0.00039560670735056235,3.307,3.403
13569509,0.0004927819,0.00039582861547416385,3.307,3.402
17833055,0.0004937728,0.0003963279087522672,3.306,3.402
4376972,0.0004942067,0.0003967717249994702,3.306,3.401
11078474,0.0004949198,0.0003976038804629758,3.305,3.401
8760220,0.0004949232,0.00039765935749387616,3.305,3.4
4582400,0.0004957883,0.0003986024670191825,3.305,3.399
15254447,0.0004960547,0.0003987688981118836,3.304,3.399
2102679,0.0004971785,0.00039937914545178777,3.303,3.399
1106426,0.0004974067,0.00039949009951358846,3.303,3.398
12388460,0.000498322,0.00039993391576079147,3.302,3.398
8329016,0.0004988798,0.0004004332090388948,3.302,3.397
7051692,0.0004994851,0.00040082154825519747,3.301,3.397
4145598,0.0005000704,0.00040137631856420117,3.301,3.396
16316655,0.0005006182,0.0004022639510586072,3.3,3.395
11817744,0.0005016505,0.00040320706058391353,3.3,3.394
17237515,0.0005018929,0.000403428968707515,3.299,3.394
16526077,0.000502739,0.0004041501701092198,3.299,3.393
4109035,0.0005029517,0.00040442755526372173,3.298,3.393
15554924,0.0005037812,0.0004050932796345262,3.298,3.392
2060031,0.0005041205,0.0004053151877581277,3.297,3.392
14174188,0.0005045989,0.0004059809121289322,3.297,3.391
400362,0.0005052433,0.0004065356824379359,3.296,3.391
2129705,0.0005053968,0.00040692402165423854,3.296,3.39
3337287,0.000506513,0.0004076452230559434,3.295,3.39
5203775,0.0005067134,0.0004078671311795449,3.295,3.389
4566731,0.000507629,0.0004082554703958475,3.294,3.389
6394074,0.0005087452,0.00040875476367395084,3.293,3.389
7865699,0.0005088961,0.0004088102407048512,3.293,3.388
4766295,0.0005099308,0.0004096978731992572,3.292,3.388
17237523,0.0005099512,0.00040975335023015754,3.292,3.387
6457241,0.0005108211,0.0004106964597554639,3.292,3.386
1618655,0.0005112556,0.00041097384490996575,3.291,3.386
4674394,0.0005119938,0.00041163956928077025,3.291,3.385
5722187,0.0005123179,0.000412194339589774,3.29,3.385
5730236,0.0005126763,0.0004125826788060766,3.29,3.384
13789194,0.0005134656,0.00041352578833138296,3.289,3.383
15254779,0.0005143297,0.00041452437488758966,3.289,3.382
5539979,0.0005146971,0.0004148017600420915,3.288,3.382
5388117,0.0005153903,0.000415467484412896,3.288,3.381
5722173,0.0005159426,0.00041574486956739786,3.287,3.381
14310492,0.0005164231,0.00041641059393820236,3.287,3.38
3517420,0.0005170443,0.00041679893315450496,3.286,3.38
4248595,0.0005173826,0.0004173537034635087,3.286,3.379
2129603,0.0005183165,0.00041807490486521357,3.285,3.379
4829616,0.0005188159,0.0004183522900197154,3.285,3.378
5846409,0.0005194308,0.0004192399225141214,3.284,3.378
17684020,0.0005194727,0.00041929539954502177,3.284,3.377
1573628,0.0005202318,0.0004202939861012285,3.284,3.376
4202591,0.0005205991,0.0004209042334411326,3.283,3.376
6014883,0.0005210177,0.0004212370956265348,3.283,3.375
15247606,0.0005218414,0.0004219582970282397,3.282,3.375
15167888,0.0005224336,0.0004222356821827416,3.282,3.374
2020074,0.0005230672,0.00042295688358444643,3.281,3.374
15806,0.0005235514,0.00042317879170804794,3.281,3.373
14216095,0.0005242188,0.00042378903904795204,3.28,3.373
16423178,0.0005246302,0.00042417737826425464,3.28,3.372
1530727,0.0005255027,0.000424676671542358,3.279,3.372
17073525,0.0005258079,0.000425120487789561,3.279,3.371
202144,0.0005266312,0.00042600812028396694,3.278,3.371
6793489,0.0005269422,0.0004261190743457677,3.278,3.37
17316676,0.0005277939,0.0004271176609019744,3.278,3.369
14974776,0.0005278517,0.00042722861496377514,3.277,3.369
16966641,0.0005289238,0.00042806077042728075,3.277,3.368
6426637,0.0005291238,0.0004282272015199819,3.276,3.368
2714012,0.0005303251,0.000428837448859886,3.275,3.368
4219553,0.0005304048,0.0004290593569834875,3.275,3.367
13734946,0.0005315382,0.00042955865026159085,3.274,3.367
1985271,0.0005320001,0.0004300579435396942,3.274,3.366
10015092,0.0005327298,0.0004308900990031998,3.273,3.366
909205,0.0005328004,0.0004310565300959009,3.273,3.365
14121923,0.0005339819,0.000431666777435805,3.272,3.365
4755431,0.000534412,0.00043205511665210766,3.272,3.364
5254573,0.0005353606,0.00043266536399201176,3.271,3.364
7682987,0.0005355498,0.00043305370320831436,3.271,3.363
12898163,0.000536429,0.0004338303816409196,3.27,3.363
6520027,0.0005367283,0.00043405228976452106,3.27,3.362
11973182,0.0005376334,0.0004350508763207278,3.27,3.361
1429449,0.0005376546,0.00043510635335162817,3.269,3.361
17308704,0.0005389666,0.0004354392155370304,3.268,3.361
7589071,0.0005395512,0.0004360494628769345,3.268,3.36
10681356,0.0005401764,0.000436715187247739,3.267,3.36
6147005,0.0005404685,0.0004370480494331412,3.267,3.359
12662903,0.0005416002,0.00043793568192754723,3.266,3.359
10723669,0.0005416838,0.000438046635989348,3.266,3.358
5475101,0.0005426369,0.0004388233144219532,3.265,3.358
8934955,0.0005428041,0.0004390452225455547,3.265,3.357
15741095,0.0005440645,0.0004397109469163592,3.264,3.357
17418986,0.0005447258,0.0004400992861326618,3.264,3.356
7251354,0.0005451353,0.00044021024019446253,3.263,3.356
1618509,0.0005463878,0.00044104239565796814,3.262,3.356
8886918,0.0005464903,0.0004410978726888685,3.262,3.355
2391896,0.0005476767,0.00044204098221417484,3.261,3.355
9395068,0.000547707,0.00044209645924507524,3.261,3.354
15714544,0.0005488992,0.0004431505228321823,3.261,3.353
16157624,0.0005489155,0.0004432059998630827,3.26,3.353
17964116,0.0005497868,0.00044414910938838905,3.26,3.352
2790270,0.0005501783,0.00044459292563559205,3.259,3.352
17316862,0.0005506551,0.00044514769594459575,3.259,3.351
14912131,0.0005514514,0.0004457024662535995,3.258,3.351
8709103,0.0005520612,0.00044620175953170285,3.258,3.35
10121408,0.0005528859,0.00044703391499520845,3.257,3.35
13088497,0.0005532644,0.00044720034608790955,3.257,3.349
4762394,0.0005541381,0.0004481434556132159,3.256,3.349
15632611,0.000554305,0.00044825440967501666,3.256,3.348
17795028,0.0005552945,0.000449197519200323,3.255,3.348
879547,0.0005553839,0.00044930847326212376,3.255,3.347
12144293,0.0005566601,0.00045014062872562936,3.254,3.347
2941648,0.000556901,0.00045030705981833046,3.254,3.346
5869965,0.0005579132,0.0004510282612200353,3.253,3.346
3023195,0.0005586494,0.00045136112340543757,3.253,3.345
2634351,0.0005591757,0.00045180493965264057,3.252,3.345
15433818,0.0005603491,0.00045241518699254467,3.252,3.344
11009866,0.0005604361,0.0004525261410543454,3.251,3.344
6418778,0.0005611347,0.0004534692505796518,3.251,3.343
4829346,0.0005618565,0.0004539685438577551,3.25,3.343
6067074,0.0005624225,0.0004544678371358585,3.25,3.342
11455641,0.0005631026,0.0004552999925993641,3.249,3.342
14254663,0.000563322,0.0004555219007229656,3.249,3.341
16088224,0.0005642077,0.0004565759643100727,3.249,3.34
11078287,0.0005644181,0.0004567978724336742,3.248,3.34
7432914,0.0005655991,0.00045763002789717973,3.247,3.339
4533631,0.0005668704,0.00045868409148428684,3.247,3.338
15704963,0.0005669875,0.00045873956851518724,3.246,3.338
15575834,0.0005682154,0.0004592388617932906,3.245,3.338
11867261,0.0005688111,0.00045973815507139394,3.245,3.337
13534872,0.0005696097,0.00046012649428769654,3.244,3.337
4612858,0.0005708267,0.00046079221865850104,3.243,3.336
7551098,0.0005721377,0.00046162437412200665,3.242,3.336
3755256,0.0005723838,0.0004619017592765085,3.242,3.335
1606744,0.00057347,0.00046223462146191075,3.241,3.335
12110139,0.0005744063,0.0004629558228636156,3.241,3.334
11750901,0.0005749133,0.0004631777309872171,3.24,3.334
10627105,0.0005757325,0.0004640098864507227,3.24,3.333
9904342,0.0005761483,0.0004646201337906268,3.239,3.333
11279594,0.0005765712,0.0004650639500378298,3.239,3.332
2771447,0.0005770726,0.00046617349065583726,3.239,3.331
11785849,0.0005774902,0.00046656182987213986,3.238,3.331
2012730,0.0005779031,0.00046722755424294436,3.238,3.33
15174088,0.0005788147,0.00046828161783005147,3.237,3.329
17562205,0.0005801215,0.00046922472735535777,3.236,3.329
8478519,0.0005801373,0.0004693911584480589,3.236,3.328
1006201,0.0005814742,0.00047033426797336527,3.235,3.328
16465655,0.0005816201,0.000470445222035166,3.235,3.327
11078063,0.0005828408,0.000471332854529572,3.234,3.327
2403800,0.0005831265,0.0004715547626531735,3.234,3.326
7589243,0.0005841526,0.0004721650099930776,3.233,3.326
7589237,0.0005845222,0.0004726088262402806,3.233,3.325
14092704,0.0005854937,0.0004736628898273877,3.232,3.325
17461480,0.0005855249,0.00047371836685828803,3.232,3.324
7351005,0.0005861211,0.0004748279074762955,3.232,3.323
10072450,0.0005869362,0.00047560458590890074,3.231,3.323
17832983,0.0005872247,0.000475937448094303,3.231,3.322
12144327,0.0005881749,0.0004767141265269082,3.23,3.322
4357863,0.0005886749,0.00047699151168141004,3.23,3.321
4200908,0.0005895619,0.0004777681901140153,3.229,3.321
115845,0.0005897498,0.00047810105229941755,3.229,3.32
9669811,0.0005906815,0.000479210592917425,3.229,3.319
16096742,0.0005909324,0.0004793770240101261,3.228,3.319
5556964,0.0005920549,0.00048032013353543245,3.228,3.318
12232527,0.0005923531,0.0004805975186899343,3.227,3.318
11078704,0.0005936819,0.0004814296741534399,3.226,3.317
2370799,0.0005950971,0.00048220635258604516,3.225,3.317
6351175,0.0005955519,0.0004825392147714474,3.225,3.316
3017261,0.000596408,0.0004830939850804511,3.224,3.316
2439734,0.0005969058,0.00048364875538945486,3.224,3.315
11556672,0.0005978498,0.0004843699567911597,3.223,3.315
371042,0.0005982133,0.0004847582960074623,3.223,3.314
16023177,0.000599104,0.0004852021122546653,3.222,3.314
15255534,0.0005997374,0.0004858678366254698,3.222,3.313
15702160,0.0006005229,0.00048658903802717467,3.221,3.313
1006167,0.0006006617,0.00048697737724347727,3.221,3.312
2059815,0.0006019545,0.0004878095327069829,3.22,3.312
12119593,0.0006021079,0.0004881423948923851,3.22,3.311
8198664,0.0006029407,0.0004892519355103926,3.22,3.31
14962498,0.0006033099,0.0004896402747266952,3.219,3.31
1771135,0.0006041596,0.0004903614761284001,3.219,3.309
7589083,0.0006046661,0.0004910272004992045,3.218,3.309
11840997,0.0006050926,0.0004915264937773078,3.218,3.308
16023128,0.0006060431,0.0004922476951790127,3.217,3.308
14741102,0.0006067021,0.0004926360343953153,3.217,3.307
8917405,0.0006074829,0.0004934127128279205,3.216,3.307
2226466,0.0006077397,0.0004937455750133228,3.216,3.306
3924309,0.0006089715,0.0004946332075077287,3.215,3.306
16655863,0.00060913,0.0004949105926622307,3.215,3.305
7774643,0.0006106376,0.0004955763170330351,3.214,3.305
10276936,0.0006110347,0.0004960756103111384,3.214,3.304
2188318,0.0006117274,0.0004966858576510426,3.213,3.304
17461494,0.0006126075,0.000497185150929146,3.213,3.303
4493033,0.00061315,0.0004977399212381496,3.212,3.303
14946424,0.0006141884,0.0004983501685780538,3.212,3.302
7568656,0.0006144738,0.000498683030763456,3.211,3.302
5288947,0.0006152021,0.0004994597091960613,3.211,3.301
2129622,0.0006159273,0.0005003473416904672,3.21,3.301
7375323,0.0006161462,0.0005006247268449691,3.21,3.3
4338414,0.000617648,0.0005017342674629766,3.209,3.3
1618910,0.0006176561,0.0005017897444938769,3.209,3.299
15299879,0.0006189154,0.0005025664229264822,3.208,3.299
3760026,0.0006192913,0.0005029547621427848,3.208,3.298
6520019,0.0006201569,0.0005036204865135893,3.207,3.298
5708792,0.0006207368,0.0005041197797916926,3.207,3.297
17563746,0.0006216397,0.0005047855041624971,3.206,3.297
7829607,0.0006220077,0.0005052847974406005,3.206,3.296
6540270,0.000623118,0.0005058395677496042,3.205,3.296
12699443,0.0006241026,0.0005064498150895083,3.205,3.295
3419179,0.0006245717,0.0005068936313367113,3.204,3.295
6662062,0.000625269,0.0005076148327384162,3.204,3.294
2129604,0.0006260364,0.0005081696030474199,3.203,3.294
14951540,0.0006264471,0.000508779850387324,3.203,3.293
12612528,0.0006273899,0.0005096674828817299,3.202,3.293
2941821,0.0006275477,0.0005099448680362318,3.202,3.292
13088461,0.0006288309,0.0005107770234997374,3.201,3.292
1490364,0.0006293192,0.0005111098856851396,3.201,3.291
15532177,0.0006302351,0.0005119420411486453,3.2,3.291
5256423,0.0006309629,0.0005122749033340475,3.2,3.29
1139250,0.0006316995,0.0005131070587975531,3.199,3.29
3846780,0.0006320348,0.0005134953980138557,3.199,3.289
2682225,0.0006334009,0.0005141056453537599,3.198,3.289
13534931,0.000634282,0.0005146604156627635,3.198,3.288
2916567,0.0006346294,0.0005149932778481659,3.197,3.288
6913007,0.0006354219,0.0005158254333116714,3.197,3.287
6082560,0.0006361521,0.0005162137725279741,3.196,3.287
11431183,0.0006374359,0.0005170459279914796,3.196,3.286
8974891,0.0006375507,0.0005172123590841808,3.195,3.286
10337865,0.0006390349,0.0005178226064240848,3.194,3.286
16129347,0.0006396265,0.0005182109456403875,3.194,3.285
15185994,0.0006405362,0.0005190985781347935,3.193,3.285
2263628,0.0006413416,0.0005194314403201957,3.193,3.284
6426914,0.0006419991,0.0005198197795364983,3.192,3.284
16954956,0.0006424966,0.0005205964579691035,3.192,3.283
9707948,0.0006434554,0.0005214840904635095,3.191,3.283
9926327,0.0006439182,0.0005218169526489117,3.191,3.282
15194389,0.0006449282,0.0005224826770197162,3.19,3.282
15436504,0.0006455291,0.0005230374473287199,3.19,3.281
12282554,0.0006464166,0.0005237586487304248,3.189,3.281
17273006,0.0006470756,0.0005242579420085281,3.189,3.28
1974451,0.0006480025,0.0005248127123175319,3.188,3.28
3597094,0.0006489558,0.000525422959657436,3.188,3.279
8595005,0.0006494181,0.0005257558218428382,3.187,3.279
10818103,0.0006508803,0.0005266434543372442,3.186,3.278
11009966,0.0006522979,0.0005278639490170524,3.186,3.277
2189531,0.0006524342,0.0005279749030788532,3.185,3.277
10804426,0.000653732,0.0005290844436968606,3.185,3.276
12166911,0.0006539405,0.000529139920727761,3.184,3.276
5272177,0.0006550249,0.0005303049383766689,3.184,3.275
6032512,0.0006554104,0.0005305268465002703,3.183,3.275
6113241,0.000656556,0.0005315254330564771,3.183,3.274
7589049,0.0006570151,0.0005320247263345805,3.182,3.274
10476374,0.0006577228,0.0005327459277362853,3.182,3.273
5807480,0.0006584377,0.0005331897439834883,3.181,3.273
17237393,0.000659486,0.0005339664224160935,3.181,3.272
17077635,0.0006601041,0.000534354761632396,3.18,3.272
16881659,0.0006610171,0.0005351869170959017,3.18,3.271
6782221,0.0006616032,0.0005355197792813039,3.179,3.271
15887997,0.0006630089,0.0005360745495903077,3.178,3.271
5085197,0.0006636564,0.0005364628888066103,3.178,3.27
541523,0.0006645093,0.0005371840902083151,3.177,3.27
13184555,0.0006655293,0.0005376833834864185,3.177,3.269
1225387,0.0006660925,0.0005381826767645218,3.176,3.269
4092456,0.0006673273,0.0005389038781662267,3.176,3.268
10222614,0.0006675906,0.0005390148322280275,3.175,3.268
16961326,0.0006689899,0.0005401798498769353,3.175,3.267
15541139,0.0006691599,0.0005403462809696364,3.174,3.267
11572542,0.0006701752,0.0005414003445567435,3.174,3.266
12860650,0.0006706809,0.0005418441608039465,3.173,3.266
4812812,0.000671884,0.0005426763162674521,3.173,3.265
11440386,0.0006722742,0.0005432310865764559,3.172,3.265
13029302,0.000673036,0.0005438968109472603,3.172,3.264
7340464,0.0006738391,0.000544895397503467,3.171,3.264
11078159,0.0006741037,0.0005451727826579689,3.171,3.263
10221551,0.0006754786,0.0005461713692141756,3.17,3.263
4129519,0.0006756007,0.0005463932773377771,3.17,3.262
6027768,0.0006769622,0.000547558294986685,3.169,3.262
2114876,0.00067721,0.0005476692490484857,3.169,3.261
12101216,0.0006784579,0.000548612358573792,3.168,3.261
1650205,0.0006789332,0.0005489452207591942,3.168,3.26
7589298,0.0006802562,0.0005500547613772018,3.167,3.26
12745963,0.0006802773,0.0005502211924699029,3.167,3.259
16220638,0.0006816455,0.0005509423938716078,3.166,3.259
11078439,0.0006821825,0.0005514971641806115,3.166,3.258
3059240,0.0006831689,0.0005523293196441171,3.165,3.258
10181754,0.0006835082,0.0005527176588604197,3.165,3.257
11579381,0.000684789,0.0005538826765093275,3.164,3.257
11898156,0.0006848633,0.0005539936305711283,3.164,3.256
1890338,0.0006863226,0.0005549367400964346,3.163,3.256
4372810,0.0006868257,0.0005552696022818369,3.163,3.255
4275829,0.0006877296,0.0005565455739925454,3.163,3.254
2897704,0.0006878785,0.0005567120050852466,3.162,3.254
5233346,0.0006892099,0.0005578770227341544,3.162,3.253
1554491,0.000689517,0.0005581544078886563,3.161,3.253
17200981,0.0006906191,0.000559152994444863,3.161,3.252
1960935,0.0006910658,0.0005594858566302652,3.16,3.252
14312125,0.0006917397,0.0005604289661555715,3.16,3.251
16465452,0.0006926827,0.0005612056445881768,3.159,3.251
14631101,0.0006935908,0.0005617049378662802,3.159,3.25
15555830,0.0006942888,0.0005623151852061842,3.158,3.25
8319864,0.0006949717,0.0005630363866078891,3.158,3.249
6952478,0.0006958312,0.0005637021109786936,3.157,3.249
11047193,0.0006961994,0.0005643123583185977,3.157,3.248
5825423,0.0006974322,0.0005652554678439041,3.156,3.248
13463059,0.0006977001,0.0005655883300293063,3.156,3.247
13054235,0.0006991126,0.0005666978706473138,3.155,3.247
11127719,0.000699157,0.0005669197787709153,3.155,3.246
10885801,0.0007007282,0.0005681402734507235,3.154,3.246
9129428,0.0007008127,0.0005682512275125242,3.154,3.245
5925596,0.0007022637,0.0005694717221923324,3.153,3.245
13602393,0.0007023769,0.0005695271992232328,3.153,3.244
1230241,0.0007039561,0.0005704703087485391,3.152,3.244
2132469,0.000704496,0.0005708586479648418,3.152,3.243
3571327,0.0007056251,0.0005717462804592478,3.151,3.243
5644230,0.0007060935,0.0005721900967064508,3.151,3.242
2886438,0.0007073004,0.0005731332062317571,3.15,3.242
3694314,0.0007077895,0.0005734660684171593,3.15,3.241
11771431,0.0007090668,0.0005742427468497645,3.149,3.241
1969816,0.0007094977,0.0005747975171587682,3.149,3.24
1974501,0.0007104097,0.0005756851496531742,3.148,3.24
10068481,0.0007107494,0.0005761289659003772,3.148,3.239
17921458,0.0007120396,0.0005770165983947832,3.147,3.239
11425595,0.0007127299,0.0005774604146419862,3.147,3.238
2993962,0.0007137848,0.000578625432290894,3.146,3.238
9585944,0.0007139056,0.0005787918633835951,3.146,3.237
7018522,0.0007151997,0.0005801233121252041,3.146,3.236
9099925,0.0007153857,0.0005802342661870048,3.145,3.236
7301071,0.0007166434,0.000581454760866813,3.145,3.235
15967383,0.0007170031,0.0005818431000831157,3.144,3.235
8031501,0.0007181902,0.000582786209608422,3.144,3.234
3205540,0.0007187139,0.0005833409799174257,3.143,3.234
8130991,0.000719665,0.000584117658350031,3.143,3.233
10222629,0.0007204857,0.0005847279056899351,3.142,3.233
9476484,0.0007208535,0.0005855045841225403,3.142,3.232
12878259,0.000722112,0.000585892923338843,3.141,3.232
12634815,0.000723028,0.0005868360328641493,3.141,3.231
16607476,0.0007236695,0.0005871134180186512,3.14,3.231
10067959,0.0007249954,0.0005881674816057582,3.14,3.23
5591761,0.0007254077,0.0005884448667602602,3.139,3.23
11951219,0.0007269922,0.0005895544073782676,3.138,3.229
14879596,0.0007285888,0.0005908858561198766,3.138,3.228
8019534,0.0007288821,0.0005909413331507769,3.137,3.228
17490884,0.0007304523,0.0005919399197069836,3.136,3.228
10432476,0.0007307026,0.0005922727818923859,3.136,3.227
8779195,0.0007319838,0.0005934377995412937,3.135,3.227
6753068,0.0007321782,0.0005936597076648952,3.135,3.226
10058116,0.0007336702,0.000594824725313803,3.134,3.226
4614936,0.0007337111,0.0005949911564065042,3.134,3.225
10840114,0.0007352169,0.0005963780821790135,3.134,3.224
4494178,0.0007353631,0.000596599990302615,3.133,3.224
2059150,0.000736708,0.0005977650079515228,3.133,3.223
6568950,0.0007371381,0.0005982088241987258,3.132,3.223
1006232,0.0007384129,0.0005991519337240321,3.132,3.222
14782092,0.0007387636,0.0005994847959094345,3.131,3.222
12051243,0.0007400771,0.0006004833824656412,3.131,3.221
5233337,0.000740569,0.0006008162446510433,3.13,3.221
684479,0.0007421961,0.000601648400114549,3.129,3.221
4009110,0.0007425036,0.0006018703082381505,3.129,3.22
17365119,0.0007439585,0.0006030353258870583,3.128,3.22
8890198,0.0007444058,0.0006032572340106598,3.128,3.219
6710856,0.0007457103,0.0006044777286904681,3.127,3.219
3327501,0.0007458934,0.0006046996368140695,3.127,3.218
2857755,0.0007474012,0.0006060865625865788,3.126,3.217
2337794,0.0007487774,0.0006074734883590882,3.126,3.216
2027831,0.0007491114,0.0006079173046062912,3.125,3.216
13029370,0.0007500533,0.0006088604141315975,3.125,3.215
4582390,0.0007509569,0.0006099144777187046,3.124,3.215
11078833,0.0007514151,0.0006102473399041069,3.124,3.214
5233330,0.0007525211,0.0006109685413058117,3.123,3.214
1443129,0.0007535831,0.0006116897427075166,3.123,3.213
17832696,0.0007542256,0.0006125218981710221,3.122,3.213
12861079,0.0007546927,0.0006130766684800258,3.122,3.212
8409818,0.0007558046,0.0006145190712834355,3.122,3.211
10613662,0.0007561607,0.0006149628875306385,3.121,3.211
3936149,0.0007574233,0.0006159059970559449,3.121,3.21
12861098,0.0007577335,0.0006160169511177457,3.12,3.21
12861094,0.0007592543,0.0006173483998593546,3.12,3.209
5085122,0.000759601,0.0006175148309520558,3.119,3.209
10972614,0.0007609587,0.000618735325631864,3.119,3.208
14344043,0.0007612571,0.000619179141879067,3.118,3.208
13212046,0.0007620622,0.0006201777284352737,3.118,3.207
10405187,0.0007629662,0.0006208989298369785,3.117,3.207
10961974,0.000763963,0.0006216201312386834,3.117,3.206
3327503,0.000764731,0.0006222858556094879,3.116,3.206
11425328,0.0007656993,0.0006230625340420931,3.116,3.205
7186535,0.0007665519,0.0006238392124746983,3.115,3.205
8329032,0.0007673813,0.0006245049368455028,3.115,3.204
11215208,0.0007682482,0.0006250042301236061,3.114,3.204
10072870,0.0007695367,0.0006259473396489125,3.114,3.203
4386680,0.0007700219,0.0006263356788652151,3.113,3.203
5272211,0.0007719197,0.0006272787883905215,3.112,3.203
11951194,0.0007720256,0.0006273897424523222,3.112,3.202
12919746,0.0007734855,0.0006288321452557319,3.112,3.201
3614492,0.0007736482,0.0006290540533793334,3.111,3.201
14199596,0.0007746799,0.0006302745480591416,3.111,3.2
8409763,0.0007755298,0.0006309957494608464,3.11,3.2
13412608,0.0007763988,0.0006317169508625513,3.11,3.199
17996029,0.0007771461,0.0006323271982024554,3.109,3.199
4462775,0.0007787316,0.000633159353665961,3.109,3.198
8089428,0.0007789804,0.0006333812617895625,3.108,3.198
7907576,0.0007801044,0.0006346017564693707,3.108,3.197
6418731,0.0007807403,0.0006353229578710755,3.107,3.197
7187182,0.0007815524,0.0006360996363036809,3.107,3.196
10651924,0.0007827601,0.0006369317917671864,3.106,3.196
9061503,0.0007834498,0.0006375420391070906,3.106,3.195
7331562,0.0007844769,0.0006388734878486995,3.105,3.195
669259,0.000784726,0.0006390399189414006,3.105,3.194
10072895,0.0007862593,0.0006402604136212088,3.104,3.194
17149300,0.0007865857,0.0006404823217448103,3.104,3.193
13767366,0.000787988,0.0006417582934555189,3.103,3.193
11883305,0.0007881792,0.0006419802015791204,3.103,3.192
11282062,0.0007895585,0.0006434780814134305,3.103,3.191
6383686,0.0007898519,0.0006435890354752312,3.102,3.191
13029249,0.0007915744,0.0006449204842168402,3.102,3.19
9417799,0.0007917661,0.0006449759612477406,3.101,3.19
12917961,0.0007934596,0.0006463628870202499,3.1,3.19
9638552,0.000793543,0.0006464183640511503,3.1,3.189
8792312,0.0007948512,0.0006479162438854603,3.1,3.188
4066641,0.0007952473,0.0006486374452871652,3.099,3.188
3940740,0.000796223,0.0006494141237197704,3.099,3.187
6351194,0.0007971181,0.0006500798480905749,3.098,3.187
11078395,0.0007986256,0.0006509120035540806,3.098,3.186
17832705,0.0007989793,0.0006512448657394827,3.097,3.186
11664583,0.0007999849,0.0006524098833883906,3.097,3.185
16367591,0.0008008433,0.0006532975158827966,3.096,3.185
2574512,0.0008016876,0.0006539077632227007,3.096,3.184
48798,0.0008026239,0.0006547953957171067,3.095,3.184
12299444,0.000803058,0.0006554056430570107,3.095,3.183
4338311,0.0008044127,0.0006569035228913209,3.095,3.182
16314707,0.0008045087,0.0006570144769531216,3.094,3.182
11708161,0.0008063317,0.0006584568797565313,3.093,3.181
4132641,0.0008076949,0.0006599547595908413,3.093,3.18
13466684,0.0008081993,0.000660343098807144,3.092,3.18
18000374,0.0008091053,0.0006615081164560518,3.092,3.179
13849161,0.0008101884,0.0006624512259813582,3.091,3.179
5233295,0.0008106334,0.0006630059962903619,3.091,3.178
7331361,0.000812018,0.0006639491058156682,3.09,3.178
2020148,0.0008129764,0.0006645593531555724,3.09,3.177
17074897,0.0008138321,0.0006655024626808787,3.089,3.177
17125683,0.0008148165,0.0006660572329898824,3.089,3.176
3172637,0.0008157012,0.0006669448654842884,3.088,3.176
12719172,0.0008169578,0.0006676105898550928,3.088,3.175
4765751,0.0008176691,0.0006680544061022958,3.087,3.175
4695561,0.0008188307,0.0006691639467203034,3.087,3.174
17357201,0.0008194172,0.0006698296710911079,3.086,3.174
12572603,0.0008201291,0.0006706618265546134,3.086,3.173
1155049,0.000821355,0.0006715494590490194,3.085,3.173
9105972,0.0008221724,0.0006722151834198239,3.085,3.172
2341735,0.0008233652,0.0006733247240378313,3.084,3.172
2059063,0.0008239004,0.0006737685402850343,3.084,3.171
8792721,0.0008251259,0.0006749890349648425,3.083,3.171
2059288,0.0008253552,0.0006753218971502448,3.083,3.17
9221361,0.000826573,0.0006768752540154552,3.083,3.169
17181566,0.000826992,0.0006774300243244589,3.082,3.169
6520205,0.00082793,0.0006784286108806657,3.082,3.168
5925154,0.0008289453,0.0006792607663441713,3.081,3.168
12337582,0.0008295546,0.0006800374447767765,3.081,3.167
3067378,0.0008310175,0.0006812579394565847,3.08,3.167
7589088,0.0008314911,0.000681590801641987,3.08,3.166
10275523,0.0008329054,0.0006828112963217952,3.079,3.166
13709694,0.000833414,0.0006831441585071974,3.079,3.165
1960984,0.0008346547,0.0006841427450634041,3.078,3.165
5925172,0.0008353426,0.0006847529924033082,3.078,3.164
8409749,0.0008365689,0.0006856961019286146,3.077,3.164
1190201,0.0008374059,0.0006863063492685188,3.077,3.163
5925208,0.0008385186,0.0006874713669174265,3.076,3.163
12861008,0.0008389439,0.0006879151831646295,3.076,3.162
823151,0.0008402825,0.00068946854002984,3.076,3.161
3164909,0.0008405893,0.0006897459251843419,3.075,3.161
16290795,0.0008419228,0.0006910773739259508,3.075,3.16
7870124,0.0008425735,0.0006913547590804527,3.074,3.16
14198863,0.0008443469,0.0006926307307911613,3.073,3.159
4827776,0.0008462775,0.0006940176565636706,3.072,3.159
7312604,0.0008467208,0.0006942395646872721,3.072,3.158
6952444,0.0008482342,0.0006952936282743792,3.071,3.158
1491413,0.0008490245,0.0006958483985833829,3.071,3.157
5644826,0.0008502171,0.0006967915081086892,3.07,3.157
13767904,0.0008511487,0.0006974572324794937,3.07,3.156
14312241,0.0008521924,0.0006984003420048001,3.069,3.156
10072919,0.0008531232,0.0006990660663756046,3.069,3.155
12431132,0.0008541163,0.0006999536988700106,3.068,3.155
6269103,0.0008548608,0.0007006749002717154,3.068,3.154
4076475,0.0008561433,0.0007018399179206232,3.067,3.154
15035585,0.0008568468,0.0007022837341678262,3.067,3.153
16340020,0.0008580233,0.000703892568063937,3.067,3.152
12860979,0.0008580427,0.0007039480450948374,3.066,3.152
17986015,0.0008600186,0.0007052794938364464,3.065,3.152
2059367,0.0008602065,0.0007055568789909483,3.065,3.151
2102737,0.0008620429,0.0007070547588252583,3.064,3.151
3385558,0.0008620835,0.0007071657128870591,3.064,3.15
6309694,0.0008639782,0.0007084416845977677,3.063,3.15
3694035,0.0008642526,0.0007087745467831699,3.063,3.149
6520090,0.0008659912,0.0007101059955247789,3.062,3.149
2537707,0.0008665495,0.0007104388577101811,3.062,3.148
4883288,0.0008680467,0.0007119367375444912,3.061,3.148
10359987,0.0008686539,0.0007120476916062919,3.061,3.147
8081800,0.0008701869,0.0007130462781624986,3.06,3.147
13581457,0.0008712634,0.0007137120025333031,3.06,3.146
10893124,0.000872007,0.0007144886809659083,3.059,3.146
15236820,0.000873413,0.000715320836429414,3.059,3.145
7829716,0.0008740569,0.0007157091756457165,3.058,3.145
8478523,0.0008761817,0.000716818716263724,3.057,3.145
325996,0.0008762276,0.0007169851473564252,3.057,3.144
6853036,0.0008774993,0.0007186494582834364,3.057,3.143
10961547,0.0008780195,0.0007191487515615397,3.056,3.143
13039806,0.0008791633,0.0007203137692104476,3.056,3.142
12346686,0.0008801759,0.000721256878735754,3.055,3.142
6107473,0.0008811824,0.0007219780801374588,3.055,3.141
12016275,0.0008822511,0.0007225883274773629,3.054,3.141
8538951,0.0008832401,0.00072364239106447,3.054,3.14
3452332,0.0008841029,0.0007244745465279756,3.053,3.14
6560401,0.0008852867,0.0007253067019914812,3.053,3.139
5554582,0.000886215,0.0007257505182386841,3.052,3.139
7116840,0.0008885249,0.0007269710129184924,3.051,3.138
2060017,0.0008902142,0.0007286353238455035,3.051,3.137
1431299,0.0008902602,0.000728690800876404,3.05,3.137
16314709,0.0008921605,0.0007302996347725147,3.05,3.136
4130230,0.0008923664,0.0007303551118034152,3.049,3.136
38732,0.0008943462,0.0007317420375759244,3.048,3.136
8167260,0.0008947751,0.0007320194227304264,3.048,3.135
12745700,0.000896421,0.0007327961011630316,3.047,3.135
8550393,0.0008974449,0.0007336837336574376,3.047,3.134
3464712,0.0008986938,0.0007351261364608473,3.046,3.134
1795087,0.0008990147,0.0007354035216153491,3.046,3.133
10275325,0.0009005572,0.000736568539264257,3.045,3.133
14447455,0.0009011737,0.0007370678325423604,3.045,3.132
1514863,0.0009026204,0.0007382328501912682,3.044,3.132
5883184,0.0009033783,0.0007387876205002719,3.044,3.131
900574,0.0009047056,0.0007396752529946779,3.043,3.131
10820617,0.0009056816,0.0007405074084581835,3.043,3.13
3554771,0.0009067766,0.0007413950409525895,3.042,3.13
5323605,0.0009078721,0.0007421717193851947,3.042,3.129
2897158,0.0009088982,0.0007431703059414014,3.041,3.129
14123566,0.0009099336,0.0007438915073431062,3.041,3.128
14506228,0.0009111047,0.0007446127087448111,3.04,3.128
12662977,0.0009121566,0.0007456112953010178,3.04,3.127
10329616,0.0009131056,0.0007464989277954238,3.039,3.127
11573262,0.000914414,0.0007473310832589294,3.039,3.126
3614901,0.0009152661,0.0007477748995061323,3.038,3.126
1652954,0.0009166061,0.000749050871216841,3.038,3.125
1765362,0.0009173011,0.0007494392104331435,3.037,3.125
12136498,0.0009186192,0.0007507706591747525,3.037,3.124
11981730,0.0009194007,0.0007513809065146567,3.036,3.124
10309733,0.0009212872,0.0007524904471326641,3.036,3.123
2363488,0.000921562,0.0007527678322871659,3.035,3.123
9079141,0.0009236944,0.0007541547580596753,3.034,3.123
2059419,0.0009238877,0.0007542657121214761,3.034,3.122
16715325,0.0009251761,0.0007559855000793877,3.034,3.121
7777449,0.0009257746,0.0007564293163265907,3.033,3.121
4338493,0.0009274896,0.0007577052880372992,3.033,3.12
17181627,0.0009279193,0.0007581491042845022,3.032,3.12
13709294,0.0009295695,0.0007594805530261111,3.032,3.119
2003918,0.0009301062,0.0007598134152115134,3.031,3.119
8328897,0.0009320911,0.0007612558180149231,3.031,3.118
12526725,0.0009322245,0.0007614222491076242,3.03,3.118
11382555,0.0009341139,0.0007629756059728347,3.03,3.117
8124765,0.0009344189,0.0007631420370655358,3.029,3.117
1402686,0.0009365204,0.0007646399168998459,3.028,3.117
10275739,0.0009366425,0.0007647508709616466,3.028,3.116
15589765,0.000938668,0.0007665261359504586,3.027,3.115
10559830,0.0009410701,0.0007678021076611671,3.026,3.115
622226,0.0009417588,0.0007682459239083701,3.026,3.114
11817289,0.0009429804,0.0007695773726499791,3.025,3.114
9719186,0.0009435847,0.000770021188897182,3.025,3.113
6188097,0.0009451037,0.000771796453885994,3.025,3.112
15213014,0.0009451856,0.0007718519309168944,3.024,3.112
5175202,0.0009465594,0.000773571718874806,3.024,3.111
13013439,0.0009475585,0.0007742929202765108,3.023,3.111
14503132,0.0009487238,0.0007754024608945183,3.023,3.11
7894293,0.0009497324,0.0007766784326052269,3.022,3.11
10388921,0.000950347,0.0007771777258833302,3.022,3.109
2548899,0.0009517638,0.0007785646516558396,3.021,3.109
7122415,0.0009520252,0.0007789529908721422,3.021,3.108
8031502,0.0009539003,0.0007806727788300538,3.02,3.108
3596530,0.0009539356,0.0007807837328918545,3.02,3.107
1960724,0.0009557478,0.0007825589978806665,3.02,3.106
16664834,0.0009561094,0.0007828363830351683,3.019,3.106
15828118,0.0009577446,0.0007843342628694784,3.019,3.105
3327457,0.0009584066,0.0007850554642711832,3.018,3.105
6520228,0.0009594504,0.0007861650048891907,3.018,3.104
1154254,0.0009605104,0.0007876628847235008,3.017,3.104
2079994,0.000960797,0.0007879957469089031,3.017,3.103
9955644,0.0009627806,0.0007894381497123128,3.016,3.103
16441195,0.0009632363,0.000789771011897715,3.016,3.102
14285481,0.0009651967,0.0007907695984539217,3.015,3.102
8018904,0.0009665128,0.0007916017539174274,3.015,3.101
9620410,0.0009673994,0.0007923784323500326,3.014,3.101
8792283,0.0009684751,0.0007934324959371396,3.014,3.1
9049344,0.0009694515,0.0007943201284315456,3.013,3.1
13456923,0.0009706179,0.000795263237956852,3.013,3.099
10144038,0.000971645,0.0007962063474821583,3.012,3.099
4314328,0.0009726912,0.0007970939799765643,3.012,3.098
3236909,0.0009739411,0.0007982589976254721,3.011,3.098
7484396,0.0009747123,0.0007989247219962766,3.011,3.097
7661215,0.0009761714,0.0008001452166760848,3.01,3.097
13683435,0.0009768591,0.0008008109410468893,3.01,3.096
9291500,0.000978384,0.0008019204816648968,3.009,3.096
929263,0.0009792805,0.0008026416830666016,3.009,3.095
11913230,0.0009806477,0.000804028608839111,3.008,3.095
17732922,0.0009810495,0.0008044724250863139,3.008,3.094
13403480,0.0009828955,0.0008062476900751259,3.007,3.094
5429728,0.0009831944,0.0008063586441369266,3.007,3.093
8959480,0.0009852206,0.0008078010469403363,3.006,3.093
14140558,0.0009856988,0.000808189386156639,3.006,3.092
16180678,0.0009874395,0.0008097427430218494,3.005,3.092
14506187,0.0009880119,0.0008100756052072517,3.005,3.091
16183471,0.0009896963,0.0008116844391033625,3.004,3.091
1582044,0.0009897959,0.000811906347226964,3.004,3.09
435768,0.0009916199,0.0008137925662775766,3.004,3.089
13563999,0.0009919801,0.0008142363825247796,3.003,3.089
15186051,0.0009942046,0.0008156787853281893,3.003,3.088
11817336,0.0009943968,0.0008157342623590898,3.002,3.088
10360011,0.0009963086,0.000817565004378802,3.002,3.087
7356602,0.0009966069,0.0008176759584406028,3.001,3.087
7842988,0.0009985643,0.0008194512234294147,3.001,3.086
14381370,0.0009989043,0.0008196176545221159,3.0,3.086
4357879,0.001001263,0.0008212264884182266,2.999,3.086
6520155,0.001001368,0.0008213374424800274,2.999,3.085
5360939,0.00100347,0.000823057230437939,2.998,3.085
979073,0.001004319,0.0008232236615306402,2.998,3.084
7894326,0.001005943,0.0008246105873031495,2.997,3.084
5886311,0.001006297,0.0008251098805812529,2.997,3.083
4076278,0.001008092,0.0008267741915082641,2.996,3.083
14541980,0.001008249,0.0008269960996318656,2.996,3.082
8995378,0.001009498,0.0008289377957133786,2.996,3.081
14140520,0.001010417,0.0008296589971150835,2.995,3.081
548314,0.001011683,0.0008308240147639913,2.995,3.08
17698635,0.001012758,0.0008318780783510984,2.994,3.08
10126828,0.001013756,0.0008327657108455044,2.994,3.079
7345085,0.001015087,0.0008333759581854084,2.993,3.079
15075941,0.00101709,0.0008346519298961171,2.993,3.078
1252581,0.001017463,0.0008351512231742204,2.992,3.078
13681349,0.001018607,0.0008365936259776301,2.992,3.077
16023300,0.001019777,0.0008373703044102353,2.991,3.077
11898259,0.001021264,0.0008385353220591432,2.991,3.076
13160206,0.001022157,0.0008395339086153499,2.99,3.076
9229566,0.001023648,0.0008404770181406563,2.99,3.075
12677284,0.001024746,0.00084103178844966,2.989,3.075
4104318,0.001026701,0.0008424187142221693,2.989,3.074
9753574,0.001026945,0.0008425296682839701,2.988,3.074
7661438,0.0010295,0.000844304933272782,2.987,3.074
7585219,0.001029516,0.0008443604103036824,2.987,3.073
7907649,0.001031764,0.0008461356752924944,2.986,3.073
11125825,0.001032099,0.0008463021063851954,2.986,3.072
17421214,0.001034076,0.0008475780780959041,2.985,3.072
9820410,0.001035064,0.0008482438024667085,2.985,3.071
4615402,0.00103637,0.0008496307282392178,2.984,3.071
12144382,0.00103684,0.0008501854985482215,2.984,3.07
2492616,0.001038632,0.0008521271946297347,2.984,3.069
2499566,0.001038738,0.000852182671660635,2.983,3.069
17443776,0.001041181,0.0008541243677421481,2.982,3.068
4391851,0.001043677,0.000855733201638259,2.981,3.068
14674353,0.001044116,0.0008560660638236611,2.981,3.067
11826022,0.001045936,0.0008579522828742739,2.98,3.067
4883498,0.001046086,0.0008580632369360745,2.98,3.066
4723188,0.001048512,0.0008594501627085839,2.979,3.066
7355395,0.001048981,0.0008600049330175877,2.979,3.065
13088480,0.001050775,0.0008617247209754993,2.978,3.065
11840597,0.001050939,0.0008620021061300011,2.978,3.064
11637256,0.001052669,0.0008639992792424145,2.978,3.063
5446751,0.001053189,0.0008644985725205179,2.977,3.063
2273746,0.001055146,0.000865996452354828,2.977,3.062
16106886,0.001055676,0.0008664402686020309,2.976,3.062
4900729,0.001057738,0.0008679936254672414,2.976,3.061
4582342,0.001058156,0.0008683264876526436,2.975,3.061
7517521,0.001059661,0.0008699907985796548,2.975,3.06
2129810,0.001060474,0.0008707119999813597,2.974,3.06
13177609,0.0010617,0.0008719879716920683,2.974,3.059
830809,0.001062938,0.0008730975123100757,2.973,3.059
7586677,0.001064971,0.0008739851448044817,2.973,3.058
8427773,0.001065382,0.0008743734840207844,2.972,3.058
15082801,0.001067259,0.0008760377949477956,2.972,3.057
5186147,0.001067833,0.000876537088225899,2.971,3.057
14208694,0.001069729,0.000878034968060209,2.971,3.056
3972337,0.001070299,0.0008785342613383124,2.97,3.056
10559811,0.001072735,0.0008800876182035228,2.97,3.055
7200617,0.001072806,0.0008801430952344232,2.969,3.055
12835409,0.001074813,0.0008820847913159363,2.969,3.054
17764943,0.001075228,0.0008823621764704381,2.968,3.054
9474060,0.001077706,0.0008838600563047482,2.967,3.054
14782334,0.001077887,0.00088413744145925,2.967,3.053
14467726,0.001080251,0.0008857462753553609,2.966,3.053
8142967,0.001080566,0.0008861900916025639,2.966,3.052
8305386,0.001082664,0.0008881872647149773,2.966,3.051
7774414,0.001082935,0.0008882982187767781,2.965,3.051
12720241,0.001085456,0.0008900180067346896,2.964,3.051
102403,0.001085884,0.0008902399148582911,2.964,3.05
978871,0.001087717,0.0008915713635999,2.963,3.05
8959479,0.001088607,0.0008922925650016049,2.963,3.049
15541322,0.001090558,0.0008937349678050147,2.962,3.049
11945159,0.001090963,0.0008943452151449188,2.962,3.048
7598915,0.00109276,0.0008962314341955315,2.961,3.048
15436397,0.001092874,0.0008963978652882326,2.961,3.047
7926823,0.001094993,0.0008985059924624467,2.961,3.046
14467727,0.001095366,0.0008987833776169487,2.96,3.046
12399260,0.001097718,0.0009005586426057606,2.96,3.045
13005046,0.001097857,0.0009006141196366609,2.959,3.045
7067865,0.001100329,0.0009025003386872736,2.958,3.045
16356447,0.001100352,0.0009026112927490744,2.958,3.044
6426805,0.001103154,0.0009044420347687867,2.957,3.044
5553912,0.001103429,0.0009047194199232885,2.957,3.043
15815707,0.001105458,0.0009068275470975027,2.956,3.042
1554545,0.001107519,0.0009088801972408166,2.956,3.041
7586596,0.001107923,0.000908935674271717,2.955,3.041
17120017,0.001110366,0.0009109883244150308,2.955,3.04
11981641,0.001110543,0.0009110992784768315,2.954,3.04
4367593,0.001112465,0.0009130964515892449,2.954,3.039
4775896,0.001113052,0.0009133183597128464,2.953,3.039
12007062,0.001115622,0.0009150936247016584,2.952,3.039
2226463,0.001115785,0.0009152045787634591,2.952,3.038
5203922,0.001118302,0.0009170353207831715,2.951,3.038
4058981,0.001118419,0.0009173127059376733,2.951,3.037
11012606,0.001120794,0.000919198924988286,2.95,3.037
13127847,0.001121141,0.0009194208331118875,2.95,3.036
3791753,0.001123379,0.0009214180062243009,2.949,3.036
3792469,0.001123689,0.0009215289602861017,2.949,3.035
1151246,0.001125911,0.0009235261333985151,2.948,3.035
6000454,0.001126528,0.000923637087460316,2.948,3.034
11958981,0.001128524,0.0009254678294800282,2.947,3.034
13767491,0.001128722,0.0009258006916654305,2.947,3.033
8896102,0.001131125,0.0009276314336851428,2.946,3.033
2136453,0.001131578,0.0009279088188396446,2.946,3.032
15467707,0.001133738,0.0009299614689829585,2.945,3.032
11817930,0.001133955,0.0009300724230447592,2.945,3.031
11958975,0.00113637,0.0009319031650644715,2.944,3.031
8923999,0.001136874,0.0009321805502189734,2.944,3.03
10968025,0.001139093,0.0009341222463004864,2.943,3.03
620848,0.001139251,0.0009343441544240879,2.943,3.029
16544581,0.001141567,0.0009363413275365014,2.942,3.029
18018368,0.001141684,0.0009365077586292025,2.942,3.028
9558233,0.001144202,0.0009381165925253133,2.941,3.028
14542058,0.001145001,0.000938671362834317,2.941,3.027
12781827,0.001146863,0.0009401137656377267,2.94,3.027
16881876,0.00114746,0.0009408349670394316,2.94,3.026
4494226,0.001149484,0.0009428876171827454,2.939,3.026
2456626,0.001149639,0.0009429985712445461,2.939,3.025
16507221,0.001152235,0.000944607405140657,2.938,3.025
14583187,0.001152781,0.0009451621754496607,2.938,3.024
6753406,0.001154863,0.0009469374404384727,2.937,3.024
17104022,0.001155268,0.0009473812566856757,2.937,3.023
14216037,0.001157488,0.0009489900905817865,2.936,3.023
10222690,0.001158063,0.0009495448608907903,2.936,3.022
4494252,0.001160121,0.0009510427407251003,2.935,3.022
12720220,0.001160971,0.0009517084650959048,2.935,3.021
14134675,0.001162798,0.000952928959775713,2.934,3.021
2918266,0.001164137,0.0009539275463319197,2.934,3.02
9270258,0.001165564,0.0009549261328881264,2.933,3.02
5922370,0.001167501,0.0009561466275679346,2.933,3.019
17455460,0.001168169,0.0009568123519387391,2.932,3.019
12303926,0.001169545,0.0009583102317730492,2.932,3.018
2482051,0.001170904,0.0009594197723910567,2.931,3.018
4494541,0.001172152,0.0009605293130090642,2.931,3.017
4755920,0.001173594,0.0009621936239360754,2.93,3.017
14382953,0.001174378,0.0009627483942450791,2.93,3.016
4765340,0.001176279,0.0009640798429866881,2.929,3.016
12987660,0.001177279,0.000964967475481094,2.929,3.015
17152615,0.001178986,0.0009663544012536034,2.928,3.015
5399953,0.00117978,0.000967186556717109,2.928,3.014
9041961,0.001181699,0.0009684070513969172,2.927,3.014
14346706,0.001182815,0.0009694056379531239,2.927,3.013
11868690,0.001184498,0.0009708480407565336,2.926,3.013
14662861,0.001185674,0.0009716801962200392,2.926,3.012
11453033,0.001187141,0.000972845213868947,2.925,3.012
2084012,0.001188485,0.0009738992774560542,2.925,3.011
16508883,0.001189985,0.0009747869099504601,2.924,3.011
15665817,0.001191851,0.0009761183586920691,2.924,3.01
14949847,0.001192825,0.0009768950371246744,2.923,3.01
10019281,0.001194793,0.0009783929169589845,2.923,3.009
7027780,0.001195456,0.0009791141183606892,2.922,3.009
9939381,0.001197494,0.0009806674752258996,2.922,3.008
15540875,0.001198202,0.0009811112914731026,2.921,3.008
15255080,0.001200401,0.0009828865564619146,2.921,3.007
13582246,0.001200896,0.000983219418647317,2.92,3.007
7332208,0.001203111,0.00098516111472883,2.92,3.006
12136491,0.001203696,0.0009856604080069333,2.919,3.006
2776242,0.001206685,0.0009869918567485423,2.918,3.006
11510106,0.00120734,0.0009874356729957453,2.918,3.005
14235900,0.001209431,0.0009889890298609557,2.917,3.005
1666497,0.001210476,0.0009897102312626605,2.917,3.004
5410696,0.001212058,0.0009913190651587714,2.916,3.004
11937580,0.001213265,0.0009919847895295758,2.916,3.003
983408,0.001214827,0.0009935936234256866,2.915,3.003
1552801,0.001215966,0.0009943148248273915,2.915,3.002
2200444,0.001217592,0.0009953134113835983,2.914,3.002
7850112,0.001219719,0.000996589383094307,2.914,3.001
512425,0.001220519,0.0009972551074651113,2.913,3.001
9129257,0.001222141,0.000998863941361222,2.913,3.0
4596342,0.001223262,0.0009998070508865284,2.912,3.0
11453141,0.001224594,0.0010011939766590378,2.912,2.999
2338044,0.00122607,0.001002248040246145,2.911,2.999
13498535,0.001227473,0.0010034685349259531,2.911,2.998
4560887,0.001228905,0.0010045780755439605,2.91,2.998
8585534,0.001230463,0.0010057985702237688,2.91,2.997
13648579,0.001231998,0.0010071300189653778,2.909,2.997
2148981,0.001233507,0.0010081286055215845,2.909,2.996
5681955,0.001234576,0.0010089052839541896,2.908,2.996
4129738,0.001237395,0.001010292209726699,2.907,2.996
5856981,0.001237698,0.0010104586408194003,2.907,2.995
14312465,0.00124024,0.001012677722055415,2.906,2.995
12225319,0.001240305,0.001012788676117216,2.906,2.994
7823779,0.001242387,0.0010151187114150315,2.906,2.993
15924799,0.001243085,0.0010158953898476368,2.905,2.993
11425192,0.00124522,0.0010174487467128472,2.905,2.992
1366582,0.001245971,0.0010178370859291498,2.904,2.992
16178848,0.001248186,0.0010197787820106629,2.904,2.991
6971115,0.001248929,0.0010203335523196666,2.903,2.991
17154051,0.001251001,0.001022164294339379,2.903,2.99
8682965,0.001251701,0.0010231074038646853,2.902,2.99
6997452,0.001253562,0.0010244943296371946,2.902,2.989
1064859,0.001254618,0.0010251045769770987,2.901,2.989
14344031,0.001256429,0.0010268798419659107,2.901,2.988
15761817,0.001257514,0.0010278784285221174,2.9,2.988
13733563,0.001259309,0.0010292098772637264,2.9,2.987
4765110,0.001260448,0.0010299865556963317,2.899,2.987
7188796,0.001261599,0.0010315953895924425,2.899,2.986
1161586,0.00126336,0.0010329268383340515,2.898,2.986
4057728,0.001264239,0.0010339809019211585,2.898,2.985
12584817,0.001266227,0.001035978075033572,2.897,2.985
16811141,0.001266599,0.0010363664142498746,2.897,2.984
17923671,0.001269113,0.0010387519265785906,2.896,2.983
3962263,0.001271331,0.0010411374389073067,2.896,2.982
14140710,0.001272046,0.001041803163278111,2.895,2.982
12400462,0.001273784,0.0010435229512360227,2.895,2.981
5775120,0.001274978,0.0010446324918540301,2.894,2.981
6572270,0.001276321,0.0010459639405956392,2.894,2.98
3180920,0.001277915,0.0010472399123063478,2.893,2.98
7671455,0.00127935,0.0010483494529243552,2.893,2.979
12493534,0.00128095,0.0010492925624496616,2.892,2.979
11295786,0.00128287,0.0010507904422839716,2.892,2.978
11898109,0.001283828,0.001051733551809278,2.891,2.978
9079234,0.001286374,0.0010531759546126877,2.891,2.977
4849833,0.001286912,0.0010535642938289903,2.89,2.977
16890509,0.001289233,0.001055616943972304,2.89,2.976
17022863,0.001289773,0.0010559498061577064,2.889,2.976
10541485,0.001292721,0.0010580024563010201,2.888,2.976
6956453,0.001292872,0.0010580579333319205,2.888,2.975
10023427,0.001295099,0.0010604989226915369,2.888,2.974
15355138,0.001295759,0.0010609427389387399,2.887,2.974
6611433,0.001298092,0.0010629399120511533,2.887,2.973
4170759,0.001298747,0.0010632727742365556,2.886,2.973
6997448,0.001301679,0.0010652144703180687,2.885,2.973
17593018,0.001301917,0.0010653809014107697,2.885,2.972
3940062,0.001304487,0.0010678773678012867,2.885,2.971
13679984,0.00130469,0.0010681547529557884,2.884,2.971
16479908,0.001306944,0.001070318357160903,2.884,2.97
12109917,0.001307736,0.0010708176504390064,2.883,2.97
11840996,0.001310092,0.0010727593465205195,2.883,2.969
2058078,0.00131087,0.0010732031627677225,2.882,2.969
10695380,0.001313836,0.0010751448588492355,2.881,2.969
15269297,0.001314005,0.0010752558129110362,2.881,2.968
4766471,0.001316752,0.001077752279301553,2.88,2.967
78934,0.001319634,0.0010801932686611694,2.88,2.966
6559855,0.001320073,0.0010803042227229703,2.879,2.966
16196033,0.001322222,0.0010826897350516864,2.879,2.965
7902640,0.001322891,0.00108324450536069,2.878,2.965
16373859,0.001325193,0.0010851862014422031,2.878,2.964
4021414,0.001325897,0.0010857964487821072,2.877,2.964
14134059,0.00132858,0.0010876826678327199,2.877,2.963
1735363,0.001329071,0.0010880710070490225,2.876,2.963
333895,0.001331993,0.0010901236571923363,2.875,2.963
4741296,0.001332118,0.001090234611254137,2.875,2.962
6798603,0.001335569,0.001092453692490152,2.874,2.962
15897024,0.001335673,0.001092731077644654,2.874,2.961
13152991,0.001338152,0.0010951720670042703,2.873,2.961
17684025,0.00133824,0.0010952275440351707,2.873,2.96
7258204,0.001340804,0.0010977794874565878,2.873,2.959
13217555,0.001341262,0.00109811234964199,2.872,2.959
11269881,0.001343379,0.0011002759538471046,2.872,2.958
12642279,0.001344312,0.0011009971552488095,2.871,2.958
8819192,0.001346627,0.0011028278972685219,2.871,2.957
3384389,0.001347592,0.0011037710067938282,2.87,2.957
15975705,0.001349178,0.001105379840689939,2.87,2.956
6572481,0.001350617,0.0011063229502152453,2.869,2.956
2453588,0.001352863,0.001107931784111356,2.869,2.955
8959496,0.001353832,0.0011088748936366624,2.868,2.955
5002777,0.001354917,0.0011104837275327734,2.868,2.954
9955425,0.001356826,0.0011127028087687882,2.867,2.954
15715580,0.001357138,0.0011130356709541905,2.867,2.953
8539081,0.001359778,0.0011155876143756076,2.867,2.952
8099621,0.00135996,0.0011157540454683089,2.866,2.952
13798917,0.001362736,0.0011181950348279253,2.866,2.951
9606593,0.001363107,0.0011185278970133276,2.865,2.951
566338,0.001364721,0.0011207469782493424,2.865,2.95
14882730,0.001366359,0.001122022949960051,2.864,2.95
10482414,0.001367484,0.00112335439870166,2.864,2.949
1662677,0.001369361,0.0011250741866595715,2.863,2.949
2352732,0.001369953,0.0011259063421230771,2.863,2.948
8921050,0.001372523,0.0011284582855444942,2.862,2.948
3419706,0.001372558,0.0011285137625753946,2.862,2.947
1503938,0.001374976,0.0011311211830277122,2.862,2.946
15554829,0.001375777,0.001131509522244015,2.861,2.946
4494598,0.001378826,0.001133617649418229,2.86,2.946
15386031,0.001378977,0.0011337286034800297,2.86,2.945
8849950,0.001381996,0.0011361141158087458,2.859,2.945
12704424,0.001382292,0.0011363360239323474,2.859,2.944
353177,0.001385174,0.0011388324903228641,2.858,2.944
16299060,0.001385268,0.0011389434443846648,2.858,2.943
15888038,0.001387865,0.0011416063418678828,2.858,2.942
8915038,0.001388355,0.0011418837270223846,2.857,2.942
10058353,0.001391185,0.0011442137623202003,2.857,2.941
12059044,0.001391558,0.0011445466245056026,2.856,2.941
10627145,0.001394362,0.0011468766598034183,2.856,2.94
4463245,0.001394813,0.0011472095219888204,2.855,2.94
7586588,0.001397149,0.0011494840802557357,2.855,2.939
12358754,0.001398124,0.0011503717127501418,2.854,2.939
12637736,0.001399816,0.0011521469777389538,2.854,2.938
14485023,0.001401215,0.0011534784264805628,2.853,2.938
13927752,0.001402621,0.0011548098752221716,2.853,2.937
1661444,0.001404633,0.0011564741861491829,2.852,2.937
3940078,0.00140596,0.0011574727727053896,2.852,2.936
16228186,0.001407773,0.0011591925606633012,2.851,2.936
7584714,0.001408998,0.0011601356701886074,2.851,2.935
16312400,0.001410973,0.0011622437973628217,2.85,2.935
13814603,0.001411451,0.0011627985676718254,2.85,2.934
10815239,0.001414132,0.0011655169421859438,2.85,2.933
8720770,0.001414263,0.001165572419216844,2.849,2.933
14959432,0.001416843,0.0011681798396691616,2.849,2.932
11019156,0.00141744,0.001168679132947265,2.848,2.932
15269464,0.001419867,0.00117089821418328,2.848,2.931
12282277,0.001420693,0.0011714529844922836,2.847,2.931
5886552,0.001423019,0.001173561111666498,2.847,2.93
17729142,0.001424104,0.0011745596982227046,2.846,2.93
7028580,0.001426016,0.001176279486180616,2.846,2.929
15933722,0.001427279,0.001177444503829524,2.845,2.929
378526,0.001428995,0.0011789978606947344,2.845,2.928
17321487,0.00143059,0.0011803847864672438,2.844,2.928
11262212,0.001432393,0.0011817162352088528,2.844,2.927
4059285,0.001433894,0.001183546977228565,2.843,2.927
15548301,0.001434823,0.001184434609722971,2.843,2.926
12282584,0.001437181,0.0011863208287735837,2.842,2.926
11424525,0.001438203,0.0011871529842370893,2.842,2.925
10426601,0.001440494,0.0011893165884422038,2.841,2.925
982423,0.001441276,0.0011898713587512077,2.841,2.924
8790744,0.00144396,0.0011917575778018204,2.84,2.924
6633959,0.001445235,0.0011926452102962262,2.84,2.923
2428590,0.00144729,0.0011941430901305364,2.839,2.923
11061837,0.001448729,0.0011953635848103445,2.839,2.922
8580557,0.001450654,0.0011971388497991565,2.838,2.922
17236631,0.001451071,0.0011981374363553632,2.838,2.921
16822040,0.001453816,0.0012005784257149796,2.837,2.921
6998092,0.001454493,0.001200911287900382,2.837,2.92
2663096,0.001457248,0.001203296800229098,2.836,2.92
11759846,0.001458172,0.0012036851394454007,2.836,2.919
3066662,0.001460504,0.0012060151747432162,2.835,2.919
2354900,0.001460736,0.0012064589909904192,2.835,2.918
7931448,0.001463804,0.0012092328425354379,2.835,2.917
13577155,0.001463885,0.0012093437965972386,2.834,2.917
4314596,0.00146726,0.0012118402629877555,2.833,2.917
16593698,0.001467703,0.0012120066940804566,2.833,2.916
16071483,0.001470626,0.00121400386719287,2.832,2.916
2354856,0.00147142,0.0012148360226563756,2.832,2.915
3023011,0.001474177,0.0012167222417069884,2.831,2.915
6714658,0.001475816,0.0012176098742013944,2.831,2.914
7075806,0.001477414,0.001218774891850302,2.83,2.914
17832791,0.001479807,0.0012204392027773134,2.83,2.913
17099138,0.001480981,0.0012212713582408189,2.829,2.913
8930788,0.001483414,0.001223213054322332,2.829,2.912
2135309,0.001484312,0.0012238787786931365,2.828,2.912
13675883,0.001486424,0.001226042382898251,2.828,2.911
2059976,0.001487717,0.0012274847857016607,2.827,2.911
17516007,0.001489889,0.00122887171147417,2.827,2.91
17236704,0.001491245,0.001229925775061277,2.826,2.91
6787822,0.001493052,0.001231701040050089,2.826,2.909
10439563,0.001494565,0.0012333653509771004,2.825,2.909
10959074,0.001495873,0.0012345303686260081,2.825,2.908
11282195,0.001498038,0.0012361946795530192,2.824,2.908
15815659,0.001499136,0.0012374151742328276,2.824,2.907
4674613,0.001501538,0.001239412347345241,2.823,2.907
8130615,0.001502171,0.0012402445028087466,2.823,2.906
11282199,0.001504961,0.0012427409691992634,2.822,2.906
7776141,0.001505355,0.001243129308415566,2.822,2.905
11282202,0.001507991,0.001245958636991485,2.822,2.904
3089433,0.001508422,0.0012462360221459868,2.821,2.904
2129804,0.001512006,0.0012485660574438025,2.82,2.904
378480,0.001512098,0.0012488434425983045,2.82,2.903
6219150,0.001515256,0.001251728248205124,2.82,2.902
1017335,0.001515325,0.0012517837252360242,2.819,2.902
13927694,0.001518356,0.0012546130538119433,2.819,2.901
7584733,0.001518836,0.0012552233011518474,2.818,2.901
6311903,0.001522321,0.0012574978594187627,2.817,2.9
15715575,0.001525209,0.0012603826650255821,2.817,2.899
5828109,0.001525812,0.0012612702975199881,2.816,2.899
16542041,0.001528783,0.0012633229476633019,2.816,2.898
9105241,0.001529523,0.0012640996260959072,2.815,2.898
2226568,0.001532297,0.0012662077532701213,2.815,2.897
11740260,0.001532885,0.0012670953857645273,2.814,2.897
8665408,0.00153532,0.001269148035907841,2.814,2.896
3641700,0.001536506,0.001270035668402247,2.813,2.896
12886968,0.001539643,0.0012720883185455608,2.813,2.895
13369706,0.001539927,0.0012724766577618635,2.812,2.895
5767670,0.001542717,0.0012749731241523802,2.812,2.894
4373034,0.001543505,0.0012755278944613841,2.811,2.894
15306374,0.001546172,0.0012779134067901002,2.811,2.893
8766465,0.001547062,0.0012789119933463069,2.81,2.893
8331179,0.001549399,0.0012809091664587203,2.81,2.892
8896148,0.001550616,0.0012817967989531263,2.809,2.892
11898253,0.001553899,0.00128384944909644,2.809,2.891
7585184,0.001554214,0.0012839604031582407,2.808,2.891
5065640,0.001557774,0.0012865678236105584,2.807,2.891
11636657,0.001558184,0.0012867897317341598,2.807,2.89
12358077,0.00156138,0.0012896190603100789,2.806,2.89
1443655,0.001561675,0.00128978549140278,2.806,2.889
4373053,0.001565018,0.0012925038659168983,2.805,2.889
5326570,0.001565275,0.0012927257740404999,2.805,2.888
2776495,0.001568715,0.001295555102616419,2.804,2.888
10072260,0.001568967,0.00129572153370912,2.804,2.887
11146362,0.001572172,0.0012979406149451348,2.803,2.887
8325423,0.001572871,0.00129871729337774,2.803,2.886
12017452,0.001575907,0.0013011582827373565,2.802,2.886
6565722,0.001577118,0.0013017130530463602,2.802,2.885
8505773,0.001579457,0.0013044314275604786,2.801,2.885
2102852,0.001579784,0.0013047088127149805,2.801,2.884
333931,0.001583105,0.0013076490953527003,2.8,2.884
5204244,0.001583118,0.0013077045723836006,2.8,2.883
11469188,0.001586178,0.0013107003320522207,2.8,2.882
8148549,0.001586783,0.0013113105793921248,2.799,2.882
8099523,0.001589925,0.0013137515687517414,2.799,2.881
1228469,0.001590502,0.0013143618160916454,2.798,2.881
7814916,0.001593559,0.0013167473284203615,2.798,2.88
11306619,0.001594073,0.0013174130527911659,2.797,2.88
16378291,0.001596121,0.001319798565119882,2.797,2.879
1391185,0.001597757,0.001321407399015993,2.796,2.879
10019658,0.001599177,0.0013228498018194026,2.796,2.878
4615679,0.001601403,0.001325290791179019,2.795,2.878
15130688,0.001602051,0.001325901038518923,2.795,2.877
10465873,0.00160484,0.0013289522752184435,2.795,2.876
16448128,0.001605221,0.0013291741833420451,2.794,2.876
4453709,0.001608825,0.0013318925578561633,2.793,2.876
10273181,0.001608841,0.0013320035119179642,2.793,2.875
6843373,0.001611881,0.001335110225648385,2.793,2.874
16075453,0.001612505,0.001335554041895588,2.792,2.874
2487950,0.001615114,0.0013381614623479057,2.792,2.873
8647798,0.001616267,0.0013391600489041124,2.791,2.873
14447861,0.001619197,0.0013412681760783265,2.791,2.872
6423722,0.001619957,0.0013419339004491309,2.79,2.872
5688222,0.001622666,0.001344319412777847,2.79,2.871
6046551,0.001623748,0.001345207045272253,2.789,2.871
12225402,0.001626386,0.001347426126508268,2.789,2.87
6582716,0.001627467,0.0013483692360335743,2.788,2.87
10859661,0.001629592,0.0013505328402386887,2.788,2.869
9610687,0.001631174,0.0013516978578875967,2.787,2.869
4338340,0.001633661,0.0013536395539691097,2.787,2.868
4494150,0.001635002,0.0013549710027107188,2.786,2.868
14447881,0.001637074,0.001356801744730431,2.786,2.867
17324106,0.001638787,0.0013583551015956415,2.785,2.867
11541576,0.001640516,0.001359908458460852,2.785,2.866
14012152,0.00164248,0.001361239907202461,2.784,2.866
11883243,0.001644612,0.0013630151721912727,2.784,2.865
5569114,0.001646357,0.001364402097963782,2.783,2.865
6717873,0.001648614,0.001366177362952594,2.783,2.864
12335378,0.001650163,0.0013677307198178045,2.782,2.864
11379025,0.001651764,0.0013693395537139154,2.782,2.863
13526652,0.001653963,0.0013709483876100262,2.781,2.863
1064950,0.001655769,0.0013725017444752366,2.781,2.862
4236226,0.001657704,0.001374942733834853,2.78,2.862
8525285,0.001658666,0.001375663935236558,2.78,2.861
1138075,0.001661519,0.001378049447565274,2.779,2.861
17914591,0.00166248,0.0013788261259978793,2.779,2.86
7188841,0.001665233,0.0013819883167592005,2.779,2.859
6852906,0.001665345,0.0013821547478519015,2.778,2.859
4373060,0.001669197,0.0013848731223660199,2.777,2.859
6648672,0.001669559,0.0013852059845514222,2.777,2.858
9525091,0.001672757,0.0013883681753127433,2.777,2.857
13997177,0.001673042,0.001388590083436345,2.776,2.857
8324819,0.001676883,0.0013910310727959614,2.775,2.857
2830532,0.001677724,0.001391585843104965,2.775,2.856
2196338,0.00168081,0.0013937494473100797,2.774,2.856
1586086,0.001681788,0.0013948035108971868,2.774,2.855
14800393,0.001684748,0.0013979102246276076,2.773,2.855
9525074,0.001684876,0.0013980211786894085,2.773,2.854
3181233,0.001688474,0.00140123884648163,2.773,2.853
9352509,0.001688697,0.001401349800543431,2.772,2.853
15734097,0.001692608,0.0014041236520884494,2.771,2.853
9861670,0.001693146,0.0014044565142738517,2.771,2.852
9168427,0.001695832,0.0014076741820660734,2.771,2.851
7115802,0.001696438,0.0014082844294059775,2.77,2.851
1377598,0.001699863,0.0014109473268891955,2.77,2.85
6607145,0.001700303,0.0014113911431363985,2.769,2.85
4066396,0.001703046,0.001414164994681417,2.769,2.849
7962474,0.00170414,0.001415052627175823,2.768,2.849
178430,0.001707071,0.001417438139504539,2.768,2.848
13197226,0.001708167,0.0014179929098135427,2.767,2.848
16378217,0.001711511,0.001420711284327661,2.767,2.847
2328068,0.001712285,0.0014210441465130634,2.766,2.847
13724593,0.001715838,0.0014239844291507832,2.766,2.846
12134962,0.00171622,0.0014240953832125838,2.765,2.846
10589324,0.001719613,0.0014272575739739052,2.765,2.845
10666733,0.00171995,0.001427534959128407,2.764,2.845
7898794,0.001723292,0.0014305861958279276,2.764,2.844
14867768,0.001723936,0.001431085489106031,2.763,2.844
14069669,0.001727211,0.0014338593406510497,2.763,2.843
2188181,0.00172789,0.0014343031568982525,2.762,2.843
804769,0.001730776,0.0014371879625050719,2.762,2.842
12648854,0.001731892,0.0014380755949994779,2.761,2.842
8504383,0.001734668,0.001440461107328194,2.761,2.841
8021966,0.001735871,0.0014412377857607993,2.76,2.841
17719192,0.001739231,0.0014437897291822164,2.76,2.84
2946784,0.001739913,0.0014442335454294194,2.759,2.84
4202660,0.001742553,0.0014471183510362388,2.759,2.839
12687356,0.001743822,0.0014480059835306448,2.758,2.839
1396967,0.001746295,0.0014504469728902612,2.758,2.838
15815692,0.001748091,0.0014517784216318702,2.757,2.838
17329050,0.001750074,0.001453831071775184,2.757,2.837
8019572,0.001751865,0.001455439905671295,2.756,2.837
668695,0.00175472,0.0014571596936292063,2.756,2.836
15255144,0.001755915,0.0014579363720618117,2.755,2.836
15080524,0.001759995,0.0014604328384523284,2.754,2.836
13816396,0.001760164,0.001460543792514129,2.754,2.835
12721499,0.001764087,0.0014637614603063508,2.753,2.835
12721484,0.001764087,0.0014638724143681515,2.753,2.834
2226625,0.001768086,0.0014666462659131702,2.752,2.834
4723519,0.001768979,0.0014672565132530743,2.752,2.833
9445767,0.0017722,0.0014698084566744916,2.751,2.833
1651994,0.001773348,0.001470640612137997,2.751,2.832
3067112,0.001776239,0.001472859693374012,2.75,2.832
15703897,0.001777797,0.0014740247110229198,2.75,2.831
2236844,0.001780329,0.0014760773611662338,2.749,2.831
6192099,0.001781325,0.0014774088099078428,2.749,2.83
10496688,0.001784458,0.0014799052762983595,2.748,2.83
4010147,0.001784994,0.0014808483858236659,2.748,2.829
315003,0.001788603,0.0014838996225231863,2.747,2.829
14258690,0.001788787,0.0014842324847085886,2.747,2.828
4336306,0.001792472,0.0014876720606244117,2.747,2.827
17755945,0.001792703,0.0014878939687480131,2.746,2.827
15563417,0.001796297,0.0014911116365402348,2.746,2.826
15436166,0.001796813,0.0014914999757565375,2.745,2.826
10414380,0.001799408,0.001494551212456058,2.745,2.825
6056479,0.001800968,0.0014962710004139696,2.744,2.825
13600917,0.001803243,0.0014979907883718813,2.744,2.824
6878021,0.001805098,0.0014997105763297927,2.743,2.824
2058089,0.001806915,0.0015014303642877044,2.743,2.823
14748041,0.001809458,0.0015034275374001178,2.742,2.823
11418231,0.001811231,0.0015049254172344278,2.742,2.822
4367733,0.001813492,0.0015064787740996382,2.741,2.822
3566387,0.001815675,0.001508364993150251,2.741,2.821
10507235,0.00181762,0.0015097519189227603,2.74,2.821
11536826,0.001819719,0.0015118600460969746,2.74,2.82
6485576,0.001821799,0.0015132469718694838,2.739,2.82
10881540,0.001824596,0.001515355099043698,2.739,2.819
433546,0.001826013,0.0015164646396617055,2.738,2.819
9966643,0.001829159,0.0015188501519904215,2.738,2.818
2293298,0.001830211,0.0015198487385466282,2.737,2.818
1585883,0.001833265,0.001522345204937145,2.737,2.817
8945230,0.001834444,0.0015232883144624513,2.736,2.817
1647925,0.001837032,0.0015258402578838687,2.736,2.816
2862777,0.001838685,0.0015273381377181787,2.735,2.816
15597454,0.001840809,0.001529335310830592,2.735,2.815
17743078,0.001843067,0.0015313324839430055,2.734,2.815
12397776,0.001844771,0.001532885840808216,2.734,2.814
1960751,0.00184716,0.0015348830139206295,2.733,2.814
11713473,0.001849303,0.00153643637078584,2.733,2.813
11854287,0.001851401,0.0015383225898364526,2.732,2.813
13005292,0.001854492,0.0015399314237325634,2.732,2.812
12297067,0.001855715,0.001540597148103368,2.731,2.812
2419319,0.001858699,0.0015434819537101874,2.731,2.811
13054867,0.00186004,0.0015442586321427925,2.73,2.811
13701222,0.001863406,0.0015470879607187116,2.73,2.81
10959993,0.001864258,0.0015479755932131176,2.729,2.81
15564101,0.001866909,0.0015506384906963356,2.729,2.809
13485665,0.001868546,0.0015519699394379444,2.728,2.809
17732736,0.001871424,0.0015541890206739594,2.728,2.808
3914406,0.001872843,0.0015554095153537677,2.727,2.808
5038997,0.001875457,0.0015577950276824837,2.727,2.807
5203344,0.001877198,0.0015591819534549929,2.726,2.807
2058112,0.00188015,0.001561401034691008,2.726,2.806
9278416,0.001881662,0.0015621777131236132,2.725,2.806
1019482,0.001884989,0.0015649515646686317,2.725,2.805
16961351,0.001885839,0.001565894674193938,2.724,2.805
17901345,0.001888102,0.001568557571677156,2.724,2.804
3323190,0.00189022,0.0015703883136968684,2.723,2.804
16797245,0.001892657,0.0015722190557165808,2.723,2.803
7158302,0.001894565,0.0015740497977362931,2.722,2.803
12072792,0.001896242,0.001575825062725105,2.722,2.802
3114178,0.00189917,0.0015784324831774226,2.721,2.802
5441255,0.001900597,0.0015794310697336293,2.721,2.801
16329947,0.001903518,0.0015821494442477475,2.72,2.801
8436310,0.001904488,0.0015830925537730538,2.72,2.8
4549844,0.001907694,0.0015861437904725745,2.719,2.8
2142504,0.001908237,0.0015867540378124785,2.719,2.799
8323340,0.001912076,0.0015893059812338956,2.718,2.799
4915166,0.001913134,0.0015904155218519032,2.718,2.798
15901153,0.001916706,0.0015933003274587226,2.717,2.798
10132425,0.001917552,0.0015940770058913277,2.717,2.797
5410627,0.001920943,0.0015965734722818447,2.716,2.797
950818,0.001922979,0.0015977384899307525,2.716,2.796
9473950,0.001925474,0.0015998466171049666,2.715,2.796
10909394,0.001927392,0.0016014554510010775,2.715,2.795
6829690,0.001929763,0.0016042293025460962,2.714,2.795
7932386,0.00193107,0.001605116935040502,2.714,2.794
11261431,0.001934247,0.001608057217678222,2.713,2.794
11752546,0.001935117,0.001608833896110827,2.713,2.793
7331943,0.001938654,0.0016124399031193515,2.712,2.793
10761217,0.001938856,0.0016125508571811522,2.712,2.792
2676239,0.001943229,0.0016158240020042742,2.711,2.792
7442514,0.001943609,0.0016162678182514772,2.711,2.791
8184662,0.001947725,0.0016196519171364,2.71,2.791
9165102,0.001948201,0.0016199847793218023,2.71,2.79
4009502,0.001952113,0.0016234798322685257,2.709,2.79
17474233,0.001952516,0.0016237017403921271,2.709,2.789
9215301,0.001956603,0.0016274741784933525,2.708,2.788
10767529,0.001961035,0.0016311911395636776,2.708,2.787
9445203,0.001961203,0.001631413047687279,2.707,2.787
2477476,0.001965682,0.0016341314222013974,2.706,2.787
2059172,0.001966157,0.001634963577664903,2.706,2.786
333937,0.001970246,0.0016387360157661284,2.705,2.785
7872490,0.001974753,0.0016423420227746526,2.704,2.785
336483,0.001974888,0.0016425084538673538,2.704,2.784
13420059,0.00197931,0.0016455596905668743,2.703,2.784
5102623,0.00197993,0.001646280891968579,2.703,2.783
15100009,0.001983815,0.001649997853038904,2.702,2.783
12677973,0.001983997,0.0016501088071007048,2.702,2.782
2210928,0.001988494,0.0016537702911401295,2.701,2.782
2115655,0.001988597,0.0016538812452019302,2.701,2.781
9223995,0.001992968,0.0016573762981486539,2.7,2.781
12747360,0.001993993,0.001657709160334056,2.7,2.78
15962304,0.001997569,0.0016606494429717757,2.699,2.78
7585681,0.001999185,0.0016615370754661817,2.699,2.779
17732712,0.002002316,0.001663811633733097,2.698,2.779
2824152,0.002003764,0.0016653649905983075,2.698,2.778
17982291,0.00200682,0.0016680833651124259,2.697,2.778
2916482,0.002008224,0.0016691929057304333,2.697,2.777
4020159,0.002011435,0.001672410573522655,2.696,2.777
14743662,0.002012203,0.001673020820862559,2.696,2.776
12922346,0.002016103,0.0016762384886547807,2.695,2.776
9722639,0.002016754,0.0016769042130255851,2.695,2.775
1131126,0.002020693,0.0016796780645706038,2.694,2.775
9512956,0.002022345,0.0016807876051886115,2.694,2.774
7699942,0.002025448,0.0016830621634555266,2.693,2.774
13604224,0.002027337,0.0016846155203207372,2.693,2.773
1361956,0.002030241,0.001687111986711254,2.692,2.773
11450971,0.00203162,0.0016884989124837633,2.692,2.772
4105309,0.002034723,0.001691439195121483,2.691,2.772
16419943,0.002036016,0.0016924377816776898,2.691,2.771
13009875,0.002039389,0.0016948232940064058,2.69,2.771
12167884,0.002041289,0.001696321173840716,2.69,2.77
7429012,0.002044106,0.001698984071323934,2.689,2.77
8037998,0.002045861,0.001700204566003742,2.689,2.769
12633124,0.002048805,0.00170286746348696,2.688,2.769
4755747,0.002050624,0.0017041434351976685,2.688,2.768
11524869,0.002053554,0.0017060851312791815,2.687,2.768
13535659,0.002056136,0.0017080823043915951,2.687,2.767
15270763,0.00205827,0.0017100240004731082,2.686,2.767
10831770,0.002060454,0.0017120211735855216,2.686,2.766
11146107,0.002063022,0.00171473954809964,2.685,2.766
2059906,0.002063971,0.001715960042779448,2.685,2.765
4229849,0.002067624,0.0017198989119733745,2.685,2.764
2354837,0.002067814,0.0017201762971278765,2.684,2.764
4789245,0.002072561,0.0017238377811673012,2.683,2.764
6755738,0.002072643,0.0017238932581982015,2.683,2.763
985585,0.002077364,0.0017272773570831243,2.682,2.763
11418109,0.002077882,0.001727832127392128,2.682,2.762
6678876,0.002082095,0.0017302731167517444,2.681,2.762
3097596,0.00208359,0.0017318264736169548,2.681,2.761
3020829,0.00208696,0.0017341565089147705,2.68,2.761
7962447,0.002088905,0.0017358208198417818,2.68,2.76
7584803,0.002091921,0.001737651561861494,2.679,2.76
14942040,0.0020946,0.0017398151660666086,2.679,2.759
2146511,0.002096614,0.0017414794769936197,2.678,2.759
8672341,0.002099258,0.0017438649893223358,2.678,2.758
872405,0.002101449,0.0017457512083729485,2.677,2.758
10960094,0.002103512,0.0017478593355471628,2.677,2.757
5257620,0.002106224,0.0017504667559994802,2.676,2.757
19585,0.00210813,0.00175190915880289,2.676,2.756
13792169,0.002111082,0.001754128240038905,2.675,2.756
7236930,0.00211341,0.001755903505027717,2.675,2.755
4132599,0.002115926,0.0017579006781401304,2.674,2.755
4328665,0.00211884,0.0017599533282834441,2.674,2.754
14255109,0.002120917,0.0017613402540559535,2.673,2.754
7059270,0.002124374,0.0017640586285700718,2.673,2.753
1239803,0.002125797,0.001764835307002677,2.672,2.753
17440286,0.002130552,0.001768108451825799,2.672,2.752
14069701,0.002130665,0.0017682748829185,2.671,2.752
6635659,0.002135534,0.0017716589818034228,2.67,2.752
9685957,0.002136003,0.0017721582750815264,2.67,2.751
7095190,0.002140459,0.0017759861902136521,2.669,2.751
7314674,0.002140689,0.0017762635753681539,2.669,2.75
16705081,0.002145376,0.0017802024445620803,2.668,2.75
13007834,0.002145549,0.0017803688756547816,2.668,2.749
8923994,0.002150306,0.001783863928601505,2.667,2.749
1956081,0.002150829,0.001784474175941409,2.667,2.748
12136556,0.002154841,0.0017885794762280368,2.667,2.747
14951876,0.002155352,0.0017891897235679409,2.666,2.747
15267700,0.002160005,0.0017926847765146643,2.666,2.746
7116851,0.00216027,0.001792906684638266,2.665,2.746
15905704,0.002165246,0.0017967345997703917,2.664,2.746
16494960,0.002165488,0.0017968455538321924,2.664,2.745
6598907,0.002169553,0.00180095085411882,2.664,2.744
8415874,0.002170234,0.0018016720555205248,2.663,2.744
1503936,0.00217362,0.001805111631436348,2.663,2.743
6852537,0.002175304,0.0018068314193942596,2.662,2.743
6952603,0.002178353,0.001809272408753876,2.662,2.742
3765989,0.002180281,0.0018111586278044887,2.661,2.742
9888620,0.00218307,0.001813433186071404,2.661,2.741
3189125,0.002185301,0.0018148201118439134,2.66,2.741
6251572,0.002188464,0.0018176494404198325,2.66,2.74
7293165,0.002190371,0.001818925412130541,2.659,2.74
2766856,0.002194189,0.0018218102177373604,2.659,2.739
10602540,0.002195344,0.0018225314191390653,2.658,2.739
10658612,0.002200187,0.0018260264720857888,2.658,2.738
14488939,0.00220066,0.0018263038572402907,2.657,2.738
5795425,0.002205404,0.0018302427264342172,2.657,2.737
2824166,0.00220548,0.0018303536804960179,2.656,2.737
16378075,0.002210607,0.0018343480267208447,2.655,2.737
17933606,0.002210648,0.0018344589807826456,2.655,2.736
2104229,0.002215711,0.0018382868959147714,2.654,2.736
13721303,0.002216359,0.001838675235131074,2.654,2.735
512614,0.002220775,0.0018421148110468971,2.653,2.735
17304090,0.00222161,0.0018429469665104026,2.653,2.734
17120672,0.002225895,0.0018467748816425283,2.652,2.734
11719813,0.002226316,0.001847163220858831,2.652,2.733
9040371,0.002231087,0.0018513794752072594,2.651,2.733
8382077,0.002231188,0.0018514349522381597,2.651,2.732
7865980,0.002236222,0.0018554847754938871,2.65,2.732
1427470,0.002236429,0.0018557066836174885,2.65,2.731
1106964,0.002240696,0.0018599784149968173,2.65,2.73
11742719,0.002241437,0.0018606996163985222,2.649,2.73
12553892,0.002244876,0.001864250146376146,2.649,2.729
2218047,0.002246597,0.0018659144573031571,2.648,2.729
17080990,0.002249213,0.0018685773547863751,2.648,2.728
7573876,0.002251649,0.001871073821176892,2.647,2.728
16158345,0.002253757,0.001872849086165704,2.647,2.727
5347503,0.002256859,0.0018757893688034237,2.646,2.727
7842569,0.002257961,0.001877176294575933,2.646,2.726
15937720,0.0022621,0.001880005623151852,2.645,2.726
9945054,0.002263668,0.0018815035029861621,2.645,2.725
2112680,0.002267266,0.0018845547396856826,2.644,2.725
13468609,0.002268442,0.0018858307113963912,2.644,2.724
11181997,0.002272532,0.0018897141035594174,2.643,2.724
16231950,0.002273237,0.0018902133968375207,2.643,2.723
7962458,0.002277673,0.0018945406052477498,2.643,2.722
3236724,0.002277755,0.0018945960822786502,2.642,2.722
5825463,0.002283007,0.0018987568595961782,2.641,2.722
501729,0.002283145,0.0018989232906888793,2.641,2.721
12545085,0.002288273,0.0019023073895738023,2.64,2.721
11006937,0.002288736,0.001903305976130009,2.64,2.72
15442732,0.002293409,0.0019076886615711384,2.64,2.719
7052024,0.002293607,0.0019078550926638395,2.639,2.719
4105303,0.002298427,0.0019120713470122679,2.639,2.718
17478674,0.002298834,0.0019124596862285705,2.638,2.718
12388503,0.002302455,0.0019165095094842977,2.638,2.717
6520127,0.002304155,0.0019176745271332056,2.637,2.717
8247359,0.00230842,0.0019208921949254271,2.637,2.716
16026564,0.00230941,0.0019218907814816338,2.636,2.716
336278,0.002313909,0.0019253303573974572,2.636,2.715
13721434,0.002314742,0.0019259406047373612,2.635,2.715
681695,0.002319095,0.001929768519869487,2.635,2.714
13699091,0.002320153,0.0019307671064256937,2.634,2.714
4373584,0.002323725,0.0019342066823415168,2.634,2.713
670058,0.002325417,0.0019356490851449265,2.633,2.713
15312452,0.00232969,0.0019387003218444472,2.633,2.712
14778324,0.002330825,0.001939421523246152,2.632,2.712
4723615,0.002334857,0.001943138484316477,2.632,2.711
3192407,0.002336227,0.0019443035019653847,2.631,2.711
10961138,0.002339595,0.0019476321238194071,2.631,2.71
676263,0.002341676,0.0019489080955301158,2.63,2.71
10761617,0.002346785,0.0019521257633223375,2.63,2.709
528157,0.002346973,0.0019523476714459389,2.629,2.709
16425940,0.002351953,0.0019566194028252677,2.629,2.708
1173646,0.002352436,0.0019570632190724704,2.628,2.708
11581698,0.002356296,0.001961113042328198,2.628,2.707
11215492,0.00235779,0.001962499968100707,2.627,2.707
14816884,0.002361085,0.0019656621588620285,2.627,2.706
3667991,0.002363324,0.0019676038549435414,2.626,2.706
1960809,0.002366061,0.0019701557983649587,2.626,2.705
11290353,0.002368679,0.0019720420174155714,2.625,2.705
11947514,0.002371864,0.0019747049148987894,2.625,2.704
15543140,0.00237412,0.001977312335351107,2.624,2.704
1374882,0.002375987,0.00197925403143262,2.624,2.703
11947397,0.002379607,0.0019830819465647457,2.623,2.703
7052040,0.002380344,0.001983858624997351,2.623,2.702
10739909,0.00238516,0.001988352264500281,2.622,2.702
8668382,0.002385184,0.0019884077415311817,2.622,2.701
12662781,0.002390504,0.0019930123350959126,2.622,2.7
7586370,0.002390693,0.001993178766188614,2.621,2.7
1483291,0.002395455,0.0019975614516297433,2.621,2.699
17324485,0.002396199,0.0019978943138151454,2.62,2.699
10432217,0.002400415,0.002002166045194474,2.62,2.698
16218005,0.002401612,0.00200305367768888,2.619,2.698
15961691,0.002406765,0.0020068261157901056,2.619,2.697
8433090,0.002407141,0.002006992546882807,2.618,2.697
9106217,0.002411667,0.0020114307093548364,2.618,2.696
16056623,0.002412794,0.0020124847729419437,2.617,2.696
13753574,0.002417669,0.002016090779950468,2.617,2.695
15805514,0.002418275,0.0020164791191667705,2.616,2.695
16362909,0.002423832,0.0020201960802370953,2.615,2.695
4776221,0.002424377,0.0020206953735151987,2.615,2.694
14540817,0.002429001,0.00202535544411083,2.615,2.693
4776371,0.002429542,0.002025632829265332,2.614,2.693
10724362,0.002435013,0.0020297381295519596,2.613,2.693
1053597,0.002435312,0.002030070991737362,2.613,2.692
17020168,0.002439599,0.0020347310623329935,2.613,2.691
17060218,0.002440639,0.002035285832641997,2.612,2.691
11424791,0.00244573,0.0020393911329286245,2.612,2.69
1868409,0.002446273,0.0020398904262067283,2.611,2.69
2493257,0.002451463,0.0020441066805551565,2.611,2.689
13622509,0.002451946,0.0020444395427405586,2.61,2.689
14695557,0.002457621,0.002048655797088987,2.609,2.689
11947718,0.002457888,0.002048822228181688,2.609,2.688
4162655,0.002462772,0.00205353777580822,2.609,2.687
2200438,0.002463218,0.002053815160962722,2.608,2.687
12549931,0.002468641,0.002058308800465652,2.608,2.686
7682393,0.002468964,0.002058586185620154,2.607,2.686
15896372,0.002473794,0.0020630243480921837,2.607,2.685
16110612,0.002474587,0.0020636900724629883,2.606,2.685
10431464,0.002479091,0.0020677953727496158,2.606,2.684
16945667,0.002480636,0.0020687384822749223,2.605,2.684
11006231,0.002485485,0.002072566397407048,2.605,2.683
15528402,0.002486167,0.002073010213654251,2.604,2.683
129484,0.002491238,0.00207733742206448,2.604,2.682
16257582,0.002491779,0.002077670284249882,2.603,2.682
6010924,0.002497379,0.002082108446721912,2.603,2.681
17658537,0.002497547,0.0020822748778146134,2.602,2.681
7199033,0.002503186,0.002086934948410245,2.602,2.68
8915454,0.002503314,0.0020870459024720455,2.601,2.68
13350825,0.002508327,0.002091705973067677,2.601,2.679
11269506,0.002509104,0.002092371697438481,2.6,2.679
6902310,0.0025135,0.002096532474756009,2.6,2.678
10054725,0.002514782,0.002097697492404917,2.599,2.678
5854954,0.002518749,0.002101358976444342,2.599,2.677
10054759,0.002520681,0.0021029678103404526,2.598,2.677
15437003,0.002524226,0.0021062409551635746,2.598,2.676
9293501,0.002526508,0.0021084045593686893,2.597,2.676
2406884,0.002529583,0.002111067456851907,2.597,2.675
5345444,0.00253238,0.0021130646299643203,2.596,2.675
7660695,0.002535528,0.0021159494355711397,2.596,2.674
7531588,0.002538065,0.002118168516807155,2.595,2.674
10962377,0.002541491,0.002120831414290373,2.595,2.673
5204092,0.00254401,0.0021224402481864837,2.594,2.673
13038883,0.002548435,0.0021257133930096058,2.594,2.672
2287097,0.002549822,0.002126490071442211,2.593,2.672
16591448,0.00255387,0.0021305953717288386,2.593,2.671
12303979,0.002555686,0.0021318713434395472,2.592,2.671
10658515,0.002559156,0.0021355328274789715,2.592,2.67
10707131,0.002561561,0.0021375854776222855,2.591,2.67
7589320,0.002564898,0.002140470283229105,2.591,2.669
15053380,0.002567538,0.002143133180712323,2.59,2.669
1586160,0.002570414,0.0021454077389792383,2.59,2.668
266270,0.002573375,0.002147904205369755,2.589,2.668
7594889,0.002575573,0.002150345194729371,2.589,2.667
7660647,0.002579293,0.0021543950179850986,2.588,2.667
15807151,0.002580276,0.0021552826504795046,2.588,2.666
6838954,0.002585289,0.0021598317670133353,2.587,2.666
3413477,0.002585752,0.002160275583260538,2.587,2.665
4010423,0.002591202,0.0021649356538561695,2.586,2.665
668211,0.002591549,0.0021652130390106715,2.586,2.664
8170005,0.002597169,0.0021698176325754023,2.585,2.664
15467834,0.002597719,0.002170205971791705,2.585,2.663
7576045,0.002603341,0.002174699611294635,2.584,2.663
5033818,0.002604259,0.002175254381603639,2.584,2.662
14851114,0.002609172,0.002179581590013868,2.583,2.662
12880153,0.002609721,0.0021802473143846725,2.583,2.661
8276274,0.002614948,0.0021852957241966066,2.583,2.66
16582866,0.002615261,0.0021856285863820087,2.582,2.66
2385504,0.002620734,0.00219028865697764,2.582,2.659
6284048,0.002621223,0.0021907879502557435,2.581,2.659
3428866,0.002626126,0.002195337066789574,2.581,2.658
12880200,0.002627255,0.002196002791160379,2.58,2.658
1491379,0.002631652,0.0022004409536324084,2.58,2.657
4588138,0.002633469,0.002202327172683021,2.579,2.657
14598031,0.002637108,0.0022054893634443425,2.579,2.656
18024344,0.002639369,0.0022079858298348592,2.578,2.656
16606032,0.00264214,0.0022105932502871767,2.578,2.655
9161230,0.002645491,0.002213478055893996,2.577,2.655
14712041,0.00264815,0.0022156971371300113,2.577,2.654
3566193,0.002651592,0.0022191921900767348,2.576,2.654
13587862,0.002653539,0.0022208010239728455,2.576,2.653
14315503,0.002657684,0.0022241851228577683,2.575,2.653
7043125,0.002659152,0.0022259049108156797,2.575,2.652
1192441,0.002663899,0.0022303430732877098,2.574,2.652
17324412,0.002664725,0.0022310087976585144,2.574,2.651
11253996,0.00266943,0.002236168161532249,2.574,2.65
8556422,0.002670033,0.0022364455466867507,2.573,2.65
4768682,0.002675471,0.002241327525405984,2.573,2.649
2960317,0.00267628,0.002241660387591386,2.572,2.649
4975283,0.002681691,0.0022464868892797182,2.572,2.648
10649429,0.002682415,0.0022469861825578216,2.571,2.648
5463445,0.002688238,0.002251646253153453,2.571,2.647
5326818,0.002688522,0.0022520345923697557,2.57,2.647
11094479,0.002693976,0.0022568610940580883,2.57,2.646
17277601,0.002695033,0.0022573603873361917,2.569,2.646
7908370,0.002700879,0.0022619649809009225,2.568,2.646
8647168,0.002700955,0.0022620759349627232,2.568,2.645
17370447,0.002707142,0.002267235298836458,2.567,2.645
16940108,0.002707165,0.0022672907758673586,2.567,2.644
9419756,0.002713533,0.0022720618005247907,2.566,2.644
2744588,0.002714454,0.0022725056167719935,2.566,2.643
3652842,0.002719581,0.002277054733305824,2.565,2.643
10712318,0.002720106,0.002277720457676629,2.565,2.642
1868330,0.002725954,0.0022823250512413597,2.564,2.642
8070121,0.002726786,0.0022829907756121643,2.564,2.641
371043,0.002732128,0.0022874844151150944,2.563,2.641
14488842,0.002732703,0.0022882610935476997,2.563,2.64
9921692,0.002738527,0.00229275473305063,2.562,2.64
556963,0.00273951,0.002293531411483235,2.562,2.639
978455,0.002744735,0.0022983579131715674,2.561,2.639
15165866,0.002745204,0.0022988017294187707,2.561,2.638
11514808,0.002751082,0.002303794662199804,2.56,2.638
10553875,0.002751211,0.0023041275243852063,2.56,2.637
1435202,0.002757071,0.0023094533193516423,2.56,2.636
16363578,0.002757453,0.0023097861815370444,2.559,2.636
10719598,0.002762859,0.002314779114318078,2.559,2.635
6341541,0.002763786,0.0023157222238433845,2.558,2.635
11973024,0.002768782,0.002320104909284514,2.558,2.634
985441,0.002770144,0.0023211034958407206,2.557,2.634
10948955,0.002775177,0.0023254307042509495,2.557,2.633
8585458,0.00277652,0.002326651198930758,2.556,2.633
11504046,0.002781631,0.002330811976248286,2.556,2.632
2306231,0.002782994,0.0023322543790516956,2.555,2.632
7964404,0.002787465,0.0023361932482456223,2.555,2.631
10867591,0.002789345,0.0023381904213580357,2.554,2.631
2031310,0.002792882,0.0023415745202429584,2.554,2.63
12091881,0.00279579,0.0023439600325716745,2.553,2.63
15528938,0.002799803,0.0023469557922402946,2.553,2.629
15840410,0.002802246,0.0023491193964454093,2.552,2.629
13597328,0.002806107,0.0023523925412685313,2.552,2.628
14425156,0.002808681,0.002354167806257343,2.551,2.628
12931967,0.002812391,0.0023577738132658675,2.551,2.627
17330616,0.002815196,0.002360381233718185,2.55,2.627
12096855,0.002818583,0.0023632105622941038,2.55,2.626
840323,0.002821639,0.002365429643530119,2.549,2.626
1990755,0.002825359,0.0023686473113223405,2.549,2.625
16472500,0.00282818,0.0023707554384965546,2.548,2.625
17526629,0.002832039,0.0023741395373814774,2.548,2.624
7965604,0.002834677,0.0023767469578337952,2.547,2.624
7214231,0.002837624,0.0023796317634406147,2.547,2.623
5085119,0.002841286,0.0023826275231092348,2.546,2.623
8432999,0.002844496,0.002385068512468851,2.546,2.622
16720094,0.002847784,0.0023875649788593677,2.545,2.622
12754401,0.002851652,0.0023906162155588884,2.545,2.621
12990900,0.00285443,0.0023927243427331025,2.544,2.621
10487143,0.002859435,0.0023961084416180252,2.544,2.62
7429495,0.002860908,0.002397273459266933,2.543,2.62
9888798,0.002866237,0.002401600667677162,2.543,2.619
11629095,0.00286767,0.00240276568532607,2.542,2.619
12097161,0.002872979,0.0024071483707671995,2.542,2.618
17747684,0.002874341,0.0024080360032616055,2.541,2.618
7340159,0.002880303,0.002412696073857237,2.541,2.617
9364327,0.002880716,0.002413250844166241,2.54,2.617
6555701,0.002887338,0.0024182437769472744,2.54,2.616
12121769,0.002887365,0.0024182992539781745,2.539,2.616
17144927,0.002893041,0.002423846957068212,2.539,2.615
17208550,0.002894083,0.002424401727377216,2.538,2.615
6572214,0.002900268,0.00242945013718915,2.538,2.614
6234745,0.002900746,0.002429838476405452,2.537,2.614
11122696,0.002907258,0.0024350533173100875,2.537,2.613
1596475,0.002907372,0.0024351087943409876,2.536,2.613
9210633,0.002914095,0.002440656497431025,2.535,2.612
1824754,0.002920842,0.002445704907242959,2.534,2.612
7965614,0.002921551,0.002446259677551963,2.534,2.611
14575049,0.00292757,0.002450475931900391,2.533,2.611
5920537,0.002928864,0.002451918334703801,2.533,2.61
16475760,0.002934293,0.0024569667445157348,2.532,2.61
15083046,0.002934798,0.002457576991855639,2.532,2.609
7733143,0.002941144,0.0024617932462040674,2.531,2.609
4200791,0.002942739,0.002463235649007477,2.531,2.608
11947090,0.002947926,0.0024680621506958096,2.53,2.608
11282549,0.002948998,0.002468894306159315,2.53,2.607
11920456,0.002954713,0.0024737208078476477,2.529,2.607
3585566,0.002955784,0.0024746084403420537,2.529,2.606
10103328,0.002961443,0.002479712327184888,2.528,2.606
484886,0.002962133,0.002480322574524792,2.528,2.605
13691546,0.002968317,0.0024854819383985267,2.527,2.605
17081127,0.002968595,0.0024860367087075307,2.527,2.604
12385441,0.002974444,0.002491750842890269,2.527,2.603
14910324,0.002975146,0.002492194659137472,2.526,2.603
16797266,0.002981989,0.0024974649770730076,2.525,2.603
15056750,0.002982017,0.0024975204541039077,2.525,2.602
1005737,0.002987856,0.0025032345882866464,2.525,2.601
9278567,0.002988875,0.0025040112667192513,2.524,2.601
1298311,0.002995318,0.0025090041995002852,2.524,2.6
2600908,0.002995735,0.002509392538716588,2.523,2.6
15234970,0.003001444,0.002514829287744824,2.523,2.599
12758468,0.003002795,0.002515994305393732,2.522,2.599
4150728,0.00300895,0.002520598898958463,2.522,2.598
17748125,0.003009637,0.002521153669267467,2.521,2.598
14194545,0.003015636,0.0025264239872030024,2.521,2.597
5339790,0.003016567,0.002527145188604707,2.52,2.597
15355143,0.003022846,0.0025322490754475413,2.52,2.596
13144147,0.00302347,0.0025328038457565452,2.519,2.596
15705077,0.003029759,0.0025380741636920807,2.519,2.595
3466027,0.003030425,0.002538407025877483,2.518,2.595
2973637,0.003036768,0.00254395472896752,2.518,2.594
16825411,0.003037387,0.0025444540222456236,2.517,2.594
2634853,0.003043786,0.0025497798172120596,2.517,2.593
333972,0.00304443,0.002550445541582864,2.516,2.593
6192287,0.003050929,0.002555660382487499,2.516,2.592
16692295,0.003051456,0.0025561596757656025,2.515,2.592
13621112,0.003056964,0.0025615409477629386,2.515,2.591
17405164,0.003058485,0.0025638709830607545,2.514,2.591
16296496,0.003062797,0.0025674769900692787,2.514,2.59
15590672,0.003065582,0.0025696960713052935,2.513,2.59
12872097,0.00307033,0.002573357555344718,2.513,2.589
35233,0.003072792,0.002575299251426231,2.512,2.589
4776399,0.00307746,0.0025792935976510583,2.512,2.588
13012440,0.003079737,0.002581235293732571,2.511,2.588
559907,0.003084683,0.0025852851169882985,2.511,2.587
16177811,0.003086778,0.0025868939508844092,2.51,2.587
15611019,0.003092588,0.0025912211592946386,2.51,2.586
14621214,0.003093895,0.0025927745161598488,2.509,2.586
13558277,0.003098684,0.0025972126786318788,2.509,2.585
13399230,0.003101002,0.0025989324665897902,2.508,2.585
11216820,0.003105947,0.002603204197969119,2.508,2.584
9669807,0.003108182,0.0026050904170197317,2.507,2.584
16377549,0.003113343,0.002609195717306359,2.507,2.583
7714170,0.003115495,0.0026108600282333705,2.506,2.583
16753520,0.003120211,0.0026151872366436,2.506,2.582
9297102,0.003122486,0.0026168515475706107,2.505,2.582
2973513,0.003128608,0.00262123423301174,2.505,2.581
879890,0.00312969,0.002621899957382545,2.504,2.581
1227945,0.003137126,0.0026270593212562796,2.503,2.581
7384051,0.003137387,0.002627281229379881,2.503,2.58
8708659,0.003144163,0.0026333282257480217,2.502,2.579
13363964,0.003151405,0.0026388204518071586,2.501,2.579
558143,0.003152,0.0026393752221161625,2.501,2.578
11911871,0.00315857,0.0026454776955152034,2.501,2.577
751029,0.003158641,0.002645588649577004,2.5,2.577
4766531,0.003166033,0.002651469214852444,2.499,2.577
16881039,0.003166362,0.0026515801689142447,2.499,2.576
11018399,0.003173263,0.0026570723949733816,2.498,2.576
10091001,0.00317417,0.0026576826423132856,2.498,2.575
6755756,0.003180563,0.0026633967764960243,2.497,2.575
17096792,0.003180955,0.002663840592743227,2.497,2.574
879122,0.003187915,0.002669943066142268,2.496,2.573
17081143,0.003194949,0.0026761010165722095,2.496,2.572
15984369,0.00319523,0.00267621197063401,2.495,2.572
15129776,0.003202467,0.002682258967002151,2.495,2.571
14511819,0.003202765,0.0026823699210639517,2.494,2.571
202458,0.003209998,0.0026879731011848896,2.493,2.571
5232478,0.003210741,0.002688472394462993,2.493,2.57
3335528,0.003217374,0.0026931879420895245,2.492,2.57
1491491,0.003219216,0.0026946858219238346,2.492,2.569
9038430,0.00322481,0.0026994013695503666,2.491,2.569
5678386,0.003226849,0.0027008992493846766,2.491,2.568
12333256,0.003232304,0.0027051709807640054,2.49,2.568
12854489,0.003235287,0.0027071126768455182,2.49,2.567
10360050,0.003239702,0.0027109960690085443,2.489,2.567
15763927,0.003242422,0.0027133261043063603,2.489,2.566
8213248,0.003247316,0.0027170985424075857,2.488,2.566
5960979,0.003249986,0.0027195950087981024,2.488,2.565
12522308,0.003254656,0.0027233119698684273,2.487,2.565
10424625,0.003258679,0.0027258639132898446,2.487,2.564
9241923,0.003262134,0.002728915149989365,2.486,2.564
310749,0.003264912,0.0027321328177815868,2.486,2.563
12541542,0.003269673,0.002736071686975513,2.485,2.563
16706372,0.003272413,0.002738457199304229,2.485,2.562
6426804,0.0032773,0.0027424515455290563,2.484,2.562
9590567,0.003280271,0.002744781580826872,2.484,2.561
12585606,0.003284747,0.0027496080825152045,2.483,2.561
11163090,0.00328614,0.0027511059623495145,2.483,2.56
1151302,0.003292326,0.002755655078883345,2.482,2.56
14489106,0.00329428,0.002757430343872157,2.482,2.559
14038761,0.003300057,0.0027620904144677882,2.481,2.559
17719291,0.003301536,0.0027638102024256997,2.481,2.558
5544865,0.003307551,0.0027694133825466377,2.48,2.558
16271158,0.003308261,0.0027701345839483424,2.48,2.557
11112375,0.003315141,0.002776569919532786,2.479,2.556
10079268,0.003321373,0.0027829497780863287,2.479,2.555
17519725,0.003322798,0.0027839483646425354,2.478,2.555
10766514,0.003328492,0.002789385113670772,2.478,2.554
13724089,0.003330443,0.0027912158556904843,2.477,2.554
17497367,0.003335834,0.002795764972224315,2.477,2.553
1471745,0.003338213,0.002797595714244027,2.476,2.553
6941856,0.003342687,0.0028022557848396586,2.476,2.552
17993319,0.003345808,0.0028046412971683746,2.475,2.552
12834005,0.003350073,0.002808691120424102,2.475,2.551
3956995,0.003353547,0.0028115759260309214,2.474,2.551
4489245,0.00335725,0.0028151819330394456,2.474,2.55
4179788,0.003361297,0.002818898894109771,2.473,2.55
16089234,0.003363948,0.002821672745654789,2.473,2.549
977724,0.003369,0.0028258890000032177,2.472,2.549
13514212,0.003371031,0.002828163558270133,2.472,2.548
10831806,0.003376831,0.00283365578432927,2.471,2.548
985408,0.00337824,0.0028346543708854767,2.471,2.547
985372,0.003384585,0.002840202073975514,2.47,2.547
10660521,0.003385865,0.002841200660531721,2.47,2.546
3228102,0.003392345,0.0028457497770655515,2.469,2.546
13597403,0.003394158,0.002847746950177965,2.469,2.545
512528,0.003400342,0.002852684405928098,2.468,2.545
15035404,0.003403451,0.002854348716855109,2.468,2.544
10144209,0.003408057,0.002858343063079936,2.467,2.544
5590580,0.003410639,0.0028608950065013533,2.467,2.543
12582656,0.003415878,0.0028653886460042834,2.466,2.543
17070917,0.003418931,0.0028674967731784975,2.466,2.542
2843893,0.00342374,0.002871213734248823,2.465,2.542
6065779,0.003427549,0.0028740985398556422,2.465,2.541
12947139,0.0034318,0.0028782038401422697,2.464,2.541
12226831,0.003434637,0.002880755783563687,2.464,2.54
15414552,0.003439579,0.0028845836986958126,2.463,2.54
2578312,0.003443181,0.0028873575502408313,2.463,2.539
15165948,0.003447545,0.0028909635572493555,2.462,2.539
17082377,0.00345117,0.002894014793948876,2.462,2.538
17082397,0.00345544,0.0028976208009574003,2.461,2.538
312672,0.003459037,0.0029007275146878215,2.461,2.537
13545840,0.003463402,0.0029041670906036444,2.46,2.537
17082406,0.00346702,0.002907384758395866,2.46,2.536
8020641,0.003471612,0.0029111571964970913,2.459,2.536
15938773,0.003475478,0.0029140974791348113,2.459,2.535
48722,0.003479517,0.002917481578019734,2.458,2.535
6152546,0.003483176,0.0029208101998737567,2.458,2.534
5921256,0.003487504,0.0029251374082839856,2.457,2.534
5109413,0.003491299,0.0029275229206127016,2.457,2.533
16362786,0.003495468,0.0029310734505903257,2.456,2.533
16474629,0.00349955,0.002934291118382547,2.456,2.532
17847213,0.003503561,0.0029378971253910713,2.455,2.532
4372812,0.003506507,0.0029410593161523927,2.455,2.531
8645679,0.003511878,0.002946274157057028,2.454,2.531
16378577,0.003514169,0.002947827513922238,2.454,2.53
14402533,0.003519695,0.0029530423548268735,2.453,2.53
7519803,0.003521588,0.0029546511887229843,2.453,2.529
8378670,0.003527889,0.002960476276967523,2.452,2.529
1237494,0.003529137,0.0029614748635237303,2.452,2.528
9753726,0.003535924,0.0029681321072317747,2.451,2.528
2857705,0.00353621,0.002968298538324476,2.451,2.527
223633,0.003543414,0.002975122213125222,2.451,2.526
8169286,0.003544098,0.0029760653226505282,2.45,2.526
950537,0.003551612,0.0029820013649568683,2.45,2.525
10649147,0.00355227,0.002982667089327673,2.449,2.525
9574501,0.00355849,0.0029888250397576144,2.449,2.524
10147120,0.003560475,0.0029909331669318285,2.448,2.524
17424209,0.003565204,0.0029957596686201607,2.448,2.523
370924,0.003568637,0.002999032813443283,2.447,2.523
3378544,0.003572146,0.0030026388204518074,2.447,2.522
10237487,0.003577082,0.0030078536613564423,2.446,2.522
4238912,0.003579133,0.0030095734493143537,2.446,2.521
1316465,0.003585094,0.003015232106466192,2.445,2.521
1443139,0.003586834,0.0030165080781769005,2.445,2.52
16023241,0.003593409,0.0030222776893905393,2.444,2.52
15212724,0.003595082,0.0030234427070394473,2.444,2.519
5439691,0.003601663,0.00302832468575868,2.443,2.519
14897244,0.003603627,0.003030432812932894,2.443,2.518
5144787,0.003610018,0.0030360359930538317,2.442,2.518
2026200,0.003611251,0.003037422918826341,2.442,2.517
12689189,0.00361829,0.003043469915194482,2.441,2.517
11005105,0.003619566,0.0030444130247197884,2.441,2.516
13875175,0.003626802,0.0030502381129643274,2.44,2.516
17192245,0.003628777,0.003051458607644136,2.44,2.515
1130443,0.003635177,0.003057172741826874,2.439,2.515
861550,0.00363618,0.003058448713537583,2.439,2.514
5427443,0.0036434,0.0030651614342765278,2.438,2.514
3622960,0.003643824,0.0030654942964619303,2.438,2.513
6543965,0.003651248,0.003072595356417178,2.438,2.512
3956965,0.003651762,0.003073150126726182,2.437,2.512
547531,0.003658251,0.0030796409393415254,2.437,2.511
14488991,0.003660169,0.0030814716813612375,2.436,2.511
480592,0.003665222,0.003086741999296773,2.436,2.51
16730893,0.003668669,0.0030895158508417917,2.435,2.51
17332587,0.003674883,0.003093898536282921,2.435,2.509
10011638,0.003677099,0.0030960066634571357,2.434,2.509
6941813,0.003683122,0.003100999596238169,2.434,2.508
13678682,0.003685675,0.003102774861226981,2.433,2.508
9867419,0.003692047,0.0031081561332243174,2.433,2.507
7439337,0.003694235,0.0031102642603985315,2.432,2.507
7439286,0.003700793,0.0031153126702104655,2.432,2.506
16257484,0.003702545,0.003117032458168377,2.431,2.506
10976887,0.003710265,0.003122524684227514,2.431,2.505
4909712,0.003711234,0.003123578747814621,2.43,2.505
1540947,0.003719353,0.003129681221213662,2.43,2.504
6679234,0.003719722,0.0031297921752754627,2.429,2.504
16835818,0.00372823,0.003136948712261611,2.428,2.503
10503416,0.003736074,0.0031441607262786596,2.428,2.502
15512911,0.003736845,0.0031451038358039658,2.427,2.502
13922757,0.003743751,0.0031514282173266085,2.427,2.501
6346496,0.003745462,0.003153314436377221,2.426,2.501
12932269,0.003752507,0.0031586402313436572,2.426,2.5
8820267,0.003754065,0.0031598052489925648,2.425,2.5
9867442,0.003760042,0.0031659631994225062,2.425,2.499
6813910,0.003762863,0.0031679603725349196,2.424,2.499
7051318,0.003769058,0.003173230690470455,2.424,2.498
16089254,0.003771451,0.0031753942946755698,2.423,2.498
5324778,0.003777954,0.0031805536585493045,2.423,2.497
9810917,0.003780073,0.0031827727397853193,2.422,2.497
6219669,0.003785543,0.003187876626628154,2.422,2.496
10916994,0.003788787,0.0031904840470804714,2.421,2.496
1951724,0.00379445,0.0031952550717379035,2.421,2.495
4152337,0.003797624,0.0031979179692211215,2.42,2.495
9161138,0.003802495,0.003202633516847653,2.42,2.494
16089267,0.003806361,0.003205906661670775,2.419,2.494
10364703,0.003811181,0.0032100119619574027,2.419,2.493
1139561,0.003815162,0.0032135624919350267,2.418,2.493
15129198,0.00381924,0.003217390407067152,2.418,2.492
1992226,0.003823883,0.0032221614317245843,2.417,2.492
14454096,0.0038275,0.0032248243292078023,2.417,2.491
16990923,0.003832751,0.0032294843998034338,2.416,2.491
14236484,0.003836636,0.0032322582513484525,2.416,2.49
13721911,0.003841503,0.0032365299827277812,2.415,2.49
2274334,0.003846134,0.0032396921734891026,2.415,2.489
4379295,0.003850363,0.0032426879331577227,2.414,2.489
14402458,0.003855881,0.003247181572660653,2.414,2.488
1909646,0.003859248,0.003250177332329273,2.413,2.488
7884349,0.00386482,0.003254670971832203,2.413,2.487
4194550,0.003868132,0.0032575557774390225,2.412,2.487
9233092,0.003872775,0.003262160371003754,2.412,2.486
15967363,0.003877041,0.003265433515826876,2.411,2.486
292167,0.003882443,0.003269649770175304,2.411,2.485
13723423,0.003885983,0.003273366731245629,2.41,2.485
4853756,0.0038913,0.003277194646377755,2.41,2.484
8324917,0.003895031,0.0032803013601081757,2.409,2.484
5345309,0.003899866,0.0032847395225802057,2.409,2.483
13098721,0.003904016,0.003288789345835933,2.408,2.483
1973762,0.003907586,0.0032923398758135567,2.408,2.482
7597448,0.003912913,0.003297110900470989,2.407,2.482
2675667,0.003915807,0.003299940229046908,2.407,2.481
755180,0.003921989,0.0033046557766734396,2.406,2.481
6915296,0.003924882,0.003307540582280259,2.406,2.48
8741669,0.003931027,0.003312588992092193,2.405,2.48
12747471,0.003934615,0.0033151409355136104,2.405,2.479
6241967,0.003940053,0.0033199674372019427,2.404,2.479
3506221,0.003942353,0.003322796765777862,2.404,2.478
14498807,0.003949142,0.003329398532455006,2.403,2.478
16084328,0.003950421,0.0033304525960421135,2.403,2.477
14162976,0.003958256,0.003337831041151863,2.402,2.477
7957773,0.00395868,0.003338108426306365,2.402,2.476
8820496,0.003967374,0.0033447101929835093,2.401,2.476
11648731,0.003969014,0.0033458197336015166,2.401,2.475
12589003,0.003976676,0.0033533646098039675,2.4,2.475
7051427,0.00397682,0.0033535310408966687,2.4,2.474
7051421,0.003985197,0.003361297825222721,2.4,2.473
6559886,0.003985691,0.0033616861644390236,2.399,2.473
7904409,0.003994863,0.0033682324540852677,2.398,2.473
15980478,0.003996198,0.0033690091325178726,2.398,2.472
2331474,0.004004134,0.003375388991071416,2.397,2.472
9710366,0.004005367,0.003376775916843925,2.397,2.471
6117019,0.004013318,0.0033836550686755715,2.396,2.471
17509219,0.00401502,0.0033845981782008776,2.396,2.47
4937579,0.004022553,0.0033915328070634244,2.395,2.47
35111,0.004023434,0.00339236496252693,2.395,2.469
1011402,0.004031518,0.0034001872238838826,2.395,2.468
4708702,0.004031855,0.003400353654976584,2.394,2.468
275630,0.00404092,0.0034080094852408354,2.394,2.467
8862912,0.004041179,0.003408231393364437,2.393,2.467
9050301,0.004050636,0.0034153324533196844,2.392,2.467
8727757,0.004051302,0.0034158872236286883,2.392,2.466
5102175,0.00405976,0.0034230992376457366,2.391,2.466
6550273,0.004060755,0.0034237649620165412,2.391,2.465
15850598,0.004069237,0.003430699590879088,2.39,2.465
4621406,0.00407008,0.003431642700404394,2.39,2.464
10452989,0.004078538,0.003439132099575945,2.389,2.464
14891713,0.004078898,0.0034395759158231476,2.389,2.463
17804098,0.004087333,0.003447509131241901,2.389,2.462
13720898,0.004088017,0.003447841993427303,2.388,2.462
10222816,0.004097314,0.0034554423466606546,2.388,2.461
169214,0.004097374,0.0034554978236915547,2.387,2.461
4229586,0.004105559,0.003463431039110308,2.387,2.46
9999502,0.004106794,0.003464762487851917,2.386,2.46
15031209,0.004113966,0.0034713642545290617,2.386,2.459
12922723,0.004116343,0.0034735278587341763,2.385,2.459
17547437,0.004122301,0.003479408424009616,2.385,2.458
3760056,0.004125982,0.003482737045863638,2.384,2.458
1502633,0.004131443,0.0034873971164592695,2.384,2.457
7407291,0.004135247,0.00349044835315879,2.383,2.457
1252341,0.004141981,0.0034954412859398236,2.383,2.456
5853148,0.004144874,0.0034982151374848424,2.382,2.456
3867102,0.0041508,0.003503485455420378,2.382,2.455
10440647,0.004154825,0.003506148352903596,2.381,2.455
5528725,0.004160918,0.003511585101931832,2.381,2.454
6753950,0.004163979,0.003514525384569552,2.38,2.454
11598554,0.004169797,0.003519684748443287,2.38,2.453
3200855,0.004173692,0.003522070260772003,2.379,2.453
7095285,0.004179089,0.003527784394954741,2.379,2.452
4451270,0.004183213,0.003531889695241369,2.378,2.452
16338932,0.004188212,0.003535939518497096,2.378,2.451
13182618,0.004192808,0.003541265313463532,2.377,2.451
1213405,0.004198213,0.003544094642039451,2.377,2.45
7158294,0.004202447,0.0035475342179552742,2.376,2.45
3957570,0.004207034,0.003552249765581806,2.376,2.449
10608841,0.004212277,0.0035574091294555406,2.375,2.449
8496416,0.004216204,0.0035604603661550612,2.375,2.448
13139617,0.004221865,0.0035642882812871868,2.374,2.448
10635476,0.00422712,0.0035686709667283162,2.374,2.447
746877,0.004231628,0.0035725543588913428,2.373,2.447
15589946,0.004236183,0.0035768815673015717,2.373,2.446
3962505,0.004241315,0.003581541637897203,2.372,2.446
11869196,0.004245604,0.003585092167874827,2.372,2.445
12291894,0.004251306,0.0035897522384704585,2.371,2.445
7071620,0.004255536,0.0035933582454789827,2.371,2.444
12209806,0.004260902,0.003597574499827411,2.37,2.444
8333996,0.004265672,0.0036016798001140384,2.37,2.443
3128203,0.004270736,0.0036063953477405704,2.369,2.443
10536201,0.004275244,0.0036099458777181944,2.369,2.442
2950962,0.004280683,0.003615549057839132,2.368,2.442
12939193,0.004283565,0.00361826743235325,2.368,2.441
8169134,0.004290438,0.003622816548887081,2.367,2.441
10011621,0.004294692,0.003626644464019207,2.367,2.44
10888530,0.004300318,0.0036307497643058343,2.366,2.44
9517526,0.004304672,0.0036349660186542625,2.366,2.439
12281944,0.004310239,0.0036394041811262925,2.365,2.439
12234185,0.004315276,0.0036433430503202188,2.365,2.438
8504786,0.004320197,0.0036486133682557547,2.364,2.438
16003326,0.004324771,0.0036517755590170756,2.364,2.437
12163634,0.004330156,0.0036563246755509063,2.363,2.437
4200859,0.004334974,0.0036602080677139324,2.363,2.436
10423736,0.004340117,0.003664757184247763,2.362,2.436
873253,0.004345067,0.0036686405764107892,2.362,2.435
1771237,0.004350112,0.0036726903996665166,2.361,2.435
10381595,0.004356573,0.003677073085107646,2.361,2.434
5858329,0.004360146,0.0036792366893127607,2.36,2.434
15665104,0.004367101,0.003685561070835403,2.36,2.433
12513354,0.004370197,0.0036884458764422224,2.359,2.433
17822577,0.004377075,0.00369404905656316,2.359,2.432
6066758,0.004380286,0.0036967674310772786,2.358,2.432
1573981,0.004386547,0.0037025925193218175,2.358,2.431
10812521,0.004390388,0.003705310893835936,2.357,2.431
10144045,0.004396586,0.003711080505049575,2.357,2.43
9695039,0.004400917,0.0037142981728417964,2.356,2.43
8169695,0.004406401,0.0037196794448391326,2.356,2.429
15248275,0.004410631,0.0037227306815386533,2.355,2.429
10434599,0.00441742,0.00372822290759779,2.355,2.428
14588177,0.004420795,0.0037312741442973108,2.354,2.428
10074378,0.004426931,0.003736821847387348,2.354,2.427
7965611,0.004431041,0.003740483331426773,2.353,2.427
14384834,0.004436038,0.003745420787176906,2.353,2.426
6760400,0.004441204,0.0037504137199579394,2.352,2.426
6918830,0.004445318,0.003754075203997364,2.352,2.425
14565539,0.004451613,0.0037596229070874015,2.351,2.425
144344,0.00445452,0.0037627296208178223,2.351,2.424
10528,0.00446185,0.0037683328009387603,2.35,2.424
6708280,0.004465637,0.0037713840376382805,2.35,2.423
4066344,0.004472055,0.0037770981718210192,2.349,2.423
10465386,0.004475123,0.0037800939314896393,2.349,2.422
9260195,0.004482298,0.0037860854508268795,2.348,2.422
13721882,0.00448499,0.0037888038253409977,2.348,2.421
14034810,0.004492627,0.0037946843906164376,2.347,2.421
11454146,0.004495794,0.003797569196223257,2.347,2.42
3982675,0.004503154,0.003803838100714999,2.346,2.42
8130911,0.004505582,0.0038062790900746154,2.346,2.419
7158152,0.004513361,0.003813213718937162,2.345,2.419
16773343,0.004516124,0.003815099937987775,2.345,2.418
6896066,0.004523769,0.0038224783830975244,2.344,2.418
4729673,0.004525381,0.003823865308870034,2.344,2.417
8312557,0.004534387,0.003831021845856182,2.343,2.417
11038239,0.00453661,0.0038326861567831933,2.343,2.416
16131867,0.004544724,0.003840563895171046,2.342,2.416
13833954,0.00454573,0.0038415070046963528,2.342,2.415
8458888,0.00455514,0.0038496621282387076,2.341,2.415
16078145,0.004555883,0.0038503833296404124,2.341,2.414
11816844,0.00456488,0.003859259654584472,2.341,2.413
16009882,0.004565668,0.0038599808559861767,2.34,2.413
16582282,0.004575624,0.0038681359795285316,2.34,2.412
1712247,0.004576157,0.003868468841713934,2.339,2.412
7894607,0.0045847,0.003877067781503492,2.339,2.411
2443739,0.004586768,0.003879342339770407,2.338,2.411
14565455,0.004593627,0.003885999583478452,2.338,2.41
11844710,0.00459728,0.0038887734350234707,2.337,2.41
10592942,0.004603713,0.0038949868624843123,2.337,2.409
3481338,0.004607894,0.0038990921627709402,2.336,2.409
1232395,0.004614021,0.0039039186644592725,2.336,2.408
13390654,0.004618524,0.003907968487715,2.335,2.408
690559,0.004624131,0.003912961420496033,2.335,2.407
16019839,0.004629162,0.003917676968122565,2.334,2.407
7894271,0.004634719,0.003921948699501894,2.334,2.406
16881053,0.004639848,0.003926553293066625,2.333,2.406
12440968,0.004644504,0.0039309914555386545,2.333,2.405
2083901,0.004650513,0.003935707003165186,2.332,2.405
5961704,0.00465458,0.003940089688606316,2.332,2.404
15657832,0.004661379,0.003946025730912656,2.331,2.404
10074546,0.004665356,0.003949132444643077,2.331,2.403
301035,0.004672022,0.003954735624764015,2.33,2.403
6494065,0.004676413,0.003958230677710738,2.33,2.402
738029,0.004682751,0.00396294622533727,2.329,2.402
15669808,0.004687454,0.0039673843878092994,2.329,2.401
15378099,0.004693594,0.003973930677455544,2.328,2.401
528210,0.004696656,0.0039765380979078615,2.328,2.4
2139677,0.004704366,0.003983861065986711,2.327,2.4
10927720,0.004706433,0.003985691808006423,2.327,2.399
12182581,0.004715232,0.003993181207177974,2.326,2.399
17486294,0.004717232,0.003994900995135885,2.326,2.398
12434007,0.00472621,0.00400172466993663,2.325,2.398
3073493,0.0047285,0.004004054705234446,2.325,2.397
13496554,0.004737004,0.004011544104405997,2.324,2.397
15070701,0.004739067,0.004013319369394809,2.324,2.396
3602921,0.004748037,0.004021141630751761,2.323,2.396
7232013,0.004750044,0.004022584033555171,2.323,2.395
4455488,0.004758855,0.004030350817881223,2.322,2.395
4303005,0.004761223,0.004031848697715533,2.322,2.394
2418033,0.004769814,0.0040397264361033865,2.321,2.394
14657896,0.004771314,0.004041113361875896,2.321,2.393
3146810,0.004780853,0.004049656824634554,2.32,2.393
4538952,0.004781445,0.004050433503067158,2.32,2.392
13755087,0.00479186,0.004059420782073019,2.319,2.392
10814328,0.004792017,0.004059809121289322,2.319,2.391
8482616,0.004802385,0.0040691292624805845,2.319,2.39
8325048,0.004802993,0.004069628555758688,2.318,2.39
13403136,0.00481376,0.004078504880702748,2.318,2.389
15032769,0.004813991,0.004078615834764548,2.317,2.389
6613966,0.004824077,0.004087935975955811,2.317,2.388
11967424,0.004825043,0.004088879085481117,2.316,2.388
2139598,0.004834044,0.004097367071208874,2.316,2.387
9261888,0.004836182,0.004099364244321288,2.315,2.387
15467906,0.004844243,0.004106798166461938,2.315,2.386
3303246,0.004847307,0.004109516540976056,2.314,2.386
8526104,0.004854527,0.004116284738745902,2.314,2.385
9103339,0.004858504,0.004119668837630825,2.313,2.385
9810646,0.004864731,0.004125771311029865,2.313,2.384
16337784,0.004869771,0.004130209473501896,2.312,2.384
16023326,0.004875498,0.00413525788331383,2.312,2.383
13387470,0.004880955,0.004139196752507756,2.311,2.383
1202826,0.004886723,0.004144799932628693,2.311,2.382
884329,0.004892162,0.004150569543842333,2.31,2.382
6022934,0.004896167,0.0041543419819435575,2.31,2.381
5498811,0.004903492,0.004161553995960607,2.309,2.381
14970425,0.004906161,0.004163939508289322,2.309,2.38
6911627,0.004914772,0.004172593925109781,2.308,2.38
9462615,0.004915549,0.004173537034635087,2.308,2.379
7749369,0.004925535,0.004183134560980852,2.308,2.378
15070702,0.004926205,0.004183689331289856,2.307,2.378
7597944,0.004937516,0.004192510179203014,2.306,2.378
10208103,0.004937953,0.004192787564357516,2.306,2.377
7924356,0.004948859,0.004201552935239775,2.305,2.377
17874627,0.004950281,0.004202440567734182,2.305,2.376
11558626,0.00496025,0.0042102628290911345,2.304,2.376
14216906,0.00496257,0.004212149048141747,2.304,2.375
6004238,0.004971682,0.004219028199973393,2.303,2.375
6213102,0.004975157,0.004221857528549312,2.303,2.374
9218816,0.004983196,0.004228570249288258,2.302,2.374
300868,0.00498659,0.004231566008956878,2.302,2.373
10081163,0.004994606,0.004238778022973926,2.301,2.373
8299348,0.004997963,0.004241329966395343,2.301,2.372
334164,0.005006122,0.004248652934474193,2.3,2.372
6014253,0.005008448,0.004251093923833809,2.3,2.371
4756549,0.005017794,0.004258805231128961,2.299,2.371
100917,0.005020193,0.004260913358303175,2.299,2.37
15070393,0.005029371,0.004270122545432637,2.298,2.37
5038811,0.005030163,0.004270732792772541,2.298,2.369
4364927,0.005040889,0.004280108410994704,2.297,2.369
2115475,0.005041257,0.004280607704272807,2.297,2.368
7685596,0.005052808,0.0042893175981241665,2.296,2.368
5510417,0.00505379,0.0042904271387421734,2.296,2.367
12197145,0.005064118,0.0042993034636862335,2.295,2.367
11648929,0.005065438,0.004300357527273341,2.295,2.366
478623,0.005075795,0.0043091783751865,2.294,2.366
10475839,0.005077104,0.004310232438773607,2.294,2.365
859007,0.00508748,0.004319164240748567,2.293,2.365
3094272,0.00508861,0.004320162827304774,2.293,2.364
16409158,0.005099177,0.004329593922557837,2.292,2.364
2615573,0.005099598,0.004330148692866841,2.292,2.363
5031966,0.005109669,0.004340134558428908,2.292,2.362
475111,0.005110934,0.004341466007170517,2.291,2.362
12772598,0.00512096,0.004350120423990976,2.291,2.361
540959,0.005122802,0.004351285441639883,2.29,2.361
13228663,0.005132436,0.0043601617665839434,2.29,2.36
9297269,0.005134571,0.004362547278912659,2.289,2.36
10474909,0.00514455,0.004370203109176911,2.289,2.359
4622581,0.005146413,0.004371978374165722,2.288,2.359
14990817,0.005155694,0.004380299928800778,2.288,2.358
7597848,0.00515825,0.004381853285665989,2.287,2.358
12852143,0.005169205,0.0043903967484246464,2.287,2.357
1501689,0.00517016,0.004391395334980853,2.286,2.357
5440376,0.005180222,0.004400493568048515,2.286,2.356
7723552,0.005182047,0.004401935970851924,2.285,2.356
10950355,0.005191821,0.004410645864703282,2.285,2.355
2336035,0.005194006,0.004412254698599394,2.284,2.355
4416989,0.005204278,0.004420798161358051,2.284,2.354
7919562,0.005206072,0.004421963179006959,2.283,2.354
6236756,0.005216228,0.0044310059350437195,2.283,2.353
8019874,0.005217969,0.004432170952692628,2.282,2.353
2537599,0.005229782,0.004441213708729389,2.282,2.352
3817773,0.005230009,0.0044415465709147905,2.281,2.352
11619757,0.005241229,0.004451476959445958,2.281,2.351
6818634,0.0052421,0.004452142683816762,2.28,2.351
16222997,0.005252891,0.004461740210162527,2.28,2.35
4281096,0.005254157,0.004462683319687833,2.279,2.35
11967721,0.005265066,0.004472003460879096,2.279,2.349
255584,0.005266407,0.0044727246622808005,2.278,2.349
33276,0.005277411,0.004482322188626565,2.278,2.348
16894671,0.005278388,0.004482932435966469,2.277,2.348
17351147,0.005288541,0.004492640916374035,2.277,2.347
12015180,0.005290728,0.004494305227301046,2.276,2.347
10430450,0.005299806,0.004503015121152404,2.276,2.346
2331513,0.005302771,0.0045059554037901245,2.275,2.346
13893476,0.005311681,0.004513389325930774,2.275,2.345
10058847,0.00531499,0.004516385085599394,2.274,2.345
13614795,0.005322686,0.004523819007740045,2.274,2.344
14385513,0.005327343,0.004528257170212074,2.273,2.344
1227082,0.005333522,0.004534193212518414,2.273,2.343
4900803,0.005339554,0.004539574484515751,2.272,2.343
12747111,0.005344854,0.004544678371358584,2.272,2.342
2427015,0.005351856,0.004551890385375634,2.271,2.342
10776227,0.005355933,0.004555163530198756,2.271,2.341
11860916,0.005364168,0.004561654342814099,2.27,2.341
10768204,0.005368938,0.004565648689038926,2.27,2.34
2154691,0.005376521,0.004571584731345266,2.269,2.34
7815231,0.005382109,0.004576189324909997,2.269,2.339
14816964,0.005388933,0.004582569183463539,2.268,2.339
11437955,0.005394188,0.004586729960781068,2.268,2.338
5508196,0.005401418,0.004591889324654802,2.267,2.338
10699804,0.005406189,0.004597270596652139,2.267,2.337
3662334,0.005413833,0.004603095684896678,2.266,2.337
5964526,0.005419184,0.00460792218658501,2.266,2.336
16418515,0.005426269,0.004613081550458745,2.265,2.336
6516628,0.005431304,0.0046185182994869815,2.265,2.335
4231342,0.005438763,0.004625730313504031,2.264,2.335
6790703,0.005442995,0.0046291698894198536,2.264,2.334
6731668,0.005451331,0.004635549747973396,2.263,2.334
9265135,0.005457669,0.004639821479352725,2.263,2.333
14676205,0.005463929,0.004644703458071958,2.262,2.333
1756416,0.005470998,0.004650528546316497,2.262,2.332
1084660,0.005476469,0.004654300984417723,2.261,2.332
10846377,0.005483353,0.004661235613280269,2.261,2.331
14655407,0.005489094,0.0046655628216904985,2.26,2.331
3977140,0.005496711,0.0046719981572749415,2.26,2.33
1015536,0.005501794,0.004675992503499768,2.259,2.33
9194256,0.005509341,0.004682760701269614,2.259,2.329
7350540,0.005514567,0.004686810524525341,2.258,2.329
9044617,0.005521803,0.004693578722295187,2.258,2.328
7269885,0.005527135,0.00469857165507622,2.257,2.328
6220172,0.005532775,0.0047043967433207596,2.257,2.327
16870224,0.00554005,0.0047105546937507015,2.256,2.327
2690973,0.005544808,0.0047152147643463324,2.256,2.326
4512979,0.005552685,0.004722149393208879,2.255,2.326
1661557,0.005556391,0.004726088262402806,2.255,2.325
6137992,0.005565457,0.004733522184543456,2.254,2.325
7207834,0.005569137,0.004737017237490179,2.254,2.324
5860490,0.00557832,0.0047446175907235304,2.253,2.324
8944836,0.005582093,0.0047478907355466525,2.253,2.323
7594642,0.005591219,0.004754437025192897,2.252,2.323
1939992,0.005595865,0.004758875187664926,2.252,2.322
12689404,0.005604043,0.0047658098165274726,2.251,2.322
16197067,0.005608412,0.0047698041627523,2.251,2.321
9394112,0.005617032,0.004778514056603659,2.25,2.321
15350159,0.005619372,0.0047808440919014745,2.25,2.32
1373110,0.005629918,0.004791218296679844,2.249,2.32
11762430,0.005631352,0.004791828544019748,2.249,2.319
13315574,0.00564305,0.004800982254118309,2.248,2.319
2584540,0.005644644,0.0048028684731689225,2.248,2.318
9214573,0.005655894,0.004811911229205683,2.247,2.318
15831736,0.005657865,0.004813963879348997,2.247,2.317
4276288,0.005669013,0.004824005221941965,2.246,2.317
1985115,0.005670141,0.004825059285529071,2.246,2.316
618659,0.005682014,0.004834323949689434,2.245,2.316
17289117,0.005684258,0.004836154691709146,2.245,2.315
13669973,0.005695112,0.004846806281642018,2.244,2.315
2141413,0.00569587,0.004847305574920122,2.244,2.314
10547975,0.005708301,0.0048581235959456945,2.243,2.314
12745739,0.005709263,0.004858511935161997,2.243,2.313
7762791,0.005719428,0.004869718295403872,2.243,2.312
8799870,0.005721442,0.004872270238825289,2.242,2.312
17525270,0.005733065,0.004880924655645748,2.242,2.311
17175402,0.005734703,0.0048822006273564564,2.241,2.311
17960469,0.005745261,0.0048921864929185235,2.241,2.31
5001524,0.005747919,0.004894572005247239,2.24,2.31
15269647,0.005758203,0.004903448330191299,2.24,2.309
13176310,0.005761127,0.00490500168705651,2.239,2.309
11462302,0.005773896,0.004914765644494975,2.239,2.308
14287248,0.005774335,0.004915320414803979,2.238,2.308
10803701,0.0057868,0.004926082958798652,2.238,2.307
15611818,0.005787669,0.004927247976447559,2.237,2.307
17226175,0.005800784,0.004937455750133228,2.237,2.306
666967,0.005800972,0.00493773313528773,2.236,2.306
6929523,0.005813741,0.004948828541467804,2.236,2.305
4144053,0.005814336,0.004949050449591406,2.235,2.305
16501590,0.005827744,0.004959757516555178,2.234,2.305
4070548,0.005828109,0.004960256809833282,2.234,2.304
156769,0.005841231,0.00497040910648805,2.233,2.304
3905896,0.005842387,0.004971685078198758,2.233,2.303
12080487,0.005854643,0.004980727834235519,2.232,2.303
15308081,0.00585753,0.004983113346564236,2.232,2.302
6826633,0.005868167,0.0049916013322919926,2.231,2.302
1814939,0.005871386,0.004994597091960613,2.231,2.301
17764361,0.005881713,0.0050039172331518755,2.23,2.301
12665083,0.005884613,0.00500613631438789,2.23,2.3
11546570,0.005895314,0.005014457869022946,2.229,2.3
10607470,0.005898933,0.005017675536815168,2.229,2.299
7200499,0.005908864,0.00502538684411032,2.228,2.299
17841028,0.005913533,0.0050292147592424456,2.228,2.298
12133875,0.005922598,0.005035872002950491,2.227,2.298
14579035,0.005928962,0.005040809458700624,2.227,2.297
14395875,0.00593613,0.005046800978037864,2.226,2.297
10271455,0.005942588,0.005052459635189702,2.226,2.296
10413101,0.005949808,0.0050586175856196436,2.225,2.296
4810167,0.005956828,0.00506410981167878,2.225,2.295
9384596,0.005963485,0.00506993489992332,2.224,2.295
17749433,0.005970503,0.005075759988167859,2.224,2.294
3378849,0.005977329,0.0050824172318759036,2.223,2.294
3793172,0.005983757,0.005087465641687838,2.223,2.293
11255365,0.005991095,0.005094344793519484,2.222,2.293
1516269,0.005996582,0.005099226772238717,2.222,2.292
14703070,0.006005031,0.005105773061884961,2.221,2.292
5615153,0.006011829,0.005110932425758696,2.221,2.291
10339976,0.006018666,0.0051174232383740395,2.22,2.291
5748772,0.006024087,0.005122749033340475,2.22,2.29
3067171,0.006032544,0.005129350800017619,2.219,2.29
10775914,0.00603863,0.005134565640922254,2.219,2.289
7946028,0.006046521,0.005140723591352196,2.218,2.289
1993760,0.006053685,0.005146382248504034,2.218,2.288
10729661,0.006060465,0.005152207336748573,2.217,2.288
1789722,0.006067701,0.005158254333116714,2.217,2.287
6754015,0.006074408,0.005164301329484855,2.216,2.287
5726460,0.006080447,0.005170126417729394,2.216,2.286
10208632,0.006088427,0.005176950092530139,2.215,2.286
16272775,0.006094357,0.005182053979372974,2.215,2.285
9043269,0.006102462,0.005189987194791728,2.214,2.285
6678915,0.006106291,0.005193981541016555,2.214,2.284
9882482,0.006116729,0.005202580480806112,2.213,2.284
13978368,0.006120066,0.005205964579691035,2.213,2.283
17719794,0.006130587,0.005213786841047988,2.212,2.283
2902982,0.006136109,0.005218003095396416,2.212,2.282
2183007,0.006144715,0.005226213695969671,2.211,2.282
14089731,0.006148564,0.005229986134070897,2.211,2.281
8325211,0.006158921,0.0052390288901076575,2.21,2.281
12039195,0.006162772,0.005242080126807178,2.21,2.28
13917414,0.00617307,0.005250346204411334,2.209,2.28
1504400,0.006177995,0.00525417411954346,2.209,2.279
5570092,0.006187359,0.005263605214796523,2.208,2.279
570930,0.006190269,0.005266268112279741,2.208,2.278
10642948,0.006201547,0.005276143023780007,2.207,2.278
16726791,0.006203735,0.0052784175820469225,2.207,2.277
15237674,0.006216076,0.005289013694948894,2.206,2.277
5151581,0.006217791,0.005290567051814105,2.206,2.276
15665026,0.006230279,0.005302328182364984,2.205,2.276
5184459,0.006230707,0.005302771998612186,2.205,2.275
3901449,0.006244551,0.005314366698070365,2.204,2.275
5239884,0.006245267,0.005314976945410269,2.204,2.274
8821297,0.006258951,0.005325295673157739,2.203,2.274
13944923,0.00626083,0.0053272373692392514,2.203,2.273
7450412,0.006273434,0.0053369458496468165,2.202,2.273
12088936,0.006276147,0.005339497793068234,2.202,2.272
12704025,0.006287882,0.005349871997846604,2.201,2.272
9248010,0.006290197,0.005351813693928117,2.201,2.271
9346981,0.006302394,0.005361965990582885,2.2,2.271
4174490,0.006305563,0.0053641850718189,2.2,2.27
1366962,0.006316843,0.005374392845504569,2.199,2.27
17807886,0.006319224,0.005376556449709683,2.199,2.269
3324855,0.006331431,0.0053854882516846435,2.198,2.269
15176394,0.006335464,0.005388927827600466,2.198,2.268
6237401,0.006346179,0.005398469876915331,2.197,2.268
13775603,0.006350455,0.00540135468252215,2.197,2.267
2189646,0.006360658,0.005409509806064505,2.196,2.267
688265,0.006366067,0.005413781537443834,2.196,2.266
8799857,0.006375328,0.005423434540820499,2.195,2.266
9104339,0.006378744,0.0054262638693964175,2.195,2.265
11513900,0.006389991,0.005435861395742182,2.194,2.265
5036849,0.006393065,0.005438801678379902,2.194,2.264
8692734,0.006404723,0.005448454681756567,2.193,2.264
7098486,0.006408186,0.005451339487363386,2.193,2.263
16969346,0.006419635,0.005461214398863653,2.192,2.263
4456461,0.006422196,0.0054638772963468705,2.192,2.262
3570753,0.006434308,0.005474362455187042,2.191,2.262
6206348,0.006436718,0.005476470582361255,2.191,2.261
10045899,0.006449337,0.005486234539799721,2.19,2.261
10315013,0.006453842,0.005489119345406541,2.19,2.26
8691768,0.006464061,0.005497274468948895,2.189,2.26
5168716,0.006468884,0.005501768108451825,2.189,2.259
3083505,0.006478906,0.00551125468073579,2.188,2.259
1440887,0.006482742,0.0055144723485280114,2.188,2.258
6419204,0.006493839,0.005524513691120979,2.187,2.258
10271647,0.006496487,0.005527176588604197,2.187,2.257
17678789,0.006508981,0.005538105563691571,2.186,2.257
13438646,0.006510919,0.005539880828680383,2.186,2.256
4420778,0.006523792,0.005550532418613254,2.185,2.256
2203351,0.006527046,0.005552696022818369,2.185,2.255
16361178,0.006538997,0.00556334761275124,2.184,2.255
4179866,0.006540951,0.005565455739925455,2.184,2.254
17009161,0.006554022,0.005575718990642024,2.183,2.254
4827702,0.006557366,0.005578326411094341,2.183,2.253
2548632,0.006569014,0.005588922523996312,2.182,2.253
3075205,0.006571585,0.005591141605232327,2.182,2.252
10576220,0.0065842,0.005601515810010697,2.181,2.252
13990834,0.006587171,0.005604067753432114,2.181,2.251
17208463,0.006599348,0.005615107682581289,2.18,2.251
8476406,0.006601923,0.005616993901631901,2.18,2.25
1288118,0.006614559,0.005628477647028279,2.179,2.25
2007125,0.006616443,0.005629920049831688,2.179,2.249
11255049,0.00662981,0.005642790721000575,2.178,2.249
2626921,0.006629904,0.0056429016750623754,2.178,2.248
4672601,0.006645079,0.005655827823262163,2.177,2.248
5351875,0.006645085,0.0056558833002930626,2.177,2.247
556661,0.006660442,0.005668365632245647,2.176,2.247
861712,0.006660914,0.005668920402554651,2.176,2.246
15417491,0.006675817,0.005680404147951028,2.175,2.246
13652101,0.006677602,0.0056820129818471385,2.175,2.245
17497427,0.006691177,0.005693385773181715,2.174,2.245
5257987,0.00669329,0.005695105561139627,2.174,2.244
9424240,0.006706616,0.005705479765917997,2.173,2.244
8799794,0.00670957,0.0057082536174630156,2.173,2.243
2997018,0.006722036,0.005719570931766692,2.172,2.243
6941944,0.006724196,0.0057214016737864035,2.172,2.242
3838041,0.006737575,0.005733606620584486,2.171,2.242
16605330,0.006738846,0.005734605207140693,2.171,2.241
11205353,0.006753051,0.005745534182228066,2.17,2.241
5224751,0.006755904,0.005747808740494981,2.17,2.24
479290,0.006768624,0.005758127468242451,2.169,2.24
6912213,0.006771345,0.0057610677508801705,2.169,2.239
1037110,0.006784261,0.005771552909720342,2.168,2.239
16554781,0.006787905,0.00577432676126536,2.168,2.238
8168935,0.006799882,0.005785089305260033,2.167,2.238
13291167,0.006804727,0.00578764124868145,2.167,2.237
9206821,0.006815606,0.005797016866903613,2.166,2.237
5692280,0.006821454,0.005801011213128439,2.166,2.236
5402539,0.006831286,0.00580850061229999,2.165,2.236
2675734,0.006838025,0.00581438117757543,2.165,2.235
14801372,0.006847067,0.005822480824086884,2.164,2.235
2384722,0.006854198,0.00582775114202242,2.164,2.234
11425667,0.006862816,0.005834297431668664,2.163,2.234
5233804,0.006870772,0.00584117658350031,2.163,2.233
1172915,0.006878773,0.005848943367826362,2.162,2.233
9161606,0.006885096,0.005854657502009101,2.162,2.232
6966986,0.006894489,0.005862757148520555,2.161,2.232
4507896,0.006901075,0.0058681384205178915,2.161,2.231
16067992,0.006910405,0.0058752394804731396,2.16,2.231
1426352,0.006917435,0.0058816748160575825,2.16,2.23
5691797,0.006926282,0.005888498490858329,2.159,2.23
8691330,0.006933431,0.005895266688628174,2.159,2.229
480171,0.006942279,0.005903477289201429,2.158,2.229
11297961,0.006948098,0.005908858561198766,2.158,2.228
2830656,0.006958265,0.005917956794266426,2.157,2.228
558095,0.006963716,0.0059224504337693565,2.157,2.227
704105,0.006974298,0.005931215804651616,2.156,2.227
329402,0.006979655,0.005936097783370849,2.156,2.226
4811822,0.006990396,0.00594519601643851,2.155,2.226
975641,0.006996156,0.005949800610003241,2.155,2.225
7436775,0.007006489,0.005958066687607397,2.154,2.225
10692216,0.0070138,0.005963503436635633,2.154,2.224
11182640,0.007022707,0.005971103789868985,2.153,2.224
11461016,0.007031537,0.005977261740298926,2.153,2.223
12747590,0.007038888,0.005984418277285074,2.152,2.223
11575165,0.007047412,0.005991020043962218,2.152,2.222
3113831,0.00705506,0.005997122517361259,2.151,2.222
4192660,0.007064829,0.006004833824656411,2.151,2.221
4970345,0.00707133,0.006009882234468345,2.15,2.221
8807423,0.007081975,0.006018703082381505,2.15,2.22
137494,0.007087617,0.006023141244853534,2.149,2.22
5233174,0.00709837,0.006032572340106598,2.149,2.219
11532428,0.007104033,0.0060365112093005244,2.148,2.219
11428193,0.007115172,0.0060464970748625915,2.148,2.218
1494012,0.007120397,0.006051046191396422,2.147,2.218
12721496,0.007131565,0.006060421809618586,2.147,2.217
10011947,0.007136777,0.0060656366505232205,2.146,2.217
3942738,0.007145847,0.006074402021405479,2.146,2.216
11290688,0.007153292,0.006080781879959023,2.145,2.216
12054370,0.007162414,0.006088382233192373,2.145,2.215
11331558,0.007169737,0.006094928522838617,2.144,2.215
13013766,0.007178117,0.0061024179220101685,2.144,2.214
13309901,0.007186257,0.006109574458996316,2.143,2.214
17978886,0.007194077,0.0061165090878588626,2.143,2.213
11182669,0.007202979,0.00612344371672141,2.142,2.213
10658674,0.007210733,0.0061306002537075575,2.142,2.212
485095,0.007219406,0.006138977285373514,2.141,2.212
10913801,0.007225571,0.0061446914195562525,2.141,2.211
1522932,0.00723604,0.0061535677445003125,2.14,2.211
1248238,0.007242684,0.0061588935394667485,2.14,2.21
15227259,0.007252707,0.0061679362955035085,2.139,2.21
16521250,0.007258237,0.006173095659377244,2.139,2.209
12939291,0.007269526,0.006183747249310116,2.138,2.209
15175123,0.007273318,0.006187297779287739,2.138,2.208
10337920,0.007286209,0.006198060323282411,2.137,2.208
14905657,0.007289985,0.006201555376229136,2.137,2.207
15068260,0.007303024,0.006213094598656413,2.136,2.207
3739274,0.007306468,0.006215868450201432,2.136,2.206
13721481,0.007319887,0.006227629580752311,2.135,2.206
4613024,0.007323243,0.006230181524173728,2.135,2.205
11751682,0.007336777,0.006243385057528017,2.134,2.205
7024077,0.007338415,0.006244550075176924,2.134,2.204
4196323,0.007353639,0.006258252901809317,2.133,2.204
5484308,0.00735406,0.006258974103211022,2.133,2.203
17895955,0.007370698,0.0062720112054726095,2.132,2.203
13849871,0.007373063,0.006273398131245118,2.132,2.202
4455894,0.007387548,0.006285991417259503,2.131,2.202
3284746,0.007390149,0.006287822159279216,2.131,2.201
12313453,0.007404583,0.0062990839965519916,2.13,2.201
6965507,0.007408755,0.006302357141375114,2.13,2.2
16243162,0.007421697,0.00631367445567879,2.129,2.2
9025605,0.00742512,0.006316892123471011,2.129,2.199
2960542,0.007438759,0.006329485409485396,2.128,2.199
6612356,0.007441355,0.006331427105566909,2.128,2.198
1444615,0.007456029,0.0063448525470448,2.127,2.198
7762612,0.007457126,0.006346017564693707,2.127,2.197
1051731,0.007473155,0.006360219684604203,2.126,2.197
16821295,0.007473594,0.006360663500851406,2.126,2.196
1824704,0.007490321,0.006375309437009104,2.125,2.195
4850489,0.007506392,0.006390010850197704,2.125,2.194
10426059,0.007507603,0.006391231344877512,2.124,2.194
670128,0.007521791,0.006404767740417203,2.124,2.193
17424337,0.007525014,0.006406653959467815,2.123,2.193
9905254,0.007538933,0.006419524630636702,2.123,2.192
1287023,0.00754225,0.0064227422984289234,2.122,2.192
2924094,0.007554154,0.006434281520856201,2.122,2.191
17327921,0.007559624,0.006439163499575434,2.121,2.191
8922126,0.007570867,0.006449149365137501,2.121,2.19
6349059,0.007577198,0.0064551408844747415,2.12,2.19
13857557,0.007587629,0.006464017209418802,2.12,2.189
17622051,0.007594519,0.006470175159848743,2.119,2.189
3385087,0.007604569,0.006478885053700102,2.119,2.188
13317518,0.007612123,0.006484654664913741,2.118,2.188
11751731,0.00762366,0.006493863852043202,2.118,2.187
13977310,0.007629588,0.006499245124040539,2.117,2.187
17235238,0.007641153,0.006508787173355403,2.117,2.186
10849439,0.007647158,0.006513447243951034,2.116,2.186
8259670,0.00765909,0.006523821448729404,2.116,2.185
17917460,0.007664841,0.006528647950417736,2.115,2.185
8322160,0.007675852,0.006538855724103405,2.115,2.184
8797261,0.007682502,0.006545013674533346,2.114,2.184
15222161,0.007693322,0.006553945476508307,2.114,2.183
12608815,0.007700261,0.006560103426938248,2.113,2.183
15248577,0.007711131,0.006569035228913209,2.113,2.182
8470826,0.007717917,0.0065753596104358505,2.112,2.182
9322562,0.007728218,0.00658418045834901,2.112,2.181
1454813,0.007735742,0.006591447949396959,2.111,2.181
15510370,0.007744789,0.006599381164815713,2.111,2.18
15804510,0.007753589,0.0066068150869563625,2.11,2.18
11525316,0.007761657,0.006614581871282415,2.11,2.179
7187518,0.007771516,0.006623014379979272,2.109,2.179
7193440,0.007779404,0.006629838054780017,2.109,2.178
10589202,0.007789537,0.0066394910581566826,2.108,2.178
5224832,0.007797866,0.0066450942382776206,2.108,2.177
10718721,0.007807299,0.006653693178067178,2.107,2.177
17338881,0.007815616,0.006660405898806124,2.107,2.176
13330660,0.007825441,0.006670225333275489,2.106,2.176
2217682,0.007831267,0.006675773036365526,2.106,2.175
6457848,0.00784359,0.006686369149267498,2.105,2.175
3423493,0.007848343,0.00669114017392493,2.105,2.174
4463130,0.007861407,0.006701347947610598,2.104,2.174
11841623,0.007867486,0.006706618265546134,2.104,2.173
9522234,0.007879673,0.006718046533911611,2.103,2.173
7540606,0.007884619,0.006722040880136438,2.103,2.172
14531244,0.007897728,0.006734856074274424,2.102,2.172
3325757,0.007900646,0.006737518971757642,2.102,2.171
11972703,0.007915978,0.006749557487463023,2.101,2.171
5133652,0.007920523,0.006753052540409746,2.101,2.17
11104616,0.007934198,0.006764314377682523,2.1,2.17
418237,0.007938469,0.006768641586092751,2.1,2.169
8647485,0.007952566,0.006780680101798132,2.099,2.169
2590697,0.007956826,0.006784230631775756,2.099,2.168
16761262,0.007970803,0.0067961027163884365,2.098,2.168
10913803,0.007974799,0.006799875154489662,2.098,2.167
8793525,0.007989163,0.006812412963473146,2.097,2.167
4289570,0.007992007,0.006815575154234467,2.097,2.166
15139313,0.008007644,0.006830387521484867,2.096,2.166
15009722,0.008008511,0.006831275153979273,2.096,2.165
12209464,0.008026057,0.0068469751537240785,2.095,2.165
14096733,0.008026104,0.006847030630754979,2.095,2.164
11139224,0.008042805,0.006862786107530685,2.095,2.163
7845143,0.008044865,0.006863895648148693,2.094,2.163
4014372,0.008062234,0.006878652538368192,2.094,2.162
8142965,0.008063145,0.006879651124924399,2.093,2.162
9159448,0.00808109,0.006894463492174798,2.093,2.161
14967509,0.008081664,0.006894962785452902,2.092,2.161
15477657,0.008098686,0.006910385400043206,2.092,2.16
9627196,0.008100292,0.006911716848784814,2.091,2.16
8583681,0.008116746,0.0069263073079116125,2.091,2.159
17313419,0.008118959,0.006929081159456631,2.09,2.159
127014,0.008134724,0.006942284692810921,2.09,2.158
12580596,0.008137689,0.006944226388892433,2.089,2.158
17508118,0.008155091,0.006958262077710228,2.089,2.157
12399693,0.008156456,0.006959815434575438,2.088,2.157
6194155,0.008173594,0.006974294939640436,2.088,2.156
12607358,0.008175241,0.006976070204629248,2.087,2.156
16889380,0.008192041,0.006990383278601544,2.087,2.155
1918757,0.008194207,0.006992047589528555,2.086,2.155
6187915,0.008209456,0.007006527094593553,2.086,2.154
16890512,0.008212996,0.007009356423169471,2.085,2.154
2146205,0.008228311,0.007022670910585561,2.085,2.153
14644005,0.008232143,0.007025666670254181,2.084,2.153
17749498,0.008245215,0.00703887020360847,2.084,2.152
3107371,0.008250971,0.007043752182327703,2.083,2.152
3858577,0.008263538,0.007055069496631379,2.083,2.151
3447712,0.008269972,0.0070610055389377195,2.082,2.151
6587116,0.008281786,0.007071324266685188,2.082,2.15
13769561,0.00828901,0.0070774267400842295,2.081,2.15
16934764,0.008302796,0.007087634513769899,2.081,2.149
12138588,0.008308152,0.007092017199211028,2.08,2.149
7472555,0.008322717,0.007104000237885508,2.08,2.148
14363058,0.008327242,0.007108715785512041,2.079,2.148
7055865,0.008339917,0.0071203659620011185,2.079,2.147
14234531,0.008346444,0.007126135573214757,2.078,2.147
12984466,0.00835927,0.007136787163147629,2.078,2.146
3009702,0.008365872,0.007142556774361268,2.077,2.146
11653561,0.008377984,0.0071532083642941394,2.077,2.145
7626900,0.008385181,0.007158867021445978,2.076,2.145
487847,0.008396901,0.007169685042471551,2.076,2.144
10810756,0.008404273,0.007177840166013905,2.075,2.144
329350,0.008412855,0.007186217197679862,2.075,2.143
13560947,0.008423774,0.007194982568562121,2.074,2.143
8680855,0.008431439,0.007202804829919074,2.074,2.142
9502968,0.008443259,0.007213345465790145,2.073,2.142
15363486,0.008449607,0.007219392462158285,2.073,2.141
7589577,0.008462528,0.0072311535927091644,2.072,2.141
9592220,0.008469395,0.007236035571428397,2.072,2.14
3937767,0.008482039,0.007247352885732073,2.071,2.14
10613764,0.008487851,0.00725273415772941,2.071,2.139
15828117,0.008501598,0.007264883627496591,2.07,2.139
15512973,0.008507538,0.007269432744030422,2.07,2.138
13625260,0.008521199,0.007282136984106608,2.069,2.138
17852077,0.008526306,0.007286186807362334,2.069,2.137
12453127,0.00854084,0.00730033345024193,2.068,2.137
11414051,0.008543572,0.007302996347725148,2.068,2.136
14316063,0.008560574,0.007317642283882846,2.067,2.136
3910787,0.008562742,0.007319861365118861,2.067,2.135
7343486,0.008580201,0.007336726382512575,2.067,2.134
6691902,0.008580288,0.007336837336574376,2.066,2.134
14313486,0.008600061,0.007353424968813587,2.065,2.134
11990906,0.008600166,0.007353646876937189,2.065,2.133
4801510,0.008617559,0.007370567371361802,2.065,2.132
8143676,0.008619928,0.007372564544474216,2.064,2.132
11681965,0.008635379,0.007387543342817317,2.064,2.131
4343265,0.008639761,0.007391482212011243,2.063,2.131
4930960,0.008654956,0.0074045747913037314,2.063,2.13
4014530,0.008659653,0.0074086800915903585,2.062,2.13
3699692,0.008673557,0.0074216617168210465,2.062,2.129
12496878,0.008679796,0.00742815252943639,2.061,2.129
8740312,0.008691811,0.007438804119369261,2.061,2.128
10874846,0.008699671,0.007446238041509912,2.06,2.128
329351,0.008709741,0.007455946521917477,2.06,2.127
6274828,0.008719674,0.007466709065912149,2.059,2.127
17646,0.008726925,0.0074730889244656925,2.059,2.126
16633449,0.008739802,0.007483629560336763,2.058,2.126
552682,0.008747091,0.007490342281075708,2.058,2.125
7051142,0.008759973,0.007502325319750189,2.057,2.125
10396583,0.008765032,0.007507595637685724,2.057,2.124
7158045,0.008780142,0.007520632739947312,2.056,2.124
7500462,0.008785148,0.007524904471326641,2.056,2.123
14363494,0.008800467,0.007537220372186524,2.055,2.123
4172305,0.00880641,0.007542268781998458,2.055,2.122
11453994,0.008820733,0.007555250407229146,2.054,2.122
1435746,0.008825648,0.007559633092670275,2.054,2.121
3962974,0.008841017,0.007574112597735272,2.053,2.121
10171767,0.008844636,0.007577052880372992,2.053,2.12
12126772,0.008861427,0.007590866661067185,2.052,2.12
6204372,0.008865199,0.00759452814510661,2.052,2.119
16757213,0.008881954,0.00760950694344971,2.051,2.119
4340158,0.008884707,0.007612058886871127,2.051,2.118
15067838,0.008902309,0.00762581719053442,2.05,2.118
15898863,0.008906408,0.007629589628635645,2.05,2.117
6346567,0.008922857,0.007644235564793344,2.049,2.117
6250548,0.008926173,0.007647175847431064,2.049,2.116
10961109,0.008943359,0.007662487507959567,2.048,2.116
8005875,0.008946746,0.007664817543257383,2.048,2.115
12443304,0.008963997,0.007681016836280292,2.047,2.115
4114397,0.008965133,0.007682459239083702,2.047,2.114
12062393,0.008984642,0.007699768072724618,2.046,2.114
11455076,0.008985085,0.007700211888971821,2.046,2.113
6609159,0.009005436,0.007717187860427335,2.045,2.113
16322914,0.009006336,0.00771796453885994,2.045,2.112
1966852,0.00902615,0.007734496694068251,2.044,2.112
17379390,0.009027732,0.00773571718874806,2.044,2.111
12884377,0.009047007,0.007752693160203574,2.043,2.111
6554115,0.009048269,0.00775358079269798,2.043,2.11
7169461,0.009067801,0.007770667718215295,2.042,2.11
12751464,0.009068463,0.0077714443966479,2.042,2.109
11428273,0.009087515,0.007789363477628721,2.042,2.108
5468280,0.009088667,0.007789973724968625,2.041,2.108
3014269,0.009108128,0.007807338035640442,2.041,2.107
6164262,0.009109646,0.007808669484382051,2.04,2.107
12957851,0.009128578,0.007825312593652163,2.04,2.106
1467866,0.009130661,0.007827309766764576,2.039,2.106
738421,0.009148174,0.007843342628694783,2.039,2.105
6935949,0.0091517,0.007846171957270703,2.038,2.105
2650518,0.009168534,0.007861428140768305,2.038,2.104
16655484,0.009172845,0.007864645808560528,2.037,2.104
16272634,0.009189198,0.007879569129872728,2.037,2.103
1756536,0.009194103,0.007884728493746463,2.036,2.103
3102074,0.009208164,0.00789771011897715,2.036,2.102
8554044,0.00921513,0.007904089977530693,2.035,2.102
16337002,0.009225852,0.007915906585112473,2.035,2.101
5534245,0.009236481,0.007924394570840229,2.034,2.101
10370916,0.009247202,0.007934158528278695,2.034,2.1
14461216,0.009257701,0.007943478669469957,2.033,2.1
2253431,0.009268513,0.00795246594847582,2.033,2.099
5367624,0.009278977,0.00796150870451258,2.032,2.099
7429204,0.009289405,0.007970773368672942,2.032,2.098
2107340,0.009300372,0.007980093509864205,2.031,2.098
5603736,0.009311712,0.007989191742931865,2.031,2.097
15371772,0.009321834,0.007997790682721424,2.03,2.097
8989661,0.00933196,0.00800761011719079,2.03,2.096
14114884,0.009343323,0.008019704109927072,2.029,2.096
3135157,0.009350629,0.008026028491449714,2.029,2.095
8229830,0.009364833,0.0080388991626186,2.028,2.095
7962682,0.009370695,0.008044557819770438,2.028,2.094
4365101,0.009386476,0.008058482554526432,2.027,2.094
16677499,0.00939197,0.008063087148091163,2.027,2.093
1332062,0.009408115,0.008078620716743267,2.026,2.093
16747046,0.009411602,0.008081671953442789,2.026,2.092
15269608,0.009429867,0.008099036264114606,2.025,2.092
6754100,0.009431486,0.008100312235825314,2.025,2.091
15925895,0.009451509,0.00811612318963192,2.024,2.091
12974528,0.009455153,0.008118952518207838,2.024,2.09
14052791,0.009473312,0.00813687159918866,2.023,2.09
17484127,0.009474225,0.008137703754652165,2.023,2.089
9944142,0.009494222,0.008156454991096492,2.023,2.088
4645469,0.009495211,0.008157176192498197,2.022,2.088
8547358,0.009514199,0.008175261704571718,2.022,2.087
9595455,0.009517017,0.00817720340065323,2.021,2.087
3863613,0.009537005,0.008194123895077845,2.021,2.086
5546868,0.009538999,0.008195732728973955,2.02,2.086
12373934,0.009558131,0.008212986085583972,2.02,2.085
4827295,0.009560931,0.008215482551974488,2.019,2.085
16630954,0.009578429,0.008231903753120998,2.019,2.084
2490013,0.009582991,0.008235565237160423,2.018,2.084
13276596,0.009601175,0.008250876897688927,2.018,2.083
9620671,0.009605079,0.00825420551954295,2.017,2.083
12625171,0.009622084,0.008269905519287754,2.017,2.082
4143604,0.009627311,0.008274565589883386,2.016,2.082
11950903,0.009645507,0.008288989617917483,2.016,2.081
7173217,0.009649544,0.008292429193833306,2.015,2.081
7229330,0.0096671,0.008308073716547211,2.015,2.08
1020335,0.009671684,0.008311124953246733,2.014,2.08
3613191,0.009689521,0.008327268769238741,2.014,2.079
14867687,0.009694156,0.00833148502358717,2.013,2.079
15382592,0.009710416,0.00834646382193027,2.013,2.078
8797268,0.009716377,0.008350791030340499,2.012,2.078
3710942,0.00973289,0.008365658874621798,2.012,2.077
15664523,0.009738756,0.00837176134802084,2.011,2.077
6736166,0.009753254,0.008384964881375129,2.011,2.076
2586862,0.009761215,0.008391011877743269,2.01,2.076
4408176,0.009775466,0.00840427088812846,2.01,2.075
5063827,0.009783665,0.008411538379176409,2.009,2.075
16408355,0.009796253,0.00842368784894359,2.009,2.074
17123513,0.009806252,0.008433285375289354,2.008,2.074
2748358,0.009817262,0.00844310480975872,2.008,2.073
1169582,0.009828805,0.008453811876722492,2.007,2.073
4198427,0.009838099,0.008462577247604752,2.007,2.072
135673,0.009851448,0.008474671240341033,2.006,2.072
7845221,0.009859522,0.008482049685450783,2.006,2.071
15359891,0.00987418,0.008494642971465167,2.005,2.071
3680998,0.00988323,0.008501633077358614,2.005,2.07
14877458,0.00989699,0.0085143373174348,2.004,2.07
5713352,0.009904984,0.008521216469266447,2.004,2.069
11248979,0.009919789,0.008532755691693724,2.003,2.069
4281123,0.009930486,0.008540855338205179,2.003,2.068
12605438,0.009942873,0.00855000904830374,2.002,2.068
1295429,0.009955256,0.008560549684174811,2.002,2.067
553974,0.009965585,0.008569647917242473,2.001,2.067
2585574,0.009976592,0.008580299507175343,2.001,2.066
14015002,0.009988546,0.008590618234922813,2.0,2.066
10626781,0.009998921,0.008600049330175876,2.0,2.065
12091651,0.01001154,0.008611477598541353,1.999,2.065
9388546,0.01002102,0.008619910107238211,1.999,2.064
11702428,0.01003464,0.008631393852634587,1.998,2.064
15285176,0.01004403,0.008639770884300544,1.998,2.063
15597130,0.01005774,0.008651421060789623,1.997,2.063
6079352,0.01006739,0.008659687138393778,1.997,2.062
15364663,0.01008092,0.008672280424408162,1.996,2.062
15364689,0.01008849,0.008679658869517912,1.996,2.061
17889228,0.01010436,0.008694915053015515,1.995,2.061
17740046,0.01010908,0.008699630600642046,1.995,2.06
5232239,0.0101275,0.00871660657209756,1.994,2.06
8227276,0.01013088,0.008719713285827982,1.994,2.059
413690,0.01015087,0.008738020706025106,1.993,2.059
14639082,0.01015333,0.008739795971013917,1.993,2.058
10123707,0.01017425,0.008757715051994738,1.992,2.058
5677400,0.01017639,0.008759934133230753,1.992,2.057
15600425,0.01019765,0.008779406571076783,1.991,2.057
2942223,0.01019867,0.008780127772478488,1.991,2.056
14153479,0.01022069,0.008800376888757126,1.991,2.055
14753040,0.01022143,0.00880098713609703,1.99,2.055
613236,0.01024323,0.008820681482066661,1.99,2.054
4915977,0.01024474,0.008822179361900972,1.989,2.054
12663569,0.01026621,0.008840986075376199,1.989,2.053
1437296,0.01026842,0.008842373001148707,1.988,2.053
13401695,0.01029184,0.008861401622747535,1.988,2.052
29695,0.01029209,0.008861568053840236,1.987,2.052
6088443,0.01031302,0.008881817170118872,1.987,2.051
15067604,0.01031575,0.008884923883849294,1.986,2.051
1185024,0.01033558,0.00890228819452111,1.986,2.05
9380385,0.01033957,0.008905949678560536,1.985,2.05
6388997,0.01035774,0.008922814695954248,1.985,2.049
15788377,0.01036344,0.00892908360044599,1.984,2.049
13834037,0.01037941,0.008943396674418288,1.984,2.048
5428029,0.01038724,0.00895132988983704,1.983,2.048
10334761,0.01040237,0.008963978652882326,1.983,2.047
13588050,0.01041122,0.008972244730486481,1.982,2.047
13310534,0.01042531,0.008984671585408164,1.982,2.046
9309354,0.01043532,0.008993825295506727,1.981,2.046
17156442,0.01044892,0.009005364517934005,1.981,2.045
14166856,0.01045926,0.00901523942943427,1.98,2.045
15225219,0.01047173,0.009026112927490743,1.98,2.044
6834035,0.01048339,0.009036154270083712,1.979,2.044
1921672,0.01049417,0.009046916814078383,1.979,2.043
4519935,0.01050753,0.009058788898691064,1.978,2.043
7090230,0.0105187,0.009067776177696924,1.978,2.042
16761098,0.01053181,0.009079648262309604,1.977,2.042
15176362,0.01054111,0.009088691018346366,1.977,2.041
609956,0.01055615,0.009102948615287761,1.976,2.041
540322,0.01056411,0.009109661336026706,1.976,2.04
3691838,0.01058039,0.0091234751167209,1.975,2.04
3183674,0.01058873,0.009130631653707047,1.975,2.039
14738976,0.01060475,0.009145499497988348,1.974,2.039
14658668,0.01061229,0.009151712925449189,1.974,2.038
6700115,0.01062926,0.009167191017070394,1.973,2.038
3061281,0.0106348,0.00917279419719133,1.973,2.037
3184898,0.01065377,0.009188771582090638,1.972,2.037
121992,0.01065985,0.009193930945964374,1.972,2.036
11161702,0.01067828,0.009210851440388986,1.971,2.036
15596806,0.01068484,0.009215123171768315,1.971,2.035
6936147,0.01070287,0.00923076769448222,1.97,2.035
1228174,0.01070879,0.00923637087460316,1.97,2.034
8839346,0.01072756,0.00925295850684237,1.969,2.034
1870961,0.01073261,0.009257674054468902,1.969,2.033
8485146,0.01075228,0.009275704089511524,1.968,2.033
13121602,0.01075584,0.009278977234334646,1.968,2.032
12881819,0.01077712,0.009299337304675083,1.967,2.032
1877032,0.01077841,0.00930039136826219,1.967,2.031
234279,0.01080164,0.009321805502189733,1.967,2.03
12374004,0.01080205,0.009321971933282436,1.966,2.03
15469709,0.01082469,0.00934333059017908,1.966,2.029
556500,0.01082685,0.009345605148445993,1.965,2.029
11381937,0.01084725,0.009364855678168424,1.965,2.028
16584721,0.01085186,0.00936879454736235,1.964,2.028
4334957,0.01087126,0.009386436243188669,1.964,2.027
2913270,0.0108769,0.009390430589413495,1.963,2.027
699592,0.01089775,0.009408072285239814,1.963,2.026
18022629,0.01090185,0.00941195567740284,1.962,2.026
14164035,0.01092065,0.00942976380432186,1.962,2.025
17837659,0.01092704,0.00943431292085569,1.961,2.025
7994560,0.01094282,0.009451510800434807,1.961,2.024
5301991,0.01095225,0.00945955496991536,1.96,2.024
14639707,0.01096849,0.009473313273578653,1.96,2.023
4898427,0.01097749,0.009480858149781104,1.959,2.023
1877147,0.01099292,0.0094951157467225,1.959,2.022
5232839,0.01100275,0.009504435887913764,1.958,2.022
12087175,0.01101581,0.009517029173928148,1.958,2.021
16388900,0.01102823,0.009528956735571728,1.957,2.021
17571646,0.01103925,0.009538942601133795,1.957,2.02
7208086,0.01105355,0.00955153588714818,1.956,2.02
17913106,0.01106567,0.009560966982401243,1.956,2.019
16618423,0.01107902,0.00957239525076672,1.955,2.019
318304,0.01109066,0.009582991363668691,1.955,2.018
7045797,0.01110464,0.00959469701718867,1.954,2.018
17650705,0.01111805,0.00960507122196704,1.954,2.017
14994370,0.01113013,0.009616665921425219,1.953,2.017
7086324,0.01114085,0.00962720655729629,1.953,2.016
13487200,0.01115585,0.009638801256754467,1.952,2.016
2336330,0.01116711,0.009649397369656438,1.952,2.015
9810704,0.01118153,0.00966304471925793,1.951,2.015
14498197,0.01119318,0.009671643659047489,1.951,2.014
11493620,0.01120736,0.009684958146463578,1.95,2.014
12999935,0.01121797,0.009693945425469438,1.95,2.013
17323067,0.01123326,0.009707703729132731,1.949,2.013
3613002,0.01124414,0.009716302668922289,1.949,2.012
5740772,0.01125915,0.009729339771183877,1.948,2.012
12173935,0.01126863,0.009738715389406039,1.948,2.011
6775174,0.01128503,0.00975214083088393,1.947,2.011
17117525,0.01129569,0.00976112810988979,1.947,2.01
14030651,0.01131102,0.009773776872935076,1.946,2.01
10357391,0.01132194,0.009783651784435342,1.946,2.009
2354801,0.01133728,0.009797465565129535,1.945,2.009
6303898,0.01134602,0.009806230936011793,1.945,2.008
10438693,0.01136324,0.009821265211385795,1.944,2.008
6139345,0.01137037,0.009828810087588246,1.944,2.007
849996,0.01138939,0.009846618214507266,1.943,2.007
16303664,0.01139512,0.009851500193226498,1.943,2.006
8727841,0.01141575,0.009868309733589311,1.942,2.006
8489265,0.01142242,0.009874190298864752,1.942,2.005
1229948,0.01144197,0.009891610086567469,1.941,2.005
2249750,0.01144779,0.009896935881533904,1.941,2.004
13282052,0.01146833,0.009915021393607426,1.94,2.004
4895789,0.01147407,0.009919736941233957,1.94,2.003
3693864,0.01149482,0.009939098425018188,1.939,2.003
6251470,0.0114986,0.009942648954995812,1.939,2.002
13334053,0.01152131,0.009962731640181747,1.938,2.002
6521574,0.01152477,0.009965560968757666,1.938,2.001
3657633,0.01154787,0.009985699130974501,1.937,2.001
13037389,0.01155132,0.00998852845955042,1.937,2.0
9036680,0.0115745,0.010011329519250474,1.936,2.0
4655690,0.01157464,0.010011551427374076,1.936,1.999
8936938,0.01160114,0.010033742239734226,1.935,1.999
10889343,0.01160235,0.010034629872228631,1.935,1.998
13144050,0.01162788,0.010056987115681482,1.934,1.998
8969015,0.01162878,0.010057763794114086,1.934,1.997
14007771,0.01165307,0.010080953193030442,1.934,1.996
4910752,0.01165472,0.010082173687710251,1.933,1.996
9994160,0.0116776,0.010104198068977699,1.933,1.995
2212689,0.01168157,0.010107915030048023,1.932,1.995
10476067,0.01170244,0.010127498421955856,1.932,1.994
1942298,0.01170861,0.010134710435972905,1.931,1.994
52256,0.01172761,0.010150798774934014,1.931,1.993
2872468,0.0117356,0.010157067679425756,1.93,1.993
10438687,0.01175598,0.01017421008197397,1.93,1.992
5366233,0.01176254,0.010179535876940406,1.929,1.992
8985470,0.0117821,0.010197676866044829,1.929,1.991
5529156,0.01178966,0.010204611494907374,1.928,1.991
14097161,0.01180673,0.010221199127146587,1.928,1.99
4190692,0.01181684,0.010231406900832254,1.927,1.99
16407434,0.01183199,0.010244721388248345,1.927,1.989
1052602,0.01184406,0.01025603870255202,1.926,1.989
12364470,0.01185909,0.010268354603411904,1.926,1.988
1737113,0.01187147,0.010280282165055485,1.925,1.988
2114559,0.01188482,0.010292043295606363,1.925,1.987
487107,0.01189883,0.01030502492083705,1.924,1.987
890629,0.01191019,0.010315731987800824,1.924,1.986
2538135,0.01192618,0.010332208665978233,1.923,1.986
5375932,0.01193424,0.010339531634057084,1.923,1.985
4710126,0.01195364,0.010357284283945202,1.922,1.985
11182916,0.01196083,0.010363386757344243,1.922,1.984
10783888,0.0119812,0.010382970149252076,1.921,1.984
14644470,0.01198561,0.010387241880631405,1.921,1.983
2721872,0.01200887,0.010407768382064543,1.92,1.983
3497480,0.01201354,0.010411207957980366,1.92,1.982
5209194,0.01203653,0.010433121385186013,1.919,1.982
541638,0.01203923,0.010435229512360226,1.919,1.981
9803548,0.01206425,0.010458862727523785,1.918,1.981
15596763,0.012065,0.010459251066740088,1.918,1.98
9170233,0.0120921,0.01048310619002725,1.917,1.98
4962805,0.01209238,0.010483383575181752,1.917,1.979
15255659,0.01212002,0.01050707226737621,1.916,1.979
6788130,0.01212047,0.010507516083623413,1.916,1.978
16647724,0.01214723,0.010531759546126876,1.916,1.977
13100377,0.01214789,0.010532647178621282,1.915,1.977
7282574,0.01217422,0.01055605848566124,1.915,1.976
5201363,0.01217598,0.010558055658773654,1.914,1.976
13186234,0.0122014,0.010580357425195603,1.914,1.975
1226297,0.01220404,0.01058274293752432,1.913,1.975
15777821,0.01222758,0.010604767318791768,1.913,1.974
9032953,0.01223208,0.010608650710954794,1.912,1.974
1848272,0.01225459,0.010629232689418833,1.912,1.973
1230023,0.0122603,0.010633060604550958,1.911,1.973
7925218,0.01228369,0.010653698060045897,1.911,1.972
17423415,0.01228869,0.010657914314394326,1.91,1.972
15669627,0.01231046,0.010678274384734763,1.91,1.971
1728403,0.01231691,0.010684099472979302,1.909,1.971
8400270,0.01233893,0.010702906186454529,1.909,1.97
14394571,0.01234527,0.010708509366575466,1.908,1.97
15872693,0.01236537,0.010727537988174295,1.908,1.969
6419451,0.01237374,0.010734639048129543,1.907,1.969
8931333,0.0123933,0.01075228074395586,1.907,1.968
7682936,0.01240238,0.010760768729683618,1.906,1.968
14656235,0.0124217,0.010777078976768328,1.906,1.967
13536983,0.01243092,0.010786121732805088,1.905,1.967
6632667,0.01245037,0.010801932686611695,1.905,1.966
7776677,0.01245954,0.010810309718277651,1.904,1.966
716592,0.012476,0.010826841873485963,1.904,1.965
11758135,0.01248829,0.010837826325604236,1.903,1.965
11314293,0.01250478,0.01085180653739113,1.903,1.964
17216645,0.01251704,0.0108621807421695,1.902,1.964
16159494,0.01253318,0.010876826678327199,1.902,1.963
127941,0.01254591,0.010888033038569075,1.901,1.963
12511274,0.01256025,0.010901846819263268,1.901,1.962
12946474,0.01257486,0.010914384628246752,1.9,1.962
10494084,0.01258731,0.010926977914261136,1.9,1.961
3261133,0.01260379,0.010941901235573337,1.899,1.961
13957656,0.01261549,0.010952219963320806,1.899,1.96
16966215,0.01263285,0.010967254238694808,1.898,1.96
10596684,0.01264292,0.010977462012380475,1.898,1.959
8530506,0.0126621,0.010995048231175895,1.897,1.959
1999777,0.01267179,0.011002759538471046,1.897,1.958
11341276,0.01269115,0.011019790986957462,1.896,1.958
2741146,0.01270081,0.011028112541592517,1.896,1.957
14007558,0.01272045,0.011046697346944141,1.895,1.957
9406917,0.01272863,0.011053521021744887,1.895,1.956
14785097,0.01274972,0.011070829855385805,1.894,1.956
10559385,0.01275832,0.01107904045595906,1.894,1.955
17417551,0.0127791,0.01109845741677419,1.893,1.955
6634910,0.01278713,0.011104559890173232,1.893,1.954
287257,0.01280858,0.011124587098328266,1.892,1.954
14501794,0.01281347,0.011130134801418303,1.892,1.953
4826623,0.01283819,0.011155154942354372,1.891,1.953
6086467,0.0128388,0.011155820666725177,1.891,1.952
17606520,0.01286772,0.01118011960625954,1.89,1.952
1664032,0.01286927,0.01118150653203205,1.89,1.951
5707176,0.01289709,0.011207303351400723,1.89,1.95
16089310,0.01289737,0.011207469782493424,1.889,1.95
16361603,0.01292491,0.011233155647800298,1.889,1.949
16782270,0.01292707,0.011234930912789109,1.888,1.949
18004439,0.01295273,0.01125900794419987,1.888,1.948
13767808,0.01295689,0.011262780382301097,1.887,1.948
15225164,0.01298051,0.011284971194661245,1.887,1.947
14006730,0.01298674,0.011291295576183889,1.886,1.947
3327997,0.01300819,0.01131098992215352,1.886,1.946
1072723,0.0130167,0.011318978614603174,1.885,1.946
3743138,0.01303637,0.011337064126676696,1.885,1.945
13728659,0.01304668,0.011346051405682556,1.884,1.945
1788213,0.01306401,0.011363193808230773,1.884,1.944
15345570,0.01307676,0.011375620663152456,1.883,1.944
5184973,0.01309312,0.011389378966815748,1.883,1.943
1090046,0.01310703,0.01140152843658293,1.882,1.943
2844294,0.01312202,0.011415675079462525,1.882,1.942
5643362,0.01313718,0.011429877199373021,1.881,1.942
17390159,0.01315207,0.011441971192109303,1.881,1.941
1467819,0.01316743,0.011456949990452403,1.88,1.941
2877682,0.01317832,0.01146837825881788,1.88,1.94
17861717,0.01319776,0.011486741156045904,1.879,1.94
14320939,0.01320743,0.011494785325526457,1.879,1.939
1658014,0.01322818,0.011512149636198274,1.878,1.939
599610,0.01323888,0.011521303346296837,1.878,1.938
11436614,0.01325868,0.011537835501505148,1.877,1.938
11638861,0.01326969,0.011547821367067215,1.877,1.937
5731394,0.01328925,0.011565574016955333,1.876,1.937
6842101,0.01330011,0.011574450341899394,1.876,1.936
18008679,0.01331999,0.01159314610131282,1.875,1.936
15764608,0.01332815,0.011601134793762473,1.875,1.935
10579259,0.01335062,0.011621938680350113,1.874,1.935
13956922,0.01335681,0.011627874722656454,1.874,1.934
8936754,0.01338139,0.0116498991039239,1.873,1.934
6382287,0.01338722,0.011654725605612233,1.873,1.933
11461176,0.01341226,0.011677526665312287,1.872,1.933
5741162,0.01341704,0.011681576488568015,1.872,1.932
4347464,0.01344329,0.011705542565916976,1.871,1.932
11387278,0.01344642,0.011708482848554696,1.871,1.931
9852709,0.0134742,0.01173305917324356,1.87,1.931
17174095,0.01347673,0.011735500162603177,1.87,1.93
1604751,0.01350518,0.011762351045558958,1.869,1.93
17504286,0.01350543,0.01176251747665166,1.869,1.929
17342607,0.01353634,0.011789590267731041,1.868,1.929
3681947,0.01353637,0.011789645744761943,1.868,1.928
15824059,0.01356617,0.011816829489903124,1.868,1.927
4097428,0.01356755,0.01181766164536663,1.867,1.927
15487749,0.01359605,0.011844068712075209,1.867,1.926
2132173,0.0135988,0.011846953517682028,1.866,1.926
16189247,0.01362493,0.011871363411278191,1.866,1.925
12078053,0.01363014,0.011876911114368229,1.865,1.925
10573912,0.01365503,0.011898713587512075,1.865,1.924
8955563,0.01366165,0.011904649629818416,1.864,1.924
3462288,0.01368659,0.01192617471780776,1.864,1.923
2394226,0.01369311,0.011932388145268603,1.863,1.923
1884526,0.01371738,0.011953635848103446,1.863,1.922
5466328,0.01372482,0.011960514999935092,1.862,1.922
2142719,0.0137492,0.01198120793246093,1.862,1.921
12291875,0.01375625,0.011987865176168976,1.861,1.921
4415962,0.0137787,0.012008835493849316,1.861,1.92
734667,0.01378796,0.012016990617391672,1.86,1.92
14315308,0.01380929,0.012036518532268604,1.86,1.919
14644441,0.01381975,0.012045228426119962,1.859,1.919
14125681,0.01384091,0.01206425704771879,1.859,1.918
3423739,0.01385161,0.012074298390311758,1.858,1.918
13493270,0.0138705,0.012092106517230777,1.858,1.917
11703872,0.01388359,0.012103590262627155,1.857,1.917
16081125,0.01390097,0.012119955986742766,1.857,1.916
6574141,0.01391554,0.01213415810665326,1.856,1.916
9164246,0.01393281,0.012147916410316553,1.856,1.915
7478303,0.0139478,0.012161619236948945,1.855,1.915
9661184,0.01396221,0.01217587683389034,1.855,1.914
12283044,0.01397977,0.012191410402542445,1.854,1.914
15617029,0.01399415,0.01220394821152593,1.854,1.913
4277304,0.0140122,0.012221478953290447,1.853,1.913
16062948,0.01402448,0.01223207506619242,1.853,1.912
15005718,0.01404436,0.012249328422802436,1.852,1.912
10971373,0.01405727,0.01226031287492071,1.852,1.911
8432441,0.01407672,0.012278398386994231,1.851,1.911
11765038,0.01408816,0.012288550683648999,1.851,1.91
9589350,0.01410923,0.012307690259309629,1.85,1.91
17537226,0.01411932,0.01231689944643909,1.85,1.909
1391801,0.01414173,0.012339589552077344,1.849,1.909
3322468,0.01414795,0.012345303686260082,1.849,1.908
804647,0.01417446,0.012370878597505153,1.848,1.908
13192794,0.01417772,0.012373763403111974,1.848,1.907
4010254,0.01420705,0.012400836194191356,1.847,1.907
11921278,0.01420855,0.012402278596994765,1.847,1.906
11757995,0.01423876,0.012430849267908457,1.847,1.905
1996836,0.01423968,0.012431681423371962,1.846,1.905
9344517,0.01427127,0.01245953089288395,1.846,1.904
893938,0.01427253,0.012460474002409256,1.845,1.904
15286664,0.01430058,0.012488212517859443,1.845,1.903
7293302,0.01430547,0.012492317818146071,1.844,1.903
17855192,0.01433041,0.012517005096896737,1.844,1.902
9474650,0.01433843,0.012523717817635682,1.843,1.902
3908754,0.01436084,0.012545853152964932,1.843,1.901
10915324,0.01437144,0.0125559499725888,1.842,1.901
11557111,0.01439192,0.012574812163094926,1.842,1.9
1983245,0.01440464,0.012584853505687894,1.841,1.9
10271787,0.0144259,0.01260377117322492,1.841,1.899
1559921,0.0144378,0.01261403442394149,1.84,1.899
10454358,0.01445931,0.012632841137416716,1.84,1.898
13418720,0.01447108,0.012645656331554702,1.839,1.898
9654830,0.01448925,0.012661966578639413,1.839,1.897
4372872,0.01450451,0.012675059157931901,1.838,1.897
5195725,0.01452242,0.01269114749689301,1.838,1.896
6553497,0.01453796,0.012704461984309098,1.837,1.896
8717026,0.01455653,0.012720383892177506,1.837,1.895
12129684,0.01457152,0.012734752443180702,1.836,1.895
7396151,0.01458866,0.012749731241523803,1.836,1.894
17859103,0.0146051,0.012764710039866903,1.835,1.894
2406769,0.0146214,0.012779134067901002,1.835,1.893
14020441,0.01463867,0.01279533336092391,1.834,1.893
13762826,0.01465425,0.012808592371309099,1.834,1.892
16828107,0.0146724,0.01282645597525902,1.833,1.892
14537209,0.01468565,0.012838106151748099,1.833,1.891
5700823,0.01470626,0.012855969755698018,1.832,1.891
3172692,0.01471967,0.012867675409217997,1.832,1.89
881549,0.01474018,0.012887036893002227,1.831,1.89
3324843,0.01475187,0.012897355620749697,1.831,1.889
8879190,0.01477408,0.012920933358882355,1.83,1.889
11698164,0.01478056,0.012927091309312296,1.83,1.888
4865724,0.01480816,0.012952111450248365,1.829,1.888
2576931,0.01481331,0.012956882474905796,1.829,1.887
10559096,0.01484236,0.01298101498334746,1.828,1.887
6958308,0.01484862,0.012986784594561098,1.828,1.886
8579556,0.01487649,0.013012026643620769,1.827,1.886
13741107,0.01488079,0.013016686714216399,1.827,1.885
11307774,0.01491087,0.013041096607812564,1.826,1.885
7015285,0.01491666,0.013046699787933502,1.826,1.884
13003453,0.01494517,0.013072274699178574,1.825,1.884
9814110,0.01494961,0.013076768338681504,1.825,1.883
7258404,0.01497968,0.013103508267575484,1.824,1.883
17926651,0.0149838,0.013106947843491307,1.824,1.882
15176129,0.01501413,0.013134852790034195,1.823,1.882
9134301,0.0150167,0.01313712734830111,1.823,1.881
8518638,0.01504877,0.013165420634060301,1.822,1.881
1414485,0.01505076,0.013167417807172715,1.822,1.88
5378447,0.01508345,0.013197153495735314,1.821,1.88
17466672,0.01508413,0.013197763743075219,1.821,1.879
16807770,0.01511801,0.013228220633039522,1.821,1.878
11307209,0.01511832,0.013228498018194024,1.82,1.878
12760668,0.01515097,0.013258677523003828,1.82,1.877
13931589,0.01515309,0.01326050826502354,1.819,1.877
9223879,0.01518559,0.013289245367029934,1.819,1.876
7925569,0.01518798,0.013291408971235048,1.818,1.876
11197802,0.01521946,0.01331992416511784,1.818,1.875
3261177,0.01522302,0.01332275349369376,1.817,1.875
8944321,0.01525365,0.013350602963205747,1.817,1.874
9324668,0.01525812,0.013354375401306972,1.816,1.874
11206729,0.01528707,0.013381392715355454,1.816,1.873
5446863,0.01529327,0.013388493775310702,1.815,1.873
2216955,0.01532164,0.013412237944536061,1.815,1.872
7090180,0.01532854,0.013418395894966004,1.814,1.872
13339519,0.01535551,0.013443138650747569,1.814,1.871
17123326,0.01536393,0.013451293774289925,1.813,1.871
4852522,0.01538927,0.013474150311020878,1.813,1.87
12920273,0.0153993,0.013483969745490244,1.812,1.87
5226228,0.01541985,0.013505217448325087,1.812,1.869
1443216,0.01543478,0.013517089532937768,1.811,1.869
8542288,0.01545683,0.013536340062660197,1.811,1.868
13402678,0.01547044,0.013549488118983585,1.81,1.868
4805641,0.01549092,0.013567518154026207,1.81,1.867
15927712,0.01550602,0.013580277871133292,1.809,1.867
2020883,0.01552816,0.013598807199454017,1.809,1.866
15657848,0.01554191,0.0136111231003139,1.808,1.866
10715381,0.01556208,0.013630151721912728,1.808,1.865
13790248,0.01557767,0.013644298364792324,1.807,1.865
12188583,0.01559687,0.01366155172140234,1.807,1.864
8871181,0.01561351,0.013679026986135956,1.806,1.864
2015276,0.01562897,0.013693062674953752,1.806,1.863
14970890,0.01564956,0.013712368681707082,1.805,1.863
7862520,0.01566419,0.013724629105536065,1.805,1.862
5403941,0.01568575,0.013744267974474797,1.804,1.862
5214813,0.01569936,0.013756251013149277,1.804,1.861
5373781,0.01572181,0.013776999422706016,1.803,1.861
3425239,0.0157336,0.01378798387482429,1.803,1.86
2652025,0.01575816,0.013808954192504632,1.802,1.86
9205028,0.01577034,0.013819772213530205,1.802,1.859
5211756,0.01579429,0.013842184934013955,1.801,1.859
17405474,0.01580376,0.013851616029267018,1.801,1.858
5213270,0.01583071,0.013876580693172186,1.8,1.858
13849538,0.01583863,0.013883570799065634,1.8,1.857
6322344,0.01586734,0.013909534049527009,1.799,1.857
13993602,0.01587406,0.013915581045895149,1.799,1.856
12111245,0.01590383,0.013945594119612251,1.798,1.856
2982176,0.01590584,0.013947646769755564,1.798,1.855
4393284,0.01593956,0.01397982344767778,1.798,1.854
5284118,0.01594044,0.013980655603141287,1.797,1.854
2015395,0.01597241,0.014012000125599998,1.797,1.853
9486252,0.01597726,0.01401677115025743,1.796,1.853
7594376,0.01600674,0.014044343234614915,1.796,1.852
1161366,0.01601408,0.014051222386446563,1.795,1.852
4849767,0.01604138,0.014076686343629833,1.795,1.851
13545349,0.01605093,0.014084952421233988,1.794,1.851
8320079,0.01607758,0.014109140406706551,1.794,1.85
5068945,0.01608801,0.014117683869465209,1.793,1.85
3494541,0.01611498,0.01414164994681417,1.793,1.849
14647677,0.01612505,0.014150304363634628,1.792,1.849
8339482,0.01615124,0.01417427044098359,1.792,1.848
4116852,0.01616231,0.014185088462009162,1.791,1.848
16770083,0.01618482,0.01420694641218391,1.791,1.847
14186308,0.01619951,0.014220482807723601,1.79,1.847
2336349,0.01621976,0.01423967786041513,1.79,1.846
3193946,0.01623682,0.014255766199376239,1.789,1.846
9215829,0.01625606,0.01427252026270815,1.789,1.845
5916784,0.01627428,0.014288442170576558,1.788,1.845
594546,0.0162917,0.014305418142032072,1.788,1.844
2897266,0.0163119,0.014323836516290997,1.787,1.844
7427392,0.01632737,0.014338426975417795,1.787,1.843
8375360,0.01634939,0.014357566551078423,1.786,1.843
7736825,0.01636631,0.014371435808803517,1.786,1.842
16414559,0.01638709,0.014389576797907939,1.785,1.842
12484302,0.01640382,0.01440461107328194,1.785,1.841
16331649,0.01642491,0.01442530400580778,1.784,1.841
10529480,0.01643786,0.014437786337760364,1.784,1.84
15086441,0.01646272,0.014460143581213215,1.783,1.84
2003701,0.0164742,0.014471072556300587,1.783,1.839
10357593,0.01650066,0.01449503863364955,1.782,1.839
14927800,0.01651165,0.014504414251871711,1.782,1.838
10518812,0.01653865,0.014527270788602666,1.781,1.838
5827707,0.01655068,0.014537866901504637,1.781,1.837
4818135,0.01657688,0.014560335099019288,1.78,1.837
2095728,0.01658878,0.014571375028168462,1.78,1.836
1950808,0.01661499,0.01459761566378434,1.779,1.836
15318963,0.01662303,0.01460499410889409,1.779,1.835
10635270,0.01665332,0.014634452412302186,1.778,1.835
10767602,0.01665779,0.014638668666650615,1.778,1.834
17631144,0.0166917,0.014671011775665533,1.777,1.834
3957265,0.01669375,0.014672398701438043,1.777,1.833
11434285,0.01673022,0.014704408948267557,1.776,1.833
3116676,0.01673195,0.01470618421325637,1.776,1.832
3475265,0.01676744,0.014740136156167398,1.776,1.831
8566551,0.01676892,0.014741356650847207,1.775,1.831
1760685,0.01680209,0.014774088099078427,1.775,1.83
1980417,0.01680744,0.014779580325137563,1.774,1.83
8566552,0.01683818,0.014808150996051256,1.774,1.829
14485984,0.01684613,0.014815529441161006,1.773,1.829
17245092,0.01687383,0.014842269370054985,1.773,1.828
9854390,0.01688503,0.014851977850462552,1.772,1.828
16388914,0.01691219,0.014876498698120516,1.772,1.827
11226895,0.01692397,0.014887816012424192,1.771,1.827
9554984,0.01694584,0.014910783503216946,1.771,1.826
14322508,0.01696294,0.01492603968671455,1.77,1.826
17249698,0.01698491,0.014945179262375178,1.77,1.825
4550400,0.01700203,0.014962599050077895,1.769,1.825
329636,0.01701904,0.01497963049856431,1.769,1.824
14051576,0.01704126,0.015001155586553655,1.768,1.824
9529678,0.01705513,0.015014137211784342,1.768,1.823
1019223,0.01708055,0.015038713536473208,1.767,1.823
17948274,0.01709048,0.015048754879066175,1.767,1.822
17123985,0.01711988,0.015076160532330959,1.766,1.822
14472410,0.01712752,0.015083428023378908,1.766,1.821
11394483,0.0171594,0.0151120541713235,1.765,1.821
16266370,0.01716485,0.015118212121753443,1.765,1.82
16775906,0.01719888,0.015149612121243054,1.764,1.82
10496519,0.01720187,0.015153051697158876,1.764,1.819
16410079,0.01723865,0.015187336502255308,1.763,1.819
11868642,0.0172392,0.015188002226626113,1.763,1.818
17182069,0.01727675,0.015223008233124247,1.763,1.817
3139437,0.01727832,0.015224561589989458,1.762,1.817
5800222,0.01731507,0.015258125193684184,1.762,1.816
10345157,0.01731814,0.015261342861476406,1.761,1.816
12004189,0.01735277,0.015293297631275021,1.761,1.815
6895824,0.01735804,0.015298567949210556,1.76,1.815
4488172,0.01739168,0.015328525545896757,1.76,1.814
5643701,0.01739804,0.015333740386801393,1.759,1.814
10034555,0.01743128,0.015363864414580295,1.759,1.813
6067455,0.01743818,0.015370688089381041,1.758,1.813
11966340,0.01746924,0.015399314237325634,1.758,1.812
8019563,0.01747843,0.015408523424455096,1.757,1.812
15290175,0.01750901,0.015434819537101874,1.757,1.811
17318987,0.01751865,0.015444528017509439,1.756,1.811
2600393,0.01754729,0.015470380313909012,1.756,1.81
10071049,0.01755921,0.015481642151181788,1.755,1.81
11007029,0.01758683,0.015506052044777953,1.755,1.809
13840569,0.0175996,0.015517979606421532,1.754,1.809
10004245,0.01762748,0.015541779252677792,1.754,1.808
2432767,0.01764019,0.015554317061661278,1.753,1.808
9422427,0.01766687,0.015577617414639434,1.753,1.807
5653067,0.01768079,0.015591320241271826,1.752,1.807
9670090,0.01770305,0.015613511053631976,1.752,1.806
2354864,0.01772149,0.01563032059399479,1.751,1.806
8610518,0.01774173,0.01564951564668632,1.751,1.805
11953202,0.01776241,0.01566743472766714,1.75,1.805
11926216,0.01778279,0.015685575716771562,1.75,1.804
14414595,0.01780332,0.015704215999154086,1.749,1.804
1938611,0.017822,0.015721746740918602,1.749,1.803
3119755,0.01784432,0.01574327182890795,1.748,1.803
5037156,0.01786056,0.01575797324209655,1.748,1.802
6304230,0.01788556,0.015779331898993193,1.747,1.802
15379220,0.01790366,0.015794310697336292,1.747,1.801
1664811,0.01792669,0.015815502923140237,1.746,1.801
2550960,0.01794291,0.015830703629606938,1.746,1.8
10438592,0.01796805,0.015855446385388505,1.745,1.8
9765817,0.01798018,0.015867207515939383,1.745,1.799
12954089,0.01800954,0.015892116702813652,1.744,1.799
5713118,0.0180216,0.015903766879302728,1.744,1.798
7435288,0.01805098,0.015929230836486,1.743,1.798
15482937,0.01806363,0.015940437196727875,1.743,1.797
4173914,0.01809265,0.015968619528425265,1.742,1.797
11075973,0.0181014,0.015977218468214822,1.742,1.796
2166527,0.01813434,0.01600945062316794,1.741,1.796
477667,0.01813899,0.016014055216732673,1.741,1.795
9084983,0.01817615,0.016049671470570712,1.74,1.795
7671484,0.01817702,0.01605094744228142,1.74,1.794
3939518,0.01821367,0.01608795062189197,1.74,1.793
2190374,0.01821799,0.016092055922178595,1.739,1.793
1649138,0.01825284,0.016125064755564317,1.739,1.792
1888276,0.01826014,0.016131832953334164,1.738,1.792
442835,0.01829307,0.01616223436626757,1.738,1.791
12398153,0.01830213,0.016170888783088026,1.737,1.791
3876014,0.01833385,0.016199459454001718,1.737,1.79
1779083,0.01834437,0.01620855768706938,1.736,1.79
2743654,0.01837807,0.016236795495797672,1.736,1.789
12031732,0.01838675,0.016244784188247326,1.735,1.789
15002423,0.01841644,0.016274242491655422,1.735,1.788
15306035,0.01842894,0.01628700220876251,1.734,1.788
17492029,0.01845264,0.016311744964544076,1.734,1.787
15185234,0.0184715,0.01632866545896869,1.733,1.787
2700954,0.01849398,0.01634935839149453,1.733,1.786
11879651,0.01851401,0.016368553444186057,1.732,1.786
7776188,0.01853481,0.016387027295475882,1.732,1.785
9881960,0.01855672,0.01640749831987812,1.731,1.785
9829080,0.01857865,0.016424807153519037,1.731,1.784
6574552,0.01859948,0.016444390545426867,1.73,1.784
16014900,0.01861978,0.016462697965623992,1.73,1.783
6816857,0.01864237,0.016481726587222818,1.729,1.783
1035386,0.01866293,0.016500644254759847,1.729,1.782
16072273,0.0186853,0.016519950261513178,1.728,1.782
6348980,0.01870607,0.0165387014979575,1.728,1.781
16686236,0.0187284,0.01656050397110135,1.727,1.781
4211740,0.0187439,0.016576814218186058,1.727,1.78
10125178,0.01877156,0.01660211174427663,1.726,1.78
14625375,0.01878558,0.016615037892476415,1.726,1.779
7146392,0.01881483,0.01664394142557551,1.725,1.779
3126805,0.01882543,0.016653317043797675,1.725,1.778
2671455,0.0188582,0.016683607502669277,1.724,1.778
8946474,0.01886785,0.01669170714918073,1.724,1.777
13274408,0.01890181,0.01671977852681632,1.723,1.777
2855396,0.01891195,0.016730208208625592,1.723,1.776
506258,0.01894529,0.0167610534378062,1.722,1.776
16942919,0.01895424,0.01676876474510135,1.722,1.775
6429095,0.01898891,0.016799388066158355,1.721,1.775
7276657,0.01899653,0.016807432235638912,1.721,1.774
11753667,0.01903271,0.016844934708527562,1.72,1.774
4042529,0.01903365,0.016846155203207373,1.72,1.773
6236569,0.01907256,0.016884989124837633,1.72,1.772
1282536,0.01907679,0.016888650608877058,1.719,1.772
2271598,0.01911375,0.016923934000529696,1.719,1.771
5927813,0.01912074,0.016930091950959635,1.718,1.771
1287169,0.01915247,0.01696293435325266,1.718,1.77
13985214,0.01916463,0.016974140713494533,1.717,1.77
8716825,0.0191926,0.01700204566003742,1.717,1.769
12541538,0.01920879,0.017016081348855214,1.716,1.769
8839955,0.01923729,0.017041212443853083,1.716,1.768
4382044,0.01925322,0.01705552551782538,1.715,1.768
10814312,0.01927829,0.017080490181730548,1.715,1.767
12609309,0.01929746,0.017098076400525967,1.714,1.767
8931373,0.01932113,0.01711987887366981,1.714,1.766
9247462,0.01934195,0.017139628696670347,1.713,1.766
11861132,0.01936231,0.01715932304263998,1.713,1.765
11431514,0.01938678,0.017182346010463635,1.712,1.765
1680895,0.01940423,0.017198878165671946,1.712,1.764
9485653,0.01943122,0.017222622334897304,1.711,1.764
5962283,0.01945002,0.017238544242765712,1.711,1.763
3551635,0.01947606,0.01726073505512586,1.71,1.763
14363748,0.01949529,0.017278265796890378,1.71,1.762
4502920,0.01952099,0.017304284524382655,1.709,1.762
17391304,0.01953555,0.017318098305076846,1.709,1.761
12930133,0.01956593,0.01734639159083604,1.708,1.761
4783114,0.01957896,0.017358041767325118,1.708,1.76
10073559,0.01961105,0.017388221272134918,1.707,1.76
5397878,0.01962232,0.017398040706604286,1.707,1.759
15380416,0.01965623,0.017432214557638916,1.706,1.759
752062,0.01966203,0.017438150599945256,1.706,1.758
7895542,0.01970155,0.017473433991597894,1.705,1.758
3335931,0.01970691,0.017478371447348026,1.705,1.757
13613316,0.01974699,0.017514043178216965,1.704,1.757
11917545,0.01975229,0.017518647771781696,1.704,1.756
10457660,0.01979249,0.017557259785288357,1.703,1.756
17748109,0.01979492,0.01755903505027717,1.703,1.755
15646719,0.01983814,0.017596814908320324,1.702,1.755
11075228,0.01984121,0.01759953328283444,1.702,1.754
619508,0.01988384,0.017638422681495604,1.701,1.754
219869,0.01988523,0.017640086992422616,1.701,1.753
11093308,0.01992971,0.01767814423562027,1.7,1.753
11625721,0.01993289,0.017680751656072587,1.7,1.752
5153542,0.01997546,0.017721527273784364,1.7,1.751
851182,0.0199758,0.017721693704877063,1.699,1.751
9098025,0.02001889,0.017762358368527038,1.699,1.75
13850624,0.02002167,0.017765354128195656,1.698,1.75
12380719,0.0200635,0.017803300417331514,1.698,1.749
5319840,0.02006788,0.017807905010896245,1.697,1.749
9533940,0.02010593,0.01784435342019779,1.697,1.748
14712964,0.02011417,0.017851565434214837,1.696,1.748
12377975,0.02014948,0.017885461900094966,1.696,1.747
6380849,0.02016044,0.017896390875182338,1.695,1.747
3105762,0.02019329,0.017926736811084844,1.695,1.746
446221,0.02020701,0.017939163666006525,1.694,1.746
13927446,0.0202394,0.017968011722074722,1.694,1.745
8227430,0.02025361,0.017982324796047017,1.693,1.745
8975160,0.02028229,0.0180094530641573,1.693,1.744
12694123,0.02030026,0.018028315254663425,1.692,1.744
2232111,0.02032301,0.01805094988327078,1.692,1.743
6996628,0.02034728,0.018074416667341636,1.691,1.743
17752115,0.02036681,0.01809261313347696,1.691,1.742
13722385,0.0203939,0.018118077090660233,1.69,1.742
1897963,0.02041213,0.01813427638368314,1.69,1.741
14195712,0.02044093,0.018161959422102428,1.689,1.741
11281805,0.02045853,0.01817610606498202,1.689,1.74
10731585,0.02048814,0.018202291223566997,1.688,1.74
3099925,0.02050405,0.018217991223311802,1.688,1.739
10483699,0.02053529,0.018246450940163694,1.687,1.739
17049125,0.02055007,0.018259987335703387,1.687,1.738
11457403,0.02058264,0.018291220904100295,1.686,1.738
13630899,0.02059449,0.01830209440215677,1.686,1.737
10813958,0.02063006,0.01833477037335709,1.685,1.737
8312454,0.02063979,0.018344256945641055,1.685,1.736
6904194,0.02067763,0.0183804279697881,1.684,1.736
4250672,0.02068465,0.018386585920218038,1.684,1.735
9765512,0.02072536,0.018424698640446595,1.683,1.735
13652639,0.02072986,0.018428970371825924,1.683,1.734
7723052,0.02077311,0.01846869192595059,1.682,1.734
8884303,0.02077639,0.01847141030046471,1.682,1.733
12921326,0.02082114,0.018513905706134395,1.681,1.733
16432203,0.02082123,0.018514016660196194,1.681,1.732
17661214,0.02086522,0.018556678496958582,1.681,1.731
17321207,0.02086906,0.01856078379724521,1.68,1.731
16933180,0.02091075,0.01859945128778277,1.68,1.73
1970545,0.02091703,0.018605553761181812,1.679,1.73
7711914,0.02095513,0.01864233503266876,1.679,1.729
8454497,0.02096528,0.018652265421199927,1.678,1.729
4753137,0.0209998,0.01868532973161655,1.678,1.728
790678,0.0210136,0.018698311356847234,1.677,1.728
17029059,0.02104555,0.01872837990759524,1.677,1.727
7864751,0.02106205,0.018742304642351233,1.676,1.727
807950,0.0210927,0.01877159651466663,1.676,1.726
8574377,0.02111068,0.018789016302369347,1.675,1.726
4188268,0.02113748,0.018814868598768922,1.675,1.725
2641125,0.0211593,0.018835949870511064,1.674,1.725
11535063,0.0211859,0.018858196159902113,1.674,1.724
8476003,0.02120814,0.018880553403354962,1.673,1.724
9920505,0.02122938,0.018901690152128003,1.673,1.723
17164035,0.02125691,0.018927043155249474,1.672,1.723
16012233,0.02127509,0.018945239621384797,1.672,1.722
1745160,0.02130593,0.018971757642155175,1.671,1.722
830395,0.0213251,0.018988955521734293,1.671,1.721
14161065,0.02135508,0.019019412411698598,1.67,1.721
2044654,0.02136856,0.019032726899114685,1.67,1.72
14144272,0.02140428,0.019065735732500408,1.669,1.72
10588610,0.02141506,0.01907660923055688,1.669,1.719
10962478,0.02145365,0.019111282374869615,1.668,1.719
4933084,0.02146304,0.01912054703902998,1.668,1.718
15141454,0.02150308,0.01915688449426972,1.667,1.718
14263665,0.02151084,0.019164651278595773,1.667,1.717
14223375,0.02155262,0.019203263292102434,1.666,1.717
6364330,0.02155843,0.01920881099519247,1.666,1.716
515897,0.02160237,0.019250862584614954,1.665,1.716
705546,0.02160468,0.01925308166585097,1.665,1.715
1921255,0.02165029,0.01929746329057127,1.665,1.714
7565106,0.02165211,0.01929896117040558,1.664,1.714
10071653,0.02169687,0.019341955869353368,1.664,1.713
4041875,0.02170205,0.019347115233227102,1.663,1.713
9453717,0.02174402,0.019386559402197266,1.663,1.712
10113035,0.02175212,0.01939415975543062,1.662,1.712
2529394,0.02178986,0.019431218412072068,1.662,1.711
4955377,0.02180221,0.019443589789962853,1.661,1.711
2483708,0.02183479,0.01947604385303957,1.661,1.71
2026930,0.02185249,0.01949279791637148,1.66,1.71
15591758,0.02188168,0.01952092477103797,1.66,1.709
17300638,0.0219029,0.019542505336058218,1.659,1.709
11066746,0.02192754,0.019565916643098175,1.659,1.708
13798202,0.02195331,0.019589938197478035,1.658,1.708
4247531,0.02197482,0.019611019469220177,1.658,1.707
6797325,0.022004,0.019638480599515864,1.657,1.707
1632112,0.02202387,0.019656233249403982,1.657,1.706
2592221,0.02205472,0.019684637489224974,1.656,1.706
13568155,0.02207417,0.019701557983649587,1.656,1.705
9486952,0.02210561,0.019731903919552093,1.655,1.705
9589139,0.02212171,0.019746993671956994,1.655,1.704
679789,0.02215651,0.019778615579570207,1.654,1.704
11514735,0.0221716,0.019792484837295298,1.654,1.703
2354514,0.02220752,0.019824439607093916,1.653,1.703
12046505,0.02222216,0.019838142433726308,1.653,1.702
15361172,0.0222588,0.019872260807730035,1.652,1.702
5825135,0.02227102,0.019883855507188214,1.652,1.701
967372,0.02231003,0.019921191548984165,1.651,1.701
10032438,0.02231922,0.019929679534711923,1.651,1.7
1530046,0.02236153,0.019967681300878677,1.65,1.7
16024467,0.02236953,0.01997561451629743,1.65,1.699
13596095,0.0224131,0.020014171052773193,1.649,1.699
11806020,0.02242175,0.020021660451944742,1.649,1.698
13723464,0.02246467,0.020062436069656516,1.648,1.698
7045133,0.02247126,0.020067817341653853,1.648,1.697
10477075,0.02251654,0.02011053465544714,1.647,1.697
15492096,0.02252005,0.020114085185424763,1.647,1.696
3210909,0.02256839,0.020157523700619757,1.646,1.696
14476758,0.02257151,0.020160463983257475,1.646,1.695
6536148,0.02262045,0.020203791544390667,1.645,1.695
8584705,0.02262511,0.020206953735151988,1.645,1.694
4850421,0.02267256,0.02024734101364746,1.644,1.694
11568192,0.02267932,0.020253498964077403,1.644,1.693
439143,0.02272481,0.02029588341568529,1.643,1.693
9603143,0.0227289,0.020300210624095517,1.643,1.692
466339,0.02277724,0.020344092955537713,1.642,1.692
14286393,0.02278028,0.02034703323817543,1.642,1.691
2543894,0.02282895,0.020393911329286248,1.642,1.69
15911781,0.02282971,0.02039435514553345,1.641,1.69
5168943,0.02287762,0.020440900374458865,1.641,1.689
14966922,0.02288235,0.020446226169425298,1.64,1.689
8056610,0.02292773,0.02048805585072418,1.64,1.688
4860990,0.02293511,0.020494546663339525,1.639,1.688
15590380,0.02298004,0.0205352668040204,1.639,1.687
4055577,0.02298798,0.020542145955852045,1.638,1.687
3408183,0.02303248,0.020582644188409317,1.638,1.686
9477423,0.02304101,0.02059063288085897,1.637,1.686
10738478,0.02308157,0.020630077049829137,1.637,1.685
15750486,0.02309411,0.020641449841163714,1.636,1.685
2967458,0.02313313,0.020677620865310758,1.636,1.684
4258263,0.0231473,0.02069032510538694,1.635,1.684
4169900,0.02318489,0.020725275634854178,1.635,1.683
1320646,0.0232007,0.020739644185857373,1.634,1.683
16581817,0.02323889,0.0207730413584594,1.634,1.682
6053812,0.02325433,0.02078652227696819,1.633,1.682
1514805,0.0232905,0.020820973513157322,1.633,1.681
14311275,0.02330776,0.020837672099458332,1.632,1.681
522760,0.02334071,0.020868961144886143,1.632,1.68
16934667,0.02336151,0.02088726856508327,1.631,1.68
16606184,0.02339431,0.020917059730676767,1.631,1.679
6215806,0.02341537,0.02093520071978119,1.63,1.679
4038568,0.02344976,0.02096526927052919,1.63,1.678
1554763,0.0234693,0.020981967856830205,1.629,1.678
17034793,0.02350328,0.021013589764443417,1.629,1.677
2928102,0.02352344,0.021031619799486038,1.628,1.677
6394445,0.02355568,0.021062021212419443,1.628,1.676
9254902,0.02357765,0.021082048420574477,1.627,1.676
12994356,0.02361074,0.021110619091488172,1.627,1.675
11623598,0.02363199,0.0211301470063651,1.626,1.675
6306789,0.02366155,0.021159272447587796,1.626,1.674
4993086,0.02368649,0.021182572800565954,1.625,1.674
10432210,0.02371343,0.021208036757749228,1.625,1.673
5551431,0.0237411,0.021234388347426903,1.624,1.673
1561488,0.02376607,0.021256912021972454,1.624,1.672
9472094,0.02379584,0.02128725795787496,1.623,1.672
7233753,0.02381486,0.021305953717288384,1.623,1.671
14138359,0.0238507,0.021339350889890408,1.622,1.671
15358304,0.02386688,0.021355050889635217,1.622,1.67
9450182,0.02390566,0.021392553362523867,1.621,1.67
7517270,0.02391829,0.021404259016043845,1.621,1.669
10714783,0.02396081,0.0214417614889325,1.62,1.669
14844718,0.02397407,0.02145363357354518,1.62,1.668
11537832,0.02401601,0.021491746293773734,1.619,1.668
9197578,0.02402964,0.02150306360807741,1.619,1.667
9873924,0.02407135,0.02154472685828359,1.618,1.667
8507782,0.02408035,0.021552660073702344,1.618,1.666
15457143,0.02412697,0.021596209542959138,1.617,1.666
12917814,0.02413405,0.02160231201635818,1.617,1.665
14982447,0.0241825,0.021647803181696484,1.616,1.665
6656885,0.02418694,0.021652130390106713,1.616,1.664
4915408,0.02423821,0.021698842050124827,1.615,1.664
2200605,0.02424114,0.02170205971791705,1.615,1.663
2363230,0.0242943,0.02174932614824417,1.614,1.663
6357281,0.02429821,0.021752044522758286,1.614,1.662
13470610,0.0243501,0.02180147455729052,1.613,1.662
11296356,0.02435054,0.021802195758692224,1.613,1.661
4130226,0.02440043,0.021852457948687964,1.613,1.66
9204957,0.02440636,0.0218582275599016,1.612,1.66
3682155,0.02445265,0.021902831092745503,1.612,1.659
17059770,0.02446252,0.021911762894720462,1.611,1.659
736368,0.02450848,0.021953315190864842,1.611,1.658
3302108,0.02451885,0.021962579855025203,1.61,1.658
17047795,0.02456385,0.022003965720076884,1.61,1.657
1885838,0.02457543,0.02201544946547326,1.609,1.657
14927003,0.0246168,0.022054671726319825,1.609,1.656
17162987,0.02463202,0.022067764305612313,1.608,1.656
14581330,0.0246712,0.022105488686624566,1.608,1.655
6044342,0.02468881,0.022120301053874965,1.607,1.655
8979709,0.02472713,0.02215647207802201,1.607,1.654
12507960,0.02474575,0.022173669957601123,1.606,1.654
7082707,0.02478492,0.02220756642348125,1.606,1.653
16692976,0.02480278,0.022223932147596864,1.605,1.653
7473894,0.02483867,0.022258716245971397,1.605,1.652
8700758,0.02485995,0.022278909885219134,1.604,1.652
15494537,0.02489107,0.022310032499554242,1.604,1.651
12087460,0.02491734,0.0223334992836251,1.603,1.651
430858,0.02494797,0.022361459707198886,1.603,1.65
8342008,0.02497469,0.02238403885877534,1.602,1.65
3000684,0.02500609,0.022413053345936237,1.602,1.649
13684758,0.02503238,0.022436575607037993,1.601,1.649
3267252,0.02506322,0.022464702461704483,1.601,1.648
14806960,0.02508997,0.022490776666227657,1.6,1.648
6154111,0.02511681,0.022516462531534533,1.6,1.647
6102414,0.02514783,0.022545088679479124,1.599,1.647
3203089,0.02517233,0.02256838903245728,1.599,1.646
5137101,0.02520579,0.022599234261637888,1.598,1.646
16106622,0.02522881,0.022620426487441832,1.598,1.645
17157469,0.02526393,0.022652381257240447,1.597,1.645
8326653,0.02528755,0.022672574896488183,1.597,1.644
4713825,0.02532212,0.022704307758163195,1.596,1.644
1261785,0.02534494,0.022724834259596333,1.596,1.643
2543237,0.0253805,0.02275845334032196,1.595,1.643
14004630,0.02540214,0.022777204576766286,1.595,1.642
1624865,0.02543901,0.022811378427800916,1.594,1.642
8949010,0.02545915,0.02282974132502894,1.594,1.641
3480225,0.02549765,0.022865024716681576,1.593,1.641
15040759,0.02551359,0.022882333550322494,1.593,1.64
15106460,0.02555647,0.02291917029884034,1.592,1.64
2967271,0.02557386,0.022935092206708748,1.592,1.639
2474436,0.02561548,0.02297592330145142,1.591,1.639
6953991,0.02563004,0.022987961817156805,1.591,1.638
9739452,0.02567442,0.02302879291189948,1.59,1.638
6072094,0.02568786,0.023040942381666662,1.59,1.637
1226746,0.02573358,0.02308687736325217,1.589,1.637
5139895,0.02574046,0.023094089377269218,1.589,1.636
15289496,0.02579289,0.023146737079593672,1.588,1.636
11783241,0.02579322,0.023147291849902676,1.588,1.635
13969828,0.02584788,0.023200660753628834,1.588,1.634
9483644,0.02585241,0.02320570916344077,1.587,1.634
12692066,0.02590165,0.023254140611416795,1.587,1.633
1456878,0.02591195,0.023264070999947963,1.586,1.633
10251147,0.02595794,0.023307731423266555,1.586,1.632
9810821,0.02597181,0.023319936370064638,1.585,1.632
589767,0.0260173,0.023361488666209018,1.585,1.631
10597474,0.02603156,0.023375468877995912,1.584,1.631
5579670,0.02607488,0.02341535686321328,1.584,1.63
795682,0.02609157,0.02343166711029799,1.583,1.63
11146277,0.02612947,0.023469336014279345,1.583,1.629
5807390,0.02615186,0.02348819820478547,1.582,1.629
10145268,0.02619049,0.023523426119407206,1.582,1.628
9152823,0.02621221,0.023543619758654943,1.581,1.628
12260673,0.02625115,0.023577627178596874,1.581,1.627
12811733,0.02627248,0.023596655800195702,1.58,1.627
12690845,0.02631244,0.02363199466887924,1.58,1.626
316680,0.02633314,0.023651633537817972,1.579,1.626
10920667,0.02637216,0.023686473113223406,1.579,1.625
8694472,0.02639373,0.023705390780760432,1.578,1.625
6821718,0.02642989,0.02374106251162937,1.578,1.624
9916621,0.02645462,0.02376297593883502,1.577,1.624
1864261,0.02648791,0.023795818341128042,1.577,1.623
15747864,0.02651564,0.023821448729404015,1.576,1.623
5892793,0.02654631,0.02385068512468851,1.576,1.622
14624504,0.0265767,0.023880975583560116,1.575,1.622
10117805,0.02660281,0.02390566286231078,1.575,1.621
5507584,0.02663794,0.023938505264603803,1.574,1.621
14771604,0.02666252,0.023960751553994852,1.574,1.62
3584701,0.02669934,0.023996367807832892,1.573,1.62
10136409,0.02672073,0.024016006676771624,1.573,1.619
11630035,0.02676088,0.024055173460587286,1.572,1.619
17492455,0.02677734,0.024071372753610196,1.572,1.618
11494279,0.0268226,0.02411519960802149,1.571,1.618
15464292,0.02683474,0.02412684978451057,1.571,1.617
13959954,0.02688439,0.024171897133601673,1.57,1.617
8187819,0.02689662,0.024182437769472744,1.57,1.616
15947272,0.02694659,0.02422981515386166,1.569,1.616
6193302,0.02695511,0.02423819218552762,1.569,1.615
905352,0.02700851,0.024290728933790272,1.568,1.615
2621435,0.02701172,0.024294057555644295,1.568,1.614
1729051,0.02707083,0.02434970101763737,1.567,1.614
13641989,0.02707126,0.02435008935685367,1.567,1.613
884790,0.02713122,0.024406232112124848,1.567,1.612
5089184,0.02713314,0.02440778546899006,1.566,1.612
17904100,0.02718945,0.024462485821457828,1.566,1.611
2970366,0.0271958,0.024469032111104072,1.565,1.611
9008377,0.02725044,0.024518850484852608,1.565,1.61
173992,0.0272584,0.024525674159653354,1.564,1.61
16762119,0.02731341,0.024575381579340087,1.564,1.609
2912374,0.02732129,0.024582482639295335,1.563,1.609
11702439,0.02737509,0.02463202362788937,1.563,1.608
16020283,0.02738424,0.024640567090648026,1.562,1.608
11922807,0.02743898,0.02468883210753135,1.562,1.607
8241290,0.02744772,0.024697320093259107,1.561,1.607
4957208,0.02750009,0.024745751541235133,1.561,1.606
1101241,0.02751084,0.0247555709757045,1.56,1.606
15424665,0.02756091,0.024802781929000716,1.56,1.605
7073363,0.02757425,0.024815708077200505,1.559,1.605
13415494,0.02762175,0.024859978747859002,1.559,1.604
6162336,0.02763758,0.024874125390738598,1.558,1.604
16691296,0.0276843,0.024917286520779087,1.558,1.603
16229713,0.02770134,0.0249335967678638,1.557,1.603
15254453,0.02774731,0.024974705247760975,1.557,1.602
15279397,0.02776525,0.024991070971876583,1.556,1.602
17873970,0.02780942,0.025032290405835562,1.556,1.601
13211852,0.02782923,0.025050264963847282,1.555,1.601
4278907,0.02787149,0.02508998651797195,1.555,1.6
6086602,0.02789332,0.025111178743775893,1.554,1.6
11100948,0.0279335,0.02514784906120104,1.554,1.599
7233572,0.02795761,0.025169596057313986,1.553,1.599
10021679,0.027997,0.02520582255849193,1.553,1.598
12511768,0.02802211,0.025227514077573975,1.552,1.598
11864247,0.02806025,0.02526390700984462,1.552,1.597
4789139,0.0280867,0.025290979800924002,1.551,1.597
16943627,0.02812155,0.025322157892290014,1.551,1.596
1649854,0.02815141,0.02534834305087499,1.55,1.596
589029,0.02818432,0.025380519728797207,1.55,1.595
12435836,0.02821645,0.02541114304985421,1.549,1.595
15506654,0.02824889,0.0254390479963971,1.549,1.594
12296877,0.02828136,0.025469227501206903,1.548,1.594
11210353,0.02831178,0.025497687218058795,1.548,1.593
15919143,0.02834655,0.025529198171610205,1.547,1.593
15155117,0.02837684,0.02555643739378229,1.547,1.592
8676424,0.02841191,0.025589890043415216,1.546,1.592
11951644,0.02843803,0.025615354000598486,1.546,1.591
1089051,0.02847743,0.025654076968166947,1.545,1.591
6163284,0.02849984,0.025674437038507383,1.545,1.59
17771446,0.02854303,0.025711717603272434,1.544,1.59
15494459,0.02856688,0.025733575553447182,1.544,1.589
10987732,0.02860895,0.02577179922773754,1.543,1.589
5849686,0.0286354,0.02579293597651058,1.543,1.588
1687015,0.02867479,0.025829051523626724,1.542,1.588
12055419,0.02870159,0.02585235187660488,1.542,1.587
16026865,0.02874093,0.02588902219403003,1.541,1.587
13545565,0.02876533,0.02591198968482278,1.541,1.586
10124293,0.02880714,0.025950934560514845,1.54,1.586
11119368,0.02883095,0.025971682970071585,1.54,1.585
17199837,0.02887355,0.026007964948280428,1.539,1.585
4332082,0.02890019,0.026031598163443987,1.539,1.584
15453445,0.02894011,0.026065605583385915,1.538,1.584
3803623,0.02896871,0.026091568833847292,1.538,1.583
5374984,0.02900685,0.02612851653642694,1.537,1.583
15235246,0.0290336,0.026151705935343297,1.537,1.582
3470729,0.02907375,0.026189541270417352,1.536,1.582
11563155,0.02909826,0.026212009467932,1.536,1.581
3233516,0.02914079,0.02625039957331506,1.535,1.581
1368404,0.02916325,0.02627242395458251,1.535,1.58
3450565,0.0292079,0.026315196745406697,1.534,1.58
7124750,0.0292274,0.026333004872325715,1.534,1.579
16636391,0.02927526,0.026373835967068392,1.533,1.579
5628851,0.02929606,0.026393696744130724,1.533,1.578
17912181,0.02934276,0.026435581902460505,1.532,1.578
17360605,0.02936354,0.026454555047028434,1.532,1.577
3462913,0.02941035,0.026496828544574517,1.531,1.577
15190255,0.02942991,0.026515524303987945,1.531,1.576
3683175,0.02947821,0.026564288614149372,1.53,1.576
3746913,0.02949085,0.026576659992040154,1.53,1.575
4937843,0.02954615,0.026629030309210107,1.529,1.575
7525097,0.02955527,0.026637906634154166,1.529,1.574
12915246,0.02961426,0.026689944089138717,1.528,1.574
12108781,0.02962369,0.02669931970736088,1.528,1.573
7783059,0.02968247,0.026756572003250066,1.527,1.573
15953903,0.02968706,0.026760899211660295,1.527,1.572
17697551,0.0297509,0.026821868468619805,1.526,1.572
8335669,0.02975171,0.02682258967002151,1.526,1.571
10507844,0.02981685,0.026884391082444527,1.526,1.57
6265832,0.02981954,0.02688649920961874,1.525,1.57
7457345,0.02988503,0.026946358925960243,1.525,1.569
3177788,0.02988834,0.026949632070783366,1.524,1.569
5865350,0.0299525,0.02700849320056866,1.524,1.568
16455361,0.02995716,0.027012820408978892,1.523,1.568
2691838,0.03001942,0.02707073842923888,1.523,1.567
11531286,0.03002619,0.027077062810761523,1.522,1.567
6278018,0.03008984,0.0271331500890018,1.522,1.566
13966557,0.0300954,0.027137976590690133,1.521,1.566
17932053,0.03015695,0.027195728179857423,1.521,1.565
652210,0.03016479,0.027203938780430675,1.52,1.565
17673183,0.03022067,0.027258417224774845,1.52,1.564
804476,0.03023433,0.02727089955672743,1.519,1.564
2993661,0.03028639,0.027321217223754066,1.519,1.563
16567704,0.03030412,0.02733791581005508,1.518,1.563
3075627,0.03035654,0.02738423913085689,1.518,1.562
16371781,0.03037393,0.027401381533405107,1.517,1.562
837827,0.03042163,0.027447371992021515,1.517,1.561
10592696,0.03044392,0.027467510154238352,1.516,1.561
2838420,0.03049332,0.02751061580724794,1.516,1.56
1110752,0.03051408,0.02753141969383558,1.515,1.56
2818958,0.03056121,0.02757402605356707,1.515,1.559
9223648,0.03058454,0.027597159975452524,1.514,1.559
17225062,0.03062803,0.027637602730978896,1.514,1.558
15289710,0.03065491,0.02766229000972956,1.513,1.558
13819464,0.03069526,0.027701345839483426,1.513,1.557
2256989,0.0307256,0.027730693188829723,1.512,1.557
1298929,0.03076261,0.027765199902049755,1.512,1.556
10276103,0.03079641,0.02779754301106467,1.511,1.556
6925522,0.0308307,0.027829164918677884,1.511,1.555
4681036,0.03086741,0.027863505200805216,1.51,1.555
9458984,0.0309002,0.027893351843429618,1.51,1.554
6634275,0.03093865,0.027927747602587847,1.509,1.554
8247701,0.03097489,0.02795764972224315,1.509,1.553
9368078,0.03101009,0.027991324279999678,1.508,1.553
9380834,0.03104236,0.02802205855511848,1.508,1.552
13147962,0.03108142,0.02805689813052392,1.507,1.552
10785294,0.03111266,0.028086689296117417,1.507,1.551
13476608,0.03115301,0.028121695302615553,1.506,1.551
6339804,0.03118396,0.028151430991178155,1.506,1.55
5751477,0.03122486,0.028190209435777516,1.505,1.55
3156998,0.03125214,0.02821633911733159,1.505,1.549
5761752,0.03129686,0.028258390706754073,1.504,1.549
9138212,0.03132175,0.02828135819754683,1.504,1.548
15918051,0.03136897,0.02832934582927565,1.503,1.548
7929829,0.03138865,0.028346543708854765,1.503,1.547
12922209,0.03144127,0.028398581163839316,1.502,1.547
12722635,0.03145488,0.028411895651255407,1.502,1.546
4853692,0.03151376,0.02846332285890005,1.501,1.546
13183009,0.03152873,0.028477414024748748,1.501,1.545
16887466,0.0315864,0.028531559606907512,1.5,1.545
15916391,0.03159894,0.028543043352303888,1.5,1.544
7287860,0.03165938,0.028603235930830796,1.499,1.544
13171383,0.03166538,0.02860883911095173,1.499,1.543
336689,0.03173223,0.028673247943827064,1.498,1.543
651465,0.031734,0.028674801300692276,1.498,1.542
15265773,0.03180322,0.02874092992152552,1.498,1.541
13853889,0.03180537,0.028742816140576135,1.497,1.541
804872,0.03187118,0.028807169496420565,1.497,1.54
589710,0.03187873,0.028813105538726905,1.496,1.54
3125385,0.03193921,0.028873575502408315,1.496,1.539
4986107,0.03195215,0.028887111897948004,1.495,1.539
8630204,0.03200924,0.02894014793948876,1.495,1.538
6242956,0.03202586,0.028955570554079064,1.494,1.538
4893454,0.03207944,0.02900683133063101,1.494,1.537
10795732,0.03209964,0.029027191400971448,1.493,1.537
1958920,0.03215147,0.02907368115286596,1.493,1.536
12418210,0.0321737,0.0290945405164845,1.492,1.536
2840562,0.03222609,0.02914075288322451,1.492,1.535
4142987,0.03224793,0.02916127938465765,1.491,1.535
612193,0.032294,0.029207880090613963,1.491,1.534
7657902,0.03232222,0.029233732387013538,1.49,1.534
5626696,0.03236617,0.029275229206127018,1.49,1.533
7594870,0.03239666,0.02930413273922611,1.489,1.533
3416633,0.03243706,0.029342744752732772,1.489,1.532
2803165,0.03247135,0.02937386736706788,1.488,1.532
14411347,0.03251121,0.029410371253400326,1.488,1.531
14583568,0.03254623,0.029443158178662446,1.487,1.531
11425723,0.03258246,0.029478164185160582,1.487,1.53
8953988,0.03262125,0.02951638785945094,1.486,1.53
2685292,0.03265238,0.029546123548013538,1.486,1.529
10885662,0.03269668,0.029589506586177632,1.485,1.529
10019135,0.03272025,0.0296142493419592,1.485,1.528
9097744,0.03277186,0.029663845807584133,1.484,1.528
10357445,0.03279159,0.029682486089966657,1.484,1.527
93388,0.03284733,0.02973807407492883,1.483,1.527
2434761,0.03285923,0.029750944746097716,1.483,1.526
5588656,0.03292307,0.029810305169161118,1.482,1.526
1516843,0.03293395,0.02981951435629058,1.482,1.525
675581,0.032999,0.029879873365910185,1.481,1.525
9299287,0.03300835,0.02988825039757614,1.481,1.524
16491840,0.0330751,0.029951716120926168,1.48,1.524
5913112,0.03308094,0.029957152869954404,1.48,1.523
2537834,0.03315137,0.030022449335324147,1.479,1.523
16950840,0.0331553,0.03002622177342537,1.479,1.522
8468656,0.03322793,0.030093848274092925,1.478,1.522
4215251,0.03322923,0.030095401630958137,1.478,1.521
9065753,0.03330229,0.030164803396614502,1.478,1.52
7511855,0.0333043,0.030166523184572414,1.477,1.52
9670619,0.03337794,0.03023431611633267,1.477,1.519
9946124,0.0333811,0.030236479720537786,1.476,1.519
9384918,0.0334533,0.03030405074417444,1.476,1.518
14379183,0.03345803,0.030307934136337467,1.475,1.518
17121717,0.03352995,0.03037389632607801,1.475,1.517
2518081,0.03353521,0.03037833448855004,1.474,1.517
11629998,0.03360333,0.03044390833907428,1.474,1.516
11077071,0.03361244,0.030453394911358244,1.473,1.516
5017155,0.0336733,0.030514086783163252,1.473,1.515
10204870,0.03368993,0.03052962035181536,1.472,1.515
300750,0.03374497,0.030584431658344926,1.472,1.514
13427003,0.03376759,0.03060540197602527,1.471,1.514
13581651,0.03381762,0.030654942964619302,1.471,1.513
14271728,0.03384545,0.030681738370544182,1.47,1.513
11400881,0.03389377,0.030725620701986377,1.47,1.512
491796,0.03392349,0.03075291540118936,1.469,1.512
3158932,0.03397078,0.030796409393415252,1.469,1.511
2961845,0.03400181,0.030825867696823352,1.468,1.511
11627059,0.03404462,0.030867419992967732,1.468,1.51
15688183,0.03408005,0.03090176027509506,1.467,1.51
12479186,0.03411937,0.030938597023612912,1.467,1.509
12446714,0.03415864,0.030976876174934168,1.466,1.509
6298812,0.03419467,0.03100988500831989,1.466,1.508
285724,0.03423737,0.031049162746197356,1.465,1.508
17820093,0.03427154,0.031081394901150472,1.465,1.507
2279517,0.03431627,0.03112283624323305,1.464,1.507
16410464,0.03434817,0.031153015748042853,1.464,1.506
10011497,0.03439543,0.031196232355114244,1.463,1.506
12887652,0.03442715,0.031224858503058835,1.463,1.505
9848363,0.03447471,0.03127478783086917,1.462,1.505
8621084,0.03449824,0.03129681221213662,1.462,1.504
14647199,0.03455415,0.031350014684770076,1.461,1.504
10876885,0.03457635,0.03136898782933801,1.461,1.503
12667616,0.03463395,0.03142418747508388,1.46,1.503
6490513,0.03465319,0.031441274400601196,1.46,1.502
17503051,0.03471365,0.03149736167884147,1.459,1.502
7470419,0.03473137,0.03151378287998798,1.459,1.501
2014052,0.03479367,0.03157397545851489,1.458,1.501
13149200,0.03480639,0.03158640231343657,1.458,1.5
8191270,0.03487401,0.03164837015695229,1.457,1.5
3970977,0.03488647,0.03165924365500876,1.457,1.499
11723175,0.03495431,0.031725039413656606,1.456,1.499
7564856,0.03496075,0.03173219595064275,1.456,1.498
14307511,0.03503489,0.031798269094445095,1.455,1.498
10274447,0.03504219,0.031805370154400346,1.455,1.497
3086609,0.03511563,0.03187460548896401,1.454,1.497
8337101,0.03511969,0.031878710789250635,1.454,1.496
16902698,0.03519655,0.03195105283754472,1.453,1.496
11922771,0.03519743,0.03195216237816273,1.453,1.495
14449258,0.03527258,0.03202583587519843,1.453,1.494
14357820,0.03527769,0.032030052129546856,1.452,1.494
1400129,0.03535339,0.03209967580332682,1.452,1.493
5569581,0.03535917,0.03210483516720056,1.451,1.493
11434439,0.0354317,0.03217362668551702,1.451,1.492
1187806,0.03544054,0.03218205919421388,1.45,1.492
4753255,0.03550838,0.03224779947583082,1.45,1.491
54483,0.03552227,0.032260115376690705,1.449,1.491
5238503,0.03558704,0.032322138697237324,1.449,1.49
17112288,0.03560414,0.03233978039306364,1.448,1.49
15577701,0.03566287,0.03239664434973652,1.448,1.489
5207275,0.03568629,0.03242016661083828,1.447,1.489
4373280,0.03573746,0.03247137191035933,1.447,1.488
15375575,0.03576855,0.03250188427735453,1.446,1.488
13724471,0.03581578,0.03254621042504393,1.446,1.487
16480415,0.03585091,0.03258055070717126,1.445,1.487
9473342,0.03589497,0.03262121537082124,1.445,1.486
9747805,0.03593364,0.03265699805575197,1.444,1.486
10591433,0.03597733,0.03269644222472214,1.444,1.485
9134315,0.03601641,0.0327354425774451,1.443,1.485
15627238,0.03605316,0.03277178003268485,1.443,1.484
14656791,0.0360995,0.032814719254601735,1.442,1.484
13786431,0.03613193,0.03284733974877116,1.442,1.483
5937492,0.03618263,0.03289471713316008,1.441,1.483
4854396,0.03621014,0.03292306589595016,1.441,1.482
11951713,0.03626604,0.03297843197278874,1.44,1.482
5509727,0.03628824,0.03299895847422188,1.44,1.481
14406634,0.03634975,0.03305892914462518,1.439,1.481
5934348,0.03636842,0.03307501748358629,1.439,1.48
14790470,0.03643346,0.0331360422175767,1.438,1.48
12090094,0.03644731,0.0331512984010743,1.438,1.479
10439663,0.03651745,0.03321820370034015,1.437,1.479
7908757,0.03652828,0.033227690272624115,1.437,1.478
1663846,0.03660171,0.03329481748001357,1.436,1.478
2486615,0.03661083,0.033304304052297534,1.436,1.477
7881837,0.03668604,0.033376590623560715,1.435,1.477
14562027,0.03669063,0.033381084263063646,1.435,1.476
12523591,0.03676933,0.03345803090492246,1.435,1.475
16052706,0.03677057,0.03345902949147867,1.434,1.475
15578858,0.03684984,0.03353514397787399,1.434,1.474
17937367,0.03685538,0.03354069168096402,1.433,1.474
2837511,0.03693289,0.0336124789589491,1.433,1.473
10258250,0.03694036,0.033618304047193646,1.432,1.473
11403451,0.03701473,0.033689924894086024,1.432,1.472
10832872,0.03702545,0.03370240722603861,1.431,1.472
4754958,0.03709714,0.03376759273734655,1.431,1.471
3590444,0.03711095,0.03378135104100984,1.43,1.471
5672536,0.03718041,0.03384548248873067,1.43,1.47
12197120,0.03719644,0.03386018390191927,1.429,1.47
7458751,0.03726491,0.033923483194176596,1.429,1.469
5832845,0.03728216,0.03394167966031192,1.428,1.469
11293562,0.03734642,0.03400170580774613,1.428,1.468
9366247,0.03736821,0.03402195492402476,1.427,1.468
2802020,0.0374309,0.03408003937537745,1.427,1.467
4202102,0.03745417,0.03410100969305779,1.426,1.467
13067413,0.03751881,0.03415865032816328,1.426,1.466
14870467,0.03754068,0.03417912135256552,1.425,1.466
6707598,0.03759856,0.03423737223501091,1.425,1.465
7949892,0.03762723,0.0342659429059246,1.424,1.465
13626329,0.03767985,0.03431631604998214,1.424,1.464
9200522,0.03771378,0.034349602268522364,1.423,1.464
12053889,0.03776276,0.034395426296046076,1.423,1.463
1933672,0.03780083,0.034429877532235205,1.422,1.463
10074148,0.03785013,0.03447470297320271,1.422,1.462
8168565,0.03788788,0.034511262336566054,1.421,1.462
4798751,0.03793545,0.03455414608145204,1.421,1.461
16201208,0.03797525,0.034591315692155296,1.42,1.461
7244971,0.0380241,0.03463381109782498,1.42,1.46
17438886,0.03806278,0.03466876162729221,1.419,1.46
11265622,0.03811146,0.034713642545290614,1.419,1.459
6217040,0.03815049,0.03474809378147975,1.418,1.459
16756603,0.03819838,0.034793695900879856,1.418,1.458
6153222,0.03823854,0.03483330650094272,1.417,1.458
15417811,0.03828062,0.03487386021053089,1.417,1.457
14362283,0.0383266,0.03491785349603489,1.416,1.457
15115476,0.03836715,0.03495430190533644,1.416,1.456
14645898,0.03841495,0.03499774042053143,1.415,1.456
10819634,0.0384585,0.03503485455420378,1.415,1.455
7658110,0.03850369,0.03507391038395764,1.414,1.455
7638624,0.03854748,0.03511562911119472,1.414,1.454
10277283,0.03859235,0.035156016389690195,1.413,1.454
11202886,0.03863594,0.03519657009927837,1.413,1.453
17871618,0.03868122,0.03523751214808284,1.412,1.453
8884006,0.038724,0.03527773299548561,1.412,1.452
10716224,0.03877041,0.03532627539752344,1.411,1.452
9984878,0.03880385,0.03535900684575466,1.411,1.451
10402958,0.03885979,0.03541087786964651,1.41,1.451
14743026,0.03888924,0.03544055808117821,1.41,1.45
12386453,0.03894936,0.03549481461739877,1.409,1.45
1927276,0.03897803,0.035522220270663554,1.409,1.449
14560700,0.03903914,0.03557963899764544,1.408,1.449
5224501,0.03906391,0.03560410436827251,1.408,1.448
16355065,0.03912923,0.03566546196444832,1.407,1.448
4476253,0.03915094,0.03568621037400506,1.407,1.447
15073582,0.03921942,0.0357516732704675,1.406,1.447
14292798,0.03923839,0.03576848281083032,1.406,1.446
16762917,0.0393098,0.03583577644931247,1.405,1.446
10404203,0.0393265,0.03585092167874827,1.405,1.445
14026575,0.03940037,0.03591993510518834,1.404,1.445
13884100,0.03941484,0.03593358245478982,1.404,1.444
11446880,0.03949127,0.03600681213557832,1.403,1.444
10987867,0.03950228,0.036016409661924084,1.403,1.443
7955208,0.03958222,0.0360929124875357,1.402,1.443
6906754,0.03958934,0.036099403300151045,1.402,1.442
12687728,0.03967346,0.03617745948262787,1.401,1.442
10959635,0.03967871,0.036182674323532504,1.401,1.441
13853970,0.03976508,0.03626111884522563,1.4,1.441
4461852,0.03976919,0.03626605630097576,1.4,1.44
3215637,0.03985661,0.036345166547039696,1.399,1.44
3440904,0.03986088,0.03634966018654263,1.399,1.439
17876340,0.03994851,0.036431322376027975,1.398,1.439
3269902,0.03995054,0.03643343050320219,1.398,1.438
9314015,0.04004069,0.03651481530753304,1.397,1.438
9311744,0.04004395,0.03651742272798535,1.397,1.437
17854366,0.0401316,0.03660163686089212,1.397,1.436
1473307,0.04013286,0.03660285735557193,1.396,1.436
10962034,0.04022394,0.03668601742489159,1.396,1.435
87320,0.04022549,0.036687237919571396,1.395,1.435
3053764,0.04031651,0.03677056441998376,1.395,1.434
6678311,0.04031813,0.03677200682278717,1.394,1.434
10820328,0.04040851,0.03685533332319953,1.394,1.433
16072357,0.04041106,0.03685766335849734,1.393,1.433
16386612,0.04049795,0.036940268657508,1.393,1.432
5701677,0.04050422,0.036946759470123346,1.392,1.432
11878579,0.04058738,0.037025425899940075,1.392,1.431
4886182,0.0405976,0.03703524533440944,1.391,1.431
1732084,0.04067314,0.03711080505049575,1.391,1.43
6954789,0.04069125,0.03712938985584737,1.39,1.43
9077738,0.04076259,0.037196350632144125,1.39,1.429
5555291,0.04078504,0.03721720999576266,1.389,1.429
17678206,0.04085325,0.0372821181219161,1.389,1.428
13161754,0.04087903,0.03730713826285217,1.388,1.428
6115241,0.04094476,0.03736805204278078,1.388,1.427
5102463,0.04097325,0.03739717748400347,1.387,1.427
5483040,0.04103631,0.037454207871769056,1.387,1.426
5114486,0.04106767,0.03748128066284844,1.386,1.426
11853572,0.04112473,0.03754053013185004,1.386,1.425
876312,0.0411624,0.037576923064120686,1.385,1.425
3698306,0.04121461,0.03762707430005462,1.385,1.424
3396994,0.04125733,0.03766718419339559,1.384,1.424
12239420,0.04130292,0.037713784899351906,1.384,1.423
11971089,0.04135235,0.03776160609998803,1.383,1.423
14908775,0.0413916,0.037800717406772794,1.383,1.422
12594664,0.04144774,0.03785569514439506,1.382,1.422
5355627,0.04148062,0.03788787182231728,1.382,1.421
15966440,0.04154324,0.03794928489552399,1.381,1.421
11474309,0.04157061,0.037975248145985366,1.381,1.42
4716051,0.041639,0.038044649911641734,1.38,1.42
11801882,0.04165751,0.03806279090074616,1.38,1.419
5411148,0.041735,0.03813812870870886,1.379,1.419
12596732,0.04174736,0.03815050008659965,1.379,1.418
8274638,0.04183128,0.03822916651641638,1.378,1.418
6058914,0.04183983,0.03823843118057674,1.378,1.417
15806690,0.04192761,0.03831565520759005,1.377,1.417
9131672,0.04193985,0.03832658418267743,1.377,1.416
5165489,0.04202428,0.038404030117814354,1.376,1.416
3254125,0.04203434,0.038414959092901727,1.376,1.415
1345207,0.04212113,0.038498396547375885,1.375,1.415
9987959,0.04212671,0.03850350043421872,1.375,1.414
9035122,0.04221828,0.03858788099821819,1.374,1.414
170718,0.04222229,0.03859226368365932,1.374,1.413
1639684,0.04231561,0.038679418099203805,1.373,1.413
6225990,0.04231734,0.038681248841223516,1.373,1.412
9965349,0.04241029,0.03877040042988042,1.373,1.411
11310083,0.04241314,0.03877300785033273,1.372,1.411
7807660,0.04250389,0.03885977392666092,1.372,1.41
8341746,0.04251089,0.03886643117036896,1.371,1.41
7889114,0.04259798,0.03894936933156502,1.371,1.409
7367517,0.04260896,0.038960187352590596,1.37,1.409
17715239,0.04269036,0.03903913116756182,1.37,1.408
8292025,0.04270727,0.039056384524171844,1.369,1.408
861758,0.0427864,0.03912911491168223,1.369,1.407
10258261,0.04280556,0.03914575802095234,1.368,1.407
3961601,0.04288318,0.03921932056392624,1.368,1.406
16218908,0.04290422,0.03923912586395767,1.367,1.406
12735780,0.04297922,0.039309748124293845,1.367,1.405
13683734,0.04300314,0.0393323827529012,1.366,1.405
7962667,0.04307247,0.039400397592785054,1.366,1.404
17140817,0.04310227,0.039428801832606046,1.365,1.404
13227035,0.04316911,0.03949121349236897,1.365,1.403
9178230,0.04320177,0.03952078274983887,1.364,1.403
16427115,0.04326756,0.03958225130007648,1.364,1.402
11533922,0.04330126,0.03961326296034979,1.363,1.402
16447966,0.04336724,0.0396734555388767,1.363,1.401
9681855,0.04340108,0.03970651984929332,1.362,1.401
15094007,0.0434635,0.03976493716283141,1.362,1.4
2776591,0.0435011,0.03979977673823684,1.361,1.4
14402309,0.04356081,0.039856585217878826,1.361,1.399
5574810,0.0436014,0.0398971944044979,1.36,1.399
9866362,0.0436582,0.03994851065808074,1.36,1.398
11050077,0.04370198,0.03999056224750323,1.359,1.398
7609075,0.0437558,0.040040547052344465,1.359,1.397
10204713,0.04380268,0.04008564987846647,1.358,1.397
17047608,0.0438508,0.040132860831762686,1.358,1.396
16711163,0.04390359,0.04018129227973871,1.357,1.396
10306891,0.04395049,0.040225396519304506,1.357,1.395
1020578,0.04400482,0.040278044221628964,1.356,1.395
168080,0.04404618,0.04031809863793903,1.356,1.394
260668,0.04410626,0.04037751453803333,1.355,1.394
10423570,0.04414154,0.040411078141728056,1.355,1.393
13170355,0.04420793,0.04047160358244037,1.354,1.393
8983312,0.04424227,0.040504224076609786,1.354,1.392
10656238,0.04430984,0.04057135128399924,1.353,1.392
6208527,0.0443364,0.040597591919615116,1.353,1.391
15694540,0.04441197,0.04066732654745688,1.352,1.391
11763215,0.04443824,0.040691181670744044,1.352,1.39
9857941,0.04451437,0.04076296894872913,1.351,1.39
922898,0.04453855,0.04078499332999658,1.351,1.389
7302499,0.04461697,0.04086083043123739,1.35,1.389
15069802,0.04463688,0.04087902689737271,1.35,1.388
5562553,0.04471985,0.04095847000562204,1.349,1.388
12275643,0.0447341,0.04097322689584154,1.349,1.387
17466016,0.04482294,0.04105744102874831,1.348,1.387
17680184,0.04483449,0.04106770427946488,1.348,1.386
13091367,0.04492624,0.04115441487876216,1.347,1.386
5712893,0.0449344,0.041162348094180914,1.347,1.385
2740050,0.04502992,0.04125394067219743,1.346,1.385
4406983,0.04503367,0.041257269294051456,1.346,1.384
6371869,0.04513328,0.04135235692501469,1.346,1.383
9979822,0.04513361,0.041352634310169195,1.345,1.383
13716582,0.04523421,0.041447666464101536,1.345,1.382
8821404,0.04523766,0.04145105056298646,1.344,1.382
6122647,0.04533556,0.04154325338834288,1.344,1.381
8274263,0.04534197,0.04154880109143291,1.343,1.381
4495536,0.04543366,0.041639006743676925,1.343,1.38
8871293,0.04544651,0.04165259861624751,1.342,1.38
2535278,0.04553308,0.04173498200713457,1.342,1.379
3592876,0.04555124,0.04175212440968278,1.341,1.379
2346732,0.0456313,0.041831179178715816,1.341,1.378
990656,0.04565627,0.04185658765886819,1.34,1.378
4577058,0.0457315,0.04192765373545156,1.34,1.377
15219771,0.04576149,0.04195372793997474,1.339,1.377
10146681,0.04583413,0.042024294723280016,1.339,1.376
12830096,0.04586709,0.042054252319966214,1.338,1.376
13671457,0.04594033,0.04212115761923207,1.338,1.375
5804246,0.04597273,0.042150948784825566,1.337,1.375
6787716,0.04604256,0.04221824242330772,1.337,1.374
3178641,0.04607868,0.042251528641847946,1.336,1.374
9098171,0.04614362,0.042315604612537874,1.336,1.373
11919370,0.04618491,0.04235388376385913,1.335,1.373
16377261,0.04624684,0.04241313323286073,1.335,1.372
9222872,0.04629138,0.042456904610241125,1.334,1.372
4224402,0.04634541,0.04251088376130719,1.334,1.371
10601527,0.04639808,0.04256009188771582,1.333,1.371
15834832,0.04644819,0.04260891167490815,1.333,1.37
13474332,0.04650509,0.04266633040189004,1.332,1.37
11259359,0.0465495,0.04270710601960181,1.332,1.369
16742891,0.04661241,0.04276657739672701,1.331,1.369
3263913,0.04665213,0.04280557774944997,1.331,1.368
10528227,0.04671978,0.042872594002777625,1.33,1.368
6875718,0.04675124,0.042904271387421734,1.33,1.367
18017004,0.04682751,0.04297822226961193,1.329,1.367
6822559,0.04685384,0.0430031314564862,1.329,1.366
1310154,0.04693538,0.04307902403475791,1.328,1.366
16673602,0.04695881,0.04310226891070517,1.328,1.365
17469734,0.04704357,0.04318420848534502,1.327,1.365
16693194,0.04706093,0.043201628273047736,1.327,1.364
11697761,0.047152,0.043287506716881516,1.326,1.364
11690954,0.0471677,0.04330120954351391,1.326,1.363
4606720,0.04726069,0.04339235830528322,1.325,1.363
2769448,0.04726986,0.04340106819913458,1.325,1.362
1000616,0.04736964,0.04349415865698541,1.324,1.362
16943498,0.04737679,0.043501093285847954,1.324,1.361
5468264,0.04747894,0.04359462755994598,1.323,1.361
7236445,0.04748714,0.04360139575771583,1.323,1.36
1011989,0.04758829,0.043700477734903896,1.322,1.36
11630426,0.04758915,0.0437019201377073,1.322,1.359
5885055,0.04769802,0.04380194522442068,1.321,1.359
2615417,0.04769883,0.04380266642582238,1.321,1.358
13190454,0.04780501,0.04390363462206106,1.321,1.357
16960674,0.047808,0.04390640847360608,1.32,1.357
14935498,0.04791024,0.04400482472642334,1.32,1.356
4468676,0.04791816,0.04401181483231679,1.319,1.356
4549682,0.04802144,0.044106236738909226,1.319,1.355
1903184,0.04802862,0.04411294945964817,1.318,1.355
1659608,0.048131,0.04420792613654961,1.318,1.354
13206600,0.04813934,0.044216303168215565,1.317,1.354
17351992,0.04823769,0.04430983744231359,1.317,1.353
1471684,0.04825039,0.044322430728327984,1.316,1.353
16720667,0.04834733,0.044411970656201186,1.316,1.352
15811028,0.04836171,0.044424009171906566,1.315,1.352
8102739,0.04845482,0.04451438125524327,1.315,1.351
6093176,0.04847307,0.04452908266843187,1.314,1.351
17100951,0.04856307,0.044617013762408966,1.314,1.35
3643578,0.04858483,0.0446373183557185,1.313,1.35
11192728,0.048671,0.044719868177698255,1.313,1.349
2062035,0.04869679,0.04474339043880001,1.312,1.349
15643743,0.04877582,0.04482294450111115,1.312,1.348
15837194,0.04880918,0.04485506570200246,1.311,1.348
7430192,0.04888252,0.04492624273264764,1.311,1.347
3704054,0.04892153,0.0449649657002161,1.31,1.347
13825535,0.04898688,0.04502981834933864,1.31,1.346
9303030,0.04903452,0.04507492117546064,1.309,1.346
17620679,0.04909896,0.04513361587415324,1.309,1.345
16759091,0.04914752,0.04518154802885116,1.308,1.345
235183,0.04920609,0.04523769078412234,1.308,1.344
7179429,0.04926072,0.04528967276207599,1.307,1.344
6630889,0.04931423,0.04534193212518414,1.307,1.343
4757189,0.04937429,0.04540123707121664,1.306,1.343
14094363,0.04941984,0.04544650632843135,1.306,1.342
3338449,0.04948802,0.0455140218750371,1.305,1.342
13490888,0.04952576,0.04555124696277125,1.305,1.341
1566235,0.04960215,0.045626085477455856,1.304,1.341
5358294,0.04963162,0.04565626498226566,1.304,1.34
14743713,0.04971644,0.045736429291916694,1.303,1.34
6680277,0.04974286,0.04576150490988366,1.303,1.339
5073520,0.04983113,0.04585215437837488,1.302,1.339
11754558,0.04984745,0.04586696674562528,1.302,1.338
11951003,0.04994593,0.045956340242405774,1.301,1.338
16995844,0.04996524,0.045972705966521386,1.301,1.337
167167,0.05006116,0.0460638547282907,1.3,1.337
6487142,0.0500763,0.046078722572572,1.3,1.336
8063060,0.05017648,0.04617308900213354,1.299,1.336
16355347,0.050189,0.04618490560971532,1.299,1.335
1553901,0.05029226,0.04628254518409997,1.298,1.335
11925622,0.05030229,0.046291421509044035,1.298,1.334
14294203,0.05040807,0.046397770977280046,1.297,1.334
10589738,0.05040842,0.04639810383946545,1.297,1.333
10956918,0.05051428,0.04650506355504137,1.297,1.332
14088903,0.05052431,0.04651482751247984,1.296,1.332
6237050,0.05063159,0.046612245178740894,1.296,1.331
4596079,0.05064078,0.04662106602665405,1.295,1.331
10819748,0.05073827,0.04671970418759491,1.295,1.33
7664372,0.05075763,0.046737789699668436,1.294,1.33
617833,0.05084902,0.04682744058160344,1.294,1.329
5586480,0.05087461,0.046853292878003015,1.293,1.329
7148453,0.05096038,0.04693539888373557,1.293,1.328
13435340,0.05099178,0.04696457980198916,1.292,1.328
10703853,0.0510784,0.047043579093991296,1.292,1.327
12028336,0.05110933,0.04707198333381229,1.291,1.327
13880148,0.05119002,0.04715203668940152,1.291,1.326
10564243,0.05122713,0.047186987218868756,1.29,1.326
13062413,0.05130695,0.047260716192935356,1.29,1.325
16572721,0.05134526,0.04729844057394761,1.289,1.325
617871,0.05142132,0.04736967308162369,1.289,1.324
1673930,0.05146386,0.04741189110213887,1.288,1.324
1306366,0.05153637,0.047478851878435625,1.288,1.323
6233692,0.05158247,0.04752295611800142,1.287,1.323
14068133,0.05165249,0.04758830806040206,1.287,1.322
16137762,0.05170128,0.04763640664619268,1.286,1.322
4243981,0.05176908,0.047697986150492096,1.286,1.321
9197999,0.05182031,0.047744919718633816,1.285,1.321
14487395,0.05188828,0.047807941625736636,1.285,1.32
5150615,0.05193982,0.04785825929276328,1.284,1.32
1816715,0.05200018,0.04791817448613568,1.284,1.319
5853012,0.05205961,0.04797481653468496,1.283,1.319
7795096,0.05211834,0.048028629254658325,1.283,1.318
8538986,0.05217952,0.048089709465679635,1.282,1.318
122552,0.05223327,0.04813936140833547,1.282,1.317
7812145,0.05229997,0.04820604479947772,1.281,1.317
1908579,0.05235062,0.04825031547013622,1.281,1.316
4828664,0.0524204,0.04831821935595827,1.28,1.316
17506590,0.05246747,0.048361546917091464,1.28,1.315
7288551,0.05254125,0.048433445149138346,1.279,1.315
474700,0.05258472,0.048473055749201216,1.279,1.314
4020072,0.05266242,0.0485451758893717,1.278,1.314
2378447,0.05270323,0.04858478648943457,1.278,1.313
16196373,0.05278376,0.04866234337863329,1.277,1.313
2804932,0.05282091,0.04869679461482242,1.277,1.312
3767550,0.05290554,0.048776182246040856,1.276,1.312
17206653,0.05293895,0.04880902464833387,1.276,1.311
4136637,0.0530274,0.048896345494971065,1.275,1.311
16530852,0.0530534,0.04892153206699983,1.275,1.31
15853085,0.05314962,0.04901734089936478,1.274,1.31
14378601,0.05316639,0.04903431687082029,1.274,1.309
16495512,0.05327215,0.04914066633905631,1.273,1.309
7217657,0.05327872,0.04914737905979525,1.273,1.308
13821826,0.05339515,0.049256779764730786,1.272,1.308
11088080,0.05339976,0.049260663156893814,1.272,1.307
8571627,0.05351699,0.049374224639146876,1.272,1.306
12694153,0.05351807,0.049374945840548586,1.271,1.306
3795973,0.05363546,0.04948806350655444,1.271,1.305
7567313,0.0536414,0.049494443365107985,1.27,1.305
6170457,0.05375495,0.04960212428208561,1.27,1.304
15076926,0.0537652,0.04961227657874038,1.269,1.304
4645558,0.05387523,0.04971646244277128,1.269,1.303
10812844,0.05388908,0.04972927763690927,1.268,1.303
1238375,0.05400122,0.04983107798861145,1.268,1.302
2167146,0.05401322,0.04984239530291513,1.267,1.302
14583782,0.0541147,0.04994597091960613,1.267,1.301
8896116,0.05413778,0.04996954865773878,1.266,1.301
13025902,0.05423177,0.0500610857587244,1.266,1.3
13662069,0.05426253,0.05009170907978141,1.265,1.3
15021002,0.05435181,0.05017647798299718,1.265,1.299
5331300,0.05438763,0.05021270448417512,1.264,1.299
13370567,0.05446714,0.05029214759242446,1.264,1.298
1874388,0.05451303,0.050335308722464944,1.263,1.298
10571704,0.05458878,0.050408094587006236,1.263,1.297
4934883,0.05463872,0.05045558292545695,1.262,1.297
6441746,0.05471178,0.05052431896674252,1.262,1.296
3059799,0.05476468,0.05057591260547987,1.261,1.296
10896840,0.05483035,0.0506407652546024,1.261,1.295
4165733,0.05489087,0.05069790659642979,1.26,1.295
7297335,0.05495574,0.050757488927616785,1.26,1.294
17248431,0.05501751,0.05081784793723639,1.259,1.294
854834,0.05507795,0.05087448998578568,1.259,1.293
1256884,0.05514428,0.050939398111939115,1.258,1.293
62552,0.05519945,0.05099176842910907,1.258,1.292
11682804,0.05527135,0.051060559947425525,1.257,1.292
2271193,0.05532007,0.051109324257586956,1.257,1.291
2146076,0.05539895,0.05118882284286719,1.256,1.291
15590083,0.05543892,0.05122715747121935,1.256,1.29
11213256,0.05552653,0.0513093744310137,1.255,1.29
1315848,0.05556452,0.05134526807000624,1.255,1.289
1217113,0.05565464,0.05143364298023054,1.254,1.289
2188560,0.05568716,0.05146360057691674,1.254,1.288
188364,0.0557828,0.05155264121151184,1.253,1.288
8408815,0.05581273,0.05158226594601264,1.253,1.287
9859883,0.0559114,0.05167563378901797,1.252,1.287
17999455,0.05594044,0.05170115322323214,1.252,1.286
6607409,0.05604026,0.05179352247968126,1.251,1.286
3092310,0.05606849,0.05182031788560614,1.251,1.285
8746971,0.05616944,0.051917901982959896,1.25,1.285
17433329,0.05619373,0.05193981541016555,1.25,1.284
14028273,0.05629896,0.052042725302485736,1.249,1.284
17234739,0.05631626,0.05205953484284855,1.249,1.283
4390527,0.05642871,0.052165440494837366,1.248,1.283
3540626,0.05644509,0.052179531660686056,1.248,1.282
1492786,0.05655882,0.05228815568718899,1.247,1.282
17275214,0.05657249,0.052299805863678064,1.247,1.281
14224613,0.05668935,0.05241580833529075,1.246,1.281
372662,0.05669429,0.05242041292885548,1.246,1.28
17893325,0.05681986,0.05253780232624067,1.245,1.28
6008846,0.05682258,0.05254124190215649,1.245,1.279
15910786,0.05694778,0.05266234826061201,1.245,1.278
4000901,0.05695088,0.052665565928404226,1.244,1.278
15389111,0.05707543,0.052783732004222025,1.244,1.277
17258155,0.05708227,0.05278889136809576,1.243,1.277
14139239,0.05720462,0.05290544861001744,1.243,1.276
13442539,0.05721372,0.0529139365957452,1.242,1.276
15378443,0.05732689,0.05302738712393646,1.242,1.275
3303470,0.05734573,0.053045417158979084,1.241,1.275
9136730,0.05745161,0.053149603023009986,1.241,1.274
10692701,0.05747779,0.05317334719223535,1.24,1.274
14516007,0.05758247,0.05327215178426891,1.24,1.273
14000797,0.05761034,0.05329595143052517,1.239,1.273
15162211,0.05771661,0.05339497793068234,1.239,1.272
13061896,0.05774309,0.05342033093380381,1.238,1.272
16990049,0.05784244,0.05351802598521937,1.238,1.271
3214206,0.0578764,0.05355186697406859,1.237,1.271
2208993,0.05796414,0.053641406901941795,1.237,1.27
11654325,0.05800963,0.05368534471041489,1.236,1.27
13450579,0.05809706,0.05376506520381873,1.236,1.269
12090146,0.05814337,0.053804675803881596,1.235,1.269
17936599,0.05822749,0.053889000890850164,1.235,1.268
9109749,0.05827739,0.05393748781585709,1.234,1.268
17058130,0.05835726,0.0540132139630361,1.234,1.267
1313192,0.05841176,0.054066194527545956,1.233,1.267
825991,0.0584863,0.054137759897407434,1.233,1.266
8686601,0.05854644,0.054198285338119746,1.232,1.266
17423636,0.05861426,0.05426252773990237,1.232,1.265
3610555,0.0586815,0.0543247729685726,1.231,1.265
15839184,0.05874683,0.05438762844458272,1.231,1.264
15030930,0.05881674,0.05445370158838506,1.23,1.264
13743354,0.05887848,0.05451300653441756,1.23,1.263
17622153,0.0589523,0.05458706837066956,1.229,1.263
6652729,0.05900772,0.05463866200940691,1.229,1.262
12909857,0.05908811,0.05471516483501852,1.228,1.262
222449,0.05913985,0.05476465034658166,1.228,1.261
161430,0.05922431,0.054843372253429286,1.227,1.261
7829589,0.05927119,0.05489086059188,1.227,1.26
13987752,0.05936124,0.05498167649146392,1.226,1.26
16862449,0.05940236,0.055017403699363754,1.226,1.259
6144370,0.05949769,0.055115098750779315,1.225,1.259
14919529,0.05952877,0.05514422419200201,1.225,1.258
5775672,0.05963487,0.055244693094962584,1.224,1.258
7160709,0.05966321,0.055271377546825665,1.224,1.257
10403249,0.05977238,0.05537778249209258,1.223,1.257
5839766,0.05979475,0.055398808286803825,1.223,1.256
11072716,0.05991016,0.05550859733095566,1.222,1.256
4832612,0.05992905,0.05552651641193648,1.222,1.255
5052955,0.06004822,0.05564335103901267,1.221,1.255
5577391,0.06005886,0.05565450192222365,1.221,1.254
3223276,0.0601867,0.05577322276835044,1.22,1.254
9368628,0.06019665,0.05578276481766531,1.22,1.253
12338853,0.06032551,0.05590220686519381,1.219,1.253
14386033,0.06033617,0.05591136057529237,1.219,1.252
6808933,0.06046446,0.05603263336484059,1.218,1.252
12605798,0.06047229,0.05604028919510484,1.218,1.251
15667242,0.06060383,0.0561674425499285,1.217,1.251
2487428,0.06060617,0.056169439723040906,1.217,1.25
1239118,0.06073316,0.05629892311316238,1.217,1.249
2474567,0.06074362,0.05630963018012615,1.216,1.249
1735058,0.06086992,0.05642873936546925,1.216,1.248
4016366,0.06088357,0.056441055266329136,1.215,1.248
12201767,0.06100679,0.05655877752589973,1.215,1.247
1799756,0.06102392,0.056575975405478846,1.214,1.247
13192194,0.06114371,0.05668920402554651,1.214,1.246
9219278,0.06116464,0.056709896958072346,1.213,1.246
12681036,0.06127785,0.056819852433316886,1.213,1.245
6830119,0.06130571,0.05684842310423058,1.212,1.245
7621550,0.06141652,0.05695083370327267,1.212,1.244
16760339,0.06144694,0.05698068034589707,1.211,1.244
16094709,0.06155264,0.05708214783541385,1.211,1.243
3072586,0.06158859,0.057116654548633884,1.21,1.243
1744788,0.06168923,0.057213739352709535,1.21,1.242
15446717,0.06173063,0.05725401567714321,1.209,1.242
9136247,0.06182535,0.057345608255159726,1.209,1.241
16133801,0.06187284,0.05738987892581822,1.208,1.241
5168366,0.06196624,0.057477810019795315,1.208,1.24
161309,0.0620156,0.05752540931230783,1.207,1.24
5234193,0.06210003,0.0576102891695854,1.207,1.239
10631935,0.06215845,0.05766571072345488,1.206,1.239
6631745,0.0622407,0.057743101181560896,1.206,1.238
16722689,0.06230187,0.05780118563291359,1.205,1.238
7237558,0.06238102,0.057876246055721794,1.205,1.237
15960233,0.06244536,0.05793505170847619,1.204,1.237
3117644,0.06252604,0.05800966831503719,1.204,1.236
14836152,0.06258929,0.058069472554347794,1.203,1.236
17032577,0.06266995,0.05814336795950709,1.203,1.235
15931638,0.06273359,0.05820289481366319,1.202,1.235
9595470,0.06280682,0.05827740046616239,1.202,1.234
3470616,0.06287828,0.05834380647215014,1.201,1.234
1752528,0.06294884,0.0584117658350031,1.201,1.233
769466,0.06302326,0.058482554526431973,1.2,1.233
12807784,0.0630914,0.0585464085889983,1.2,1.232
5765076,0.06316843,0.0586204704252503,1.199,1.232
14991817,0.06323522,0.05868138420517891,1.199,1.231
3406666,0.06331416,0.05875938491062484,1.198,1.231
10291843,0.06337267,0.058816637206514026,1.198,1.23
13367487,0.06346012,0.058901794448946096,1.197,1.23
6566439,0.06351399,0.05895222307003454,1.197,1.229
6800814,0.0636063,0.05904015416401163,1.196,1.229
15230286,0.06365565,0.05908814179574045,1.196,1.228
14292799,0.06375298,0.0591850046916925,1.195,1.228
1855297,0.0637945,0.059224337906600866,1.195,1.227
10997100,0.06389989,0.05932708136782836,1.194,1.227
7797789,0.06393657,0.05936086687964669,1.194,1.226
142461,0.06404725,0.0594668280086664,1.193,1.226
15969570,0.0640812,0.05949772871487791,1.193,1.225
3415562,0.06419487,0.05960529867779373,1.192,1.225
14169185,0.0642252,0.05963486793526363,1.192,1.224
7753411,0.06434284,0.059748318463454894,1.191,1.224
15225868,0.06436751,0.059772340017834755,1.191,1.223
6113021,0.06449116,0.05989583188861899,1.19,1.223
4723200,0.0645059,0.05991014496259128,1.19,1.222
9708518,0.06463985,0.06003752022553854,1.189,1.222
9480612,0.06465136,0.06004822729250231,1.189,1.221
342927,0.06478886,0.06018192693697221,1.188,1.221
9959921,0.06479347,0.06018664248459874,1.188,1.22
8829360,0.06493565,0.06032539053888058,1.188,1.219
13216067,0.06493824,0.060327498666054795,1.187,1.219
12702213,0.06507458,0.060464471455347814,1.187,1.218
10941746,0.06508799,0.06047972763884542,1.186,1.218
11825349,0.06521375,0.060603829756969554,1.186,1.217
11727835,0.06523805,0.060627074632916805,1.185,1.217
2129398,0.06536181,0.06074357639780759,1.185,1.216
9599484,0.06538831,0.06077009441857797,1.184,1.216
9577568,0.06550779,0.06088360042380014,1.184,1.215
12505575,0.06553907,0.06091189370955932,1.183,1.215
17530368,0.06565682,0.06102395731197808,1.183,1.214
2893199,0.06569022,0.061057465438641906,1.182,1.214
12117195,0.0657981,0.06116459158531053,1.182,1.213
16223614,0.0658416,0.06120680960582571,1.181,1.213
6349646,0.06594306,0.06130561419785927,1.181,1.212
4287205,0.06599334,0.0613539901688044,1.18,1.212
4948581,0.06609232,0.06144691419556252,1.18,1.211
16866433,0.06614549,0.06149961737491788,1.179,1.211
4076851,0.06624343,0.06158860253248208,1.179,1.21
2189326,0.06629795,0.06164319193088805,1.178,1.21
12511866,0.06638513,0.06173056825455613,1.178,1.209
3717881,0.06645084,0.06178948486137233,1.177,1.209
4713604,0.06653889,0.06187286683881559,1.177,1.208
6025308,0.06660403,0.06193694280950552,1.176,1.208
11817496,0.06669025,0.06201549828526045,1.176,1.207
6538614,0.06675752,0.06207796542205427,1.175,1.207
11365182,0.06683974,0.06215846259389071,1.175,1.206
8236368,0.06691144,0.062231137504370204,1.174,1.206
11357710,0.06698572,0.06230175976470638,1.174,1.205
8222378,0.06706565,0.06237781877407079,1.173,1.205
1352152,0.06713436,0.062445389797707446,1.173,1.204
8044340,0.06722034,0.06252671912500739,1.172,1.204
16922972,0.06728619,0.06258929721586301,1.172,1.203
7932177,0.06737527,0.06267351134876978,1.171,1.203
16659397,0.06744009,0.06273359297323489,1.171,1.202
12538148,0.06753056,0.0628232438551699,1.17,1.202
4675290,0.06758896,0.06287822159279216,1.17,1.201
11714502,0.06768629,0.06297042441814858,1.169,1.201
14733135,0.06774052,0.06302318307453483,1.169,1.2
6026510,0.06784248,0.06312420674780442,1.168,1.2
5007739,0.06788716,0.063168421941432,1.168,1.199
10183283,0.06799862,0.06327499331779163,1.167,1.199
12211266,0.06804048,0.06331404914754549,1.167,1.198
8482596,0.06815551,0.06342616822699515,1.166,1.198
8799587,0.06818938,0.06346000921584437,1.166,1.197
5481049,0.06831251,0.06357712122807506,1.165,1.197
12257142,0.06834332,0.06360630214632866,1.165,1.196
10664719,0.06847009,0.06372346963559025,1.164,1.196
13050756,0.06850108,0.06375292793899834,1.164,1.195
1834061,0.06862781,0.06387414525151566,1.163,1.195
16447240,0.06865416,0.06389988659385343,1.163,1.194
14355286,0.06878609,0.06403053500162381,1.162,1.194
5824089,0.0688043,0.06404723358792483,1.162,1.193
15095174,0.06894459,0.06418442828534145,1.161,1.193
14955889,0.06895514,0.06419485796715071,1.161,1.192
12707305,0.06910354,0.06433710107437927,1.16,1.192
10154679,0.06910863,0.06434281520856201,1.16,1.191
7319781,0.06926283,0.06449116078918961,1.159,1.19
6952420,0.06941531,0.06463983923200262,1.159,1.189
9219804,0.06942249,0.06464682933789606,1.158,1.189
3062154,0.06956867,0.06478885053700102,1.158,1.188
11166280,0.0695825,0.0648023869325407,1.157,1.188
16008039,0.06972214,0.06493819470418483,1.157,1.187
3892522,0.06974295,0.06495722332578364,1.156,1.187
10395533,0.06988261,0.06508787173355403,1.156,1.186
6269304,0.06990375,0.06510767703358546,1.155,1.186
4379642,0.07004569,0.06523793710213954,1.155,1.185
4194632,0.07006507,0.06525502402765686,1.154,1.185
17679716,0.07019778,0.06538833533291045,1.154,1.184
11962587,0.07022639,0.06541535264695893,1.153,1.184
7080197,0.07035511,0.06553906642586677,1.153,1.183
12663968,0.07038827,0.06556874663739846,1.152,1.183
2166600,0.07051953,0.06569013038100849,1.152,1.182
5509112,0.07055062,0.06571831271270587,1.151,1.182
11746961,0.07067924,0.0658415826753665,1.151,1.181
11421660,0.07071317,0.06587520175609213,1.15,1.181
1936423,0.07083548,0.06599336783190993,1.15,1.18
8904692,0.07087615,0.06603369963337449,1.149,1.18
4933735,0.07098978,0.06614548585063874,1.149,1.179
11544135,0.07103961,0.06619408372970748,1.148,1.179
1551080,0.07114853,0.06629793673155297,1.148,1.178
6011414,0.07120336,0.0663470893809307,1.147,1.178
8016625,0.0713114,0.0664507759516835,1.147,1.177
6530183,0.07136743,0.06650458867165686,1.146,1.177
12733595,0.07147143,0.06660400351103034,1.146,1.176
12823924,0.071532,0.06666408513549543,1.145,1.176
17916285,0.07162671,0.06675750845553166,1.145,1.175
3203649,0.07169687,0.06682591163463182,1.144,1.175
17146046,0.07178841,0.0669114017392493,1.144,1.174
4959594,0.07186221,0.06698363283348159,1.143,1.174
16280617,0.07194717,0.06706568336218324,1.143,1.173
14173022,0.07202779,0.06714745650573038,1.142,1.173
6532747,0.07210557,0.06722024237027167,1.142,1.172
13304285,0.07219382,0.06730639819925996,1.141,1.172
9537644,0.07226723,0.06737518971757642,1.141,1.171
17601786,0.07236027,0.06746450773732603,1.14,1.171
11501500,0.07242719,0.06753052540409747,1.14,1.17
9317648,0.07252711,0.06762783211629672,1.139,1.17
5983654,0.07258685,0.06768619395280391,1.139,1.169
8540480,0.07269434,0.0677869957179499,1.138,1.169
141464,0.0727528,0.06784225084072666,1.138,1.168
10281737,0.07286186,0.06794482787086145,1.137,1.168
13023463,0.07292286,0.06799864059083481,1.137,1.167
16061777,0.07302981,0.068099331401919,1.136,1.167
2806220,0.07308459,0.06815536320312837,1.136,1.166
7053159,0.07319818,0.068265263201342,1.135,1.166
9180214,0.07324554,0.06831247415463823,1.135,1.165
13489605,0.07336694,0.0684279773329728,1.134,1.165
9126031,0.07340857,0.06846997344536439,1.134,1.164
1528623,0.07353609,0.068592133867407,1.133,1.164
2824332,0.07357406,0.06862780559827596,1.133,1.163
13261680,0.07370559,0.06875568015450131,1.132,1.163
5763365,0.07373697,0.06878602609040381,1.132,1.162
17519362,0.07387558,0.06891872714831751,1.131,1.162
1957542,0.07390345,0.06894457944471709,1.131,1.161
7228915,0.07404574,0.0690818850961955,1.13,1.161
9859943,0.07406676,0.06910352113824665,1.13,1.16
15913807,0.07421649,0.06924620806172241,1.129,1.16
5774727,0.07423161,0.06926279569396163,1.129,1.159
13400205,0.07438752,0.06941446989644325,1.128,1.159
4800281,0.07439546,0.0694225140659238,1.128,1.158
15305677,0.07455902,0.06957995787961906,1.127,1.158
14350556,0.07456179,0.06958250982304047,1.127,1.157
11282576,0.07473091,0.06974178437875544,1.126,1.157
2449254,0.07473224,0.06974294939640435,1.126,1.156
7355283,0.07489807,0.06990372183195363,1.126,1.155
2814590,0.07490317,0.06990782713224027,1.125,1.155
4322984,0.07506341,0.07006482712968833,1.125,1.154
366233,0.07507583,0.0700764773061774,1.124,1.154
15897229,0.07523469,0.07022637624367022,1.124,1.153
15641577,0.07524895,0.07024124408795152,1.123,1.153
4525798,0.07540146,0.0703882582198375,1.123,1.152
3124085,0.07542236,0.07040839638205433,1.122,1.152
4388669,0.07556196,0.07055052853522109,1.122,1.151
13574304,0.07559635,0.07058436952407032,1.121,1.151
5658417,0.07572802,0.07071313171279009,1.121,1.15
12287729,0.07577048,0.07075701404423228,1.12,1.15
14757880,0.0758944,0.07087617870660629,1.12,1.149
9261586,0.07594518,0.0709247211086441,1.119,1.149
9519396,0.07606302,0.07103955856260788,1.119,1.148
10309210,0.07612025,0.07109525750163186,1.118,1.148
1824750,0.07622997,0.07120332675782579,1.118,1.147
4827018,0.0762957,0.07126928894756633,1.117,1.147
14184966,0.07639541,0.07136742781522909,1.117,1.146
62699,0.0764716,0.07143910413915237,1.116,1.146
8499152,0.07657412,0.07153197268887959,1.116,1.145
7305030,0.07664791,0.07160392639795737,1.115,1.145
3813246,0.07674208,0.0716968504247155,1.115,1.144
1082016,0.07682457,0.07177740307358285,1.114,1.144
1624064,0.07691075,0.07186211649976772,1.114,1.143
14840979,0.07700172,0.07194954830046671,1.113,1.143
2832118,0.07708176,0.07202782639106713,1.113,1.142
8287675,0.07717916,0.07212352426937027,1.112,1.142
2800409,0.07725119,0.07219386914455195,1.112,1.141
9950137,0.07735708,0.07229816596264466,1.111,1.141
13406571,0.07742072,0.07236024476022217,1.111,1.14
16166078,0.07753542,0.07247363981138254,1.11,1.14
7125134,0.07759119,0.0725270641921396,1.11,1.139
14475102,0.07771416,0.0726468391018535,1.109,1.139
627233,0.07776447,0.07269427196327331,1.109,1.138
17977811,0.0778934,0.07282120340997338,1.108,1.138
6802060,0.07793002,0.07286186807362334,1.108,1.137
8585073,0.07807287,0.07299689916683486,1.107,1.137
17823731,0.07810667,0.07302979704615878,1.107,1.136
9832151,0.07825284,0.07317564616039586,1.106,1.136
7234350,0.07827587,0.07319816983494142,1.106,1.135
3187918,0.07843333,0.07335317265927706,1.105,1.135
13185228,0.07844808,0.07336687548590945,1.105,1.134
5150166,0.07861403,0.07352620551865531,1.104,1.134
14460681,0.07862366,0.07353602495312468,1.104,1.133
17921511,0.07879527,0.07369751859007567,1.103,1.133
13545555,0.07880207,0.07370556275955623,1.103,1.132
13848990,0.07897425,0.07387543342817317,1.103,1.131
9299780,0.07897695,0.07387704226206927,1.102,1.131
15175765,0.07915421,0.07404574791303731,1.102,1.13
67682,0.07915896,0.07404940939707674,1.101,1.13
17005439,0.07933417,0.07421645073711776,1.101,1.129
14474854,0.07934145,0.0742229415497331,1.1,1.129
6107819,0.07951216,0.07438754190041451,1.1,1.128
7282874,0.07952433,0.0743994694620581,1.099,1.128
15484632,0.07969002,0.07455902140292757,1.099,1.127
666381,0.07970768,0.07457716239203199,1.098,1.127
1716050,0.07986886,0.07473088924465693,1.098,1.126
2619728,0.07989147,0.07475208147046086,1.097,1.126
411857,0.08004451,0.07490314542560259,1.097,1.125
7294895,0.08007571,0.07492877581387855,1.096,1.125
7355743,0.08022913,0.07507584542279544,1.096,1.124
4057225,0.08026017,0.07510696803713056,1.095,1.124
3540376,0.08040512,0.0752488782821737,1.095,1.123
13788522,0.08044518,0.07528554859959885,1.094,1.123
5632155,0.08058855,0.07542235495779918,1.094,1.122
10545044,0.08063063,0.07546490584049977,1.093,1.122
10524103,0.08076899,0.07559621997264095,1.093,1.121
1358571,0.08081656,0.07564209947719555,1.092,1.121
9185998,0.08095045,0.07577047332669902,1.092,1.12
678014,0.08100285,0.07581829452733514,1.091,1.12
9489858,0.08113131,0.07594517049700429,1.091,1.119
12805446,0.08118955,0.07600159063742998,1.09,1.119
9557544,0.08131266,0.07612025600652587,1.09,1.118
15935756,0.08137682,0.07618161360270169,1.089,1.118
9991430,0.08149139,0.07629572985526376,1.089,1.117
10333511,0.08156431,0.07636613020747633,1.088,1.117
12547982,0.08166881,0.07647159204321793,1.088,1.116
6609768,0.08175235,0.0765539199570741,1.087,1.116
380045,0.0818473,0.07664789804741932,1.087,1.115
2068906,0.08194077,0.07673754892935433,1.086,1.115
707918,0.08202643,0.07682459239083701,1.086,1.114
11050026,0.08212968,0.07692428461536499,1.085,1.114
12639529,0.08220922,0.07700167507347101,1.085,1.113
5262850,0.0823191,0.07710846835795422,1.084,1.113
6541171,0.08239281,0.0771792015723522,1.084,1.112
5768058,0.08250878,0.07729287400866706,1.083,1.112
7872430,0.0825745,0.07735711641044969,1.083,1.111
9461594,0.082699,0.07746951287505385,1.082,1.111
9903181,0.08276517,0.0775354195877635,1.082,1.11
4185042,0.08288983,0.07765880050448593,1.081,1.11
2258985,0.08294449,0.0777141665813245,1.081,1.109
10811592,0.08308068,0.07784453760394038,1.08,1.109
8747090,0.08313117,0.0778933019141018,1.08,1.108
8566682,0.0832722,0.07802456056921209,1.079,1.108
2382254,0.08332298,0.07807288106312632,1.079,1.107
5184630,0.08346427,0.07821018671460474,1.078,1.107
1334717,0.08350972,0.07825284855136713,1.078,1.106
9665835,0.08365673,0.078397144308739,1.077,1.106
9968317,0.08369256,0.07843325985585514,1.077,1.105
16159449,0.0838496,0.07858820720315988,1.076,1.105
15148267,0.08387728,0.07861405949955946,1.076,1.104
2356982,0.08404271,0.07877211356059462,1.075,1.104
15346444,0.08406542,0.07879524748248008,1.075,1.103
4049116,0.08423648,0.07896134571299579,1.074,1.103
789764,0.08425209,0.0789769347586788,1.074,1.102
8198390,0.0844308,0.07914741567463565,1.073,1.102
13161726,0.08444259,0.07915895489706293,1.073,1.101
13286567,0.08462526,0.07933997644889085,1.072,1.101
13712099,0.08462665,0.07934147432872515,1.072,1.1
1163458,0.08481447,0.07952432662257278,1.072,1.099
1656180,0.08482034,0.07953081743518813,1.071,1.099
14724180,0.08500498,0.07970767820969851,1.071,1.098
3783601,0.08501587,0.0797182188455696,1.07,1.098
2857561,0.08519118,0.07989141813604056,1.07,1.097
11486842,0.08521186,0.07991172272935008,1.069,1.097
13109500,0.08537883,0.08007560187862979,1.069,1.096
13313294,0.08540834,0.0801060032915632,1.068,1.096
15764859,0.08556542,0.08026017396043533,1.068,1.095
11116989,0.0856052,0.08029778738738579,1.067,1.095
3555499,0.08575708,0.08044518985848809,1.067,1.094
15964354,0.0858026,0.08048973791430108,1.066,1.094
9583486,0.08595258,0.08063064957278802,1.066,1.093
12883804,0.08600047,0.08067691741655894,1.065,1.093
6957152,0.0861426,0.08081649762630427,1.065,1.092
11207231,0.08619865,0.08087092059361754,1.064,1.092
2365478,0.08633632,0.08100284497309863,1.064,1.091
4453451,0.08639734,0.08106198348803843,1.063,1.091
9144445,0.08652698,0.08118952518207839,1.063,1.09
16025955,0.08659649,0.08125798383820945,1.062,1.09
3473971,0.08672211,0.08137670468433625,1.062,1.089
6389135,0.08679611,0.0814434435525094,1.061,1.089
7475234,0.08692359,0.08156432800284132,1.061,1.088
12739499,0.08699623,0.0816362262348882,1.06,1.088
15953856,0.08712111,0.08175233966056268,1.06,1.087
8254352,0.0871968,0.08182457075479496,1.059,1.087
1821342,0.08731712,0.08194079513453124,1.059,1.086
9412058,0.08739771,0.08201646580467935,1.058,1.086
13955827,0.08751449,0.08212969442474702,1.058,1.085
2935740,0.08759925,0.08220985873439805,1.057,1.085
8629556,0.08771454,0.08231903753120999,1.057,1.084
4243090,0.08780112,0.08240258593974595,1.056,1.084
8684493,0.08791427,0.08250876897688927,1.056,1.083
3894891,0.08800352,0.08259570148431016,1.055,1.083
11386854,0.08811181,0.08269899971584664,1.055,1.082
6678660,0.08820639,0.08279159088041937,1.054,1.082
11464175,0.08830657,0.08288961879402033,1.054,1.081
661277,0.0884098,0.08299191843900063,1.053,1.081
16636967,0.08849814,0.08308068168844121,1.053,1.08
2349186,0.08861358,0.0831974608384865,1.052,1.08
12331196,0.08868801,0.08327224387614021,1.052,1.079
15383209,0.08881783,0.08339773292003685,1.051,1.079
6698796,0.08889228,0.0834641944030555,1.051,1.078
6421042,0.08902258,0.08359234634443535,1.05,1.078
3466299,0.08908772,0.083656588746218,1.05,1.077
14413060,0.08922781,0.08379206365567671,1.049,1.077
17490281,0.08928974,0.08384942690562769,1.049,1.076
2380916,0.08943347,0.08398806400584773,1.048,1.076
7215761,0.08948971,0.0840427088812846,1.048,1.075
9207428,0.08963964,0.08418839156442898,1.047,1.075
14573932,0.08968932,0.0842364901502196,1.047,1.074
17946121,0.08984644,0.08438688838099051,1.046,1.074
12300082,0.08989515,0.0844306597583709,1.046,1.073
15059517,0.09005341,0.08458211205272892,1.045,1.073
3887899,0.09010142,0.08462527318276941,1.045,1.072
10742945,0.09026106,0.08478049791522865,1.044,1.072
7177371,0.09030168,0.08482038590044602,1.044,1.071
17341999,0.09046905,0.08498842582704326,1.043,1.071
2600415,0.09049678,0.08501588695733894,1.043,1.07
16299446,0.09067767,0.08519052865061331,1.042,1.07
5480348,0.09070121,0.08521188730750996,1.042,1.069
13733709,0.09088663,0.085397291544779,1.041,1.069
9412320,0.09089981,0.08540833147392818,1.041,1.068
16279689,0.09109615,0.0856024456050486,1.04,1.068
7081414,0.09109963,0.0856052194565936,1.04,1.067
14607635,0.09130431,0.08580255125550623,1.04,1.066
14089716,0.09130619,0.08580421556643325,1.039,1.066
16779855,0.09151245,0.08600032687066607,1.039,1.065
2092350,0.09151666,0.0860047650331381,1.038,1.065
15131178,0.09172339,0.086198601779104,1.038,1.064
13141063,0.09172763,0.08620165301580351,1.037,1.064
11547823,0.09192342,0.08639732050378914,1.037,1.063
15592568,0.09193905,0.08641302050353394,1.036,1.063
9584018,0.09212572,0.08659648304472148,1.036,1.062
8351142,0.09215105,0.08661967244363783,1.035,1.062
10359349,0.0923316,0.08679608940190102,1.035,1.061
3702018,0.09236352,0.08682843251091593,1.034,1.061
13347306,0.0925295,0.08699619505235867,1.034,1.06
1385373,0.09257641,0.0870438498219021,1.033,1.06
16247355,0.09273265,0.08719674451906352,1.033,1.059
2363301,0.09278976,0.08725466253932351,1.032,1.059
11534212,0.09293278,0.08739773780201557,1.032,1.058
11787419,0.09300369,0.08746908126375345,1.031,1.058
9423650,0.09313401,0.08759917490121483,1.031,1.057
7051202,0.09321818,0.08768394380443059,1.03,1.057
432627,0.09334474,0.08780111129369218,1.03,1.056
5678349,0.09343304,0.08788471517925904,1.029,1.056
15555768,0.0935578,0.08800354697944765,1.029,1.055
2064860,0.09364833,0.08808692895689091,1.028,1.055
16944936,0.09377249,0.08820642648145031,1.028,1.054
15814944,0.09386423,0.0882938582821493,1.027,1.054
15979284,0.0939817,0.08840974979970018,1.027,1.053
10642824,0.09408072,0.08850883177688824,1.026,1.053
982352,0.09418898,0.08861357241122815,1.026,1.052
3431799,0.09429758,0.08872114237414397,1.025,1.052
16233102,0.09439249,0.08881783883900332,1.025,1.051
885348,0.09451486,0.08893556109857392,1.024,1.051
2302072,0.09460536,0.0890225490830257,1.024,1.05
12977097,0.09473277,0.08914726144848974,1.023,1.05
1658446,0.09481296,0.08922781409735708,1.023,1.049
13083710,0.09495114,0.08935812964294207,1.022,1.049
15498399,0.09502884,0.08943346745090477,1.022,1.048
10861428,0.09517011,0.08956949713067248,1.021,1.048
4543651,0.0952376,0.08963962009773056,1.021,1.047
9156199,0.09538939,0.08979024023662507,1.02,1.047
888848,0.0954485,0.08984627203783445,1.02,1.046
10034058,0.0956094,0.0900019405865409,1.019,1.046
8686835,0.09566133,0.09005342327121645,1.019,1.045
6349672,0.0958297,0.09021746885158885,1.018,1.045
16224045,0.09587629,0.09026101832084564,1.018,1.044
13226491,0.0960507,0.09042628439589785,1.017,1.044
10984109,0.0960969,0.09046905718672203,1.017,1.043
6193438,0.09627201,0.09064081407438959,1.016,1.043
13075661,0.09631126,0.09067765082290745,1.016,1.042
8100274,0.09649394,0.09085800665036456,1.015,1.042
10360300,0.09652334,0.09088663279830915,1.015,1.041
11245307,0.09671647,0.09107542113446312,1.014,1.041
11126858,0.09673537,0.09109616954401986,1.014,1.04
9124420,0.09693937,0.0912942225443342,1.013,1.04
13595158,0.09695221,0.09130615010597777,1.013,1.039
10162313,0.09716292,0.09151091582703105,1.012,1.039
4565815,0.09716948,0.09151662996121379,1.012,1.038
4120643,0.0973868,0.0917267769542644,1.011,1.038
17867026,0.09738752,0.09172760910972791,1.011,1.037
9281045,0.09760851,0.09193908755152014,1.011,1.036
3680121,0.09761158,0.09194219426525055,1.01,1.036
8845501,0.09782997,0.09215100980955956,1.01,1.035
4044277,0.09783638,0.0921572232370204,1.009,1.035
1372564,0.09805434,0.09236343136087709,1.009,1.034
13969069,0.09806184,0.09237014408161603,1.008,1.034
6134714,0.09827018,0.09257635220547272,1.008,1.033
5201891,0.0982879,0.09259305079177373,1.007,1.033
9293738,0.09849272,0.09278977234334645,1.007,1.032
12988961,0.09851449,0.09281190767867571,1.006,1.032
858086,0.09871269,0.0930036917744983,1.006,1.031
17822345,0.09874157,0.09303104195073218,1.005,1.031
2543656,0.09893778,0.09321805502189734,1.005,1.03
12652321,0.0989692,0.09324767975639814,1.004,1.03
4982985,0.09915768,0.09343297303960539,1.004,1.029
5991695,0.09919735,0.09347108575983394,1.003,1.029
10078182,0.09937401,0.09364833487356064,1.003,1.028
11009161,0.09942603,0.09369970660417438,1.002,1.028
11401254,0.09959361,0.09386425147782489,1.002,1.027
14041883,0.09965523,0.09392649670649511,1.001,1.027
6391449,0.09981353,0.09408061189833634,1.001,1.026
14424934,0.09988495,0.09415434087240294,1.0,1.026
15643765,0.10003,0.0942974716121259,1.0,1.025
437481,0.1001152,0.09438129740581637,0.999,1.025
12079740,0.1002544,0.09451488609622447,0.999,1.024
16205048,0.100346,0.09460187408067625,0.998,1.024
3219138,0.1004781,0.09473274439657023,0.998,1.023
4272437,0.1005774,0.09482711082613177,0.997,1.023
4094701,0.1007027,0.0949511019901941,0.997,1.022
3671373,0.1008092,0.0950536790203289,0.996,1.022
6573659,0.1009248,0.09517001435412697,0.996,1.021
3935496,0.1010417,0.09528302106607103,0.995,1.021
11224619,0.101149,0.09538942601133796,0.995,1.02
2119330,0.1012745,0.09550825781152655,0.994,1.02
3146571,0.1013783,0.09560928148479614,0.994,1.019
7643962,0.101508,0.09574076204803002,0.993,1.019
14597902,0.1016012,0.09582969172856332,0.993,1.018
125705,0.101742,0.09596827335175245,0.992,1.018
539399,0.101828,0.0960506012656086,0.992,1.017
17832416,0.1019765,0.09619362105126976,0.991,1.017
3760439,0.102058,0.09627201009593199,0.991,1.016
16745589,0.1022116,0.09642002281437419,0.99,1.016
1289994,0.1022894,0.09649397369656439,0.99,1.015
4897137,0.1024472,0.09664908747496183,0.989,1.015
13976326,0.1025189,0.09671638111344398,0.989,1.014
3503554,0.1026835,0.09687376945010834,0.988,1.014
10978191,0.1027533,0.09693934330063259,0.988,1.013
5411895,0.1029201,0.09709878428744026,0.987,1.013
15103411,0.1029855,0.09716280478109929,0.987,1.012
4766281,0.1031575,0.09733245354159263,0.986,1.012
1407167,0.103211,0.09738682103187499,0.986,1.011
1069454,0.1033952,0.09755952102906786,0.985,1.011
3761840,0.1034483,0.0976112810988979,0.985,1.01
7180087,0.1036335,0.09779341219134383,0.984,1.01
10924205,0.1036781,0.09783629593622982,0.984,1.009
17766566,0.1038724,0.0980264157211254,0.983,1.009
2836387,0.1039083,0.09806186554387074,0.983,1.008
6362170,0.104112,0.09826296978088458,0.982,1.008
4150164,0.1041374,0.09828793444478975,0.982,1.007
11445942,0.1043519,0.09850512702076472,0.981,1.007
7053021,0.1043619,0.09851450263898688,0.981,1.006
7665822,0.1045862,0.0987415701264621,0.981,1.005
9651885,0.1045924,0.09874817189313925,0.98,1.005
13412843,0.1048135,0.09896919238424634,0.98,1.004
15067470,0.1048335,0.09898955245458678,0.979,1.004
13967720,0.105048,0.09919736941233957,0.979,1.003
6495910,0.1050752,0.09922299980061555,0.978,1.003
4294466,0.1052868,0.09942604573371092,0.978,1.002
16528497,0.1053174,0.09945633619258253,0.977,1.002
9264321,0.1055196,0.09965522134836036,0.977,1.001
7763410,0.1055602,0.09969250191312541,0.976,1.001
686416,0.1057573,0.09988495173331881,0.976,1.0
5073932,0.1058035,0.09993144148521332,0.975,1.0
5232767,0.1059921,0.10011523688858626,0.975,0.999
7566823,0.1060474,0.10016893865449782,0.974,0.999
1340908,0.1062292,0.1003460213371318,0.974,0.998
7074574,0.1062919,0.10040682416299862,0.973,0.998
6287955,0.1064659,0.10057736055598636,0.973,0.997
6402374,0.1065369,0.10064559730399382,0.972,0.997
17743818,0.1067026,0.10080919906811903,0.972,0.996
7449264,0.1067825,0.10088803192902845,0.971,0.996
7286756,0.106941,0.10104159235056069,0.971,0.995
3025379,0.1070287,0.10112902415125968,0.97,0.995
9286723,0.1071765,0.10127448492628045,0.97,0.994
9534086,0.1072754,0.1013711259141089,0.969,0.994
1709361,0.1074114,0.10150798774934013,0.969,0.993
8634489,0.1075227,0.10161472555679245,0.968,0.993
2875435,0.1076476,0.10174198986567791,0.968,0.992
9547114,0.1077706,0.10186287431600982,0.967,0.992
10805674,0.1078853,0.10197649127529378,0.967,0.991
14702247,0.108019,0.10210669586681696,0.966,0.991
14525691,0.1081229,0.10221160293224957,0.966,0.99
5565349,0.108268,0.10235184886636571,0.965,0.99
6389268,0.1083656,0.10244721388248344,0.965,0.989
7569405,0.1085177,0.10259256370344243,0.964,0.989
15672618,0.108612,0.10268337960302634,0.964,0.988
15427570,0.1087678,0.10283621882315687,0.963,0.988
17900016,0.108856,0.10292010009387823,0.963,0.987
14739345,0.1090185,0.10308009585099491,0.962,0.987
12956810,0.1090997,0.10315731987800823,0.962,0.986
8372972,0.1092698,0.10332613648303807,0.961,0.986
17258775,0.1093431,0.10339514990947812,0.961,0.985
16356179,0.1095217,0.10357090114337052,0.96,0.985
1521366,0.1095854,0.10363347923422614,0.96,0.984
1537200,0.1097742,0.10381677534432096,0.959,0.984
10105988,0.1098304,0.10387236332928314,0.959,0.983
11164001,0.1100272,0.10406459124135294,0.958,0.983
4780927,0.1100788,0.10411185767168005,0.958,0.982
7230730,0.1102809,0.10430663752717126,0.957,0.982
2209753,0.110329,0.10435185130735507,0.957,0.981
2484008,0.1105351,0.10455101384828741,0.956,0.981
7594194,0.1105772,0.10459239971333908,0.956,0.98
4515765,0.1107901,0.10479472444503275,0.955,0.98
6892414,0.1108309,0.10483350288963211,0.955,0.979
1816227,0.1110453,0.1050385459958399,0.954,0.979
12651580,0.111084,0.10507516083623414,0.954,0.978
7156355,0.1113013,0.10528286683992513,0.953,0.978
12847264,0.1113368,0.10531737355314516,0.953,0.977
6534188,0.1115579,0.10553212513976051,0.952,0.977
9586970,0.1115867,0.1055601965173961,0.952,0.976
1500124,0.111815,0.10578232654912119,0.951,0.976
2672816,0.1118372,0.10580351877492514,0.951,0.975
4056037,0.1120729,0.10603152937192567,0.95,0.975
8005735,0.1120913,0.10604739580276318,0.95,0.974
13730095,0.1123311,0.10627568378491821,0.949,0.974
9731347,0.1123494,0.10629188307794113,0.949,0.973
4323731,0.1125901,0.10653132194330714,0.948,0.973
720105,0.1125959,0.10653692512342808,0.948,0.972
13373138,0.1128493,0.10678252193922402,0.948,0.971
5532078,0.1128496,0.10678274384734762,0.947,0.971
12286016,0.1131041,0.10702867352532898,0.947,0.97
14704835,0.1131098,0.10703399932029542,0.946,0.97
16812697,0.1133621,0.10727537988174295,0.946,0.969
17944180,0.1133705,0.10728314666606899,0.945,0.969
1618383,0.1136152,0.10752269648549681,0.945,0.968
14528321,0.1136319,0.10753956150289053,0.944,0.968
6794346,0.1138671,0.10777056785955967,0.944,0.967
15469203,0.1138938,0.10779447845987773,0.943,0.967
1340717,0.1141289,0.10801899400393154,0.943,0.966
2018839,0.1141564,0.10804590036391823,0.942,0.966
14200564,0.1143949,0.10826797491861243,0.942,0.965
3176787,0.1144195,0.1082942155542283,0.941,0.965
9935091,0.1146477,0.1085175660806332,0.941,0.964
6121100,0.1146833,0.10855024205183351,0.94,0.964
17118651,0.1149041,0.10876776748999388,0.94,0.963
12747331,0.1149477,0.10880882049286016,0.939,0.963
6533305,0.1151621,0.10901846819263267,0.939,0.962
14503281,0.1152127,0.1090675098879486,0.938,0.962
6484597,0.115422,0.10926977914261136,0.938,0.961
13974335,0.1154782,0.10932553355866624,0.937,0.961
16560792,0.1156819,0.10952170033992996,0.937,0.96
9220417,0.1157445,0.10958217030361136,0.936,0.96
2143435,0.1159395,0.10977417630755756,0.936,0.959
5216010,0.1160113,0.10984352259618302,0.935,0.959
16179556,0.1161951,0.11002720704549417,0.935,0.958
16859572,0.1162787,0.11010836994170141,0.934,0.958
7569415,0.1164501,0.11028084803077066,0.934,0.957
16339943,0.1165468,0.11037771092672272,0.933,0.957
1933159,0.1167069,0.11053509926338707,0.933,0.956
12975201,0.1168154,0.11063529078119315,0.932,0.956
16724541,0.1169726,0.1107899052663125,0.932,0.955
6144612,0.1170847,0.11089858476984632,0.931,0.955
8653276,0.1172274,0.11104526603954691,0.931,0.954
10950846,0.1173546,0.11116859147923844,0.93,0.954
11956467,0.1174881,0.11130129253715214,0.93,0.953
3854446,0.1176251,0.11143482575052933,0.929,0.953
15607355,0.1177531,0.11155781832803546,0.929,0.952
15190628,0.1178963,0.11169484659435938,0.928,0.952
17976698,0.1180222,0.1118150098432896,0.928,0.951
6228114,0.1181681,0.11195536673146754,0.927,0.951
1726504,0.1182884,0.11207275612885273,0.927,0.95
4776437,0.1184405,0.11222182291088204,0.926,0.95
9729356,0.1185493,0.11233111266175577,0.926,0.949
5276964,0.1187135,0.11249410417854107,0.925,0.949
5345362,0.1188108,0.11259007944199871,0.925,0.948
559827,0.1189872,0.11276416636496409,0.924,0.948
8270521,0.1190733,0.11284960099255066,0.924,0.947
10497010,0.1192615,0.1130362257244995,0.923,0.947
6010782,0.1193355,0.11310978826747341,0.923,0.946
1616158,0.1195364,0.11330484550811912,0.922,0.946
13928091,0.1196059,0.11337053031270516,0.922,0.945
2532361,0.119812,0.11357457483235674,0.921,0.945
5146740,0.1198684,0.11363188260527682,0.921,0.944
814543,0.1200883,0.11384763277844837,0.92,0.944
17821857,0.1201374,0.11389378966815748,0.92,0.943
694491,0.120365,0.11411630803909888,0.919,0.943
2396660,0.1204048,0.11415636245540894,0.919,0.942
12077104,0.1206426,0.11438825644457251,0.918,0.942
5857112,0.1206749,0.11441949001296942,0.918,0.941
16585140,0.1209206,0.11466364442596197,0.917,0.941
14965969,0.1209402,0.1146832832949007,0.917,0.94
2874118,0.1211993,0.11494147339671103,0.916,0.94
8535027,0.121205,0.11494763134714098,0.916,0.939
10365030,0.1214689,0.11521264512375205,0.916,0.938
17490150,0.1214787,0.11522163240275791,0.915,0.938
7896265,0.1217411,0.11547821367067214,0.915,0.937
7235054,0.1217588,0.11549641013680746,0.914,0.937
1124305,0.1220101,0.11574444794196304,0.914,0.936
5812963,0.1220394,0.11577473840083465,0.913,0.936
15225807,0.122281,0.11601123698356293,0.913,0.935
1100229,0.1223208,0.11605184617018201,0.912,0.935
10715704,0.1225548,0.11627869174953363,0.912,0.934
7817314,0.1226027,0.11632956418686928,0.911,0.934
3855767,0.1228192,0.11654675676284423,0.911,0.933
17332478,0.1228856,0.11661227513633758,0.91,0.933
1614775,0.1230975,0.11681537654646384,0.91,0.932
14970994,0.1231686,0.11688444544993482,0.909,0.932
8001710,0.1233746,0.11708466205445425,0.909,0.931
11578119,0.1234527,0.11716183060443668,0.908,0.931
10395553,0.1236492,0.11735461328681547,0.908,0.93
10670685,0.1237372,0.11743771787910423,0.907,0.93
9280397,0.1239326,0.1176251192894857,0.907,0.929
9021044,0.1240224,0.11771343872267909,0.906,0.929
9196782,0.1242035,0.11789629101652672,0.906,0.928
11788388,0.1243083,0.1179967599194873,0.905,0.928
4720024,0.124488,0.11816807299090765,0.905,0.927
14004958,0.1245949,0.11827298005634025,0.904,0.927
13995955,0.1247684,0.11844046521262848,0.904,0.926
1969791,0.1248822,0.11855391574081975,0.903,0.926
6640648,0.1250456,0.11871352315872012,0.903,0.925
2337213,0.12517,0.11883967792698756,0.902,0.925
8363009,0.1253253,0.11898713587512076,0.902,0.924
5060496,0.1254585,0.11911567615571693,0.901,0.924
30134,0.1256037,0.11926146979292311,0.901,0.923
905366,0.1257477,0.11940282526765726,0.9,0.923
3657910,0.1258868,0.11953635848103446,0.9,0.922
10768514,0.1260376,0.11968037685325182,0.899,0.922
14212267,0.1261682,0.11981191289351661,0.899,0.921
575238,0.1263283,0.11996846907471746,0.898,0.921
11619451,0.1264564,0.12008813303036957,0.898,0.92
5322147,0.1266195,0.12024491111969403,0.897,0.92
15874256,0.1267451,0.12036496341456243,0.897,0.919
8240199,0.1269113,0.12052401606215381,0.896,0.919
1238487,0.1270348,0.1206424595231261,0.896,0.918
17198708,0.1272039,0.12080661605756031,0.895,0.918
10368099,0.127324,0.12092056587902968,0.895,0.917
685874,0.1274971,0.12108777365016339,0.894,0.917
5839552,0.1276176,0.12119928248227314,0.894,0.916
15888245,0.127791,0.12137292558899132,0.893,0.916
730699,0.127897,0.12147866480988742,0.893,0.915
4833473,0.1280856,0.12166273759841487,0.892,0.915
7600273,0.1281814,0.12175871286187251,0.892,0.914
5458317,0.1283808,0.12195227222268391,0.891,0.914
1929213,0.1284692,0.12203942663822841,0.891,0.913
16414733,0.1286768,0.12224091921445855,0.89,0.913
10460754,0.128759,0.12232075066192419,0.89,0.912
13028611,0.1289734,0.1225298990684186,0.889,0.912
4723963,0.1290449,0.12260274040999079,0.889,0.911
7612330,0.1292707,0.12281771390472974,0.888,0.911
10196633,0.1293401,0.1228853404053973,0.888,0.91
4222627,0.1295687,0.12311773368783896,0.887,0.91
716689,0.1296214,0.1231686061251746,0.887,0.909
10108176,0.1298674,0.12341342626253794,0.886,0.909
7650792,0.129908,0.12345253756932272,0.886,0.908
11983365,0.1301668,0.12370911883723694,0.885,0.908
612781,0.1301953,0.12373713473784162,0.885,0.907
3645238,0.1304669,0.12399637890323907,0.884,0.907
8408827,0.130495,0.12402239763073135,0.884,0.906
3997641,0.1307676,0.12428879833311494,0.883,0.906
4916026,0.130787,0.12430827077096097,0.883,0.905
14590251,0.1310691,0.12459159196776917,0.882,0.905
5026999,0.1310724,0.1245948651125923,0.882,0.904
9527853,0.1313581,0.12488206970156353,0.882,0.903
17884674,0.1313712,0.12489577252819592,0.881,0.903
3882275,0.1316483,0.12516994001490556,0.881,0.902
7964991,0.131674,0.12519734566817034,0.88,0.902
15878085,0.1319411,0.12545847605261842,0.88,0.901
5993621,0.1319776,0.12549398135239465,0.879,0.901
12551824,0.1322313,0.12574773329173294,0.879,0.9
14013953,0.1322819,0.1257997152696866,0.878,0.9
7767526,0.1325271,0.1260376007781874,0.878,0.899
15220473,0.1325868,0.12609712763234351,0.877,0.899
7358001,0.1328205,0.12632813398901266,0.877,0.898
4135438,0.1328924,0.12640136366980115,0.876,0.898
3582882,0.1331072,0.1266193329242087,0.876,0.897
12285779,0.133199,0.12670870642098922,0.875,0.897
2281792,0.1333958,0.1269112530608065,0.875,0.896
13541539,0.1335059,0.12701943327106222,0.874,0.896
5951331,0.1336948,0.12720378344474415,0.874,0.895
16198297,0.1338136,0.12732405764773616,0.873,0.895
906620,0.1339871,0.12749703503008353,0.873,0.894
15591041,0.134122,0.12762968061096633,0.872,0.894
7834849,0.1342897,0.1277909523397937,0.872,0.893
1801908,0.1344312,0.12792853537642662,0.871,0.893
15097566,0.1345913,0.12808553537387468,0.871,0.892
15828778,0.1347411,0.12822727918782514,0.87,0.892
15333864,0.1348968,0.12838078413232648,0.87,0.891
10038580,0.1350517,0.1285351767093222,0.869,0.891
11957521,0.1351931,0.12867675409217996,0.869,0.89
7891316,0.1353632,0.12884640285267332,0.868,0.89
4654570,0.1354905,0.12897338977640427,0.868,0.889
6886365,0.1356751,0.12915529896072658,0.867,0.889
1570322,0.1357878,0.12927069118499937,0.867,0.888
408726,0.1359879,0.12947323782481662,0.866,0.888
9354266,0.1360833,0.12956871379499618,0.866,0.887
11397741,0.1363014,0.12978363181270422,0.865,0.887
3262409,0.1363835,0.1298674021293638,0.865,0.886
4952428,0.1366156,0.13010057209023806,0.864,0.886
5155289,0.1366796,0.1301667561881022,0.864,0.885
2085812,0.1369305,0.13041335159045436,0.863,0.885
3914519,0.136982,0.1304668314482423,0.863,0.884
11167911,0.1372461,0.13072063886461152,0.862,0.884
10233198,0.1372941,0.13076757243275325,0.862,0.883
17402067,0.1375625,0.1310294794956339,0.861,0.883
10838746,0.1376038,0.13106903461866587,0.861,0.882
14303009,0.1378796,0.13134886076252736,0.86,0.882
2661839,0.1379014,0.13137116252894931,0.86,0.881
1637636,0.1381975,0.13166197312492905,0.859,0.881
1165705,0.1382106,0.13167401164063444,0.859,0.88
2330181,0.1385161,0.13196914944502441,0.858,0.88
8366850,0.1385248,0.13197758195372128,0.858,0.879
11617966,0.1388314,0.13228181799117894,0.858,0.878
12561250,0.1388354,0.13228536852115655,0.857,0.878
1264316,0.1391404,0.13258671975300737,0.857,0.877
17558762,0.1391554,0.13260147664322688,0.856,0.877
4543451,0.1394472,0.13289239819326845,0.856,0.876
15629716,0.1394763,0.13292257769807825,0.855,0.876
8370042,0.1397516,0.1331987423579003,0.855,0.875
2954257,0.1397977,0.1332447882935476,0.854,0.875
13028902,0.140058,0.13350580772393386,0.854,0.874
7502718,0.1401201,0.13357293493132333,0.853,0.874
1676503,0.1403623,0.13381353881433825,0.853,0.873
7767878,0.140443,0.13389214976712407,0.852,0.873
8405804,0.1406767,0.13412204658317523,0.852,0.872
905040,0.1407669,0.1342093674298124,0.851,0.872
12759518,0.1409855,0.134431220076383,0.851,0.871
427218,0.1410913,0.13453224374965259,0.85,0.871
5355161,0.1412994,0.1347411147709925,0.85,0.87
12821902,0.1414165,0.13485645151823436,0.849,0.87
4871955,0.1416134,0.13505173066700368,0.849,0.869
1812686,0.1417425,0.1351742239512317,0.848,0.869
9679346,0.1419343,0.13536301228738568,0.848,0.868
17667957,0.1420693,0.1355007062780804,0.847,0.868
14888424,0.1422475,0.13567507058620026,0.847,0.867
245131,0.1423968,0.13582291687354975,0.846,0.867
14573028,0.1425642,0.13598785008641656,0.846,0.866
2614554,0.142725,0.13614429531355562,0.845,0.866
15747225,0.1428837,0.13630135078803457,0.845,0.865
15932131,0.143054,0.1364687804672919,0.844,0.865
5434867,0.1432013,0.1366155172140234,0.844,0.864
6078325,0.1433838,0.13678982604511236,0.843,0.864
775669,0.1435265,0.1369304603184448,0.843,0.863
8385523,0.1437144,0.13711336808932334,0.842,0.863
8273097,0.1438517,0.13724612462426794,0.842,0.862
10168035,0.1440457,0.1374346910522983,0.841,0.862
7010563,0.1441779,0.13756251013149276,0.841,0.861
2190863,0.1443777,0.13776461295506282,0.84,0.861
5016741,0.1444935,0.1378796168401193,0.84,0.86
7329007,0.1447105,0.1380882104763047,0.839,0.86
1220434,0.1448268,0.13819744475014753,0.839,0.859
9428207,0.1450441,0.13841169704348477,0.838,0.859
10846826,0.1451474,0.1385160493386084,0.838,0.858
7013908,0.1453785,0.13874777689667925,0.837,0.858
6776805,0.1454668,0.13883537512847094,0.837,0.857
3040838,0.1457136,0.13907070869355032,0.836,0.857
15431839,0.1458022,0.1391554221197352,0.836,0.856
1982574,0.1460496,0.13940201752208733,0.835,0.856
12710536,0.1461218,0.13947619031240116,0.835,0.855
10535262,0.1463862,0.13973515709264409,0.834,0.855
5714805,0.14645,0.13979773518349972,0.834,0.854
5407723,0.1467237,0.1400607517869984,0.833,0.854
12736984,0.1467846,0.140120001256,0.833,0.853
2581181,0.1470619,0.1403898415342994,0.832,0.853
4307847,0.1471172,0.14044298852990195,0.832,0.852
9089323,0.1474009,0.14072703092811187,0.831,0.852
17491792,0.1474409,0.14076675248223652,0.831,0.851
7911214,0.1477409,0.1410566754457219,0.83,0.851
4025537,0.1477758,0.1410912376359728,0.83,0.85
3739205,0.1480813,0.1414007994683969,0.829,0.85
7790034,0.1480968,0.1414164994681417,0.829,0.849
12228641,0.1484226,0.14173615812018966,0.828,0.849
6340894,0.1484292,0.14174248250171229,0.828,0.848
8823472,0.1487648,0.14206613549998506,0.827,0.848
6277982,0.1487682,0.1420692422137155,0.827,0.847
4366061,0.1491036,0.14239677860415131,0.827,0.846
7369305,0.1491077,0.14240077295037612,0.826,0.846
16760212,0.1494431,0.1427250361959888,0.826,0.845
16265638,0.1494515,0.14273324679656207,0.825,0.845
639946,0.1497791,0.143054014989228,0.825,0.844
2902996,0.149796,0.14307054714443634,0.824,0.844
11448632,0.150117,0.14338382593793075,0.824,0.843
3393911,0.1501413,0.14340751463012522,0.823,0.843
9078223,0.1504544,0.14371435808803518,0.823,0.842
16497909,0.1504874,0.1437504736351513,0.822,0.842
6631613,0.1507804,0.1440456114395413,0.822,0.841
14201995,0.1508343,0.14410058917716356,0.821,0.841
5601110,0.1511132,0.14437769694651093,0.821,0.84
15952491,0.1511821,0.1444466548959201,0.82,0.84
16231995,0.1514482,0.14471050365488228,0.82,0.839
120095,0.1515305,0.14479438492560365,0.819,0.839
8938601,0.1517854,0.14504408704168623,0.819,0.838
10786027,0.1518798,0.14513728845359886,0.818,0.838
15558613,0.1521247,0.14537844710692277,0.818,0.837
10000516,0.15223,0.14548191176955197,0.817,0.837
13745613,0.1524613,0.1457135838505919,0.817,0.836
514501,0.152581,0.14583158349531702,0.816,0.836
2808310,0.1528057,0.14604949727269367,0.816,0.835
3225589,0.1529327,0.14617271175832341,0.815,0.835
17294617,0.1531485,0.14638618737322806,0.815,0.834
5563753,0.1532852,0.14651639196475122,0.814,0.834
5723339,0.1535018,0.14672365415219502,0.814,0.833
3716232,0.1536385,0.1468569654574486,0.813,0.833
8380780,0.1538457,0.1470618421325637,0.813,0.832
11409626,0.1539927,0.14720153329637084,0.812,0.832
4962607,0.1541941,0.14740086226839588,0.812,0.831
2824840,0.1543477,0.1475556986616388,0.811,0.831
3791314,0.1545338,0.14774065908266065,0.811,0.83
10793582,0.1547037,0.14791308169469902,0.81,0.83
14130910,0.1548715,0.14808123257535805,0.81,0.829
6042852,0.1550601,0.1482629198515568,0.809,0.829
17918910,0.1552201,0.14842263822351895,0.809,0.828
10386466,0.1554176,0.14861614210729945,0.808,0.828
11852869,0.1555696,0.14876476507308156,0.808,0.827
9062909,0.1557759,0.1489613201935616,0.807,0.827
14956664,0.1559231,0.14910772407810766,0.807,0.826
14158189,0.156135,0.14931143573557384,0.806,0.826
1388875,0.1562786,0.1494514042845355,0.806,0.825
4288869,0.1564949,0.14966770922801603,0.805,0.825
2226287,0.1566251,0.1497959721234577,0.805,0.824
1901301,0.1568556,0.1500216526851604,0.804,0.824
3886434,0.1569732,0.15014126116378163,0.804,0.823
13923399,0.1572173,0.15038463889834155,0.803,0.823
12161330,0.157324,0.15048738235956904,0.803,0.822
8732607,0.1575797,0.15073847140142413,0.802,0.822
14022596,0.1576759,0.1508342802337891,0.802,0.821
10059964,0.1579429,0.15109235938153762,0.801,0.821
2296271,0.1580346,0.15118201026347264,0.801,0.82
10340953,0.158307,0.1514455261602494,0.8,0.82
14917033,0.1583937,0.15153051697158876,0.8,0.819
8279534,0.1586719,0.15179763887537406,0.799,0.819
10939557,0.1587591,0.15187980035813753,0.799,0.818
6360878,0.1590377,0.15215269187313646,0.798,0.818
8457702,0.1591156,0.15222991590014978,0.798,0.817
17581390,0.1594043,0.15250902084260956,0.797,0.817
3328042,0.1594782,0.15258086359762554,0.797,0.816
5257805,0.1597718,0.15287550210873743,0.796,0.816
6364298,0.1598291,0.1529325879735339,0.796,0.815
16492210,0.1601402,0.15323976429362926,0.795,0.815
4667522,0.1601868,0.15328514450490577,0.795,0.814
11012615,0.1605093,0.1536031943230576,0.794,0.814
10554940,0.160547,0.15363853319174114,0.794,0.813
3243522,0.1608793,0.15396551481186796,0.793,0.813
17623608,0.1609065,0.15399269855700914,0.793,0.812
17872808,0.1612502,0.15432667028302938,0.792,0.812
4576419,0.1612732,0.15434769607774063,0.792,0.811
664937,0.1616219,0.15469137628416843,0.791,0.811
9324846,0.1616344,0.15470347027690473,0.791,0.81
4790718,0.1619914,0.15506013210856323,0.791,0.809
6429629,0.1619944,0.15506235118979925,0.79,0.809
11061949,0.1623515,0.15541757061865433,0.79,0.808
7864546,0.1623679,0.15543266037105924,0.789,0.808
4935194,0.1627173,0.15577584128420893,0.789,0.807
1880568,0.1627422,0.1558008059481141,0.788,0.807
426883,0.1630788,0.15613494410522705,0.788,0.806
2547647,0.1631173,0.1561726684862393,0.787,0.806
9492922,0.1634458,0.15649487908170867,0.787,0.805
11400649,0.1634934,0.15653981547673798,0.786,0.805
8687731,0.1638129,0.15685559073662292,0.786,0.804
12715695,0.1638703,0.15691123419861597,0.785,0.804
9795586,0.1641804,0.15721719002403153,0.785,0.803
9857486,0.164248,0.1572860924964098,0.784,0.803
17726141,0.1645442,0.15757962146690369,0.784,0.802
5163134,0.1646266,0.15766067340904913,0.783,0.802
12289900,0.1649179,0.15794288506523932,0.783,0.801
2114549,0.1650062,0.1580289299401658,0.782,0.801
4437065,0.1652864,0.15830698081903846,0.782,0.8
5274519,0.1653866,0.15840839283152436,0.781,0.8
10234379,0.1656592,0.15867190872830114,0.781,0.799
11291798,0.1657678,0.15878302922119458,0.78,0.799
5841101,0.1660328,0.1590376687930273,0.78,0.798
16727840,0.1661499,0.15915267267808378,0.779,0.798
9088614,0.1664101,0.15940431649024786,0.779,0.797
6941440,0.1665329,0.1595289179016501,0.778,0.797
1945814,0.166777,0.15977179634293193,0.778,0.796
7321058,0.1669168,0.15990566241849452,0.777,0.796
11551094,0.1671594,0.1601401083510795,0.777,0.795
867541,0.1673016,0.16027746947958885,0.776,0.795
11890461,0.1675343,0.1605092525146906,0.776,0.794
17501192,0.1676874,0.16065532353705128,0.775,0.794
13576662,0.1679135,0.1608792843107961,0.775,0.793
11363015,0.1680738,0.16103839243541834,0.774,0.793
10874568,0.1682878,0.16125014826236508,0.774,0.792
16471147,0.1684613,0.16142312564471245,0.773,0.792
2123979,0.1686628,0.16162184436939758,0.773,0.791
3127207,0.1688496,0.16179898252906247,0.772,0.791
5958176,0.1690448,0.16199442810892448,0.772,0.79
11583062,0.169239,0.16218582386553076,0.771,0.79
2455893,0.1694162,0.1623678440039149,0.771,0.789
12897988,0.169629,0.16258143057288135,0.77,0.789
10305033,0.1697864,0.16274214753139973,0.77,0.788
12933181,0.17002,0.16297065742167835,0.769,0.788
2497616,0.1701691,0.16311733869137895,0.769,0.787
2495321,0.170412,0.16335655564862137,0.768,0.787
6302186,0.1705531,0.16349336200682169,0.768,0.786
8906135,0.1708048,0.16374800157865438,0.767,0.786
733048,0.1709272,0.16387021747772793,0.767,0.785
3153942,0.1711986,0.1641360079327716,0.766,0.785
17538899,0.1713116,0.16424801605815945,0.766,0.784
13702829,0.1715932,0.16453167011715306,0.765,0.784
3429211,0.1716886,0.1646266467940545,0.765,0.783
15847256,0.1719888,0.16491873336174498,0.764,0.783
17200687,0.1720758,0.16500610968541307,0.764,0.782
3007803,0.1723854,0.16530313370885366,0.763,0.782
6754768,0.1724715,0.16538651568629692,0.763,0.781
5379046,0.1727826,0.16568881002767305,0.762,0.781
15227602,0.1728633,0.16576775384264428,0.762,0.78
3808047,0.173181,0.16608752344875405,0.761,0.78
4599932,0.173241,0.16614987963148606,0.761,0.779
12116733,0.1735802,0.1664820760925175,0.76,0.779
10412243,0.1736298,0.16653289305282223,0.76,0.778
6220218,0.1739803,0.16688744675730652,0.759,0.778
14111889,0.1740112,0.1669167941066528,0.759,0.777
2794647,0.1743814,0.16728882307587073,0.758,0.777
15550180,0.1743951,0.1673015827929778,0.758,0.776
8048380,0.1747834,0.1676861495711792,0.757,0.776
2878608,0.1747845,0.16768725911179722,0.757,0.775
5601736,0.175172,0.168073823063111,0.757,0.774
3379524,0.1751863,0.1680886354303614,0.756,0.774
6796917,0.1755624,0.1684612746469192,0.756,0.773
10441352,0.1755901,0.1684872378973806,0.755,0.773
3921507,0.1759649,0.16884961386322184,0.755,0.772
6476495,0.1759949,0.16887790714898102,0.754,0.772
8861974,0.1763514,0.16923884071201883,0.754,0.771
12679381,0.1764006,0.1692882707465511,0.753,0.771
5027448,0.1767495,0.16962901067034117,0.753,0.77
12932103,0.1768073,0.16968692869060115,0.752,0.77
12915297,0.177147,0.170020012784127,0.752,0.769
17481067,0.1772149,0.17008503186434223,0.751,0.769
9456857,0.1775502,0.17041195800743814,0.751,0.768
16623498,0.1776234,0.170482191928558,0.75,0.768
10478044,0.1779531,0.17080479086324368,0.75,0.767
7908603,0.1780328,0.17088240322947332,0.749,0.767
12340038,0.1783466,0.17119856682857454,0.749,0.766
14350214,0.1784433,0.1712957071096811,0.748,0.766
10971227,0.1787434,0.17159317494936888,0.748,0.765
9022521,0.1788546,0.17170618166131296,0.747,0.765
6584672,0.1791386,0.17198878165671946,0.747,0.764
9923193,0.1792669,0.17210716964066083,0.746,0.764
16139897,0.1795491,0.1723852205195335,0.746,0.763
9759195,0.1796802,0.1725137053230988,0.745,0.763
3241315,0.1799577,0.17278260249187288,0.745,0.762
5404983,0.1800945,0.17291275160636516,0.744,0.762
2618813,0.1803621,0.17318092757373757,0.744,0.761
9475100,0.1805096,0.17332672121094375,0.743,0.761
10253977,0.1807661,0.17358014028809665,0.743,0.76
3028576,0.1809256,0.1737376950558537,0.742,0.76
10626696,0.1811744,0.17398029611198104,0.742,0.759
4952675,0.1813427,0.17414473003156977,0.741,0.759
2837252,0.1815847,0.17438133956835986,0.741,0.758
4047461,0.1817609,0.1745559812616342,0.74,0.758
13296502,0.1819852,0.17478338161129486,0.74,0.757
17033912,0.1821798,0.17497383425837584,0.739,0.757
6485349,0.1823911,0.17518625580969338,0.739,0.756
9707366,0.1825997,0.17539362895119898,0.738,0.756
15944177,0.1827981,0.1755901285946481,0.738,0.755
5796593,0.1830207,0.1758117593330951,0.737,0.755
16074239,0.183202,0.1759948890120972,0.737,0.754
16954702,0.1834427,0.1762297232838985,0.736,0.754
5660678,0.1836186,0.17640059253907164,0.736,0.753
16168049,0.1838654,0.17663575967305833,0.735,0.753
6883558,0.1840425,0.17680723917557137,0.735,0.752
11195526,0.1842893,0.1770480649667099,0.734,0.752
7209939,0.1844564,0.17721482892159643,0.734,0.751
16347079,0.1847141,0.17745992644411426,0.733,0.751
14541064,0.1848759,0.17762336177714677,0.733,0.75
12538153,0.1851399,0.17788138544786442,0.732,0.75
1041838,0.185294,0.17803283774222242,0.732,0.749
4709243,0.1855668,0.17830245611239823,0.731,0.749
7775677,0.1857135,0.1784432013397925,0.731,0.748
9970423,0.1859945,0.17872563490410628,0.73,0.748
16216512,0.1861279,0.17885456352391876,0.73,0.747
10745638,0.1864233,0.17914709390785644,0.729,0.747
15479838,0.1865463,0.17926686881757034,0.729,0.746
10745429,0.186853,0.17956888577379196,0.728,0.746
1527706,0.1869657,0.1796801172207472,0.728,0.745
3362103,0.187284,0.1799910659789438,0.727,0.745
17640468,0.1873872,0.1800943642104803,0.727,0.744
8208712,0.1877155,0.18041840554796937,0.726,0.744
1893236,0.1878096,0.18050949883270778,0.726,0.743
13859517,0.1881483,0.18084691013464385,0.725,0.743
13993277,0.1882242,0.18092563204149148,0.725,0.742
16036968,0.1885819,0.18127890977426508,0.724,0.742
6375977,0.1886462,0.1813427083598005,0.724,0.741
7851075,0.1890167,0.18170630482032155,0.723,0.741
5167092,0.1890726,0.1817607277876348,0.723,0.74
13775905,0.1894524,0.1821294836120296,0.722,0.74
10465215,0.1895024,0.18217974580202534,0.722,0.739
1517949,0.1898891,0.18256658713849364,0.721,0.739
9620848,0.1899222,0.18259970692594116,0.721,0.738
9564505,0.1903269,0.18299409313861192,0.72,0.738
15170316,0.1903546,0.18302061115938228,0.72,0.737
14211378,0.1907657,0.18342354083481172,0.719,0.737
5283523,0.1907856,0.18344256945641052,0.719,0.736
10813803,0.1912054,0.1838540980716295,0.718,0.736
1356623,0.1912166,0.18386541538593318,0.718,0.735
10196225,0.1916329,0.18428925990201203,0.718,0.734
11049030,0.1916462,0.18430085460147022,0.717,0.734
15464534,0.1920624,0.18471410300464708,0.717,0.733
9360066,0.192088,0.18473856837527416,0.716,0.733
11672063,0.1924859,0.18513994469383835,0.716,0.732
2770669,0.1925308,0.18518282843872436,0.715,0.732
6545322,0.1929214,0.18556672949255493,0.715,0.731
12080515,0.1929746,0.18561915528675577,0.714,0.731
11094145,0.19336,0.18599445740079681,0.714,0.73
10589323,0.1934194,0.18605476093338552,0.713,0.73
17319758,0.1937927,0.18642323937262578,0.713,0.729
7188532,0.1938653,0.18649408354108557,0.712,0.729
2661711,0.1942228,0.18685301993101097,0.712,0.728
16313700,0.1943122,0.1869412838871735,0.711,0.728
7888594,0.1946583,0.18728374359892147,0.711,0.727
1918726,0.1947603,0.18738376868563486,0.71,0.727
11608446,0.195101,0.1877154658533882,0.71,0.726
8503181,0.1952091,0.1878235351095821,0.709,0.726
2633021,0.1955446,0.1881481866944111,0.709,0.725
3230630,0.1956591,0.18825880789402644,0.708,0.725
6610096,0.1959914,0.18858190612199022,0.708,0.724
7819992,0.1961102,0.1886953011731506,0.707,0.724
569174,0.1964342,0.18901662413612555,0.707,0.723
14798770,0.1965622,0.18913845169598276,0.706,0.723
774150,0.1968882,0.189452396213848,0.706,0.722
8556463,0.1970154,0.189577108579312,0.705,0.722
1684845,0.1973338,0.1898891114010957,0.705,0.721
17139627,0.1974695,0.19002652800663594,0.704,0.721
799008,0.1977747,0.19032682517489966,0.704,0.72
2750958,0.1979249,0.19047411669194014,0.703,0.72
7783671,0.1982183,0.1907655930122907,0.703,0.719
12850753,0.198381,0.19092558876940738,0.702,0.719
631664,0.1986632,0.19120535943623798,0.702,0.718
6629701,0.1988383,0.19138482763120068,0.701,0.718
11492277,0.1991022,0.19164612444674145,0.701,0.717
16681719,0.1992967,0.19183679900194603,0.7,0.717
13863553,0.1995524,0.192087943520832,0.7,0.716
7384424,0.1997561,0.19228943609706217,0.699,0.716
2429349,0.2000009,0.19253070570444789,0.699,0.715
17303502,0.2002167,0.19274451418153793,0.698,0.715
12641788,0.2004459,0.1929745774286818,0.698,0.714
16027815,0.2006782,0.19320513996910374,0.697,0.714
9691390,0.2008956,0.19341939226244098,0.697,0.713
8787183,0.2011408,0.1936623261807537,0.696,0.713
6010557,0.2013498,0.19386531663681816,0.696,0.712
10388979,0.2016044,0.1941200116856818,0.695,0.712
9908044,0.2017938,0.19431218412072068,0.695,0.711
12052321,0.2020692,0.19458019365700038,0.694,0.711
480440,0.2022572,0.1947601056682103,0.694,0.71
6860359,0.202535,0.19503388481570363,0.693,0.71
7128878,0.2027114,0.19520908127928702,0.693,0.709
530901,0.2030019,0.19550011378339038,0.692,0.709
1219902,0.2031635,0.19565911095395086,0.692,0.708
16516910,0.20347,0.1959635134225012,0.691,0.708
13444229,0.2036163,0.19611013921517087,0.691,0.707
4576726,0.2039389,0.19643290458094925,0.69,0.707
11746318,0.204072,0.19656222153997802,0.69,0.706
15939083,0.204409,0.19689036817775374,0.689,0.706
17107285,0.2045329,0.19701535792837227,0.689,0.705
14791450,0.2048803,0.19735676357653317,0.688,0.705
12034941,0.2049928,0.19746949290332272,0.688,0.704
5735924,0.2053526,0.19781750031816078,0.687,0.704
3564557,0.2054624,0.1979247374188912,0.687,0.703
17803234,0.2058259,0.19829110773095726,0.686,0.703
2865432,0.2059169,0.19838098052101585,0.686,0.702
11845962,0.2063004,0.1987564490661496,0.685,0.702
7560083,0.2063815,0.19883833316375854,0.685,0.701
199334,0.206776,0.19923804517139573,0.684,0.701
7875619,0.2068313,0.19929668439305742,0.684,0.7
3016664,0.2072527,0.19971864269008566,0.683,0.7
4970710,0.2072917,0.1997560896859434,0.683,0.699
4545650,0.2077304,0.20019130699335685,0.682,0.699
1939626,0.207756,0.20021660451944742,0.682,0.698
3672753,0.2082093,0.2006737907310974,0.681,0.698
7637393,0.208214,0.20067811793950763,0.681,0.697
2283165,0.208685,0.20114074090018583,0.681,0.696
11199822,0.2086893,0.20114551192484326,0.68,0.696
1032741,0.2091577,0.20160441792445116,0.68,0.695
10424959,0.2091703,0.20161629000906384,0.679,0.695
9294234,0.2096256,0.20206914901230358,0.679,0.694
8305644,0.2096526,0.20209572251010485,0.678,0.694
802749,0.2100999,0.20253498964077402,0.678,0.693
2429243,0.2101358,0.20257043946351935,0.677,0.693
4161082,0.210569,0.20300188433283156,0.677,0.692
15543617,0.2106203,0.20305026030377668,0.676,0.692
10297924,0.211036,0.20346983308847622,0.676,0.691
13861095,0.2111058,0.20353651647961846,0.675,0.691
14223601,0.2115058,0.20393889138473886,0.675,0.69
10369634,0.2115924,0.20402327194873834,0.674,0.69
9169392,0.211985,0.20440900374458862,0.674,0.689
10097492,0.2120803,0.20450264897274847,0.673,0.689
15522196,0.2124596,0.2048802256450564,0.673,0.688
14053134,0.2125691,0.20498945991889925,0.672,0.688
2994110,0.2129283,0.20535255708614217,0.672,0.687
2469951,0.2130591,0.20548170761407825,0.671,0.687
2326126,0.2134149,0.20582594259081508,0.671,0.686
4803017,0.2135503,0.20596058534481027,0.67,0.686
15049853,0.2138912,0.20630038215907506,0.67,0.685
15451490,0.2140425,0.20644928251001166,0.669,0.685
11989466,0.2143672,0.20677598674498396,0.669,0.684
10798946,0.214536,0.20693836801442936,0.668,0.684
17839855,0.2148492,0.20725264539447996,0.668,0.683
38091,0.2150305,0.20743044927851567,0.667,0.683
6886674,0.2153347,0.207730413584594,0.667,0.682
17216203,0.2155262,0.20791603972998662,0.666,0.682
16441272,0.2158193,0.208209291315326,0.666,0.681
2471920,0.2160231,0.2084151665769973,0.665,0.681
17533419,0.216296,0.20868922310964513,0.665,0.68
243579,0.216521,0.20891157504949384,0.664,0.68
14611354,0.2167853,0.20917031992161317,0.664,0.679
5070310,0.2170203,0.20939783122533562,0.663,0.679
4377823,0.2172796,0.20965252627419922,0.663,0.678
10811845,0.2175205,0.2098890248569275,0.662,0.678
7993733,0.2177693,0.21013578669037236,0.662,0.677
16884106,0.2180219,0.2103905926932978,0.661,0.677
325125,0.2182527,0.21062021212419443,0.661,0.676
49289,0.2185245,0.21088844356859773,0.66,0.676
14984604,0.2187413,0.2111057470986345,0.66,0.675
3040090,0.2190282,0.2113886799562264,0.659,0.675
16137332,0.2192314,0.2115923916136926,0.659,0.674
1745540,0.2195331,0.21189135733321468,0.658,0.674
13033050,0.2197239,0.21208014566936867,0.658,0.673
15135226,0.2200392,0.21238682269618592,0.657,0.673
552687,0.2202236,0.21256906474269366,0.657,0.672
3963723,0.2205465,0.2128886124406798,0.656,0.672
17085783,0.2207141,0.21305909335663664,0.656,0.671
6063903,0.2210549,0.2133921219731316,0.655,0.671
3953121,0.2212117,0.21355023151119765,0.655,0.67
17880807,0.2215645,0.2139005689613335,0.654,0.67
4852171,0.2217045,0.21404253468340756,0.654,0.669
12253598,0.2220752,0.21441378697419286,0.653,0.669
14673965,0.2221996,0.2145359473962355,0.653,0.668
8360524,0.2225872,0.21491774032289185,0.652,0.668
16827035,0.2227046,0.21503046964968142,0.652,0.667
7788094,0.2231003,0.2154301261802877,0.651,0.667
528829,0.223192,0.21552621239780714,0.651,0.666
220407,0.2236146,0.2159491692813916,0.65,0.666
2152558,0.22369,0.21602300920952,0.65,0.665
17167358,0.2241301,0.2164553971883575,0.649,0.665
15347066,0.2241947,0.21652102651591265,0.649,0.664
14043891,0.2246468,0.2169752724449249,0.648,0.664
1574460,0.2246921,0.2170201533629233,0.648,0.663
15067464,0.2251646,0.2174934833905653,0.647,0.663
8310216,0.2251911,0.21752044522758288,0.647,0.662
2063467,0.2256836,0.21801019645637137,0.646,0.662
3367466,0.2256957,0.21802184663286045,0.646,0.661
15612956,0.2261978,0.21852446853281782,0.646,0.66
7180827,0.2262039,0.21853040457512415,0.645,0.66
13346537,0.2267052,0.2190281999733932,0.645,0.659
15083241,0.2267255,0.21905138937230959,0.644,0.659
15588963,0.2272006,0.2195330964316175,0.644,0.658
3971300,0.227248,0.21957853211992492,0.643,0.658
10954950,0.2277145,0.22003921338452162,0.643,0.657
6742797,0.2277719,0.22009491232354558,0.642,0.657
8668075,0.2282257,0.22054643987804373,0.642,0.656
15954197,0.2282969,0.2206158416437001,0.641,0.656
14167946,0.2287346,0.22105483138921475,0.641,0.655
2742384,0.2288232,0.22114387202380986,0.64,0.655
10038266,0.2292464,0.2215644433950656,0.64,0.654
12303570,0.2293507,0.22166652113192228,0.639,0.654
3929929,0.2297582,0.2220752204185653,0.639,0.653
11935273,0.2298794,0.22219654868514443,0.638,0.653
6368613,0.2302718,0.22258710698268305,0.638,0.652
7641584,0.2304093,0.2227229702313581,0.637,0.652
10841215,0.2307815,0.22310026951851153,0.637,0.651
11716483,0.2309406,0.22325521686581626,0.636,0.651
15062304,0.2312974,0.22361454159495797,0.636,0.65
12916579,0.2314729,0.22379029282885035,0.635,0.65
17044809,0.2318115,0.22413003416608426,0.635,0.649
2934317,0.2320065,0.2243276988271823,0.634,0.649
13764869,0.2323311,0.22464669175485943,0.634,0.648
5747232,0.2325413,0.22485911330617694,0.633,0.648
15519908,0.2328473,0.2251645698383144,0.633,0.647
6939114,0.2330774,0.22539346806780935,0.632,0.647
16778044,0.2333677,0.2256836129394183,0.632,0.646
4199123,0.2336147,0.22593664367735491,0.631,0.646
6985720,0.2338869,0.22620387653520202,0.631,0.645
17502422,0.2341532,0.22646822458744229,0.63,0.645
13879129,0.2344104,0.2267253606256655,0.63,0.644
647919,0.234693,0.22701106733480245,0.629,0.644
5715088,0.2349276,0.22724800973377793,0.629,0.643
5971975,0.235234,0.2275402072555302,0.628,0.643
11640031,0.2354662,0.22777187933657017,0.628,0.642
11952327,0.2357763,0.22808055353649984,0.627,0.642
16458279,0.2359979,0.2282969139570113,0.627,0.641
4582358,0.2363198,0.2286230634216746,0.626,0.641
5922099,0.2365153,0.22882322454916312,0.626,0.64
7486256,0.2368647,0.229174671539917,0.625,0.64
11245527,0.2370425,0.2293507001589639,0.625,0.639
4526101,0.2374106,0.22971540616010294,0.624,0.639
5675159,0.2375741,0.22987939626344445,0.624,0.638
6740624,0.2379579,0.23026296445508962,0.623,0.638
10259734,0.238101,0.2304093128626048,0.623,0.637
11094664,0.2385064,0.23081989836829847,0.622,0.637
4630040,0.2386246,0.23094044995644497,0.622,0.636
609263,0.2390562,0.2313741139069932,0.621,0.636
14890440,0.2391583,0.23147286302199588,0.621,0.635
1216252,0.2396073,0.2319234474669687,0.62,0.635
6566622,0.2396895,0.23200644110519567,0.62,0.634
4893746,0.2401597,0.2324752220163038,0.619,0.634
8802579,0.2402231,0.23254129516010616,0.619,0.633
15801790,0.2407134,0.2330351516891813,0.618,0.633
126138,0.2407568,0.23307731423266556,0.618,0.632
13545273,0.2412682,0.23358925627381422,0.617,0.632
3777455,0.2412958,0.23361466475396658,0.617,0.631
14162646,0.2418244,0.23414974071700068,0.616,0.631
10088748,0.2418278,0.2341531802929165,0.616,0.63
4124949,0.2423678,0.23469297180357715,0.616,0.629
8596047,0.2423818,0.23470656367614773,0.615,0.629
14395481,0.2429018,0.23523398380891758,0.615,0.628
16176614,0.2429406,0.23527381631710403,0.614,0.628
17766633,0.2434462,0.23577627178596872,0.614,0.627
5656868,0.2435007,0.23583108309249828,0.613,0.627
4780379,0.2439884,0.23631978025769967,0.613,0.626
10439193,0.244062,0.23639223326005557,0.612,0.626
10576481,0.2445284,0.23686456470114134,0.612,0.625
4613098,0.2446247,0.2369584318374248,0.611,0.625
7091952,0.2450739,0.23741056963926283,0.611,0.624
14343159,0.2451885,0.2375246858918249,0.61,0.624
4264390,0.2456173,0.23795785054909502,0.61,0.623
4263463,0.2457537,0.23809720885071675,0.609,0.623
11007731,0.2461588,0.2385064074306379,0.609,0.622
1360226,0.2463202,0.23866390672136406,0.608,0.622
755380,0.2467138,0.2390562402838915,0.608,0.621
12980249,0.2468881,0.23923154770153668,0.607,0.621
860223,0.2472629,0.2396072936318249,0.607,0.62
4862895,0.2474572,0.23980290564277962,0.606,0.62
14683268,0.2478128,0.24015967842849992,0.606,0.619
7616633,0.2480276,0.24037337595152816,0.605,0.619
1653828,0.2483658,0.24071328371985476,0.605,0.618
3174628,0.2485996,0.24095211233788086,0.604,0.618
2749092,0.2489182,0.24126816498292028,0.604,0.617
8064157,0.2491725,0.24152058547351699,0.603,0.617
5040401,0.2494741,0.24182437769472742,0.603,0.616
12458431,0.2497469,0.2421022621425074,0.602,0.616
1031969,0.2500232,0.24238181090121438,0.602,0.615
16605668,0.2503226,0.24268588050757933,0.601,0.615
2327609,0.2505785,0.24294057555644294,0.601,0.614
4365417,0.2508997,0.24324991548074343,0.6,0.614
1632195,0.2511532,0.2435006161833822,0.6,0.613
11227100,0.2514781,0.24381938720293575,0.599,0.613
10560564,0.2517195,0.2440619327820322,0.599,0.612
10744591,0.2520578,0.24439912217584467,0.598,0.612
7768605,0.2522811,0.2446245808294238,0.598,0.611
3953190,0.2526388,0.24498279601794748,0.597,0.611
13498374,0.2528426,0.24518844937149517,0.597,0.61
9915623,0.2532212,0.24556824512503914,0.596,0.61
8367713,0.2534052,0.24575370483933906,0.596,0.609
17946899,0.2538049,0.24615130871980204,0.595,0.609
7236412,0.2539703,0.24632023627889368,0.595,0.608
11836161,0.25439,0.2467367578268937,0.594,0.608
1249965,0.2545408,0.24688804369015901,0.594,0.607
996404,0.2549765,0.24732342742866514,0.593,0.607
17111448,0.2551105,0.24745718255016594,0.593,0.606
16861976,0.2555642,0.24791947264865874,0.592,0.606
8617822,0.2556742,0.24802759738188357,0.592,0.605
4645752,0.2561534,0.2485207881865879,0.591,0.605
2535563,0.2562291,0.24859939913937373,0.591,0.604
4944536,0.2567439,0.24910823446679195,0.59,0.604
13631372,0.2568042,0.24917247686857458,0.59,0.603
2532720,0.2573357,0.24970145035820965,0.589,0.603
11548871,0.2573807,0.24974688604651704,0.589,0.602
8384504,0.2579289,0.25030282137316967,0.588,0.602
16890989,0.2579495,0.25032257119617024,0.588,0.601
16947421,0.2585196,0.2508996432715959,0.588,0.6
1136245,0.2585235,0.25090402595703704,0.587,0.6
15957093,0.2590936,0.2514780467957632,0.587,0.599
11374809,0.2591196,0.2515042874313791,0.586,0.599
14010892,0.2596688,0.2520577262916412,0.586,0.598
6958556,0.2597168,0.2521057694004009,0.585,0.598
17660192,0.2602681,0.2526387927132917,0.585,0.597
8951320,0.2603155,0.2526872796382986,0.584,0.597
1996355,0.260841,0.2532211905836838,0.584,0.596
2633900,0.2609156,0.253294031925256,0.583,0.596
7336401,0.2614243,0.25380491990281756,0.583,0.595
1167084,0.2615171,0.2538961241416178,0.582,0.595
4606822,0.2620217,0.2543899806706929,0.582,0.594
15045202,0.2621202,0.2544884524005411,0.581,0.594
645564,0.2626067,0.25497642836434076,0.581,0.593
10561143,0.2627242,0.2550933739454787,0.58,0.593
17448493,0.2632005,0.2555642075067302,0.58,0.592
2898178,0.2633298,0.2556916382467084,0.579,0.592
12258486,0.2637872,0.25615337357489215,0.579,0.591
8304308,0.2639369,0.2563063792261154,0.578,0.591
15766998,0.2643737,0.25674387109179575,0.578,0.59
13713880,0.2645453,0.2569183463539774,0.577,0.59
8996012,0.2649648,0.25733570005744094,0.577,0.589
13123583,0.2651552,0.2575253205490584,0.576,0.589
17529742,0.265566,0.2579289159488586,0.576,0.588
13045948,0.2657664,0.2581230855570099,0.575,0.588
15903764,0.2661739,0.2585235187660488,0.575,0.587
1231371,0.2663791,0.25872562158961887,0.574,0.587
16481314,0.2667701,0.25911945303198064,0.574,0.586
9902621,0.2669931,0.2593414721096439,0.573,0.586
2815420,0.2673658,0.25971677422368494,0.573,0.585
2079426,0.2676086,0.25995538093358744,0.572,0.585
17312761,0.2679631,0.26031553781819267,0.572,0.584
13303406,0.2682255,0.26058138375026724,0.571,0.584
4606125,0.268561,0.2609155773844111,0.571,0.583
9604337,0.2688438,0.2611982883338794,0.57,0.583
5193874,0.2691609,0.26151705935343295,0.57,0.582
1842128,0.2694636,0.26181569221076967,0.569,0.582
14026331,0.2697709,0.26211992824822733,0.569,0.581
10409337,0.2700849,0.2624344830134324,0.568,0.581
14672705,0.2703756,0.26272418406879416,0.568,0.58
11065721,0.2707074,0.26305743459341274,0.567,0.58
11591669,0.2709865,0.26332982681513356,0.567,0.579
10964742,0.2713315,0.26368232786947454,0.566,0.579
4418649,0.2715835,0.26393685648724546,0.566,0.578
7053119,0.2719569,0.2643026165519716,0.565,0.578
14777499,0.2722057,0.2645452730851298,0.565,0.577
13158633,0.2725839,0.2649274543510025,0.564,0.577
217990,0.2728112,0.26515513208581765,0.564,0.576
9006243,0.2732122,0.26555750699093805,0.563,0.576
3595454,0.2734199,0.265766378012278,0.563,0.575
15037935,0.273842,0.26618212288184534,0.562,0.575
10219097,0.2740413,0.26637901086451077,0.562,0.574
3284545,0.2744733,0.26679880555733393,0.561,0.574
12490645,0.2746652,0.26699308611954703,0.561,0.573
11299561,0.275106,0.26743057798522735,0.56,0.573
10298881,0.2752811,0.26760860377738666,0.56,0.572
11456939,0.2757402,0.2680723917557138,0.559,0.572
705731,0.2758949,0.2682255083609988,0.559,0.571
96658,0.2763758,0.2687005581765987,0.558,0.571
7193633,0.2765261,0.2688437998703835,0.558,0.57
13187715,0.277013,0.2693265055162476,0.557,0.57
3805732,0.2771499,0.26946353378257154,0.557,0.569
3989961,0.2776515,0.26997192529374253,0.556,0.569
15209071,0.2777584,0.27008476557459393,0.556,0.568
11194777,0.2782916,0.27061551432921777,0.555,0.568
2364712,0.2783847,0.2707073288153579,0.555,0.567
5236865,0.2789331,0.2712587150254767,0.554,0.567
17588164,0.2790057,0.2713313899359562,0.554,0.566
13956209,0.2795761,0.2718963125416147,0.553,0.566
17015743,0.2796339,0.2719568934593579,0.553,0.565
10182438,0.2802206,0.27254439521659285,0.552,0.565
15340513,0.2802599,0.2725837839085321,0.552,0.564
17006766,0.2808666,0.273198635842001,0.551,0.564
15850851,0.2808802,0.2732121722375407,0.551,0.563
3564704,0.2815142,0.2738363997892317,0.55,0.563
16767964,0.2815206,0.2738420029693526,0.55,0.562
8060370,0.2821472,0.27447327610396793,0.55,0.561
13299853,0.282163,0.27448831037934196,0.549,0.561
1572664,0.2827901,0.2751059916413867,0.549,0.56
11013875,0.2828135,0.27512990224170475,0.548,0.56
10306076,0.2834364,0.27574014958160886,0.548,0.559
11372576,0.2834654,0.2757678326200282,0.547,0.559
7118558,0.284084,0.27637580540166534,0.547,0.558
561308,0.2841189,0.27641009020676177,0.546,0.558
15554756,0.2847229,0.27701295910155616,0.546,0.557
17907874,0.2847738,0.277064275355139,0.545,0.557
15827291,0.2853591,0.2776514997272194,0.545,0.556
10375904,0.2854303,0.2777180721642999,0.544,0.556
3662264,0.2860072,0.2782915382327171,0.544,0.555
14710755,0.2860883,0.27837203540455346,0.543,0.555
15621874,0.2866539,0.27893307461804895,0.543,0.554
7737318,0.2867478,0.2790278293868268,0.542,0.554
15969689,0.2872956,0.2795761088832152,0.542,0.553
4105744,0.2874089,0.2796887827329739,0.541,0.553
3908266,0.287941,0.28022058555118484,0.541,0.552
3046371,0.2880714,0.280353009223944,0.54,0.552
11556605,0.2885809,0.28086656009898875,0.54,0.551
5097445,0.2887354,0.2810182897785013,0.539,0.551
3792935,0.2892406,0.28151403252662704,0.539,0.55
1022259,0.289401,0.28166953464424077,0.538,0.55
5814540,0.2898932,0.2821630028340996,0.538,0.549
861859,0.2900682,0.28233614664753964,0.537,0.549
8933434,0.2905408,0.28281341554437556,0.537,0.548
1506961,0.2907368,0.2830083618309595,0.536,0.548
15445422,0.2911881,0.28346538161151674,0.536,0.547
8669899,0.2914072,0.28368778902839636,0.535,0.547
2359086,0.2918348,0.28411884555849226,0.535,0.546
10324414,0.2920788,0.28436965721519286,0.534,0.546
8443667,0.2924793,0.28477380738530206,0.534,0.545
14361148,0.2927522,0.2850499720451241,0.533,0.545
9472905,0.2931339,0.2854302670919462,0.533,0.544
12248803,0.293427,0.2857286225641284,0.532,0.544
14832668,0.2937836,0.2860882801554555,0.532,0.543
5061276,0.2941034,0.286410435273894,0.531,0.543
15636842,0.2944374,0.28674779109879917,0.531,0.542
11416543,0.2947814,0.2870902508105472,0.53,0.542
596779,0.2950994,0.2874087999219771,0.53,0.541
814100,0.2954609,0.28776884585252055,0.529,0.541
11756642,0.2957653,0.28807130662498937,0.529,0.54
11868016,0.296142,0.28844583206059776,0.528,0.54
7523319,0.2964346,0.28873542216189774,0.528,0.539
10699524,0.2968247,0.28912975289753756,0.527,0.539
8764333,0.2970956,0.2894010355786404,0.527,0.538
4442192,0.297509,0.2898133963493229,0.526,0.538
5324863,0.2977615,0.2900681468752174,0.526,0.537
10821670,0.2981948,0.29049010517224566,0.525,0.537
15250792,0.2984428,0.2907368115286596,0.525,0.536
1981836,0.2988822,0.2911734157618455,0.524,0.536
1572391,0.2991233,0.291407029538967,0.524,0.535
9238685,0.2995712,0.291851400556479,0.523,0.535
16478895,0.2997986,0.29207880090613964,0.523,0.534
15403412,0.3002618,0.292544697011641,0.522,0.534
8755858,0.3004616,0.29275212563017744,0.522,0.533
12436849,0.300954,0.2932459266822217,0.521,0.533
14843480,0.3011295,0.2934270037110805,0.521,0.532
14588366,0.3016477,0.2939513726071508,0.52,0.532
3068862,0.3018054,0.2941033796718179,0.52,0.531
3504448,0.3023431,0.29462503019337405,0.519,0.531
16056912,0.302496,0.2947813644664513,0.519,0.53
12387020,0.3030401,0.2953239853056879,0.518,0.53
9959234,0.3031796,0.29546090261795,0.518,0.529
9493359,0.3037387,0.2960097923616783,0.517,0.529
17373801,0.3038689,0.2961420496033448,0.517,0.528
15691859,0.3044391,0.29671196514178433,0.516,0.528
483447,0.3045537,0.29682469446857385,0.516,0.527
17389518,0.3051407,0.29740309799274117,0.515,0.527
8793356,0.3052457,0.29750894816769907,0.515,0.526
15422594,0.3058441,0.2981033845537966,0.514,0.526
14543868,0.305936,0.2981947552236895,0.514,0.525
14261962,0.3065491,0.2988095516801274,0.513,0.525
7569596,0.3066192,0.298882171113576,0.513,0.524
5558037,0.3072558,0.29952298629750623,0.512,0.524
2832693,0.3073035,0.29957119583735864,0.512,0.523
5209397,0.3079641,0.3002177251554716,0.511,0.523
11576857,0.30801,0.3002617739180065,0.511,0.522
16472600,0.3086741,0.3009263332711621,0.51,0.522
8672009,0.3087023,0.30095396083255044,0.51,0.521
17008543,0.3093857,0.3016272855565883,0.509,0.521
13238283,0.3094068,0.3016477011039596,0.509,0.52
5210204,0.3100945,0.3023431056862958,0.509,0.519
9644860,0.3100988,0.30234687812439703,0.508,0.519
3512452,0.3108,0.3030400636254972,0.508,0.518
1399788,0.3108136,0.3030525459574498,0.507,0.518
10795958,0.3115019,0.3037386303985947,0.507,0.517
17538171,0.3115301,0.303765203896396,0.506,0.517
16242911,0.3122129,0.3044388060055883,0.506,0.516
597573,0.3122483,0.3044743667823955,0.505,0.516
9164423,0.3129158,0.3051406459235089,0.505,0.515
1496140,0.3129681,0.3051935710109879,0.504,0.515
14541712,0.3136251,0.3058440391982948,0.504,0.514
11162079,0.3136896,0.3059108335434988,0.503,0.514
5688953,0.3143234,0.3065490967840076,0.503,0.513
16955827,0.3144127,0.3066425755810747,0.502,0.513
15589585,0.3150217,0.3072557632036166,0.502,0.512
2548414,0.3151375,0.30737370737131076,0.501,0.512
4405549,0.3157231,0.3079640384571216,0.501,0.511
344675,0.315864,0.3081074465819991,0.5,0.511
10567640,0.3164357,0.3086739780215537,0.5,0.51
6154117,0.3165921,0.3088316992204035,0.499,0.51
3355200,0.3171386,0.3093855818969128,0.499,0.509
15224921,0.3173219,0.3095705423179346,0.498,0.509
15653304,0.3178541,0.3100987391291371,0.498,0.508
7858669,0.3180534,0.3102950723414935,0.497,0.508
13684736,0.3185739,0.3108136161493193,0.497,0.507
99083,0.3187867,0.31102925536842907,0.496,0.507
3204761,0.3192944,0.31153010200339765,0.496,0.506
7926038,0.3195215,0.31175384086901886,0.495,0.506
3987042,0.320021,0.31224825216840296,0.495,0.505
2479743,0.3202581,0.31248247619286434,0.494,0.505
17259914,0.3207415,0.3129680666443353,0.494,0.504
4026774,0.3209963,0.3132287532125362,0.493,0.504
1103356,0.3214574,0.31368954543119465,0.493,0.503
9293815,0.3217363,0.31397064754676685,0.492,0.503
14522941,0.3221767,0.314412688528981,0.492,0.502
11654521,0.322478,0.31471415071489367,0.491,0.502
17217446,0.3229053,0.3151374404606635,0.491,0.501
1697975,0.3232214,0.31545493550850634,0.49,0.501
7432836,0.3236296,0.3158639121803039,0.49,0.5
434394,0.3239665,0.316205761644712,0.489,0.5
4898052,0.3243588,0.3165920482108713,0.489,0.499
11895073,0.3247134,0.316950263399395,0.488,0.499
7250683,0.3250857,0.31732190402939664,0.488,0.498
9689432,0.3254618,0.31769942522467365,0.487,0.498
12149596,0.3258054,0.31805342415884896,0.487,0.497
8907726,0.3262121,0.31845496690850583,0.486,0.497
7154452,0.3265401,0.31878660859922825,0.486,0.496
2893051,0.3269641,0.3192085668962565,0.485,0.496
483405,0.3272811,0.3195214573505346,0.485,0.495
15138525,0.3277178,0.3199555096402991,0.484,0.495
13323409,0.3280215,0.32025802588979885,0.484,0.494
2351399,0.3284733,0.32070084355044565,0.483,0.494
8886569,0.3287664,0.320996314217021,0.483,0.493
5549894,0.3292305,0.3214517806407131,0.482,0.493
12647763,0.3295163,0.3217362668551702,0.482,0.492
6635150,0.3299895,0.32221203787217184,0.481,0.492
10050758,0.3302547,0.3224779392812773,0.481,0.491
3604578,0.3307502,0.32297223962659966,0.48,0.491
4389212,0.3309991,0.3232213314953423,0.48,0.49
17347440,0.3315126,0.32373538166366517,0.479,0.49
1632289,0.3317435,0.32396644349736525,0.479,0.489
5061657,0.3322768,0.32449946681025604,0.478,0.489
9902460,0.3324927,0.32471327528734606,0.478,0.488
5861390,0.3330428,0.3252585590240658,0.477,0.488
3690066,0.3332459,0.3254618268652848,0.477,0.487
16263584,0.3338106,0.3260260282695416,0.476,0.487
13335513,0.3339969,0.32621209823118147,0.476,0.486
8316897,0.3345801,0.32679211058924484,0.475,0.486
11656615,0.3347487,0.326964089385036,0.475,0.485
679716,0.3353514,0.3275724505058895,0.474,0.485
17882478,0.335492,0.3277178003268485,0.474,0.484
625560,0.3361244,0.3283590593270259,0.473,0.484
3432568,0.3362418,0.32847328653364977,0.473,0.483
17960455,0.3368993,0.3291221458870605,0.472,0.483
2112420,0.3370063,0.32923049252840897,0.472,0.482
17353666,0.3376759,0.3299036508213541,0.471,0.482
12400524,0.3377651,0.32998941831112605,0.471,0.481
3139711,0.3384543,0.3306767787239817,0.47,0.481
4237089,0.3385293,0.330750119358832,0.47,0.48
7138237,0.3392345,0.3314538454958032,0.469,0.48
16990547,0.3392904,0.3315125956715267,0.469,0.479
9134675,0.3400166,0.3322377359424255,0.468,0.479
12263567,0.3400543,0.33227679177217934,0.468,0.478
8745665,0.3408004,0.333037659250978,0.467,0.478
4945237,0.3408054,0.33304276313782083,0.467,0.477
15512036,0.3415834,0.33381050976845106,0.467,0.476
1315993,0.341586,0.33381306171187247,0.466,0.476
4254150,0.3423596,0.33458003166407013,0.466,0.475
11809042,0.3423734,0.33459256947305366,0.465,0.475
10050642,0.3431232,0.33535132882467805,0.465,0.474
10003428,0.3431627,0.3353927701667606,0.464,0.474
12070863,0.3438879,0.33612440125027476,0.464,0.473
9267665,0.3439538,0.3361907517792316,0.463,0.473
15000183,0.3446731,0.33689924894086026,0.463,0.472
290433,0.3447467,0.33697292243789595,0.462,0.472
15213156,0.3454378,0.3376758718964346,0.462,0.471
1170209,0.3455415,0.3377807234848363,0.461,0.471
3947543,0.3462131,0.3384543255940286,0.461,0.47
17617091,0.3463379,0.33858053583932696,0.46,0.47
16878099,0.3469936,0.3392344990795806,0.46,0.469
1423648,0.3471363,0.3393771305260254,0.459,0.469
16097375,0.347763,0.34001655878418313,0.459,0.468
7707614,0.3479366,0.3401905347530867,0.458,0.468
1949214,0.3485514,0.3408003382767436,0.458,0.467
8406339,0.3487386,0.3409893485210212,0.457,0.467
13591468,0.3493354,0.3415860039883547,0.457,0.466
15099446,0.3495428,0.3417910470945625,0.456,0.466
14655265,0.3501209,0.34237338948792373,0.456,0.465
6558153,0.3503483,0.3425982933711938,0.455,0.465
3108283,0.3509063,0.3431626612065433,0.455,0.464
3685702,0.351156,0.3434088127926483,0.454,0.464
10453296,0.3517011,0.34395376366718267,0.454,0.463
15100218,0.3519657,0.3442199424614426,0.453,0.463
7617257,0.3524908,0.34474664139281075,0.453,0.462
1715388,0.3527768,0.3450382286672231,0.452,0.462
11778575,0.3532806,0.34554134986045865,0.452,0.461
5100366,0.3535902,0.345851300032099,0.451,0.461
5750557,0.3540778,0.3463378890701262,0.451,0.46
5844122,0.3544054,0.3466670342944581,0.45,0.46
377695,0.354876,0.34713631449884436,0.45,0.459
16970024,0.3552223,0.3474905908181741,0.449,0.459
10390409,0.3556693,0.34793651519255137,0.449,0.458
4558514,0.356041,0.34831009751863445,0.448,0.458
3988200,0.3564661,0.34873860210530894,0.448,0.457
3345456,0.3568618,0.34913825863591524,0.447,0.457
16203487,0.3572631,0.34954251976008627,0.447,0.456
7439311,0.3576845,0.3499684169263084,0.446,0.456
8318285,0.358066,0.35034832363391416,0.446,0.455
16913241,0.3585091,0.35078908864441766,0.445,0.455
6380889,0.3588775,0.3511559582497618,0.445,0.454
5974832,0.3593354,0.35161186848970105,0.444,0.454
1740318,0.3596911,0.35196542360762917,0.444,0.453
8714472,0.3601638,0.35244252607337234,0.443,0.453
15951966,0.3605004,0.352776830661578,0.443,0.452
2505192,0.3609942,0.3532750143990634,0.442,0.452
8471957,0.3613081,0.3535900684575466,0.442,0.451
9862805,0.3618262,0.3541086677424033,0.441,0.451
8319410,0.3621217,0.3544051369955349,0.441,0.45
14647947,0.3626603,0.35494265394792857,0.44,0.45
14856922,0.3629352,0.35522214722960466,0.44,0.449
6467018,0.3634964,0.35578579386355247,0.439,0.449
9872475,0.3637475,0.3560410436827251,0.439,0.448
11165137,0.3643343,0.356624107277488,0.438,0.448
16172999,0.3645692,0.3568617708778652,0.438,0.447
2804855,0.3651742,0.35746208782923816,0.437,0.447
6099034,0.3653945,0.35768443976908687,0.437,0.446
11794082,0.366016,0.3583042846353367,0.436,0.446
2360840,0.3662226,0.3585089948793591,0.436,0.445
13895659,0.3668597,0.35913788250164574,0.435,0.445
8858092,0.3670574,0.35933543620868197,0.435,0.444
13235091,0.3677057,0.3599849612864635,0.434,0.444
3942366,0.3678849,0.36016376375705544,0.434,0.443
5768112,0.3685531,0.36084541003572834,0.433,0.443
2404034,0.3687031,0.3609940330015104,0.433,0.442
8876742,0.3694027,0.3617025301631391,0.432,0.442
17713298,0.3695238,0.36182624394204693,0.432,0.441
14394983,0.3702544,0.36255754216337566,0.431,0.441
10669287,0.3703544,0.36266034110163403,0.431,0.44
1929342,0.3711078,0.36341593826249713,0.43,0.44
4895147,0.3711897,0.36349632448027175,0.43,0.439
4469463,0.3719633,0.36427167146413536,0.429,0.439
13370936,0.3720273,0.3643343050320219,0.429,0.438
12957818,0.3728208,0.36511980431254026,0.428,0.438
4969369,0.3728746,0.36517417180282263,0.428,0.437
5616834,0.3736802,0.3659843583620917,0.427,0.437
7710794,0.3737118,0.3660159802697049,0.427,0.436
16197997,0.3745416,0.36683670746484504,0.426,0.436
4626279,0.3745635,0.3668597304326687,0.426,0.435
11506070,0.3754029,0.367705422291714,0.426,0.434
7674525,0.375405,0.3677078078040427,0.425,0.434
10047888,0.37625,0.3685530558468408,0.425,0.433
11473484,0.3762704,0.36857458093483014,0.424,0.433
11638083,0.3770914,0.36940268657508,0.424,0.432
9922850,0.3771378,0.36944845512557284,0.423,0.432
14354383,0.3779282,0.37025425899940073,0.423,0.431
3058209,0.3780072,0.3703356992807625,0.422,0.431
16475265,0.3787744,0.371107773119803,0.422,0.43
16408012,0.3788786,0.37121079396618495,0.421,0.43
4978579,0.3796445,0.37196322893628675,0.421,0.429
17432047,0.379752,0.372070576991079,0.42,0.429
9133997,0.3804909,0.3728207374029138,0.42,0.428
15551948,0.3806274,0.37295698899080515,0.419,0.428
17061924,0.3813464,0.37368013208859147,0.419,0.427
16339565,0.3815048,0.3738407380930481,0.418,0.427
1758398,0.3822128,0.37454157942441246,0.418,0.426
7144090,0.3823843,0.3747172197042431,0.417,0.426
9355825,0.3830712,0.375404968456315,0.417,0.425
1946738,0.3832658,0.3755980840008792,0.416,0.425
2009269,0.3839367,0.3762703546613299,0.416,0.424
14670699,0.3841493,0.37647811614205184,0.415,0.424
15663870,0.3848024,0.3771377935164882,0.415,0.423
2643858,0.3850349,0.3773777871521632,0.414,0.423
8998075,0.385666,0.37800717406772794,0.414,0.422
17522646,0.3859225,0.37826830445217596,0.413,0.422
6978168,0.3865262,0.3788785517920801,0.413,0.421
1058419,0.3868121,0.379167587123071,0.412,0.421
5341642,0.3873964,0.3797519821665756,0.412,0.42
5467437,0.3877038,0.3800666478858425,0.411,0.42
17026668,0.3882595,0.38062740971418346,0.411,0.419
7307256,0.3885976,0.3809654867404903,0.41,0.419
4236829,0.3891262,0.38150483443490374,0.41,0.418
7707229,0.3894934,0.3818768079270908,0.409,0.418
3789723,0.3900018,0.38238425632873646,0.409,0.417
1222798,0.3903913,0.38277303936128626,0.408,0.417
1038560,0.3908847,0.3832657863497434,0.408,0.416
14621081,0.3912912,0.3836725439403049,0.407,0.416
5973855,0.3917662,0.3841493135438627,0.407,0.415
572656,0.3921932,0.38457870576303166,0.406,0.415
1259111,0.3926471,0.3850348379110945,0.406,0.414
8412293,0.3930973,0.3854803739462554,0.405,0.414
4355096,0.393544,0.38592241492846957,0.405,0.413
7449299,0.3940035,0.3863908075003614,0.404,0.413
16557453,0.3944256,0.38681210007301886,0.404,0.412
15858064,0.3949117,0.3872862067790935,0.403,0.412
7141425,0.395322,0.3877037823906806,0.403,0.411
4818237,0.3958221,0.3882123403329443,0.402,0.411
5198622,0.3962093,0.3885975173584856,0.402,0.41
17987885,0.3967346,0.3891243827209464,0.401,0.41
9462998,0.3970965,0.38949336045346483,0.401,0.409
8570708,0.3976493,0.3900487964868394,0.4,0.409
15195945,0.3979943,0.3903912007215565,0.4,0.408
15083447,0.3985658,0.3909615600762432,0.399,0.408
8643484,0.398892,0.39129114911682233,0.399,0.407
3729072,0.3994846,0.3918998985768921,0.398,0.407
1093648,0.3997792,0.3921931501622315,0.398,0.406
1977804,0.4004055,0.3928217049223327,0.397,0.406
2078001,0.4006771,0.3930972593348149,0.397,0.405
9478137,0.4013285,0.3937573250484675,0.396,0.405
7646188,0.4015723,0.39400347663457247,0.396,0.404
17912455,0.4022537,0.39468667627011056,0.395,0.404
8476888,0.4024739,0.39491174658447337,0.395,0.403
2654016,0.403181,0.3956083716614894,0.394,0.403
15817558,0.4033884,0.3958220691845176,0.394,0.402
8773019,0.4041104,0.39655664055066947,0.393,0.402
1194801,0.4042863,0.39673455538876695,0.393,0.401
16748922,0.405042,0.3975014143869028,0.392,0.401
10345965,0.4051927,0.3976491497201905,0.392,0.4
9006835,0.4059757,0.39844064052004613,0.391,0.4
9669186,0.4061034,0.39856579670175735,0.391,0.399
7939017,0.4069116,0.3993886875011026,0.39,0.399
457005,0.407005,0.3994846072875293,0.39,0.398
4255328,0.4078496,0.4003288012667403,0.389,0.398
1626427,0.4079242,0.40040547052344466,0.389,0.397
10790468,0.40879,0.40128367192259756,0.388,0.397
14244180,0.4088347,0.401328552840596,0.388,0.396
13508500,0.4097324,0.4022271697871202,0.387,0.396
13604170,0.4097578,0.4022536878078906,0.387,0.395
6021048,0.4106767,0.4031763263087947,0.386,0.395
1129953,0.410682,0.4031809863793903,0.386,0.394
14127280,0.4116174,0.4041103930780643,0.386,0.393
13871514,0.4116234,0.40411560791896894,0.385,0.393
620613,0.4125475,0.40504196338094334,0.385,0.392
15295519,0.4125723,0.4050668725678176,0.384,0.392
10813208,0.4134788,0.4059756972880275,0.384,0.391
16121245,0.4135235,0.4060184700788517,0.383,0.391
6617475,0.4144125,0.4069115393222859,0.383,0.39
5491980,0.4144766,0.4069770576957793,0.382,0.39
13749818,0.4153447,0.40784960043778035,0.382,0.389
5275862,0.4154321,0.40793986156705525,0.381,0.389
847370,0.4162718,0.408789769680449,0.381,0.388
14983523,0.4163898,0.4089109869929663,0.38,0.388
7300524,0.4172106,0.40973215800435364,0.38,0.387
4884636,0.4173496,0.4098716272600372,0.379,0.387
8449491,0.4181343,0.4106766544554325,0.379,0.386
669159,0.4183118,0.41085584526524066,0.378,0.386
10472907,0.4190695,0.41162336998774735,0.378,0.385
10188235,0.419276,0.41183218553205636,0.377,0.385
3734105,0.42001,0.4125722491242673,0.377,0.384
5699013,0.4202426,0.41280752721231584,0.376,0.384
9663821,0.4209459,0.41352334734202334,0.376,0.383
12978881,0.4212113,0.41379413072984805,0.375,0.383
2126362,0.4218981,0.41447660916398443,0.375,0.382
16525187,0.4221823,0.41476098442437975,0.374,0.382
12947337,0.4228523,0.41543209006718157,0.374,0.381
213239,0.4231556,0.41573843423181345,0.373,0.381
10330714,0.4238084,0.41638973457458384,0.373,0.38
8929530,0.424131,0.41672087697202814,0.372,0.38
16725891,0.4247538,0.417349653640253,0.372,0.379
4457568,0.4251088,0.4177105317262599,0.371,0.379
15305106,0.4256981,0.41831173631012725,0.371,0.378
7140194,0.4260887,0.41869879955471917,0.37,0.378
13828534,0.4266627,0.41927603806123753,0.37,0.377
4544432,0.4270713,0.41969000766581616,0.369,0.377
6647582,0.42763,0.42024255889358386,0.369,0.376
16913009,0.4280556,0.42065908044158384,0.368,0.376
1394071,0.4285996,0.4212112988071662,0.368,0.375
12167851,0.4290423,0.42165738961263605,0.367,0.375
6166669,0.4295591,0.4221823132790154,0.367,0.374
13375355,0.4300313,0.42266612846549756,0.366,0.374
15935338,0.4305133,0.42315554683210066,0.366,0.373
11611269,0.4310226,0.42367664258334786,0.365,0.373
2659450,0.4314723,0.4241309994664219,0.365,0.372
615391,0.4320162,0.4246776701289142,0.364,0.372
12018359,0.4324437,0.4251087266590101,0.364,0.371
12216888,0.4330121,0.42567925244478955,0.363,0.371
4963700,0.4334165,0.42608872840986517,0.363,0.37
13461141,0.4340103,0.4266992531349238,0.362,0.37
13899460,0.4343825,0.4270709492419563,0.362,0.369
16333973,0.4350108,0.42770482979702396,0.361,0.369
11494034,0.4353573,0.4280554446323143,0.361,0.368
16301608,0.4360136,0.4287163979784614,0.36,0.368
10695160,0.4363307,0.4290422145809393,0.36,0.367
3604678,0.4370187,0.42973573294422485,0.359,0.367
12168442,0.4373153,0.43003125908783113,0.359,0.366
17185786,0.4380262,0.43074458275114813,0.358,0.366
5109470,0.4382995,0.4310225781529899,0.358,0.365
849789,0.4390359,0.43176752372392013,0.357,0.365
12226355,0.4392789,0.4320161717764156,0.357,0.364
12284005,0.440048,0.43279762123367826,0.356,0.364
5415984,0.4402559,0.4330120954351391,0.356,0.363
1029304,0.4410624,0.4338237798742424,0.355,0.363
1929400,0.4412484,0.4340102936521295,0.355,0.362
1907323,0.4420792,0.43484011908033726,0.354,0.362
14719485,0.4422474,0.43501076642738684,0.354,0.361
7283391,0.4430983,0.43586056358671876,0.353,0.361
4298699,0.443249,0.436013569237942,0.353,0.36
16941067,0.4441198,0.436901201732348,0.352,0.36
2693291,0.4442417,0.43701870208379495,0.352,0.359
9413550,0.4451436,0.43794172892391536,0.351,0.359
11407332,0.445228,0.43802616496494573,0.351,0.358
5679360,0.4461697,0.43896600134542896,0.35,0.358
17596411,0.4462394,0.4390359024043634,0.35,0.357
9859939,0.4471982,0.4399975967350214,0.349,0.357
5462485,0.4472481,0.44004796987907896,0.349,0.356
799625,0.4482291,0.44104650095825476,0.348,0.356
7715671,0.448244,0.44106236738909227,0.348,0.355
7605568,0.4492516,0.4420791504114343,0.348,0.354
17339200,0.4492624,0.442091022496047,0.347,0.354
13058824,0.4502549,0.44309826346907416,0.347,0.353
1348055,0.450298,0.44314136912208374,0.346,0.353
2258962,0.45127,0.44411970656201183,0.346,0.352
16722057,0.4513362,0.4441860570909687,0.345,0.352
14048693,0.4522862,0.4451434796902473,0.345,0.351
8861788,0.4523765,0.4452406754483848,0.344,0.351
6761828,0.4533084,0.4461696383308115,0.344,0.35
7811081,0.4534195,0.4462844757847753,0.343,0.35
3563762,0.4543222,0.44719818248370447,0.343,0.349
14779080,0.4544646,0.4473386503259442,0.342,0.349
4596161,0.4553568,0.44822905667189517,0.342,0.348
16020690,0.4555122,0.44838483617466346,0.341,0.348
13727419,0.4563899,0.44926237184944556,0.341,0.347
2178788,0.4565623,0.4494362368642873,0.34,0.347
1421802,0.4574139,0.4502980170622937,0.34,0.346
3159665,0.4576148,0.45049473861386646,0.339,0.346
2928395,0.4584395,0.4513360477874706,0.339,0.345
12814927,0.4586697,0.45156627746570716,0.338,0.345
6691805,0.4594772,0.4523764640249762,0.338,0.344
17759158,0.459727,0.45262433539903907,0.337,0.344
298337,0.4605197,0.4534193212518414,0.337,0.343
11054757,0.4607868,0.4536934887385511,0.336,0.343
3385106,0.4615566,0.45446456399103535,0.336,0.342
12965412,0.461849,0.45475764914528205,0.335,0.342
14685650,0.4625969,0.455512192242558,0.335,0.341
10211789,0.4629137,0.455838508138314,0.334,0.341
14285503,0.4636307,0.45656226148344026,0.334,0.34
9376154,0.4639808,0.4569174254352645,0.333,0.34
4390188,0.4646821,0.45761477171368214,0.333,0.339
1507092,0.4650504,0.45798585757337473,0.332,0.339
7286605,0.465736,0.45866966745625276,0.332,0.338
16132842,0.4661225,0.4590627222201819,0.331,0.338
3758918,0.4667932,0.45972700418818296,0.331,0.337
14564871,0.467197,0.46014335930509026,0.33,0.337
14187626,0.4678376,0.4607867819094728,0.33,0.336
12922055,0.4682742,0.4612305981566758,0.329,0.336
13976658,0.4688796,0.46184900062012224,0.329,0.335
10440120,0.4693537,0.4623149522026545,0.328,0.335
10301569,0.4699478,0.46291371579716223,0.328,0.334
1547890,0.4704355,0.46340729494108285,0.327,0.334
6369309,0.4710037,0.4639808164865309,0.327,0.333
4429722,0.4715199,0.4645008026971601,0.326,0.333
11298106,0.4720694,0.4650504136422901,0.326,0.332
3957353,0.4726069,0.46559425497620643,0.325,0.332
12793601,0.4731279,0.4661224517874089,0.325,0.331
10903068,0.4736965,0.4666985807533093,0.324,0.331
7253188,0.4741922,0.46719698639891827,0.324,0.33
962137,0.4747885,0.4677962492867041,0.323,0.33
9349645,0.475254,0.4682739619997872,0.323,0.329
12669121,0.4758828,0.468906622060175,0.322,0.329
11610063,0.4763305,0.4693534895440776,0.322,0.328
13088169,0.4769799,0.47000578847340413,0.321,0.328
5739451,0.4774048,0.4704354580777275,0.321,0.327
7468856,0.4780797,0.4711113347451868,0.32,0.327
16376896,0.4784812,0.471519923077768,0.32,0.326
759285,0.4791815,0.4722127757166828,0.319,0.326
15185685,0.4795719,0.472606884544199,0.319,0.325
1074452,0.4802861,0.473329140009491,0.318,0.325
1346384,0.4806504,0.4736963424770206,0.318,0.324
5401282,0.4813933,0.47445293822443985,0.317,0.324
7793641,0.4817234,0.47478829687623264,0.317,0.323
12049032,0.482503,0.4755721873228549,0.316,0.323
9879111,0.482814,0.4758828032188661,0.316,0.322
3368210,0.4836153,0.47669376645656775,0.315,0.322
10577274,0.4838937,0.476979861504921,0.315,0.321
12074987,0.4847302,0.4778348735051575,0.314,0.321
184754,0.48497,0.4780794162573664,0.314,0.32
9015467,0.4858476,0.4789484639464207,0.313,0.32
5228754,0.4860788,0.47918146747620227,0.313,0.319
17371467,0.4869676,0.4800621098647148,0.312,0.319
12404312,0.4871864,0.48028612611549054,0.312,0.318
8836300,0.4880902,0.481199111613018,0.311,0.318
1229568,0.4882877,0.48139328122116926,0.311,0.317
11604704,0.4892153,0.4823159197220734,0.31,0.317
16849114,0.4893988,0.48250298827026944,0.31,0.316
12103346,0.4903431,0.4834606327776717,0.309,0.316
2057084,0.4904939,0.48361530273982195,0.309,0.315
6175229,0.4914734,0.48460029742345806,0.308,0.315
9408637,0.4916063,0.48473011367576496,0.308,0.314
16698548,0.4926066,0.48573912991378093,0.307,0.314
1368167,0.4927154,0.48584753203216025,0.307,0.313
12832705,0.493742,0.48689621434727004,0.306,0.313
17654529,0.4938154,0.4869675578090079,0.306,0.312
16209149,0.4948803,0.48804564295049485,0.305,0.312
14131367,0.4949231,0.48809013552927694,0.305,0.311
9015565,0.496021,0.4892002863946243,0.304,0.311
15879956,0.4960349,0.48921526519296743,0.304,0.31
13114504,0.4971467,0.4903430577541411,0.304,0.309
16149286,0.4971644,0.4903602556337202,0.303,0.309
5752371,0.4982601,0.4914734022587362,0.303,0.308
10986324,0.4983106,0.49152499589747356,0.302,0.308
1438697,0.4993766,0.4926063541837836,0.302,0.307
14739505,0.4994592,0.49269278739792643,0.301,0.307
16120579,0.5005081,0.4937419690063143,0.301,0.306
14306913,0.5006106,0.4938466541636233,0.3,0.306
13787213,0.5016479,0.49488013577226636,0.3,0.305
6299186,0.5017646,0.4949975251696515,0.299,0.305
5567732,0.5027854,0.4960209654357016,0.299,0.304
16798862,0.5029213,0.4961564403451603,0.298,0.304
14738594,0.5039233,0.4971644025195892,0.298,0.303
11548397,0.5040807,0.49732689474309644,0.297,0.303
15315932,0.5050659,0.49831050250096004,0.297,0.302
9719303,0.5052427,0.4984900261729536,0.296,0.302
11101222,0.5062149,0.49945920990278314,0.296,0.301
6078432,0.5064074,0.4996550992988924,0.295,0.301
2582269,0.5073441,0.5006105802020895,0.295,0.3
17487917,0.5075748,0.5008472452159105,0.294,0.3
13766554,0.5084937,0.5017646133988791,0.294,0.299
3637420,0.5087449,0.5020125402499729,0.293,0.299
14949765,0.5096401,0.5029213094931518,0.293,0.298
4053159,0.5099176,0.5032042423507438,0.292,0.298
15533472,0.5107895,0.5040806684849078,0.292,0.297
6227858,0.5110931,0.5043942801405876,0.291,0.297
3569918,0.5119255,0.505242690374147,0.291,0.296
11219112,0.5122713,0.5055927504391284,0.29,0.296
11354904,0.5130799,0.5064073751608695,0.29,0.295
16707170,0.5134523,0.5067856175575483,0.289,0.295
7352199,0.5142307,0.5075747783221061,0.289,0.294
15872379,0.514636,0.5079871945698194,0.288,0.294
9225068,0.515398,0.5087448443808259,0.288,0.293
13771427,0.5158223,0.5091768994974779,0.287,0.293
6576332,0.5165434,0.5099176288140598,0.287,0.292
6529652,0.5170115,0.5103900712092073,0.286,0.292
15697763,0.5176975,0.5110931316218078,0.286,0.291
5144691,0.5182031,0.5116042969845238,0.285,0.291
4870144,0.5188581,0.512271297327039,0.285,0.29
1513603,0.5193977,0.512824236894023,0.284,0.29
5619188,0.5200272,0.5134521814067843,0.284,0.289
1281364,0.5205951,0.5140290870511173,0.283,0.289
14863755,0.5211861,0.5146358393380747,0.283,0.288
5326497,0.5217952,0.5152450326143917,0.282,0.288
4473592,0.5223705,0.5158222156438792,0.282,0.287
11540851,0.522998,0.5164628643967167,0.281,0.287
8596617,0.5235307,0.5170113103241978,0.281,0.286
5109727,0.5242037,0.5176919025392835,0.28,0.286
10071365,0.5247078,0.5182031233790305,0.28,0.285
8918896,0.5254121,0.5189027442157151,0.279,0.285
9375936,0.5259078,0.5193977102854083,0.279,0.284
4465471,0.5266235,0.5201170254680625,0.278,0.284
16949441,0.5270944,0.5205950155663001,0.278,0.283
4984195,0.5278373,0.5213500024798233,0.277,0.283
5891345,0.5282815,0.5217951501757678,0.277,0.282
5074881,0.529054,0.5225908572299719,0.276,0.282
1767946,0.5294647,0.5229980031597498,0.276,0.281
10922422,0.5302736,0.5238267190473396,0.275,0.281
4606737,0.5306454,0.5242036299952767,0.275,0.28
2008281,0.531496,0.5250665197339011,0.274,0.28
2630143,0.5318373,0.5254120306823487,0.274,0.279
241759,0.5327213,0.5263022705972069,0.273,0.279
13151971,0.533036,0.5266232606979965,0.273,0.278
14140390,0.5339493,0.5275425151000157,0.272,0.278
10057844,0.5342491,0.5278372090881585,0.272,0.277
9996708,0.5351803,0.5287695005924392,0.271,0.277
12968963,0.5354629,0.5290540422839273,0.271,0.276
6924721,0.5364139,0.5300000366148404,0.27,0.276
15077830,0.5366852,0.5302735938542101,0.27,0.275
3703777,0.5376505,0.5312499895980567,0.269,0.275
2823465,0.5378897,0.5314960302300998,0.269,0.274
4347054,0.5388899,0.5325042697896832,0.268,0.274
329924,0.5391017,0.5327212404575347,0.268,0.273
10212435,0.5401323,0.533779575776021,0.267,0.273
6543765,0.5403024,0.5339492800135452,0.267,0.272
5269352,0.5413773,0.5350395146247994,0.266,0.272
15178146,0.5415142,0.5351802043751628,0.266,0.271
11997583,0.5426253,0.536303225911679,0.265,0.271
5508740,0.542735,0.5364139025883252,0.265,0.27
10146139,0.5438762,0.5375679357851149,0.264,0.27
5540693,0.5439591,0.5376504856070946,0.264,0.269
12446587,0.5451299,0.5388297053759129,0.263,0.269
2484079,0.5451924,0.5388898979544399,0.263,0.268
2223132,0.5463866,0.5400975219630791,0.262,0.268
2378782,0.5464191,0.540132139630361,0.262,0.267
5347904,0.547636,0.541377266111889,0.262,0.266
15490852,0.5476462,0.5413869745922966,0.261,0.266
6560026,0.5488581,0.5426252773990238,0.261,0.265
11668547,0.5489087,0.5426784243946263,0.26,0.265
1962440,0.5500819,0.5438761734917654,0.26,0.264
12625334,0.550174,0.543973313772872,0.259,0.264
13261273,0.5513073,0.5451298989130829,0.259,0.263
8734098,0.5514424,0.5452699784161064,0.258,0.263
9054114,0.5525438,0.5463865646170382,0.258,0.262
16712117,0.5527135,0.5465567126708096,0.257,0.262
11396443,0.5537764,0.5476461151266002,0.257,0.261
11149875,0.5539876,0.5478644172431932,0.256,0.261
423675,0.5550137,0.5489086059188001,0.256,0.26
7563714,0.5552647,0.549161414748613,0.255,0.26
12750978,0.5562637,0.5501739260395757,0.255,0.259
12188375,0.5565448,0.5504584677310638,0.254,0.259
11178309,0.5575086,0.5514422419200201,0.254,0.258
13633228,0.5578277,0.551762510819408,0.253,0.258
13842614,0.5587556,0.5527134426060712,0.253,0.257
10582099,0.5591136,0.5530812553209408,0.252,0.257
3941510,0.560011,0.5539875835747601,0.252,0.256
3832383,0.5604025,0.5543894591866024,0.251,0.256
15914741,0.5612626,0.5552646648260867,0.251,0.255
2807781,0.5616943,0.5557099234760932,0.25,0.255
7307300,0.5625094,0.556544686360051,0.25,0.254
7368071,0.5629894,0.5570353806983649,0.249,0.254
13450654,0.5637753,0.5578276481766531,0.249,0.253
14318003,0.564287,0.5583520170727234,0.248,0.253
8608133,0.5650552,0.5591135502758928,0.248,0.252
5148117,0.5655878,0.5596547841893569,0.247,0.252
9456399,0.5663268,0.5604024481348012,0.247,0.251
6851847,0.5668916,0.5609807961819376,0.246,0.251
2386763,0.5675921,0.5616942862763473,0.246,0.25
11302602,0.5681986,0.562303091213448,0.245,0.25
10074863,0.5688856,0.562989120177562,0.245,0.249
3320262,0.5695083,0.5636223904852897,0.244,0.249
16691457,0.5701644,0.5642869498384453,0.244,0.248
8604575,0.5708211,0.5649432431139968,0.243,0.248
12782085,0.5714531,0.5655877752589973,0.243,0.247
5848384,0.572137,0.5662941088164208,0.242,0.247
293894,0.5727294,0.5668915964392178,0.242,0.246
17587432,0.5734559,0.5676261678053697,0.241,0.246
9557733,0.5740211,0.568198413379107,0.241,0.245
11589283,0.5747779,0.5689654388083356,0.24,0.245
4614092,0.5753175,0.5695082260786649,0.24,0.244
16188586,0.576103,0.5702993285393042,0.239,0.244
15650947,0.5766254,0.5708210900149222,0.239,0.243
4302727,0.5774309,0.5716518030756244,0.238,0.243
15206383,0.5779124,0.572137005187879,0.238,0.242
6956152,0.5787621,0.5730003387427507,0.237,0.242
7253559,0.579202,0.5734559161205045,0.237,0.241
14772186,0.5800962,0.5743590267065317,0.236,0.241
17122002,0.5805057,0.5747778228127987,0.236,0.24
1882317,0.5814335,0.5757166606067257,0.235,0.24
6749017,0.5818111,0.5761028362188232,0.235,0.239
410817,0.5827738,0.5770869987469958,0.234,0.239
12476362,0.5831116,0.5774309008615472,0.234,0.238
2856906,0.5841173,0.5784482941312291,0.233,0.238
11451826,0.5844297,0.5787620167409707,0.233,0.237
10678199,0.5854639,0.5798020446392601,0.232,0.237
1578399,0.5857578,0.5800961838570938,0.232,0.236
6022023,0.5868134,0.5811738806593645,0.231,0.236
1272504,0.5870644,0.5814334576869473,0.231,0.235
6098866,0.5881663,0.5825569785167417,0.23,0.235
2319781,0.5883732,0.5827737827535003,0.23,0.234
4341832,0.589522,0.5839371915685121,0.229,0.234
16075800,0.5896949,0.5841172145337838,0.229,0.233
7853599,0.590881,0.5853232851855579,0.228,0.233
15226486,0.5910195,0.5854637530277976,0.228,0.232
6282527,0.5922431,0.5867017784493704,0.227,0.232
9753383,0.592351,0.5868133982355419,0.227,0.231
4453734,0.5936084,0.5880880939745398,0.226,0.231
11405406,0.5936862,0.5881661501570167,0.226,0.23
14167416,0.5949768,0.5894861706302601,0.225,0.23
16973861,0.5950129,0.5895220087922217,0.225,0.229
11693480,0.5963484,0.5908779229044578,0.224,0.229
17091667,0.5963515,0.5908809741411573,0.224,0.228
4023698,0.5976959,0.5922431016808541,0.224,0.227
7043319,0.5977231,0.5922696751786555,0.223,0.227
16989214,0.5990357,0.5936083914113124,0.223,0.226
9142023,0.599101,0.5936756850497945,0.222,0.226
432567,0.6003617,0.594976787855501,0.222,0.225
4793736,0.6004821,0.5951006680655015,0.221,0.225
7469252,0.6017034,0.5963483464904509,0.221,0.224
5215242,0.6018664,0.5965124475478543,0.22,0.224
9624610,0.6030551,0.5977230673161622,0.22,0.223
15315614,0.6032538,0.5979231729666198,0.219,0.223
16100340,0.6044108,0.5991009503326348,0.219,0.222
16485044,0.6046445,0.5993382810708265,0.218,0.222
14546541,0.6057663,0.6004820510168996,0.218,0.221
14370871,0.6060384,0.6007570506590727,0.217,0.221
2190518,0.6071199,0.6018663138919257,0.217,0.22
11264981,0.6074354,0.602180757703069,0.216,0.22
6674767,0.608489,0.6032537389577131,0.216,0.219
8773611,0.6088356,0.6036019128036438,0.215,0.219
14696622,0.6098769,0.6046443816912928,0.215,0.218
13700105,0.6102391,0.6050113067736678,0.214,0.218
13821620,0.6112586,0.6060382420926647,0.214,0.217
9371170,0.6116459,0.6064281346658325,0.213,0.217
4003528,0.6126515,0.6074352646847978,0.213,0.216
1165227,0.6130558,0.6078426325226992,0.212,0.216
8929431,0.6140414,0.6088355604217541,0.212,0.215
15697447,0.6144692,0.6092691134182405,0.211,0.215
6801423,0.6154376,0.6102390738265027,0.211,0.214
337216,0.6158857,0.6107004762925011,0.21,0.214
13506891,0.616822,0.6116458048990434,0.21,0.213
18012531,0.6173053,0.6121350568345538,0.209,0.213
807410,0.6182163,0.6130558091164073,0.209,0.212
11084755,0.6187286,0.6135605946205699,0.208,0.212
17735163,0.6196357,0.6144690864785943,0.208,0.211
13082777,0.6201547,0.6149963956573024,0.207,0.211
9777415,0.6210391,0.6158855815085735,0.207,0.21
16545014,0.6215844,0.6164400744324228,0.206,0.21
10136451,0.622429,0.6173052942063451,0.206,0.209
1666263,0.6230172,0.6179028927832039,0.205,0.209
6143138,0.6238091,0.6187283355259705,0.205,0.208
1576617,0.6244534,0.6193969447023818,0.204,0.208
7622169,0.6251986,0.6201546499904191,0.204,0.207
10290896,0.6258929,0.6208634245372023,0.203,0.207
1736084,0.6266042,0.6215842930767217,0.203,0.206
16628917,0.6273357,0.6223344534885565,0.202,0.206
4315917,0.6280045,0.6230171538308166,0.202,0.205
2878548,0.628782,0.6238090329698885,0.201,0.205
13536944,0.6294241,0.6244533986837963,0.201,0.204
4141444,0.6302314,0.6252603120982423,0.2,0.204
11733523,0.6308534,0.6258929166815992,0.2,0.203
6282969,0.6316842,0.6267472074804341,0.199,0.203
6109186,0.632258,0.6273357078242252,0.199,0.202
13681420,0.6331404,0.6282335480923169,0.198,0.202
16008998,0.6336809,0.6287818830657361,0.198,0.201
14554805,0.6346,0.6297176141459327,0.197,0.201
3108553,0.635108,0.6302313869291011,0.197,0.2
8489320,0.6360629,0.631212054404327,0.196,0.2
11275654,0.636526,0.6316842194143201,0.196,0.199
12015560,0.6375291,0.6326937349456142,0.195,0.199
12115985,0.6379774,0.6331403805213931,0.195,0.198
14640212,0.6389988,0.6341792434020335,0.194,0.198
13619014,0.6394152,0.634599925727351,0.194,0.197
5587920,0.6404718,0.6356691900209248,0.193,0.197
10792381,0.6408584,0.6360628550321938,0.193,0.196
16058090,0.6419483,0.637175335932839,0.192,0.196
9988822,0.6422937,0.6375291129588907,0.192,0.195
13312184,0.6434281,0.6386656154139158,0.191,0.195
16039068,0.6437616,0.6389987549844726,0.191,0.194
6761827,0.6449114,0.6401566715734252,0.19,0.194
12386433,0.6452295,0.6404718365859702,0.19,0.193
14853656,0.646398,0.6416679213721822,0.189,0.193
16794851,0.6466714,0.6419482468093218,0.189,0.192
10507719,0.6478881,0.6431845524429366,0.188,0.192
13912600,0.6481296,0.6434280966085892,0.188,0.191
6734722,0.6493817,0.6446843184962973,0.187,0.191
13212298,0.6496065,0.6449113305067417,0.187,0.19
2554464,0.6508787,0.6462067191782653,0.186,0.19
17020935,0.6510657,0.6463980039808098,0.186,0.189
4295665,0.6523791,0.6477319491888093,0.185,0.189
6828537,0.6525353,0.6478881170307939,0.185,0.188
13465622,0.653883,0.649262893333536,0.184,0.188
12702012,0.6539981,0.6493816696566937,0.184,0.187
11435411,0.6553903,0.6507937265242009,0.183,0.187
8466383,0.6554755,0.6508786618585094,0.183,0.186
4129500,0.6569012,0.6523189565347449,0.182,0.186
9756568,0.6569601,0.6523790936362409,0.182,0.185
10233014,0.6584155,0.6538639363682893,0.181,0.185
11340065,0.6584319,0.6538829649898882,0.181,0.184
2400178,0.6599232,0.6553903313964823,0.181,0.183
15011574,0.6599333,0.6554019815729714,0.18,0.183
10597633,0.6614171,0.6569011373789921,0.18,0.182
15633616,0.6614546,0.6569395274843751,0.179,0.182
5067164,0.6629117,0.6584154384144487,0.179,0.181
5191019,0.6629794,0.6584829539610545,0.178,0.181
6827792,0.664413,0.659933234502852,0.178,0.18
18001734,0.6645077,0.6600278228405372,0.177,0.18
8062352,0.6659292,0.661454581121233,0.177,0.179
16485325,0.6660396,0.6615661454303736,0.176,0.179
12082814,0.6674424,0.6629793673155298,0.176,0.178
17843895,0.667575,0.6631159517656064,0.175,0.178
582275,0.6689692,0.6645077040398041,0.175,0.177
2710998,0.6691139,0.6646519997971759,0.174,0.177
7368617,0.6704951,0.6660395358170252,0.174,0.176
11873975,0.6706565,0.6662036923514594,0.173,0.176
284080,0.6720194,0.667574918124224,0.173,0.175
4605787,0.6722025,0.6677572156477626,0.172,0.175
7200794,0.6735225,0.6691138509614003,0.172,0.174
17963347,0.6737519,0.669348463325078,0.171,0.174
11137529,0.6750503,0.6706563343285543,0.171,0.173
12434799,0.6753051,0.6709138032289629,0.17,0.173
9635405,0.6765694,0.6722023127486549,0.17,0.172
6567696,0.6768618,0.6724898501998117,0.169,0.172
5687232,0.6781042,0.6737518971757642,0.169,0.171
14669530,0.6784222,0.6740742187252954,0.168,0.171
12379344,0.679644,0.675305087609882,0.168,0.17
8750137,0.6799862,0.6756567010317285,0.167,0.17
10680550,0.6811802,0.6768618285739774,0.167,0.169
6960564,0.6815536,0.6772422900518921,0.166,0.169
10484370,0.682729,0.6784221755450812,0.166,0.168
14562984,0.6831248,0.6788222204149038,0.165,0.168
4189574,0.6842814,0.6799860730461628,0.165,0.167
8559373,0.6846995,0.6804032048415026,0.164,0.167
3794523,0.6858481,0.6815535765542529,0.164,0.166
13063993,0.6862779,0.6819910684199332,0.163,0.166
11653647,0.6873687,0.6831247415463823,0.163,0.165
11593302,0.68786,0.6836175440118704,0.162,0.165
6549891,0.6889388,0.6846995125455203,0.162,0.164
10197204,0.6894456,0.685211399109638,0.161,0.164
16105592,0.690496,0.6862778895516668,0.161,0.163
12881906,0.6910351,0.6868306072105272,0.16,0.163
12902693,0.692044,0.6878599280418528,0.16,0.162
13538272,0.692628,0.6884437128380174,0.159,0.162
12304833,0.6936296,0.6894456280160781,0.159,0.161
8456215,0.6942247,0.6900530460274064,0.158,0.161
17488133,0.6952005,0.691034933997312,0.158,0.16
9334439,0.695825,0.6916778018313856,0.157,0.16
1420445,0.6967744,0.6926279569396162,0.157,0.159
3392217,0.697429,0.6932876343140526,0.156,0.159
9833375,0.6983573,0.6942246413659598,0.156,0.158
12077820,0.6990368,0.6949137770438043,0.155,0.158
7371956,0.6999323,0.695824987276343,0.155,0.157
12853676,0.7006482,0.6965440250738427,0.154,0.157
11185934,0.7015304,0.6974290501477963,0.154,0.156
8019504,0.7022634,0.6981667282276787,0.153,0.156
3625579,0.7031282,0.6990367745032892,0.153,0.155
8464036,0.7038824,0.6998015808512817,0.152,0.155
6639247,0.7047233,0.7006482158198524,0.152,0.154
11806232,0.7055049,0.7014561832978854,0.151,0.154
12477037,0.7063111,0.7022633740974857,0.151,0.153
2828641,0.7071313,0.7030895380416542,0.15,0.153
6744260,0.7079115,0.7038822493361896,0.15,0.152
7489863,0.7087614,0.7047374832445498,0.149,0.152
539805,0.7095371,0.7055048970129946,0.149,0.151
10179099,0.7103952,0.7063682860448971,0.148,0.151
3862901,0.7111508,0.7071312061738391,0.148,0.15
5314444,0.7120328,0.7080201701169866,0.147,0.15
3231283,0.7127776,0.7087613432498157,0.147,0.149
8759553,0.7136743,0.7096663955319243,0.146,0.149
15899597,0.7143931,0.7103951972868625,0.146,0.148
4122615,0.7153194,0.7113484036317927,0.145,0.148
10211861,0.7160065,0.7120328237620106,0.145,0.147
3105224,0.7169684,0.7130010643823148,0.144,0.147
14882859,0.7176404,0.71367422267526,0.144,0.146
17556652,0.7186212,0.7146505074650448,0.143,0.146
14290111,0.719281,0.7153194495036415,0.143,0.145
15647870,0.7202779,0.716326524045576,0.142,0.145
16898254,0.7209078,0.7169683932930933,0.142,0.144
16182721,0.7219382,0.7180244540533127,0.141,0.144
17639253,0.722529,0.7186211649976771,0.141,0.143
9893626,0.7236025,0.7197106229304987,0.14,0.143
16697662,0.7241715,0.7202777646173932,0.14,0.142
31021,0.7252705,0.7213880264368024,0.139,0.142
8120618,0.7258185,0.7219381921522414,0.139,0.141
1985416,0.7269424,0.7230786334764604,0.138,0.141
6743455,0.7274558,0.7236024476022217,0.138,0.14
17317897,0.7286183,0.7247958694909505,0.137,0.14
11692928,0.729093,0.7252705309673341,0.137,0.139
2428641,0.7302979,0.7264792090395605,0.136,0.139
16874811,0.7307552,0.7269424422475786,0.136,0.138
9199080,0.7319814,0.7281712584820219,0.135,0.138
17400641,0.7324369,0.7286181814429553,0.135,0.137
5651519,0.7336688,0.7298564287726517,0.134,0.137
10585898,0.7340992,0.7302978595075259,0.134,0.136
11833594,0.73536,0.7315871457056506,0.133,0.136
3992452,0.7357515,0.7319813654872287,0.133,0.135
9721099,0.7370552,0.733294784193795,0.132,0.135
1381180,0.7374225,0.7336687548590944,0.132,0.134
16143253,0.7387543,0.7349989831060236,0.131,0.134
14356461,0.7391134,0.7353600276231232,0.131,0.133
15944452,0.7404574,0.7367130569297524,0.13,0.133
104714,0.7407985,0.737055183779315,0.13,0.132
7088196,0.7421642,0.7384421650288553,0.129,0.132
12674652,0.742475,0.7387542788047008,0.129,0.131
10419711,0.7438751,0.740178596096037,0.128,0.131
5637889,0.7441496,0.7404573126992804,0.128,0.13
11509153,0.74559,0.741904209142193,0.127,0.13
8846824,0.7458414,0.7421642299860232,0.127,0.129
11207875,0.7473087,0.7436595023998809,0.126,0.129
8624597,0.7475228,0.7438750861419597,0.126,0.128
13052162,0.7490314,0.745427999190923,0.125,0.128
3083688,0.7491883,0.7455898811670902,0.125,0.127
2469617,0.7507581,0.7471925016357402,0.124,0.127
1397123,0.7508718,0.7473086705384456,0.124,0.126
2518125,0.7524889,0.7489540637979198,0.123,0.126
15980801,0.7525677,0.7490313987789949,0.123,0.125
14821905,0.7542234,0.7506973740169331,0.122,0.125
7076289,0.7542839,0.7507580658887382,0.122,0.124
775719,0.7559623,0.7524592135642671,0.121,0.124
5783343,0.7559897,0.7524887828217371,0.121,0.123
3904585,0.7576931,0.7542234386239299,0.121,0.122
13881891,0.7577048,0.7542361428640062,0.12,0.122
11502414,0.7594071,0.7559620887723477,0.12,0.121
11670927,0.7594515,0.7560052499023882,0.119,0.121
2690876,0.7611178,0.7577047332669902,0.119,0.12
16922610,0.7612022,0.7577898350323914,0.118,0.12
8076649,0.7628259,0.7594514275848885,0.118,0.119
9684053,0.7629569,0.7595821314696898,0.117,0.119
14618674,0.764558,0.7612021717260424,0.117,0.118
11188479,0.7647157,0.7613623339142518,0.116,0.118
9379642,0.7662925,0.7629569102134213,0.116,0.117
17076308,0.7664786,0.7631506360053254,0.115,0.117
11887924,0.7680221,0.7647156985240557,0.115,0.116
2742217,0.7682456,0.7649514759053824,0.114,0.116
16188505,0.7697493,0.7664785921349769,0.114,0.115
5956047,0.7700165,0.7667563656286951,0.113,0.115
2041672,0.7714845,0.7682454800921229,0.113,0.114
12487049,0.7717916,0.7685588143626483,0.112,0.114
10191396,0.7732178,0.7700164733495556,0.112,0.113
860493,0.7735707,0.7703724139798124,0.111,0.113
13534246,0.7749892,0.7717915164302439,0.111,0.112
13849107,0.775354,0.7721607160708859,0.11,0.112
15297960,0.7767489,0.7735707202882498,0.11,0.111
1949528,0.7771414,0.7739646626846733,0.109,0.111
8225805,0.7785263,0.7753539739695113,0.109,0.11
16893037,0.7789329,0.7757591227261768,0.108,0.11
4964860,0.7802978,0.7771413329510596,0.108,0.109
4262507,0.7807285,0.7775688944282088,0.107,0.109
15164285,0.782076,0.7789328527099254,0.107,0.108
14262830,0.7825283,0.7793898724904826,0.106,0.108
6401032,0.7838337,0.7807284777690777,0.106,0.107
6083099,0.7843322,0.7812363699869707,0.105,0.107
1907888,0.7856146,0.7825282081285168,0.105,0.106
3745798,0.7861402,0.7830629512293654,0.104,0.106
2864955,0.7873824,0.7843321547423042,0.104,0.105
12591326,0.7879525,0.7849188798211065,0.103,0.105
14514560,0.7891483,0.7861402066563783,0.103,0.104
10948277,0.7897689,0.7867689278475722,0.102,0.104
2938781,0.7909255,0.7879524748248008,0.102,0.103
857220,0.7915895,0.7886184211037288,0.101,0.103
14493793,0.7927118,0.7897689037705408,0.101,0.102
9811576,0.7934143,0.7904950426279957,0.1,0.102
4337286,0.7944985,0.7915894934935983,0.1,0.101
15427578,0.7952433,0.7923394874743405,0.099,0.101
5621252,0.7963076,0.7934142994710043,0.099,0.1
13505249,0.7970765,0.7941808810839857,0.098,0.1
9948919,0.79813,0.7952432662257278,0.098,0.099
3653682,0.798914,0.7960350898877688,0.097,0.099
6511486,0.7999488,0.7970765047118307,0.097,0.098
5782066,0.8007558,0.7978901308470155,0.096,0.098
8828639,0.8017451,0.7989139594522819,0.096,0.097
11332452,0.8026017,0.7997789573180806,0.095,0.097
14789608,0.8035502,0.8007556304470816,0.095,0.096
11376868,0.8044518,0.8016724438597412,0.094,0.096
16124352,0.8053632,0.8026015731732606,0.094,0.095
13462451,0.8063063,0.8035619915322079,0.093,0.095
8832510,0.8071789,0.804451787630819,0.093,0.094
1691508,0.808165,0.8054553116427758,0.092,0.094
5916217,0.8090112,0.8063062183427258,0.092,0.093
12975321,0.810028,0.8073392561351216,0.091,0.093
6496017,0.8108424,0.8081649762630427,0.091,0.092
5877464,0.8118955,0.8092313557510098,0.09,0.092
1827386,0.812684,0.8100279504377083,0.09,0.091
17420560,0.8137669,0.8111342179108926,0.089,0.091
12428354,0.8145135,0.8118952518207839,0.089,0.09
14502554,0.8156428,0.8130345836043849,0.088,0.09
10569023,0.8163657,0.8137668804122697,0.088,0.089
7814394,0.8175231,0.8149283475312,0.087,0.089
16228832,0.8182296,0.8156428362121659,0.087,0.088
10665530,0.8194077,0.8168390319524398,0.086,0.088
2993162,0.8200712,0.8175230637434414,0.086,0.087
9319702,0.8212966,0.8187507704372666,0.085,0.087
6848002,0.8219434,0.8194076739601579,0.085,0.086
5362834,0.8231899,0.8206726057417174,0.084,0.086
14952244,0.8238122,0.8212965559082539,0.084,0.085
12416655,0.8250875,0.8225756343326929,0.083,0.085
9575110,0.8256994,0.8231898760188218,0.083,0.084
6978688,0.8269896,0.8244990784710398,0.082,0.084
15986212,0.8275676,0.8250875233378,0.082,0.083
3517407,0.828896,0.8264368356833589,0.081,0.083
15841534,0.8294331,0.8269895533422192,0.081,0.082
17881439,0.8308068,0.8283871307046615,0.08,0.082
4159680,0.831301,0.8288959660320797,0.08,0.081
7992502,0.832722,0.8303383688354894,0.079,0.081
69216,0.833186,0.8308067614073813,0.079,0.08
17750091,0.8346416,0.8322676380620808,0.078,0.08
10116713,0.8350864,0.832721939468124,0.078,0.079
570906,0.8365656,0.8342204295497739,0.077,0.079
853355,0.8369825,0.8346415556913387,0.077,0.078
3305238,0.8384941,0.8361672849951607,0.076,0.078
14601525,0.8388871,0.8365656100770255,0.076,0.077
13131137,0.8404271,0.8381167478609999,0.075,0.077
16953329,0.8407973,0.8384941026251842,0.075,0.076
17965922,0.8423644,0.840075641822092,0.074,0.076
867565,0.8427135,0.840427033335815,0.074,0.075
12644292,0.8443063,0.8420410265957996,0.073,0.075
2107102,0.8446238,0.8423644022089178,0.073,0.074
17665976,0.8462526,0.8440116816874427,0.072,0.074
9205832,0.8465481,0.8443062647215236,0.072,0.073
7945613,0.8482035,0.8459866639874959,0.071,0.073
5966400,0.8484613,0.8462526208736323,0.071,0.072
4628327,0.8501587,0.8479808968172716,0.07,0.072
8276224,0.8503819,0.8482034151882131,0.07,0.071
2535033,0.8521186,0.8499715791170698,0.069,0.071
14009982,0.8523021,0.8501587031422967,0.069,0.07
5107018,0.8540829,0.8519626497560842,0.068,0.07
14780100,0.8542336,0.8521185402129142,0.068,0.069
7882066,0.8560519,0.8539780748116638,0.067,0.069
13248329,0.8561575,0.8540828709230346,0.067,0.068
6890767,0.8580252,0.8559791867932711,0.066,0.068
6745914,0.8580953,0.8560517507496889,0.066,0.067
6634293,0.8600031,0.8579689259835439,0.065,0.067
15963304,0.8600556,0.8580251242158461,0.065,0.066
802836,0.8619856,0.8599687065164097,0.064,0.066
1242990,0.8620186,0.860003102275568,0.064,0.065
7298840,0.8639727,0.8619730916428402,0.063,0.065
15573380,0.8639864,0.8619856294518237,0.063,0.064
7360894,0.865955,0.8639727057446133,0.063,0.063
714050,0.8659644,0.8639810272992483,0.062,0.063
12740730,0.8679234,0.8659643311539367,0.062,0.062
6413771,0.8679606,0.8660022774430726,0.061,0.062
2003679,0.8698893,0.8679606166338557,0.061,0.061
6880179,0.8699615,0.8680332915443352,0.06,0.061
10141752,0.8718509,0.8699614512303085,0.06,0.06
12988348,0.871967,0.8700787851506628,0.059,0.06
12376885,0.8738218,0.871966945897357,0.059,0.059
4663077,0.873977,0.8721191748701477,0.058,0.059
1150828,0.8757946,0.8739770451579703,0.058,0.058
13870713,0.8759918,0.8741757638826554,0.057,0.058
607733,0.8777875,0.8759917490121483,0.057,0.057
12466343,0.8780111,0.8762154324007385,0.056,0.057
16263678,0.8797852,0.8780111129369218,0.056,0.056
15068637,0.8800352,0.878268304452176,0.055,0.056
1133740,0.8817651,0.8800351369322911,0.055,0.055
4466639,0.8820639,0.8803390401075633,0.054,0.055
12918863,0.8837633,0.8820638209982559,0.054,0.054
11162882,0.8840972,0.8823997344203577,0.053,0.054
17025532,0.8857593,0.8840972206118473,0.053,0.053
13152886,0.8861354,0.8844709138919922,0.052,0.053
10151550,0.887788,0.8861352248190034,0.052,0.052
1379489,0.888178,0.8865331060846209,0.051,0.052
2618478,0.8897871,0.8881780000508169,0.051,0.051
4659692,0.8902255,0.8886219272520818,0.05,0.051
11071832,0.8918167,0.890225490830257,0.05,0.05
13538264,0.8922777,0.8906933286318399,0.049,0.05
9128015,0.8938515,0.8922776416802928,0.049,0.049
12280018,0.8943346,0.8927629547466092,0.048,0.049
9202242,0.895883,0.8943345635549859,0.048,0.048
11458830,0.8963962,0.8948587660199635,0.047,0.048
4397833,0.8979077,0.8963962009773055,0.047,0.047
4450926,0.8984626,0.8969598476112534,0.046,0.047
17116166,0.899947,0.8984626094242827,0.046,0.046
1178843,0.9005338,0.8990633701919029,0.045,0.046
2841189,0.901983,0.9005337888959172,0.045,0.045
15126245,0.9026098,0.9011673920658304,0.044,0.045
17944496,0.9040379,0.9026097393922092,0.044,0.044
17660571,0.9046906,0.9032632033391846,0.043,0.044
12843999,0.9061201,0.9046904609131586,0.043,0.043
12230024,0.906776,0.9053566291002103,0.042,0.043
838666,0.908178,0.9067760089357964,0.042,0.042
17112802,0.9088664,0.9074679184651858,0.041,0.042
14818240,0.910246,0.9088663279830915,0.041,0.041
208972,0.9109616,0.9095784311517287,0.04,0.041
1774729,0.9123382,0.910961473532075,0.04,0.04
11516637,0.9130615,0.911690330764044,0.039,0.04
10202629,0.9144265,0.9130614455827468,0.039,0.039
3196643,0.9151663,0.9138251423901214,0.038,0.039
17300222,0.916491,0.9151662996121379,0.038,0.038
13119865,0.9172761,0.9159673879383393,0.037,0.038
12576548,0.9185743,0.9172759801432173,0.037,0.037
17749797,0.9193905,0.9181089677621864,0.036,0.037
17961541,0.9206654,0.919390487175985,0.036,0.036
14061630,0.92151,0.920251379741497,0.035,0.036
17158416,0.9227472,0.9215099316645029,0.035,0.035
5301687,0.9236342,0.9224146510844262,0.034,0.035
4716128,0.9248521,0.9236342026547091,0.034,0.034
9385230,0.9257634,0.9245556206609333,0.033,0.034
17997720,0.9269279,0.9257634111006654,0.033,0.033
5459262,0.9278975,0.9267304312262898,0.032,0.033
638635,0.9290436,0.927897501525341,0.032,0.032
9311907,0.9300366,0.9289022460319776,0.031,0.032
7616327,0.9311367,0.9300365294057666,0.031,0.031
1425817,0.9321805,0.9310921463497389,0.03,0.031
7827040,0.9332647,0.9321804947419425,0.03,0.03
15336103,0.9343294,0.9332708403072584,0.029,0.03
14502008,0.9353671,0.9343293975338685,0.029,0.029
8510470,0.9364833,0.9354582441586292,0.028,0.029
277922,0.9374979,0.9364832377815445,0.028,0.028
15545167,0.9386421,0.9376465356424944,0.027,0.028
5556755,0.9396331,0.9386420709620017,0.027,0.027
12596447,0.9408059,0.939836935253534,0.026,0.027
12547660,0.9417515,0.9408058415982089,0.026,0.026
13863340,0.9429747,0.9420469737335121,0.025,0.026
13963211,0.9438928,0.9429746606442281,0.025,0.025
12340643,0.9451484,0.9442596751109735,0.024,0.025
17897284,0.9460218,0.9451484171459975,0.024,0.024
5632046,0.9473272,0.9464664404461285,0.023,0.024
14610054,0.948167,0.9473272220575787,0.023,0.023
1024874,0.949511,0.9486998902331467,0.022,0.023
6956007,0.950311,0.949511019901941,0.022,0.022
2176549,0.9516999,0.9509300668753417,0.021,0.022
6418740,0.9524713,0.9516998661561152,0.021,0.021
2715250,0.9538938,0.9531354452847242,0.02,0.021
4369254,0.9546461,0.9538937608201015,0.02,0.02
1032982,0.9560928,0.9553562463086971,0.019,0.02
17655453,0.9568215,0.9560927038938996,0.019,0.019
16610574,0.9582968,0.9575854798413668,0.018,0.019
2722725,0.9589948,0.9582967508545405,0.018,0.018
15860756,0.9605059,0.9598309126670593,0.017,0.018
17975530,0.9611751,0.9605058462249934,0.017,0.017
9677114,0.9627201,0.9620944864818564,0.016,0.017
3054436,0.9633347,0.9627200454822891,0.016,0.016
6020784,0.9649394,0.9643358140072624,0.015,0.016
8199652,0.9655302,0.9649393486264275,0.015,0.015
15307246,0.9671638,0.9665751443595559,0.014,0.015
10353523,0.9677475,0.9671637556574089,0.014,0.014
14772409,0.9693933,0.9688224079272683,0.013,0.014
14245743,0.9699561,0.969393322052264,0.013,0.013
8348337,0.971628,0.9710814881025623,0.012,0.013
17434651,0.9721621,0.9716279923339619,0.012,0.012
2082664,0.9738678,0.9733668089134724,0.011,0.012
11466862,0.9743651,0.9738678219795336,0.011,0.011
9148891,0.9761128,0.9756575664734106,0.01,0.011
6434267,0.9765612,0.9761128109889791,0.01,0.01
17049957,0.978363,0.9779442187330621,0.009,0.01
3057857,0.9787812,0.9783629593622982,0.009,0.009
1067054,0.9806184,0.9802386377770398,0.008,0.009
3859727,0.9809874,0.9806183225765219,0.008,0.008
6863157,0.9828789,0.9825345547008517,0.007,0.008
925695,0.9832115,0.9828789006316504,0.007,0.007
16644567,0.9851447,0.9848479468893974,0.006,0.007
9096638,0.9854338,0.9851446935276834,0.006,0.006
10996039,0.9874158,0.9871697715866398,0.005,0.006
8388412,0.9876603,0.9874156457875902,0.005,0.005
3608711,0.9896919,0.9894934825029328,0.004,0.005
12986714,0.9898911,0.9896918683654325,0.004,0.004
14711702,0.9919734,0.991817082465164,0.003,0.004
2426423,0.9921251,0.9919733612612104,0.003,0.003
3112949,0.9942601,0.9941536085755951,0.002,0.003
11068398,0.9943633,0.9942601244749237,0.002,0.002
16450379,0.9965521,0.9964883039440063,0.001,0.002
6067230,0.9966109,0.9965521025295419,0.001,0.001
2411559,0.9988495,0.9988287689236314,0.0,0.001
11481165,0.9988697,0.9988494063791262,0.0,0.0
