,P,Exp P,Log P,Log Exp P
19504623,1.181896e-08,5.109257903792061e-08,7.927,7.292
19504621,1.761372e-08,1.0218515807584121e-07,7.754,6.991
19504620,2.146881e-08,1.5327773711376182e-07,7.668,6.815
8984894,2.130037e-07,2.0437031615168243e-07,6.672,6.69
15259097,5.304215e-07,2.5546289518960304e-07,6.275,6.593
32723,5.787963e-07,3.0655547422752364e-07,6.237,6.513
6298485,1.128075e-06,3.5764805326544425e-07,5.948,6.447
15127982,1.203153e-06,4.0874063230336486e-07,5.92,6.389
19504749,1.517372e-06,4.5983321134128547e-07,5.819,6.337
2299377,1.640723e-06,5.109257903792061e-07,5.785,6.292
8246252,1.772278e-06,5.620183694171267e-07,5.751,6.25
19477107,1.934455e-06,6.131109484550473e-07,5.713,6.212
3125987,2.122376e-06,6.642035274929679e-07,5.673,6.178
16621428,2.153641e-06,7.152961065308885e-07,5.667,6.146
8685121,2.177726e-06,7.663886855688091e-07,5.662,6.116
5949581,2.239356e-06,8.174812646067297e-07,5.65,6.088
1967249,2.258403e-06,8.685738436446503e-07,5.646,6.061
15259001,2.355409e-06,9.196664226825709e-07,5.628,6.036
11818767,2.361961e-06,9.707590017204914e-07,5.627,6.013
8286663,2.549326e-06,1.0218515807584121e-06,5.594,5.991
8286680,2.6154e-06,1.0729441597963326e-06,5.582,5.969
14749626,2.826284e-06,1.1240367388342534e-06,5.549,5.949
4533180,2.832744e-06,1.1751293178721739e-06,5.548,5.93
3119193,2.853111e-06,1.2262218969100946e-06,5.545,5.911
18696800,2.88333e-06,1.277314475948015e-06,5.54,5.894
18696945,2.931416e-06,1.3284070549859358e-06,5.533,5.877
1103525,2.976416e-06,1.3794996340238563e-06,5.526,5.86
32995,3.402422e-06,1.430592213061777e-06,5.468,5.844
2299209,3.407793e-06,1.4816847920996975e-06,5.468,5.829
15259035,3.671967e-06,1.5327773711376182e-06,5.435,5.815
18517950,3.718178e-06,1.5838699501755387e-06,5.43,5.8
13447356,3.752609e-06,1.6349625292134594e-06,5.426,5.786
15258999,3.755322e-06,1.68605510825138e-06,5.425,5.773
12195912,3.783843e-06,1.7371476872893007e-06,5.422,5.76
18517947,3.832175e-06,1.7882402663272212e-06,5.417,5.748
6658594,3.925508e-06,1.8393328453651419e-06,5.406,5.735
1553271,3.956336e-06,1.8904254244030624e-06,5.403,5.723
18696806,3.980195e-06,1.941518003440983e-06,5.4,5.712
2299911,4.024117e-06,1.992610582478904e-06,5.395,5.701
6658602,4.119023e-06,2.0437031615168243e-06,5.385,5.69
2300119,4.201339e-06,2.094795740554745e-06,5.377,5.679
2300409,4.385757e-06,2.1458883195926653e-06,5.358,5.668
18517936,4.438865e-06,2.1969808986305862e-06,5.353,5.658
13448031,4.468945e-06,2.2480734776685067e-06,5.35,5.648
8041807,4.483459e-06,2.2991660567064272e-06,5.348,5.638
1453250,4.4899e-06,2.3502586357443477e-06,5.348,5.629
18508500,4.568497e-06,2.4013512147822687e-06,5.34,5.62
18696777,4.63265e-06,2.452443793820189e-06,5.334,5.61
3119212,4.715972e-06,2.5035363728581097e-06,5.326,5.601
19504651,4.876211e-06,2.55462895189603e-06,5.312,5.593
6658380,4.973829e-06,2.605721530933951e-06,5.303,5.584
18696781,5.030927e-06,2.6568141099718716e-06,5.298,5.576
8727222,5.130694e-06,2.707906689009792e-06,5.29,5.567
18508533,5.144359e-06,2.7589992680477126e-06,5.289,5.559
67387,5.173251e-06,2.8100918470856335e-06,5.286,5.551
18517918,5.229825e-06,2.861184426123554e-06,5.282,5.543
16947346,5.276418e-06,2.9122770051614745e-06,5.278,5.536
6658396,5.442489e-06,2.963369584199395e-06,5.264,5.528
6658400,5.451076e-06,3.014462163237316e-06,5.264,5.521
6658415,5.461914e-06,3.0655547422752364e-06,5.263,5.513
8727240,5.65221e-06,3.116647321313157e-06,5.248,5.506
67403,5.674065e-06,3.1677399003510774e-06,5.246,5.499
4314797,5.67825e-06,3.218832479388998e-06,5.246,5.492
6749968,5.87454e-06,3.269925058426919e-06,5.231,5.485
3664939,5.990289e-06,3.3210176374648394e-06,5.223,5.479
18696850,6.016067e-06,3.37211021650276e-06,5.221,5.472
3243094,6.04054e-06,3.4232027955406804e-06,5.219,5.466
3157358,6.101232e-06,3.4742953745786013e-06,5.215,5.459
15964357,6.226874e-06,3.525387953616522e-06,5.206,5.453
1533823,6.274764e-06,3.5764805326544423e-06,5.202,5.447
18696567,6.290636e-06,3.627573111692363e-06,5.201,5.44
18508590,6.297557e-06,3.6786656907302837e-06,5.201,5.434
15259106,6.345337e-06,3.7297582697682042e-06,5.198,5.428
18696560,6.418321e-06,3.7808508488061247e-06,5.193,5.422
18696677,6.473931e-06,3.831943427844045e-06,5.189,5.417
18798412,6.500746e-06,3.883036006881966e-06,5.187,5.411
15581474,6.691124e-06,3.934128585919886e-06,5.175,5.405
6655864,6.836198e-06,3.985221164957808e-06,5.165,5.4
1968279,6.998679e-06,4.036313743995728e-06,5.155,5.394
6011008,7.07567e-06,4.087406323033649e-06,5.15,5.389
4532501,7.482464e-06,4.138498902071569e-06,5.126,5.383
15162691,7.855164e-06,4.18959148110949e-06,5.105,5.378
5667398,8.099949e-06,4.24068406014741e-06,5.092,5.373
16947410,8.237319e-06,4.291776639185331e-06,5.084,5.367
7168537,8.250058e-06,4.342869218223251e-06,5.084,5.362
1553208,8.322316e-06,4.3939617972611724e-06,5.08,5.357
731022,8.385502e-06,4.445054376299093e-06,5.076,5.352
1963841,8.429956e-06,4.4961469553370134e-06,5.074,5.347
3543375,8.444785e-06,4.547239534374934e-06,5.073,5.342
19312545,8.484996e-06,4.5983321134128545e-06,5.071,5.337
10867799,8.647214e-06,4.649424692450775e-06,5.063,5.333
5949247,8.82851e-06,4.7005172714886955e-06,5.054,5.328
18884330,8.839099e-06,4.751609850526616e-06,5.054,5.323
19504887,8.935887e-06,4.802702429564537e-06,5.049,5.319
1968294,9.145917e-06,4.853795008602458e-06,5.039,5.314
6658483,9.154594e-06,4.904887587640378e-06,5.038,5.309
17433563,9.228552e-06,4.955980166678299e-06,5.035,5.305
19504670,9.504236e-06,5.007072745716219e-06,5.022,5.3
1967262,9.684377e-06,5.05816532475414e-06,5.014,5.296
16375403,9.687924e-06,5.10925790379206e-06,5.014,5.292
3119203,9.733582e-06,5.160350482829981e-06,5.012,5.287
67384,9.756675e-06,5.211443061867902e-06,5.011,5.283
6750101,9.781713e-06,5.262535640905823e-06,5.01,5.279
18796963,9.782063e-06,5.313628219943743e-06,5.01,5.275
18696563,9.782532e-06,5.364720798981664e-06,5.01,5.27
1553209,9.792358e-06,5.415813378019584e-06,5.009,5.266
67388,9.794443e-06,5.466905957057505e-06,5.009,5.262
19504669,9.80957e-06,5.517998536095425e-06,5.008,5.258
15663145,9.924125e-06,5.569091115133346e-06,5.003,5.254
19504861,9.980097e-06,5.620183694171267e-06,5.001,5.25
6658242,1.007282e-05,5.6712762732091875e-06,4.997,5.246
18798260,1.011712e-05,5.722368852247108e-06,4.995,5.242
2300660,1.022414e-05,5.7734614312850285e-06,4.99,5.239
1553218,1.042151e-05,5.824554010322949e-06,4.982,5.235
11169968,1.053261e-05,5.8756465893608695e-06,4.977,5.231
19504634,1.05966e-05,5.92673916839879e-06,4.975,5.227
5667406,1.093272e-05,5.9778317474367105e-06,4.961,5.223
1971319,1.105236e-05,6.028924326474632e-06,4.957,5.22
1882063,1.110233e-05,6.080016905512552e-06,4.955,5.216
9825764,1.118159e-05,6.131109484550473e-06,4.951,5.212
19504683,1.124236e-05,6.182202063588393e-06,4.949,5.209
1553141,1.129502e-05,6.233294642626314e-06,4.947,5.205
1575298,1.136188e-05,6.284387221664234e-06,4.945,5.202
8685123,1.138907e-05,6.335479800702155e-06,4.944,5.198
1969181,1.15069e-05,6.386572379740075e-06,4.939,5.195
8673573,1.179897e-05,6.437664958777996e-06,4.928,5.191
6932409,1.191176e-05,6.488757537815917e-06,4.924,5.188
18838014,1.209638e-05,6.539850116853838e-06,4.917,5.184
1968545,1.21907e-05,6.590942695891758e-06,4.914,5.181
6655565,1.225781e-05,6.642035274929679e-06,4.912,5.178
12410131,1.233726e-05,6.693127853967599e-06,4.909,5.174
10402822,1.265038e-05,6.74422043300552e-06,4.898,5.171
10841726,1.276198e-05,6.79531301204344e-06,4.894,5.168
6933157,1.278489e-05,6.846405591081361e-06,4.893,5.165
6465022,1.280807e-05,6.897498170119282e-06,4.893,5.161
1553292,1.290318e-05,6.948590749157203e-06,4.889,5.158
19504613,1.291246e-05,6.999683328195123e-06,4.889,5.155
1103527,1.294684e-05,7.050775907233044e-06,4.888,5.152
18522384,1.298502e-05,7.101868486270964e-06,4.887,5.149
1103553,1.303228e-05,7.152961065308885e-06,4.885,5.146
19504682,1.30568e-05,7.204053644346805e-06,4.884,5.142
1553142,1.318523e-05,7.255146223384726e-06,4.88,5.139
12410067,1.330336e-05,7.306238802422647e-06,4.876,5.136
18508920,1.338631e-05,7.3573313814605675e-06,4.873,5.133
9706875,1.348623e-05,7.408423960498488e-06,4.87,5.13
19504689,1.349821e-05,7.4595165395364085e-06,4.87,5.127
19504688,1.352221e-05,7.510609118574329e-06,4.869,5.124
2300809,1.354418e-05,7.5617016976122495e-06,4.868,5.121
1553309,1.361487e-05,7.61279427665017e-06,4.866,5.118
9901120,1.369437e-05,7.66388685568809e-06,4.863,5.116
16445101,1.376799e-05,7.714979434726012e-06,4.861,5.113
19504699,1.380838e-05,7.766072013763931e-06,4.86,5.11
2300792,1.386607e-05,7.817164592801853e-06,4.858,5.107
5649339,1.38907e-05,7.868257171839772e-06,4.857,5.104
1881954,1.39233e-05,7.919349750877694e-06,4.856,5.101
15663176,1.395835e-05,7.970442329915615e-06,4.855,5.099
6750014,1.396812e-05,8.021534908953535e-06,4.855,5.096
16375383,1.399484e-05,8.072627487991456e-06,4.854,5.093
18800009,1.402463e-05,8.123720067029376e-06,4.853,5.09
15663206,1.405192e-05,8.174812646067297e-06,4.852,5.088
2300815,1.408086e-05,8.225905225105217e-06,4.851,5.085
19504692,1.416743e-05,8.276997804143138e-06,4.849,5.082
1533167,1.430508e-05,8.32809038318106e-06,4.845,5.079
6654693,1.431085e-05,8.37918296221898e-06,4.844,5.077
8152827,1.433518e-05,8.4302755412569e-06,4.844,5.074
4028574,1.438877e-05,8.48136812029482e-06,4.842,5.072
7608990,1.480812e-05,8.532460699332742e-06,4.83,5.069
1965228,1.482834e-05,8.583553278370661e-06,4.829,5.066
14295087,1.48749e-05,8.634645857408583e-06,4.828,5.064
19504680,1.494067e-05,8.685738436446502e-06,4.826,5.061
1533810,1.494294e-05,8.736831015484424e-06,4.826,5.059
19504644,1.540009e-05,8.787923594522345e-06,4.812,5.056
1553107,1.555554e-05,8.839016173560265e-06,4.808,5.054
11822376,1.556424e-05,8.890108752598186e-06,4.808,5.051
19504663,1.566779e-05,8.941201331636106e-06,4.805,5.049
15280263,1.568178e-05,8.992293910674027e-06,4.805,5.046
19504637,1.5702e-05,9.043386489711947e-06,4.804,5.044
14627928,1.580628e-05,9.094479068749868e-06,4.801,5.041
19504647,1.584344e-05,9.14557164778779e-06,4.8,5.039
3349790,1.585135e-05,9.196664226825709e-06,4.8,5.036
1103608,1.596233e-05,9.24775680586363e-06,4.797,5.034
4532520,1.602708e-05,9.29884938490155e-06,4.795,5.032
8937982,1.622385e-05,9.349941963939471e-06,4.79,5.029
10902449,1.627858e-05,9.401034542977391e-06,4.788,5.027
18838067,1.638511e-05,9.452127122015312e-06,4.786,5.024
1610294,1.64177e-05,9.503219701053232e-06,4.785,5.022
19271305,1.651708e-05,9.554312280091153e-06,4.782,5.02
19504685,1.663966e-05,9.605404859129075e-06,4.779,5.017
19504627,1.665446e-05,9.656497438166994e-06,4.778,5.015
2079399,1.669078e-05,9.707590017204916e-06,4.778,5.013
10546255,1.671617e-05,9.758682596242835e-06,4.777,5.011
8508523,1.681546e-05,9.809775175280757e-06,4.774,5.008
2988372,1.687987e-05,9.860867754318676e-06,4.773,5.006
5649378,1.694398e-05,9.911960333356598e-06,4.771,5.004
18838412,1.700368e-05,9.963052912394517e-06,4.769,5.002
15752971,1.705673e-05,1.0014145491432439e-05,4.768,4.999
4173208,1.71086e-05,1.006523807047036e-05,4.767,4.997
19504635,1.713649e-05,1.011633064950828e-05,4.766,4.995
11631073,1.720007e-05,1.0167423228546201e-05,4.764,4.993
1609607,1.727413e-05,1.021851580758412e-05,4.763,4.991
10546286,1.738278e-05,1.0269608386622042e-05,4.76,4.988
19504661,1.738716e-05,1.0320700965659962e-05,4.76,4.986
7168549,1.748561e-05,1.0371793544697883e-05,4.757,4.984
19504628,1.767128e-05,1.0422886123735804e-05,4.753,4.982
7537604,1.768341e-05,1.0473978702773724e-05,4.752,4.98
19217604,1.774642e-05,1.0525071281811645e-05,4.751,4.978
5667482,1.780749e-05,1.0576163860849565e-05,4.749,4.976
8727249,1.788615e-05,1.0627256439887486e-05,4.747,4.974
7765593,1.79919e-05,1.0678349018925406e-05,4.745,4.971
17597387,1.810082e-05,1.0729441597963327e-05,4.742,4.969
2302062,1.825041e-05,1.0780534177001247e-05,4.739,4.967
2302150,1.82772e-05,1.0831626756039168e-05,4.738,4.965
19504656,1.828379e-05,1.088271933507709e-05,4.738,4.963
1103542,1.830218e-05,1.093381191411501e-05,4.737,4.961
1553106,1.833475e-05,1.098490449315293e-05,4.737,4.959
11631081,1.834733e-05,1.103599707219085e-05,4.736,4.957
19504629,1.840606e-05,1.1087089651228772e-05,4.735,4.955
14066854,1.845452e-05,1.1138182230266691e-05,4.734,4.953
17268294,1.852329e-05,1.1189274809304613e-05,4.732,4.951
7609383,1.862174e-05,1.1240367388342534e-05,4.73,4.949
82373,1.869722e-05,1.1291459967380454e-05,4.728,4.947
11631056,1.878099e-05,1.1342552546418375e-05,4.726,4.945
19504691,1.891716e-05,1.1393645125456295e-05,4.723,4.943
2301964,1.89179e-05,1.1444737704494216e-05,4.723,4.941
19504645,1.898377e-05,1.1495830283532136e-05,4.722,4.939
7168546,1.911778e-05,1.1546922862570057e-05,4.719,4.938
19504696,1.923921e-05,1.1598015441607977e-05,4.716,4.936
13503174,1.932666e-05,1.1649108020645898e-05,4.714,4.934
8940711,1.937231e-05,1.170020059968382e-05,4.713,4.932
3875510,1.959459e-05,1.1751293178721739e-05,4.708,4.93
7118002,1.971114e-05,1.180238575775966e-05,4.705,4.928
8727208,1.978641e-05,1.185347833679758e-05,4.704,4.926
4940093,1.984734e-05,1.1904570915835501e-05,4.702,4.924
2988390,1.986229e-05,1.1955663494873421e-05,4.702,4.922
15259113,1.997458e-05,1.2006756073911342e-05,4.7,4.921
18517989,2.010125e-05,1.2057848652949264e-05,4.697,4.919
8235300,2.010259e-05,1.2108941231987183e-05,4.697,4.917
8041758,2.011468e-05,1.2160033811025105e-05,4.696,4.915
8685122,2.030246e-05,1.2211126390063024e-05,4.692,4.913
881480,2.048749e-05,1.2262218969100946e-05,4.689,4.911
13874224,2.049825e-05,1.2313311548138865e-05,4.688,4.91
6307438,2.054965e-05,1.2364404127176787e-05,4.687,4.908
12095651,2.063583e-05,1.2415496706214706e-05,4.685,4.906
960831,2.072355e-05,1.2466589285252628e-05,4.684,4.904
19504695,2.079581e-05,1.2517681864290549e-05,4.682,4.902
13874225,2.081521e-05,1.2568774443328469e-05,4.682,4.901
9706938,2.100419e-05,1.261986702236639e-05,4.678,4.899
886022,2.107586e-05,1.267095960140431e-05,4.676,4.897
5667526,2.128862e-05,1.2722052180442231e-05,4.672,4.895
8018398,2.129988e-05,1.277314475948015e-05,4.672,4.894
13503198,2.148929e-05,1.2824237338518072e-05,4.668,4.892
5609054,2.151419e-05,1.2875329917555992e-05,4.667,4.89
1186943,2.162633e-05,1.2926422496593913e-05,4.665,4.889
3051540,2.170227e-05,1.2977515075631834e-05,4.663,4.887
6021106,2.170683e-05,1.3028607654669754e-05,4.663,4.885
11631024,2.181844e-05,1.3079700233707675e-05,4.661,4.883
470801,2.183341e-05,1.3130792812745595e-05,4.661,4.882
13144836,2.195667e-05,1.3181885391783516e-05,4.658,4.88
12095572,2.20837e-05,1.3232977970821436e-05,4.656,4.878
11104567,2.210437e-05,1.3284070549859357e-05,4.656,4.877
661782,2.212302e-05,1.3335163128897279e-05,4.655,4.875
11631051,2.212763e-05,1.3386255707935198e-05,4.655,4.873
3121269,2.212794e-05,1.343734828697312e-05,4.655,4.872
2300216,2.215091e-05,1.348844086601104e-05,4.655,4.87
2187171,2.222366e-05,1.353953344504896e-05,4.653,4.868
17756823,2.223543e-05,1.359062602408688e-05,4.653,4.867
11631047,2.225245e-05,1.3641718603124802e-05,4.653,4.865
11631037,2.225245e-05,1.3692811182162722e-05,4.653,4.864
18243124,2.227571e-05,1.3743903761200643e-05,4.652,4.862
15258966,2.252558e-05,1.3794996340238564e-05,4.647,4.86
16375390,2.25259e-05,1.3846088919276484e-05,4.647,4.859
11631044,2.255327e-05,1.3897181498314405e-05,4.647,4.857
17757678,2.261713e-05,1.3948274077352325e-05,4.646,4.855
17757864,2.273579e-05,1.3999366656390246e-05,4.643,4.854
5667370,2.273678e-05,1.4050459235428166e-05,4.643,4.852
2301861,2.281261e-05,1.4101551814466087e-05,4.642,4.851
11819068,2.301498e-05,1.4152644393504009e-05,4.638,4.849
8727218,2.310705e-05,1.4203736972541928e-05,4.636,4.848
11631079,2.313164e-05,1.425482955157985e-05,4.636,4.846
8915499,2.323957e-05,1.430592213061777e-05,4.634,4.844
8685103,2.329432e-05,1.435701470965569e-05,4.633,4.843
3543441,2.334167e-05,1.440810728869361e-05,4.632,4.841
11631070,2.335636e-05,1.4459199867731532e-05,4.632,4.84
960662,2.348927e-05,1.4510292446769451e-05,4.629,4.838
11631058,2.353221e-05,1.4561385025807373e-05,4.628,4.837
960611,2.353614e-05,1.4612477604845294e-05,4.628,4.835
13933554,2.354509e-05,1.4663570183883214e-05,4.628,4.834
470648,2.358973e-05,1.4714662762921135e-05,4.627,4.832
5667569,2.359549e-05,1.4765755341959055e-05,4.627,4.831
8031832,2.361074e-05,1.4816847920996976e-05,4.627,4.829
18517955,2.368557e-05,1.4867940500034896e-05,4.626,4.828
3595344,2.369689e-05,1.4919033079072817e-05,4.625,4.826
5321162,2.382159e-05,1.4970125658110738e-05,4.623,4.825
13567006,2.392218e-05,1.5021218237148658e-05,4.621,4.823
19504713,2.417791e-05,1.507231081618658e-05,4.617,4.822
19504971,2.421342e-05,1.5123403395224499e-05,4.616,4.82
8216896,2.434543e-05,1.517449597426242e-05,4.614,4.819
3051569,2.436634e-05,1.522558855330034e-05,4.613,4.817
9906615,2.439728e-05,1.527668113233826e-05,4.613,4.816
8216912,2.447571e-05,1.532777371137618e-05,4.611,4.815
16326114,2.459408e-05,1.5378866290414102e-05,4.609,4.813
8031840,2.469032e-05,1.5429958869452024e-05,4.607,4.812
5205102,2.477611e-05,1.5481051448489945e-05,4.606,4.81
1971549,2.482827e-05,1.5532144027527863e-05,4.605,4.809
1101630,2.510868e-05,1.5583236606565784e-05,4.6,4.807
8216918,2.5145e-05,1.5634329185603706e-05,4.6,4.806
1257285,2.516661e-05,1.5685421764641627e-05,4.599,4.805
6251838,2.523857e-05,1.5736514343679545e-05,4.598,4.803
1969246,2.52711e-05,1.5787606922717466e-05,4.597,4.802
1969248,2.527525e-05,1.5838699501755388e-05,4.597,4.8
12095372,2.595502e-05,1.588979208079331e-05,4.586,4.799
8235341,2.605246e-05,1.594088465983123e-05,4.584,4.797
16220561,2.611226e-05,1.5991977238869148e-05,4.583,4.796
7049509,2.625189e-05,1.604306981790707e-05,4.581,4.795
19258177,2.625952e-05,1.609416239694499e-05,4.581,4.793
12095550,2.63374e-05,1.6145254975982912e-05,4.579,4.792
1102850,2.633976e-05,1.619634755502083e-05,4.579,4.791
12095551,2.635043e-05,1.624744013405875e-05,4.579,4.789
2691800,2.649057e-05,1.6298532713096673e-05,4.577,4.788
12095622,2.650516e-05,1.6349625292134594e-05,4.577,4.786
7608514,2.665519e-05,1.6400717871172516e-05,4.574,4.785
7742072,2.691155e-05,1.6451810450210434e-05,4.57,4.784
1470894,2.697485e-05,1.6502903029248355e-05,4.569,4.782
470254,2.697993e-05,1.6553995608286276e-05,4.569,4.781
13144838,2.725976e-05,1.6605088187324198e-05,4.564,4.78
6329166,2.734533e-05,1.665618076636212e-05,4.563,4.778
8685027,2.75209e-05,1.6707273345400037e-05,4.56,4.777
1553249,2.763834e-05,1.675836592443796e-05,4.558,4.776
8031958,2.792791e-05,1.680945850347588e-05,4.554,4.774
82435,2.79311e-05,1.68605510825138e-05,4.554,4.773
8915493,2.801561e-05,1.691164366155172e-05,4.553,4.772
13933556,2.80578e-05,1.696273624058964e-05,4.552,4.771
7032194,2.819736e-05,1.7013828819627562e-05,4.55,4.769
13933551,2.829808e-05,1.7064921398665483e-05,4.548,4.768
5934952,2.839605e-05,1.7116013977703404e-05,4.547,4.767
1610259,2.842595e-05,1.7167106556741322e-05,4.546,4.765
17757386,2.843004e-05,1.7218199135779244e-05,4.546,4.764
8031767,2.843633e-05,1.7269291714817165e-05,4.546,4.763
1185615,2.851367e-05,1.7320384293855086e-05,4.545,4.761
15790045,2.85403e-05,1.7371476872893004e-05,4.545,4.76
11630977,2.870793e-05,1.7422569451930926e-05,4.542,4.759
18386577,2.876589e-05,1.7473662030968847e-05,4.541,4.758
18386526,2.878395e-05,1.752475461000677e-05,4.541,4.756
1333585,2.879713e-05,1.757584718904469e-05,4.541,4.755
1964256,2.880226e-05,1.7626939768082608e-05,4.541,4.754
11630993,2.888963e-05,1.767803234712053e-05,4.539,4.753
11937962,2.893486e-05,1.772912492615845e-05,4.539,4.751
8216876,2.898505e-05,1.7780217505196372e-05,4.538,4.75
2078816,2.91065e-05,1.783131008423429e-05,4.536,4.749
4418785,2.915453e-05,1.788240266327221e-05,4.535,4.748
2300423,2.927311e-05,1.7933495242310132e-05,4.534,4.746
1553196,2.937479e-05,1.7984587821348054e-05,4.532,4.745
15790086,2.947211e-05,1.8035680400385975e-05,4.531,4.744
18517819,2.951404e-05,1.8086772979423893e-05,4.53,4.743
12944584,2.954393e-05,1.8137865558461814e-05,4.53,4.741
4418789,2.958576e-05,1.8188958137499736e-05,4.529,4.74
8216894,2.966064e-05,1.8240050716537657e-05,4.528,4.739
1963977,2.969426e-05,1.829114329557558e-05,4.527,4.738
17756930,2.969987e-05,1.8342235874613496e-05,4.527,4.737
19504716,2.974356e-05,1.8393328453651418e-05,4.527,4.735
8673583,2.980014e-05,1.844442103268934e-05,4.526,4.734
12478023,2.997069e-05,1.849551361172726e-05,4.523,4.733
12478022,3.004695e-05,1.854660619076518e-05,4.522,4.732
8235391,3.017815e-05,1.85976987698031e-05,4.52,4.731
8217387,3.019097e-05,1.864879134884102e-05,4.52,4.729
7078082,3.025507e-05,1.8699883927878943e-05,4.519,4.728
11779365,3.025837e-05,1.8750976506916864e-05,4.519,4.727
4845511,3.030806e-05,1.8802069085954782e-05,4.518,4.726
8520198,3.032399e-05,1.8853161664992703e-05,4.518,4.725
19505195,3.036922e-05,1.8904254244030625e-05,4.518,4.723
8751998,3.045983e-05,1.8955346823068546e-05,4.516,4.722
8285779,3.054743e-05,1.9006439402106464e-05,4.515,4.721
12194636,3.090309e-05,1.9057531981144385e-05,4.51,4.72
13090863,3.092617e-05,1.9108624560182307e-05,4.51,4.719
5667678,3.109274e-05,1.9159717139220228e-05,4.507,4.718
4418743,3.109487e-05,1.921080971825815e-05,4.507,4.716
13763229,3.136962e-05,1.9261902297296067e-05,4.503,4.715
19504800,3.140667e-05,1.931299487633399e-05,4.503,4.714
1969863,3.140853e-05,1.936408745537191e-05,4.503,4.713
5447263,3.145058e-05,1.941518003440983e-05,4.502,4.712
19504718,3.148901e-05,1.946627261344775e-05,4.502,4.711
1965139,3.162868e-05,1.951736519248567e-05,4.5,4.71
8235447,3.166756e-05,1.9568457771523592e-05,4.499,4.708
19504828,3.167916e-05,1.9619550350561513e-05,4.499,4.707
15950295,3.172605e-05,1.9670642929599435e-05,4.499,4.706
3595440,3.173291e-05,1.9721735508637353e-05,4.498,4.705
6931532,3.181658e-05,1.9772828087675274e-05,4.497,4.704
7168555,3.185914e-05,1.9823920666713195e-05,4.497,4.703
13144814,3.195394e-05,1.9875013245751117e-05,4.495,4.702
8937963,3.205571e-05,1.9926105824789035e-05,4.494,4.701
6324425,3.206393e-05,1.9977198403826956e-05,4.494,4.699
82412,3.207399e-05,2.0028290982864877e-05,4.494,4.698
15678750,3.210103e-05,2.00793835619028e-05,4.493,4.697
1964323,3.216235e-05,2.013047614094072e-05,4.493,4.696
14934014,3.22226e-05,2.0181568719978638e-05,4.492,4.695
8202034,3.253937e-05,2.023266129901656e-05,4.488,4.694
19504708,3.256891e-05,2.028375387805448e-05,4.487,4.693
19504709,3.268033e-05,2.0334846457092402e-05,4.486,4.692
5667618,3.269096e-05,2.0385939036130323e-05,4.486,4.691
8216868,3.269237e-05,2.043703161516824e-05,4.486,4.69
8165465,3.269902e-05,2.0488124194206163e-05,4.485,4.688
8235339,3.274346e-05,2.0539216773244084e-05,4.485,4.687
8235335,3.275141e-05,2.0590309352282005e-05,4.485,4.686
16312841,3.282293e-05,2.0641401931319923e-05,4.484,4.685
19504710,3.29301e-05,2.0692494510357845e-05,4.482,4.684
16312844,3.293091e-05,2.0743587089395766e-05,4.482,4.683
8031863,3.295763e-05,2.0794679668433687e-05,4.482,4.682
19504715,3.297917e-05,2.084577224747161e-05,4.482,4.681
724272,3.29846e-05,2.0896864826509527e-05,4.482,4.68
12095482,3.300251e-05,2.0947957405547448e-05,4.481,4.679
469831,3.309827e-05,2.099904998458537e-05,4.48,4.678
10722965,3.310021e-05,2.105014256362329e-05,4.48,4.677
8816689,3.319383e-05,2.110123514266121e-05,4.479,4.676
13763622,3.323476e-05,2.115232772169913e-05,4.478,4.675
17547763,3.323519e-05,2.120342030073705e-05,4.478,4.674
14983482,3.327904e-05,2.1254512879774973e-05,4.478,4.673
19505095,3.334659e-05,2.1305605458812894e-05,4.477,4.672
13121757,3.335002e-05,2.1356698037850812e-05,4.477,4.67
2134762,3.345405e-05,2.1407790616888733e-05,4.476,4.669
1675121,3.347783e-05,2.1458883195926655e-05,4.475,4.668
19214208,3.360291e-05,2.1509975774964576e-05,4.474,4.667
1470873,3.369026e-05,2.1561068354002494e-05,4.472,4.666
1675123,3.375117e-05,2.1612160933040415e-05,4.472,4.665
3513205,3.375613e-05,2.1663253512078337e-05,4.472,4.664
8751959,3.397798e-05,2.1714346091116258e-05,4.469,4.663
19504698,3.402831e-05,2.176543867015418e-05,4.468,4.662
1964340,3.403573e-05,2.1816531249192097e-05,4.468,4.661
9308240,3.40809e-05,2.186762382823002e-05,4.467,4.66
1103586,3.427486e-05,2.191871640726794e-05,4.465,4.659
4211593,3.429552e-05,2.196980898630586e-05,4.465,4.658
1609588,3.435612e-05,2.202090156534378e-05,4.464,4.657
18508755,3.437964e-05,2.20719941443817e-05,4.464,4.656
15752982,3.438469e-05,2.2123086723419622e-05,4.464,4.655
19504816,3.445265e-05,2.2174179302457543e-05,4.463,4.654
19504700,3.447364e-05,2.2225271881495465e-05,4.463,4.653
13144872,3.473672e-05,2.2276364460533383e-05,4.459,4.652
1964120,3.477018e-05,2.2327457039571304e-05,4.459,4.651
2464708,3.479861e-05,2.2378549618609225e-05,4.458,4.65
19504702,3.491188e-05,2.2429642197647147e-05,4.457,4.649
19504705,3.492003e-05,2.2480734776685068e-05,4.457,4.648
14604441,3.492836e-05,2.2531827355722986e-05,4.457,4.647
19214199,3.494115e-05,2.2582919934760907e-05,4.457,4.646
631567,3.499487e-05,2.263401251379883e-05,4.456,4.645
19233823,3.502444e-05,2.268510509283675e-05,4.456,4.644
11630912,3.507773e-05,2.2736197671874668e-05,4.455,4.643
13933588,3.520616e-05,2.278729025091259e-05,4.453,4.642
18798016,3.524681e-05,2.283838282995051e-05,4.453,4.641
18838733,3.526314e-05,2.2889475408988432e-05,4.453,4.64
8727181,3.527863e-05,2.2940567988026353e-05,4.452,4.639
5609034,3.538357e-05,2.299166056706427e-05,4.451,4.638
188463,3.557449e-05,2.3042753146102193e-05,4.449,4.637
16429495,3.565435e-05,2.3093845725140114e-05,4.448,4.637
18523478,3.575103e-05,2.3144938304178035e-05,4.447,4.636
12333792,3.5767e-05,2.3196030883215953e-05,4.447,4.635
12961090,3.577282e-05,2.3247123462253875e-05,4.446,4.634
19504717,3.583274e-05,2.3298216041291796e-05,4.446,4.633
15673869,3.594706e-05,2.3349308620329717e-05,4.444,4.632
1257083,3.608628e-05,2.340040119936764e-05,4.443,4.631
19214207,3.610905e-05,2.3451493778405557e-05,4.442,4.63
5205092,3.611982e-05,2.3502586357443478e-05,4.442,4.629
5204988,3.621538e-05,2.35536789364814e-05,4.441,4.628
19504875,3.634813e-05,2.360477151551932e-05,4.44,4.627
5205093,3.636072e-05,2.365586409455724e-05,4.439,4.626
1609602,3.654151e-05,2.370695667359516e-05,4.437,4.625
10924699,3.661186e-05,2.375804925263308e-05,4.436,4.624
19504834,3.664271e-05,2.3809141831671003e-05,4.436,4.623
1675130,3.665837e-05,2.3860234410708924e-05,4.436,4.622
18493564,3.666002e-05,2.3911326989746842e-05,4.436,4.621
1609598,3.675282e-05,2.3962419568784763e-05,4.435,4.62
8849140,3.696744e-05,2.4013512147822685e-05,4.432,4.62
12095478,3.701817e-05,2.4064604726860606e-05,4.432,4.619
12095480,3.704085e-05,2.4115697305898528e-05,4.431,4.618
13144879,3.717423e-05,2.4166789884936445e-05,4.43,4.617
14768999,3.730205e-05,2.4217882463974367e-05,4.428,4.616
1525843,3.730739e-05,2.4268975043012288e-05,4.428,4.615
10111652,3.759427e-05,2.432006762205021e-05,4.425,4.614
11630910,3.759965e-05,2.4371160201088127e-05,4.425,4.613
19214202,3.771791e-05,2.442225278012605e-05,4.423,4.612
1532376,3.784227e-05,2.447334535916397e-05,4.422,4.611
19504729,3.788923e-05,2.452443793820189e-05,4.421,4.61
11220523,3.789307e-05,2.4575530517239813e-05,4.421,4.609
12943917,3.80018e-05,2.4677715675315652e-05,4.42,4.608
19504725,3.802871e-05,2.4728808254353574e-05,4.42,4.607
8216923,3.806124e-05,2.4779900833391495e-05,4.42,4.606
9632960,3.808773e-05,2.4830993412429413e-05,4.419,4.605
11630900,3.808966e-05,2.4882085991467334e-05,4.419,4.604
4279303,3.815859e-05,2.4933178570505256e-05,4.418,4.603
7344704,3.845842e-05,2.4984271149543177e-05,4.415,4.602
2186362,3.850652e-05,2.5035363728581098e-05,4.414,4.601
8685127,3.865458e-05,2.5137548886656938e-05,4.413,4.6
15673823,3.875816e-05,2.518864146569486e-05,4.412,4.599
1532049,3.879877e-05,2.523973404473278e-05,4.411,4.598
19504720,3.882396e-05,2.5290826623770698e-05,4.411,4.597
1553301,3.889931e-05,2.534191920280862e-05,4.41,4.596
17428908,3.899746e-05,2.539301178184654e-05,4.409,4.595
8235355,3.901277e-05,2.5444104360884462e-05,4.409,4.594
8915412,3.917531e-05,2.5495196939922384e-05,4.407,4.594
5204802,3.926492e-05,2.55462895189603e-05,4.406,4.593
5205168,3.941712e-05,2.5597382097998223e-05,4.404,4.592
13460417,3.952778e-05,2.5648474677036144e-05,4.403,4.591
7168551,3.956412e-05,2.5699567256074066e-05,4.403,4.59
1576720,3.958872e-05,2.5750659835111984e-05,4.402,4.589
19504728,3.964755e-05,2.5801752414149905e-05,4.402,4.588
4279268,3.96811e-05,2.5852844993187826e-05,4.401,4.587
5382287,3.98859e-05,2.595503015126367e-05,4.399,4.586
4211585,3.990213e-05,2.6006122730301587e-05,4.399,4.585
7537547,3.993028e-05,2.6057215309339508e-05,4.399,4.584
14769371,4.009198e-05,2.610830788837743e-05,4.397,4.583
6654175,4.010677e-05,2.615940046741535e-05,4.397,4.582
19505193,4.019127e-05,2.6210493046453272e-05,4.396,4.582
16371257,4.035951e-05,2.626158562549119e-05,4.394,4.581
8915411,4.045159e-05,2.631267820452911e-05,4.393,4.58
3543244,4.053064e-05,2.6363770783567033e-05,4.392,4.579
731756,4.06636e-05,2.6414863362604954e-05,4.391,4.578
14314233,4.067425e-05,2.6465955941642872e-05,4.391,4.577
2186841,4.067578e-05,2.6517048520680794e-05,4.391,4.576
10797668,4.072373e-05,2.6568141099718715e-05,4.39,4.576
15150411,4.077299e-05,2.6619233678756636e-05,4.39,4.575
2873853,4.086309e-05,2.6670326257794558e-05,4.389,4.574
2873788,4.100328e-05,2.6721418836832476e-05,4.387,4.573
4885490,4.107119e-05,2.6772511415870397e-05,4.386,4.572
5205090,4.136402e-05,2.682360399490832e-05,4.383,4.571
10546105,4.14743e-05,2.687469657394624e-05,4.382,4.571
19504706,4.178854e-05,2.6925789152984158e-05,4.379,4.57
18837904,4.195238e-05,2.697688173202208e-05,4.377,4.569
12002206,4.215985e-05,2.702797431106e-05,4.375,4.568
17210918,4.218564e-05,2.707906689009792e-05,4.375,4.567
5204936,4.225406e-05,2.718125204817376e-05,4.374,4.566
1940130,4.227549e-05,2.7232344627211682e-05,4.374,4.565
4059962,4.229752e-05,2.7283437206249604e-05,4.374,4.564
8257845,4.232146e-05,2.7334529785287525e-05,4.373,4.563
19504734,4.239612e-05,2.7385622364325443e-05,4.373,4.562
11962390,4.24537e-05,2.7436714943363364e-05,4.372,4.562
12478014,4.25076e-05,2.7487807522401286e-05,4.372,4.561
12478008,4.264527e-05,2.7538900101439207e-05,4.37,4.56
18615914,4.280108e-05,2.758999268047713e-05,4.369,4.559
13144897,4.284614e-05,2.7641085259515046e-05,4.368,4.558
5204926,4.290355e-05,2.774327041759089e-05,4.368,4.557
3348178,4.292921e-05,2.779436299662881e-05,4.367,4.556
13552803,4.295757e-05,2.784545557566673e-05,4.367,4.555
13933549,4.296087e-05,2.789654815470465e-05,4.367,4.554
5205075,4.305335e-05,2.7998733312780492e-05,4.366,4.553
1792855,4.307091e-05,2.8049825891818414e-05,4.366,4.552
15950312,4.326945e-05,2.8100918470856332e-05,4.364,4.551
6063722,4.328523e-05,2.8152011049894253e-05,4.364,4.55
19504744,4.330687e-05,2.8254196207970096e-05,4.363,4.549
5204693,4.331012e-05,2.8305288787008017e-05,4.363,4.548
14925989,4.340833e-05,2.8356381366045935e-05,4.362,4.547
11630898,4.348019e-05,2.8458566524121778e-05,4.362,4.546
5288441,4.355758e-05,2.85096591031597e-05,4.361,4.545
631398,4.384754e-05,2.8560751682197617e-05,4.358,4.544
18689598,4.403977e-05,2.861184426123554e-05,4.356,4.543
5205155,4.432869e-05,2.871402941931138e-05,4.353,4.542
13933590,4.433671e-05,2.8765121998349302e-05,4.353,4.541
1675139,4.443519e-05,2.881621457738722e-05,4.352,4.54
5205145,4.458038e-05,2.8918399735463063e-05,4.351,4.539
6870685,4.485049e-05,2.8969492314500984e-05,4.348,4.538
12095511,4.499877e-05,2.9020584893538902e-05,4.347,4.537
8032292,4.511947e-05,2.9071677472576824e-05,4.346,4.537
19504750,4.528835e-05,2.9122770051614745e-05,4.344,4.536
2914544,4.541646e-05,2.9173862630652666e-05,4.343,4.535
19399538,4.559372e-05,2.9224955209690588e-05,4.341,4.534
1658778,4.575447e-05,2.9276047788728506e-05,4.34,4.533
1675138,4.584278e-05,2.9327140367766427e-05,4.339,4.533
4101397,4.59972e-05,2.937823294680435e-05,4.337,4.532
17518772,4.609047e-05,2.942932552584227e-05,4.336,4.531
2134849,4.609385e-05,2.9480418104880188e-05,4.336,4.53
11630879,4.61996e-05,2.958260326295603e-05,4.335,4.529
17646557,4.629961e-05,2.9633695841993952e-05,4.334,4.528
1530123,4.635857e-05,2.9684788421031873e-05,4.334,4.527
16968369,4.647506e-05,2.973588100006979e-05,4.333,4.527
9641863,4.654661e-05,2.9786973579107713e-05,4.332,4.526
19504761,4.667725e-05,2.9838066158145634e-05,4.331,4.525
19504758,4.669984e-05,2.9889158737183555e-05,4.331,4.524
3543269,4.67528e-05,2.9991343895259395e-05,4.33,4.523
4161149,4.684326e-05,3.0042436474297316e-05,4.329,4.522
8685107,4.690645e-05,3.014462163237316e-05,4.329,4.521
3543249,4.701078e-05,3.0195714211411077e-05,4.328,4.52
16312795,4.704727e-05,3.0246806790448998e-05,4.327,4.519
3543285,4.726361e-05,3.029789936948692e-05,4.325,4.519
19504754,4.726874e-05,3.034899194852484e-05,4.325,4.518
17726756,4.726969e-05,3.0400084527562762e-05,4.325,4.517
4427708,4.752564e-05,3.045117710660068e-05,4.323,4.516
13933571,4.776158e-05,3.05022696856386e-05,4.321,4.516
1257386,4.795754e-05,3.055336226467652e-05,4.319,4.515
1103534,4.796571e-05,3.0604454843714444e-05,4.319,4.514
3288137,4.805988e-05,3.065554742275236e-05,4.318,4.513
1532319,4.837313e-05,3.070664000179029e-05,4.315,4.513
18797698,4.837461e-05,3.0757732580828205e-05,4.315,4.512
17144016,4.848526e-05,3.080882515986612e-05,4.314,4.511
13503156,4.854886e-05,3.0911010317941965e-05,4.314,4.51
1963004,4.877817e-05,3.096210289697989e-05,4.312,4.509
8291261,4.882846e-05,3.101319547601781e-05,4.311,4.508
8217506,4.894513e-05,3.111538063409365e-05,4.31,4.507
17143949,4.899597e-05,3.116647321313157e-05,4.31,4.506
12095459,4.906431e-05,3.121756579216949e-05,4.309,4.506
8727219,4.912398e-05,3.126865837120741e-05,4.309,4.505
6871409,4.919756e-05,3.131975095024533e-05,4.308,4.504
8414532,4.920308e-05,3.1370843529283254e-05,4.308,4.503
15926431,4.928756e-05,3.142193610832117e-05,4.307,4.503
15741673,4.92993e-05,3.147302868735909e-05,4.307,4.502
6208537,4.938706e-05,3.1524121266397015e-05,4.306,4.501
19214194,4.951439e-05,3.162630642447286e-05,4.305,4.5
1103517,4.952021e-05,3.1677399003510775e-05,4.305,4.499
11994418,4.966461e-05,3.177958416158662e-05,4.304,4.498
19504775,4.973739e-05,3.1830676740624536e-05,4.303,4.497
1102377,4.974772e-05,3.188176931966246e-05,4.303,4.496
2375098,5.030878e-05,3.1983954477738297e-05,4.298,4.495
10517663,5.037097e-05,3.203504705677622e-05,4.298,4.494
2873534,5.043576e-05,3.208613963581414e-05,4.297,4.494
19049914,5.048268e-05,3.2137232214852064e-05,4.297,4.493
1532303,5.076506e-05,3.218832479388998e-05,4.294,4.492
8913799,5.110203e-05,3.22394173729279e-05,4.292,4.492
11619157,5.129572e-05,3.2290509951965825e-05,4.29,4.491
16005302,5.139241e-05,3.234160253100374e-05,4.289,4.49
1103535,5.143382e-05,3.2443787689079585e-05,4.289,4.489
11619315,5.154567e-05,3.24948802681175e-05,4.288,4.488
11904278,5.164653e-05,3.254597284715543e-05,4.287,4.488
11715737,5.170171e-05,3.2597065426193346e-05,4.286,4.487
5667448,5.176437e-05,3.2648158005231264e-05,4.286,4.486
8235351,5.200072e-05,3.269925058426919e-05,4.284,4.485
13144829,5.205835e-05,3.280143574234503e-05,4.284,4.484
18517713,5.215161e-05,3.285252832138295e-05,4.283,4.483
12944324,5.227677e-05,3.290362090042087e-05,4.282,4.483
2134924,5.230179e-05,3.295471347945879e-05,4.281,4.482
15062089,5.260225e-05,3.300580605849671e-05,4.279,4.481
3549119,5.300207e-05,3.3056898637534635e-05,4.276,4.481
5608852,5.302156e-05,3.310799121657255e-05,4.276,4.48
10850415,5.306889e-05,3.315908379561047e-05,4.275,4.479
5649422,5.318732e-05,3.3210176374648395e-05,4.274,4.479
16430107,5.336841e-05,3.326126895368631e-05,4.273,4.478
1333909,5.355452e-05,3.331236153272424e-05,4.271,4.477
18797781,5.365645e-05,3.3363454111762156e-05,4.27,4.477
17101682,5.3667e-05,3.3414546690800074e-05,4.27,4.476
18798516,5.390371e-05,3.3465639269838e-05,4.268,4.475
13681858,5.40615e-05,3.351673184887592e-05,4.267,4.475
15742071,5.414389e-05,3.3567824427913835e-05,4.266,4.474
13901727,5.42621e-05,3.361891700695176e-05,4.266,4.473
8083676,5.427265e-05,3.367000958598968e-05,4.265,4.473
16445374,5.427275e-05,3.37211021650276e-05,4.265,4.472
15962430,5.449965e-05,3.377219474406552e-05,4.264,4.471
12089697,5.459428e-05,3.382328732310344e-05,4.263,4.471
1103093,5.488238e-05,3.387437990214136e-05,4.261,4.47
12353138,5.50318e-05,3.392547248117928e-05,4.259,4.469
8816759,5.512362e-05,3.4027657639255123e-05,4.259,4.468
8727239,5.532746e-05,3.407875021829304e-05,4.257,4.468
3444094,5.5346e-05,3.4129842797330966e-05,4.257,4.467
5584098,5.540242e-05,3.4180935376368884e-05,4.256,4.466
9065411,5.570021e-05,3.423202795540681e-05,4.254,4.466
4533195,5.577911e-05,3.428312053444473e-05,4.254,4.465
730178,5.580221e-05,3.4334213113482645e-05,4.253,4.464
8217576,5.584616e-05,3.443639827155849e-05,4.253,4.463
10603646,5.615961e-05,3.4487490850596405e-05,4.251,4.462
2602551,5.621289e-05,3.453858342963433e-05,4.25,4.462
8816705,5.637392e-05,3.458967600867225e-05,4.249,4.461
1103581,5.640131e-05,3.464076858771017e-05,4.249,4.46
7613157,5.648558e-05,3.474295374578601e-05,4.248,4.459
18517671,5.662431e-05,3.4794046324823934e-05,4.247,4.458
6208541,5.677249e-05,3.484513890386185e-05,4.246,4.458
8816699,5.680315e-05,3.4896231482899776e-05,4.246,4.457
11343498,5.684187e-05,3.4947324061937694e-05,4.245,4.457
3379287,5.712793e-05,3.499841664097561e-05,4.243,4.456
2134902,5.714963e-05,3.504950922001354e-05,4.243,4.455
6744948,5.719771e-05,3.515169437808938e-05,4.243,4.454
6067702,5.734642e-05,3.52027869571273e-05,4.241,4.453
3543264,5.747295e-05,3.530497211520314e-05,4.241,4.452
1553437,5.748041e-05,3.535606469424106e-05,4.24,4.452
8521600,5.753448e-05,3.540715727327898e-05,4.24,4.451
882748,5.758621e-05,3.54582498523169e-05,4.24,4.45
7741934,5.762321e-05,3.550934243135482e-05,4.239,4.45
16054857,5.764855e-05,3.5560435010392744e-05,4.239,4.449
19399497,5.772983e-05,3.561152758943066e-05,4.239,4.448
5383009,5.782889e-05,3.566262016846858e-05,4.238,4.448
8217472,5.786346e-05,3.5713712747506504e-05,4.238,4.447
15703398,5.794172e-05,3.576480532654442e-05,4.237,4.447
9736450,5.800121e-05,3.581589790558235e-05,4.237,4.446
11631068,5.810202e-05,3.5866990484620265e-05,4.236,4.445
4335655,5.819514e-05,3.591808306365818e-05,4.235,4.445
16551943,5.831069e-05,3.596917564269611e-05,4.234,4.444
6745273,5.833851e-05,3.6020268221734026e-05,4.234,4.443
13144945,5.838559e-05,3.612245337980987e-05,4.234,4.442
11994315,5.841584e-05,3.6173545958847786e-05,4.233,4.442
12537901,5.845265e-05,3.622463853788571e-05,4.233,4.441
12477972,5.858453e-05,3.627573111692363e-05,4.232,4.44
6094845,5.860878e-05,3.637791627499947e-05,4.232,4.439
5657974,5.871318e-05,3.642900885403739e-05,4.231,4.439
10111616,5.881679e-05,3.6480101433075314e-05,4.23,4.438
13503115,5.889096e-05,3.653119401211323e-05,4.23,4.437
5609030,5.895235e-05,3.6633379170189075e-05,4.229,4.436
15259112,5.901276e-05,3.673556432826492e-05,4.229,4.435
5468992,5.904056e-05,3.6786656907302836e-05,4.229,4.434
6208579,5.915139e-05,3.688884206537868e-05,4.228,4.433
5205222,5.927441e-05,3.6939934644416596e-05,4.227,4.433
4533267,5.938475e-05,3.699102722345452e-05,4.226,4.432
8257182,5.948069e-05,3.704211980249244e-05,4.226,4.431
1968983,5.952115e-05,3.709321238153036e-05,4.225,4.431
10841754,5.957679e-05,3.714430496056828e-05,4.225,4.43
6208574,5.97628e-05,3.71953975396062e-05,4.224,4.43
194527,5.980998e-05,3.7246490118644124e-05,4.223,4.429
18798106,5.981199e-05,3.729758269768204e-05,4.223,4.428
1971464,5.99279e-05,3.7399767855757885e-05,4.222,4.427
15673284,5.996156e-05,3.750195301383373e-05,4.222,4.426
8673578,6.023569e-05,3.7553045592871646e-05,4.22,4.425
6208558,6.051233e-05,3.765523075094749e-05,4.218,4.424
13933541,6.071908e-05,3.7757415909023324e-05,4.217,4.423
11269223,6.072802e-05,3.780850848806125e-05,4.217,4.422
13503125,6.084012e-05,3.785960106709917e-05,4.216,4.422
18957852,6.138567e-05,3.791069364613709e-05,4.212,4.421
19399534,6.156917e-05,3.801287880421293e-05,4.211,4.42
13503107,6.165537e-05,3.806397138325085e-05,4.21,4.419
16921076,6.173555e-05,3.8166156541326695e-05,4.209,4.418
18517826,6.223312e-05,3.826834169940253e-05,4.206,4.417
3549110,6.237117e-05,3.8370526857478374e-05,4.205,4.416
12095949,6.241579e-05,3.84216194365163e-05,4.205,4.415
6208585,6.274568e-05,3.8472712015554216e-05,4.202,4.415
5837611,6.281563e-05,3.8523804594592134e-05,4.202,4.414
19271078,6.289343e-05,3.857489717363006e-05,4.201,4.414
19150271,6.290571e-05,3.862598975266798e-05,4.201,4.413
1675118,6.31434e-05,3.86770823317059e-05,4.2,4.413
12477755,6.315967e-05,3.872817491074382e-05,4.2,4.412
14769709,6.320516e-05,3.877926748978174e-05,4.199,4.411
14384768,6.333566e-05,3.883036006881966e-05,4.198,4.411
19501754,6.334573e-05,3.888145264785758e-05,4.198,4.41
6208554,6.345406e-05,3.898363780593342e-05,4.198,4.409
960327,6.348512e-05,3.903473038497134e-05,4.197,4.409
19491438,6.350606e-05,3.9085822964009266e-05,4.197,4.408
404040,6.360182e-05,3.9136915543047184e-05,4.197,4.407
13901781,6.362819e-05,3.91880081220851e-05,4.196,4.407
6208587,6.379602e-05,3.9239100701123026e-05,4.195,4.406
1970643,6.41434e-05,3.9290193280160944e-05,4.193,4.406
960295,6.424204e-05,3.934128585919887e-05,4.192,4.405
2362001,6.429856e-05,3.9443471017274705e-05,4.192,4.404
6208580,6.459363e-05,3.949456359631263e-05,4.19,4.403
16660143,6.469408e-05,3.954565617535055e-05,4.189,4.403
4368667,6.471518e-05,3.959674875438847e-05,4.189,4.402
6656802,6.494141e-05,3.969893391246431e-05,4.187,4.401
13073270,6.509277e-05,3.975002649150223e-05,4.186,4.401
4162651,6.521766e-05,3.980111907054015e-05,4.186,4.4
4211037,6.532459e-05,3.985221164957807e-05,4.185,4.4
12477973,6.542238e-05,3.9903304228615994e-05,4.184,4.399
8031731,6.544786e-05,3.995439680765391e-05,4.184,4.398
18517628,6.570545e-05,4.0056581965729754e-05,4.182,4.397
7742003,6.579483e-05,4.01587671238056e-05,4.182,4.396
10924696,6.585137e-05,4.0209859702843515e-05,4.181,4.396
1962621,6.588021e-05,4.026095228188144e-05,4.181,4.395
1103555,6.591917e-05,4.0363137439957276e-05,4.181,4.394
14101614,6.609353e-05,4.04142300189952e-05,4.18,4.393
7538828,6.62171e-05,4.046532259803312e-05,4.179,4.393
3254674,6.627348e-05,4.051641517707104e-05,4.179,4.392
11630979,6.653894e-05,4.061860033514688e-05,4.177,4.391
18798344,6.663828e-05,4.0669692914184804e-05,4.176,4.391
2134896,6.692309e-05,4.072078549322272e-05,4.174,4.39
15408197,6.709093e-05,4.0822970651298565e-05,4.173,4.389
1609570,6.735405e-05,4.087406323033648e-05,4.172,4.389
4956536,6.736319e-05,4.092515580937441e-05,4.172,4.388
7742425,6.738014e-05,4.0976248388412325e-05,4.171,4.387
3968122,6.764506e-05,4.107843354648817e-05,4.17,4.386
13144834,6.777103e-05,4.1129526125526086e-05,4.169,4.386
18517776,6.791123e-05,4.118061870456401e-05,4.168,4.385
66544,6.825844e-05,4.1282803862639847e-05,4.166,4.384
9712444,6.83307e-05,4.133389644167777e-05,4.165,4.384
3603980,6.852338e-05,4.138498902071569e-05,4.164,4.383
8032123,6.875603e-05,4.148717417879153e-05,4.163,4.382
4162664,6.879309e-05,4.1589359336867375e-05,4.162,4.381
12517111,6.884368e-05,4.164045191590529e-05,4.162,4.38
19504753,6.904396e-05,4.169154449494322e-05,4.161,4.38
5235546,6.906025e-05,4.1742637073981135e-05,4.161,4.379
3119207,6.910358e-05,4.179372965301905e-05,4.16,4.379
14957543,6.912119e-05,4.184482223205698e-05,4.16,4.378
9705369,6.932595e-05,4.1895914811094896e-05,4.159,4.378
1969472,6.936678e-05,4.1947007390132814e-05,4.159,4.377
5667395,6.952424e-05,4.2049192548208657e-05,4.158,4.376
5609025,6.958381e-05,4.210028512724658e-05,4.157,4.376
17802875,6.969352e-05,4.21513777062845e-05,4.157,4.375
6208551,6.973382e-05,4.225356286436034e-05,4.157,4.374
2367513,6.984499e-05,4.230465544339826e-05,4.156,4.374
9792329,6.98803e-05,4.2355748022436185e-05,4.156,4.373
4060780,7.010678e-05,4.24068406014741e-05,4.154,4.373
9035250,7.014334e-05,4.245793318051202e-05,4.154,4.372
5382119,7.021663e-05,4.256011833858786e-05,4.154,4.371
12238192,7.048045e-05,4.261121091762579e-05,4.152,4.37
6747737,7.079898e-05,4.2662303496663706e-05,4.15,4.37
17947815,7.081754e-05,4.2713396075701624e-05,4.15,4.369
14032734,7.136885e-05,4.276448865473955e-05,4.146,4.369
6208561,7.148762e-05,4.281558123377747e-05,4.146,4.368
7742522,7.157274e-05,4.291776639185331e-05,4.145,4.367
8117841,7.187724e-05,4.301995154992915e-05,4.143,4.366
8117685,7.214454e-05,4.312213670800499e-05,4.142,4.365
3487202,7.219868e-05,4.322432186608083e-05,4.141,4.364
3543286,7.224152e-05,4.332650702415667e-05,4.141,4.363
18798084,7.231637e-05,4.3428692182232516e-05,4.141,4.362
1881696,7.238254e-05,4.3479784761270434e-05,4.14,4.362
1626230,7.245399e-05,4.353087734030836e-05,4.14,4.361
11294642,7.254667e-05,4.358196991934628e-05,4.139,4.361
1845020,7.260005e-05,4.3633062498384195e-05,4.139,4.36
9878628,7.263909e-05,4.373524765646004e-05,4.139,4.359
8727224,7.275303e-05,4.383743281453588e-05,4.138,4.358
13144839,7.285584e-05,4.393961797261172e-05,4.138,4.357
3549130,7.29488e-05,4.399071055164964e-05,4.137,4.357
8217684,7.30438e-05,4.404180313068756e-05,4.136,4.356
1103807,7.314119e-05,4.41439882887634e-05,4.136,4.355
13746640,7.337018e-05,4.4246173446839244e-05,4.134,4.354
1453153,7.34835e-05,4.434835860491509e-05,4.134,4.353
4163876,7.350983e-05,4.445054376299093e-05,4.134,4.352
11813688,7.3557e-05,4.450163634202885e-05,4.133,4.352
3603968,7.361731e-05,4.4552728921066765e-05,4.133,4.351
19504824,7.362917e-05,4.465491407914261e-05,4.133,4.35
14344419,7.379512e-05,4.470600665818053e-05,4.132,4.35
10729181,7.38118e-05,4.475709923721845e-05,4.132,4.349
11994017,7.395658e-05,4.480819181625637e-05,4.131,4.349
18120988,7.398618e-05,4.4859284395294293e-05,4.131,4.348
6750993,7.409327e-05,4.491037697433221e-05,4.13,4.348
2375596,7.419074e-05,4.4961469553370136e-05,4.13,4.347
16005801,7.432343e-05,4.5012562132408054e-05,4.129,4.347
8921625,7.441022e-05,4.506365471144597e-05,4.128,4.346
19399515,7.451512e-05,4.5165839869521815e-05,4.128,4.345
3721811,7.467177e-05,4.526802502759766e-05,4.127,4.344
1186594,7.481355e-05,4.5319117606635575e-05,4.126,4.344
82448,7.484654e-05,4.53702101856735e-05,4.126,4.343
11630917,7.496503e-05,4.542130276471142e-05,4.125,4.343
8117690,7.498948e-05,4.5472395343749336e-05,4.125,4.342
10453054,7.510604e-05,4.557458050182518e-05,4.124,4.341
3968184,7.529117e-05,4.567676565990102e-05,4.123,4.34
17947795,7.549781e-05,4.5778950817976864e-05,4.122,4.339
4162662,7.55607e-05,4.588113597605271e-05,4.122,4.338
188392,7.611179e-05,4.5932228555090625e-05,4.119,4.338
3931584,7.619593e-05,4.598332113412854e-05,4.118,4.337
12352620,7.63528e-05,4.603441371316647e-05,4.117,4.337
17344665,7.649652e-05,4.6085506292204386e-05,4.116,4.336
14921629,7.663092e-05,4.618769145028023e-05,4.116,4.335
18517615,7.671489e-05,4.6238784029318146e-05,4.115,4.335
6122769,7.673529e-05,4.634096918739399e-05,4.115,4.334
3379278,7.698232e-05,4.639206176643191e-05,4.114,4.334
7156087,7.701064e-05,4.644315434546983e-05,4.113,4.333
9092292,7.713642e-05,4.6545339503545674e-05,4.113,4.332
6208651,7.719204e-05,4.664752466162151e-05,4.112,4.331
4060640,7.726779e-05,4.674970981969735e-05,4.112,4.33
7181276,7.734792e-05,4.6851894977773196e-05,4.112,4.329
8217048,7.746359e-05,4.6902987556811114e-05,4.111,4.329
8117699,7.762766e-05,4.695408013584904e-05,4.11,4.328
3326300,7.773764e-05,4.7005172714886956e-05,4.109,4.328
9616065,7.829322e-05,4.705626529392488e-05,4.106,4.327
13567966,7.834001e-05,4.715845045200072e-05,4.106,4.326
10924672,7.852484e-05,4.726063561007656e-05,4.105,4.326
8117785,7.854517e-05,4.731172818911448e-05,4.105,4.325
10918885,7.879083e-05,4.741391334719032e-05,4.104,4.324
1550248,7.882969e-05,4.7465005926228245e-05,4.103,4.324
16551892,7.888115e-05,4.751609850526616e-05,4.103,4.323
8117730,7.913886e-05,4.7618283663342006e-05,4.102,4.322
8117745,7.922964e-05,4.7669376242379924e-05,4.101,4.322
18626632,7.952712e-05,4.772046882141785e-05,4.099,4.321
2192417,7.972133e-05,4.7822653979493684e-05,4.098,4.32
3882313,7.989349e-05,4.792483913756953e-05,4.097,4.319
15194097,8.010687e-05,4.807811687468329e-05,4.096,4.318
17646555,8.074307e-05,4.818030203275913e-05,4.093,4.317
1553314,8.095701e-05,4.8231394611797055e-05,4.092,4.317
13589872,8.096002e-05,4.828248719083497e-05,4.092,4.316
5265711,8.102085e-05,4.833357976987289e-05,4.091,4.316
5555668,8.115971e-05,4.8384672348910816e-05,4.091,4.315
12035333,8.139195e-05,4.8435764927948734e-05,4.089,4.315
724407,8.153235e-05,4.848685750698665e-05,4.089,4.314
1881765,8.158426e-05,4.8537950086024576e-05,4.088,4.314
19009171,8.159683e-05,4.8589042665062494e-05,4.088,4.313
9561666,8.184195e-05,4.8742320402176255e-05,4.087,4.312
1518180,8.192998e-05,4.88445055602521e-05,4.087,4.311
8727212,8.208036e-05,4.889559813929002e-05,4.086,4.311
16421058,8.214691e-05,4.894669071832794e-05,4.085,4.31
5667627,8.219381e-05,4.904887587640378e-05,4.085,4.309
18242731,8.264684e-05,4.90999684554417e-05,4.083,4.309
11035293,8.271446e-05,4.9151061034479626e-05,4.082,4.308
10550500,8.280618e-05,4.9304338771593386e-05,4.082,4.307
2396598,8.303996e-05,4.9355431350631304e-05,4.081,4.307
17646564,8.314859e-05,4.940652392966922e-05,4.08,4.306
19491271,8.332138e-05,4.9508709087745065e-05,4.079,4.305
14957638,8.346604e-05,4.955980166678299e-05,4.078,4.305
2914324,8.368926e-05,4.961089424582091e-05,4.077,4.304
1660089,8.3893e-05,4.9661986824858826e-05,4.076,4.304
3333252,8.408471e-05,4.976417198293467e-05,4.075,4.303
18012712,8.422745e-05,4.986635714101051e-05,4.075,4.302
4533145,8.436999e-05,4.991744972004843e-05,4.074,4.302
2873599,8.440634e-05,4.9968542299086354e-05,4.074,4.301
1859939,8.443117e-05,5.0070727457162196e-05,4.073,4.3
1881017,8.451953e-05,5.022400519427596e-05,4.073,4.299
4215023,8.462818e-05,5.0275097773313875e-05,4.072,4.299
17345031,8.473352e-05,5.03261903523518e-05,4.072,4.298
15972199,8.491186e-05,5.0428375510427636e-05,4.071,4.297
2439874,8.504588e-05,5.053056066850348e-05,4.07,4.296
8082480,8.521531e-05,5.0581653247541396e-05,4.069,4.296
3577057,8.530468e-05,5.068383840561724e-05,4.069,4.295
8081679,8.551844e-05,5.0734930984655164e-05,4.068,4.295
8117791,8.553581e-05,5.078602356369308e-05,4.068,4.294
8031997,8.562288e-05,5.0837116142731e-05,4.067,4.294
403978,8.564149e-05,5.0888208721768925e-05,4.067,4.293
1103545,8.632518e-05,5.1041486458882685e-05,4.064,4.292
9092255,8.681843e-05,5.114367161695853e-05,4.061,4.291
19571977,8.684471e-05,5.124585677503437e-05,4.061,4.29
19018857,8.70399e-05,5.1348041933110206e-05,4.06,4.289
11727075,8.722792e-05,5.139913451214813e-05,4.059,4.289
13091801,8.732442e-05,5.150131967022397e-05,4.059,4.288
12204314,8.757253e-05,5.160350482829981e-05,4.058,4.287
2928514,8.760104e-05,5.170568998637565e-05,4.057,4.286
3968134,8.783177e-05,5.185896772348941e-05,4.056,4.285
14101331,8.789244e-05,5.1961152881565256e-05,4.056,4.284
5608907,8.806839e-05,5.20633380396411e-05,4.055,4.283
1553315,8.825186e-05,5.216552319771694e-05,4.054,4.283
11619141,8.831374e-05,5.221661577675486e-05,4.054,4.282
11652468,8.841954e-05,5.226770835579278e-05,4.053,4.282
6654128,8.850113e-05,5.23188009348307e-05,4.053,4.281
6328971,8.863227e-05,5.2420986092906545e-05,4.052,4.28
3968232,8.884693e-05,5.2574263830020305e-05,4.051,4.279
14770345,8.916988e-05,5.267644898809614e-05,4.05,4.278
8505534,8.923424e-05,5.2727541567134066e-05,4.049,4.278
19380194,8.935896e-05,5.282972672520991e-05,4.049,4.277
568937,8.949929e-05,5.2880819304247827e-05,4.048,4.277
2134751,8.952719e-05,5.2931911883285745e-05,4.048,4.276
11937340,8.968991e-05,5.298300446232367e-05,4.047,4.276
16784240,8.974202e-05,5.303409704136159e-05,4.047,4.275
3881225,8.987074e-05,5.313628219943743e-05,4.046,4.275
5455589,8.996415e-05,5.318737477847535e-05,4.046,4.274
15741683,9.002866e-05,5.328955993655119e-05,4.046,4.273
6208634,9.040079e-05,5.3340652515589115e-05,4.044,4.273
17646566,9.048692e-05,5.339174509462703e-05,4.043,4.273
1553387,9.063736e-05,5.344283767366495e-05,4.043,4.272
13014603,9.070344e-05,5.3493930252702876e-05,4.042,4.272
16921702,9.075171e-05,5.3545022831740794e-05,4.042,4.271
5583772,9.080038e-05,5.364720798981664e-05,4.042,4.27
13214528,9.094161e-05,5.374939314789248e-05,4.041,4.27
19399498,9.101993e-05,5.38004857269304e-05,4.041,4.269
16453380,9.113915e-05,5.390267088500624e-05,4.04,4.268
10379136,9.133355e-05,5.400485604308208e-05,4.039,4.268
12095349,9.134005e-05,5.405594862212e-05,4.039,4.267
16453381,9.144148e-05,5.415813378019584e-05,4.039,4.266
1965961,9.156023e-05,5.4260318938271686e-05,4.038,4.266
3379271,9.164305e-05,5.4311411517309604e-05,4.038,4.265
15016732,9.169065e-05,5.441359667538545e-05,4.038,4.264
7034628,9.177156e-05,5.4464689254423365e-05,4.037,4.264
9320252,9.179428e-05,5.451578183346129e-05,4.037,4.263
17646567,9.207848e-05,5.466905957057505e-05,4.036,4.262
11048774,9.217854e-05,5.472015214961297e-05,4.035,4.262
8083983,9.225922e-05,5.4771244728650886e-05,4.035,4.261
8117637,9.241509e-05,5.487342988672673e-05,4.034,4.261
5583776,9.252171e-05,5.4924522465764653e-05,4.034,4.26
8031530,9.264834e-05,5.497561504480257e-05,4.033,4.26
3968218,9.276808e-05,5.502670762384049e-05,4.033,4.259
19505114,9.280432e-05,5.512889278191633e-05,4.032,4.259
3968214,9.283635e-05,5.517998536095426e-05,4.032,4.258
1881587,9.301325e-05,5.528217051903009e-05,4.031,4.257
6198814,9.324155e-05,5.5384355677105935e-05,4.03,4.257
8202518,9.326305e-05,5.543544825614386e-05,4.03,4.256
6748307,9.333629e-05,5.5537633414219696e-05,4.03,4.255
8202276,9.350347e-05,5.563981857229554e-05,4.029,4.255
6748555,9.357026e-05,5.569091115133346e-05,4.029,4.254
18700053,9.370006e-05,5.574200373037138e-05,4.028,4.254
16910450,9.376129e-05,5.57930963094093e-05,4.028,4.253
3968200,9.389495e-05,5.589528146748514e-05,4.027,4.253
13933624,9.390317e-05,5.594637404652306e-05,4.027,4.252
4162333,9.413422e-05,5.60485592045989e-05,4.026,4.251
8202510,9.443645e-05,5.6150744362674745e-05,4.025,4.251
14100584,9.448083e-05,5.6201836941712663e-05,4.025,4.25
14957563,9.458305e-05,5.625292952075059e-05,4.024,4.25
1844728,9.462948e-05,5.6304022099788506e-05,4.024,4.249
3379288,9.482732e-05,5.640620725786435e-05,4.023,4.249
9320269,9.484984e-05,5.645729983690227e-05,4.023,4.248
15902967,9.487803e-05,5.655948499497811e-05,4.023,4.247
4060758,9.494886e-05,5.671276273209187e-05,4.023,4.246
2655480,9.519803e-05,5.6763855311129795e-05,4.021,4.246
19214152,9.532343e-05,5.686604046920563e-05,4.021,4.245
2134824,9.545115e-05,5.6917133048243556e-05,4.02,4.245
17340279,9.5483e-05,5.6968225627281474e-05,4.02,4.244
14948678,9.583671e-05,5.7070410785357316e-05,4.018,4.244
18798796,9.587156e-05,5.7121503364395234e-05,4.018,4.243
4162475,9.602914e-05,5.722368852247108e-05,4.018,4.242
17910602,9.605076e-05,5.7274781101509e-05,4.017,4.242
3968193,9.622646e-05,5.737696625958484e-05,4.017,4.241
3968190,9.627924e-05,5.747915141766068e-05,4.016,4.24
13746453,9.633725e-05,5.763242915477444e-05,4.016,4.239
3968185,9.651312e-05,5.7734614312850284e-05,4.015,4.239
8083706,9.656792e-05,5.778570689188821e-05,4.015,4.238
5667168,9.660493e-05,5.7887892049964044e-05,4.015,4.237
9320251,9.673492e-05,5.8041169787077805e-05,4.014,4.236
3968186,9.683605e-05,5.814335494515365e-05,4.014,4.235
18517857,9.699458e-05,5.824554010322949e-05,4.013,4.235
13527101,9.709952e-05,5.829663268226741e-05,4.013,4.234
6136366,9.716905e-05,5.834772526130533e-05,4.012,4.234
13005611,9.719877e-05,5.8449910419381176e-05,4.012,4.233
8117601,9.730187e-05,5.855209557745701e-05,4.012,4.232
15731844,9.739489e-05,5.8654280735532854e-05,4.011,4.232
19263479,9.746779e-05,5.870537331457078e-05,4.011,4.231
17819417,9.759528e-05,5.885865105168454e-05,4.011,4.23
16531647,9.765837e-05,5.890974363072246e-05,4.01,4.23
13144835,9.785364e-05,5.8960836209760376e-05,4.009,4.229
5667302,9.800507e-05,5.911411394687414e-05,4.009,4.228
2193268,9.813708e-05,5.9267391683987904e-05,4.008,4.227
7328692,9.826506e-05,5.9369576842063746e-05,4.008,4.226
8707406,9.832309e-05,5.947176200013958e-05,4.007,4.226
7300993,9.833113e-05,5.952285457917751e-05,4.007,4.225
8936518,9.864088e-05,5.967613231629127e-05,4.006,4.224
15674406,9.887283e-05,5.9727224895329186e-05,4.005,4.224
3968203,9.888527e-05,5.977831747436711e-05,4.005,4.223
5279153,9.906659e-05,5.993159521148087e-05,4.004,4.222
8234990,9.911576e-05,6.008487294859463e-05,4.004,4.221
1658802,9.915876e-05,6.0187058106670474e-05,4.004,4.22
5667073,9.920075e-05,6.023815068570839e-05,4.003,4.22
9035073,9.927729e-05,6.0340335843784235e-05,4.003,4.219
11994381,9.959254e-05,6.044252100186008e-05,4.002,4.219
9149243,9.973808e-05,6.0493613580897996e-05,4.001,4.218
784137,9.988664e-05,6.059579873897384e-05,4.0,4.218
3379268,9.989007e-05,6.0646891318011756e-05,4.0,4.217
3968221,9.992479e-05,6.07490764760876e-05,4.0,4.216
13157499,0.0001000055,6.090235421320136e-05,4.0,4.215
14572523,0.0001001198,6.105563195031512e-05,3.999,4.214
2920513,0.0001003482,6.120890968742889e-05,3.998,4.213
4885696,0.0001003985,6.131109484550472e-05,3.998,4.212
11630758,0.0001006028,6.146437258261849e-05,3.997,4.211
16149573,0.0001008394,6.161765031973225e-05,3.996,4.21
13933341,0.0001010655,6.177092805684601e-05,3.995,4.209
18236551,0.0001012308,6.187311321492185e-05,3.995,4.208
3968216,0.0001013489,6.202639095203562e-05,3.994,4.207
13698081,0.0001015845,6.217966868914938e-05,3.993,4.206
1826442,0.0001019221,6.22307612681873e-05,3.992,4.206
3968220,0.0001020232,6.233294642626314e-05,3.991,4.205
11630765,0.0001020843,6.24862241633769e-05,3.991,4.204
16921273,0.0001022347,6.253731674241482e-05,3.99,4.204
5236590,0.0001023353,6.263950190049066e-05,3.99,4.203
3968210,0.0001024204,6.274168705856651e-05,3.99,4.202
13919210,0.0001024738,6.279277963760443e-05,3.989,4.202
7034154,0.0001026503,6.289496479568026e-05,3.989,4.201
8739291,0.0001026971,6.294605737471818e-05,3.988,4.201
5610183,0.0001030288,6.304824253279403e-05,3.987,4.2
12887369,0.0001031957,6.309933511183195e-05,3.986,4.2
3968120,0.0001033602,6.320152026990778e-05,3.986,4.199
6748147,0.0001034851,6.325261284894571e-05,3.985,4.199
13449403,0.0001038397,6.335479800702155e-05,3.984,4.198
16857522,0.0001042772,6.345698316509739e-05,3.982,4.198
5259147,0.0001043063,6.350807574413532e-05,3.982,4.197
11936460,0.0001043666,6.355916832317324e-05,3.981,4.197
3968118,0.0001044151,6.361026090221115e-05,3.981,4.196
11727828,0.0001045926,6.376353863932492e-05,3.98,4.195
6021046,0.0001048057,6.391681637643868e-05,3.98,4.194
10379143,0.0001049649,6.396790895547659e-05,3.979,4.194
5236672,0.0001052836,6.407009411355244e-05,3.978,4.193
5667122,0.0001053798,6.412118669259036e-05,3.977,4.193
5667121,0.0001056413,6.417227927162828e-05,3.976,4.193
4427749,0.0001057088,6.42233718506662e-05,3.976,4.192
1687044,0.0001059156,6.432555700874205e-05,3.975,4.192
2389164,0.0001060674,6.437664958777996e-05,3.974,4.191
8915440,0.0001061809,6.452992732489373e-05,3.974,4.19
1658773,0.0001063315,6.468320506200749e-05,3.973,4.189
1531556,0.0001064241,6.483648279912125e-05,3.973,4.188
3124828,0.0001064896,6.493866795719709e-05,3.973,4.187
3559716,0.0001065386,6.504085311527292e-05,3.972,4.187
3242933,0.0001065472,6.509194569431086e-05,3.972,4.186
1257099,0.0001066519,6.524522343142461e-05,3.972,4.185
8031497,0.0001070343,6.539850116853838e-05,3.97,4.184
2223979,0.0001072208,6.555177890565213e-05,3.97,4.183
18100965,0.0001072771,6.565396406372798e-05,3.969,4.183
8913819,0.0001073455,6.57050566427659e-05,3.969,4.182
7033628,0.0001074915,6.585833437987967e-05,3.969,4.181
1658735,0.000107719,6.590942695891758e-05,3.968,4.181
6307412,0.0001077727,6.601161211699342e-05,3.967,4.18
12395477,0.0001078516,6.616488985410719e-05,3.967,4.179
8941354,0.0001080447,6.631816759122094e-05,3.966,4.178
12402326,0.0001082074,6.647144532833471e-05,3.966,4.177
13013416,0.0001082479,6.662472306544848e-05,3.966,4.176
14451127,0.000108304,6.66758156444864e-05,3.965,4.176
5234979,0.0001084196,6.677800080256223e-05,3.965,4.175
5667116,0.0001085838,6.688018596063807e-05,3.964,4.175
9764530,0.0001085884,6.6931278539676e-05,3.964,4.174
4161230,0.0001088272,6.703346369775183e-05,3.963,4.174
5667097,0.000109052,6.708455627678975e-05,3.962,4.173
17233476,0.0001092187,6.723783401390352e-05,3.962,4.172
5667098,0.0001093164,6.734001917197935e-05,3.961,4.172
11936508,0.0001093593,6.739111175101727e-05,3.961,4.171
3968180,0.0001095376,6.74422043300552e-05,3.96,4.171
2989237,0.0001096777,6.754438948813104e-05,3.96,4.17
18378690,0.0001099016,6.764657464620688e-05,3.959,4.17
3968179,0.0001101078,6.769766722524481e-05,3.958,4.169
1882223,0.0001102593,6.785094496235856e-05,3.958,4.168
15789833,0.0001103957,6.790203754139648e-05,3.957,4.168
1552980,0.0001105248,6.800422269947233e-05,3.957,4.167
3968152,0.0001105648,6.805531527851025e-05,3.956,4.167
11936470,0.000110815,6.815750043658608e-05,3.955,4.166
3442933,0.0001110005,6.836187075273777e-05,3.955,4.165
3968156,0.0001110845,6.846405591081362e-05,3.954,4.165
14139582,0.0001110936,6.851514848985154e-05,3.954,4.164
17567877,0.0001111592,6.866842622696529e-05,3.954,4.163
4353494,0.0001114252,6.877061138504114e-05,3.953,4.163
3968174,0.000111503,6.882170396407906e-05,3.953,4.162
6934733,0.0001116042,6.892388912215489e-05,3.952,4.162
4367987,0.0001116283,6.897498170119281e-05,3.952,4.161
5667180,0.0001118594,6.912825943830658e-05,3.951,4.16
1552851,0.000112065,6.928153717542035e-05,3.951,4.159
16632096,0.0001120752,6.938372233349618e-05,3.95,4.159
3968181,0.0001121014,6.94348149125341e-05,3.95,4.158
6512958,0.0001123002,6.958809264964787e-05,3.95,4.157
3968189,0.0001123886,6.963918522868578e-05,3.949,4.157
1881579,0.0001124848,6.979246296579955e-05,3.949,4.156
2273188,0.0001126297,6.989464812387539e-05,3.948,4.156
15950123,0.0001126968,6.99457407029133e-05,3.948,4.155
19473710,0.0001131503,7.009901844002707e-05,3.946,4.154
16947403,0.0001133823,7.025229617714083e-05,3.945,4.153
3968177,0.0001137931,7.035448133521668e-05,3.944,4.153
2273218,0.0001140069,7.04055739142546e-05,3.943,4.152
5667164,0.0001141393,7.055885165136836e-05,3.943,4.151
13778533,0.0001141708,7.060994423040628e-05,3.942,4.151
17283191,0.0001143219,7.076322196752003e-05,3.942,4.15
5667118,0.0001144576,7.086540712559588e-05,3.941,4.15
4341183,0.0001144627,7.09164997046338e-05,3.941,4.149
8963668,0.0001146571,7.106977744174756e-05,3.941,4.148
5667134,0.0001147398,7.122305517886132e-05,3.94,4.147
3379291,0.0001149836,7.137633291597509e-05,3.939,4.146
3827911,0.0001151581,7.158070323212676e-05,3.939,4.145
5667188,0.0001152141,7.16317958111647e-05,3.938,4.145
8558415,0.0001152916,7.173398096924053e-05,3.938,4.144
15328612,0.0001154373,7.18872587063543e-05,3.938,4.143
8519795,0.0001154955,7.204053644346805e-05,3.937,4.142
5667177,0.0001158165,7.21427216015439e-05,3.936,4.142
11943762,0.0001159926,7.224490675961974e-05,3.936,4.141
9248367,0.0001160727,7.229599933865765e-05,3.935,4.141
19049909,0.000116166,7.23981844967335e-05,3.935,4.14
1844773,0.0001163516,7.255146223384726e-05,3.934,4.139
4176331,0.000116657,7.270473997096103e-05,3.933,4.138
5667128,0.0001169566,7.280692512903686e-05,3.932,4.138
3003310,0.0001170707,7.290911028711271e-05,3.932,4.137
11048390,0.0001172163,7.296020286615063e-05,3.931,4.137
11446336,0.0001172883,7.306238802422646e-05,3.931,4.136
11631197,0.0001173672,7.316457318230231e-05,3.93,4.136
7033500,0.0001174246,7.321566576134023e-05,3.93,4.135
16847534,0.0001176922,7.336894349845399e-05,3.929,4.134
3968178,0.0001179655,7.352222123556775e-05,3.928,4.134
14957553,0.0001182101,7.357331381460567e-05,3.927,4.133
5667158,0.0001182883,7.372659155171944e-05,3.927,4.132
14987389,0.0001185096,7.387986928883319e-05,3.926,4.131
8118207,0.0001188085,7.393096186787111e-05,3.925,4.131
17521435,0.0001190418,7.403314702594696e-05,3.924,4.131
5667117,0.0001190501,7.408423960498488e-05,3.924,4.13
14295252,0.0001193144,7.41353321840228e-05,3.923,4.13
3240547,0.0001194742,7.423751734209865e-05,3.923,4.129
2075738,0.0001196244,7.428860992113656e-05,3.922,4.129
16381248,0.0001197025,7.43907950792124e-05,3.922,4.128
1553124,0.0001198319,7.449298023728825e-05,3.921,4.128
2914003,0.0001198476,7.459516539536408e-05,3.921,4.127
1554574,0.0001201122,7.469735055343992e-05,3.92,4.127
1531882,0.000120138,7.474844313247785e-05,3.92,4.126
2397396,0.0001205037,7.495281344862952e-05,3.919,4.125
3430358,0.0001205784,7.510609118574329e-05,3.919,4.124
6136939,0.0001206611,7.515718376478121e-05,3.918,4.124
16857972,0.0001207225,7.525936892285706e-05,3.918,4.123
3878643,0.0001209465,7.546373923900873e-05,3.917,4.122
10731768,0.0001212538,7.556592439708458e-05,3.916,4.122
5667696,0.0001212884,7.56170169761225e-05,3.916,4.121
8202639,0.0001215439,7.577029471323625e-05,3.915,4.121
13933609,0.0001215595,7.582138729227418e-05,3.915,4.12
15699421,0.0001217542,7.597466502938794e-05,3.915,4.119
8424423,0.0001217985,7.602575760842586e-05,3.914,4.119
5667195,0.0001219787,7.61279427665017e-05,3.914,4.118
1470840,0.0001224878,7.617903534553962e-05,3.912,4.118
15742014,0.0001226909,7.633231308265339e-05,3.911,4.117
8505611,0.0001229319,7.638340566169131e-05,3.91,4.117
15229727,0.0001229872,7.648559081976714e-05,3.91,4.116
6174979,0.0001232089,7.653668339880506e-05,3.909,4.116
11571775,0.0001233855,7.668996113591883e-05,3.909,4.115
17848229,0.0001234962,7.68432388730326e-05,3.908,4.114
4162514,0.0001237366,7.704760918918427e-05,3.908,4.113
13636670,0.0001237517,7.70987017682222e-05,3.907,4.113
4263666,0.0001237587,7.720088692629804e-05,3.907,4.112
1962229,0.0001239753,7.740525724244972e-05,3.907,4.111
13006090,0.0001241148,7.745634982148764e-05,3.906,4.111
19504928,0.0001242945,7.755853497956348e-05,3.906,4.11
14670498,0.0001243765,7.76096275586014e-05,3.905,4.11
403968,0.0001245131,7.776290529571516e-05,3.905,4.109
12350757,0.0001246054,7.7865090453791e-05,3.904,4.109
6169899,0.0001246144,7.791618303282893e-05,3.904,4.108
6114097,0.0001248901,7.81205533489806e-05,3.903,4.107
9633029,0.000124937,7.827383108609437e-05,3.903,4.106
8117580,0.0001252327,7.847820140224605e-05,3.902,4.105
17965073,0.0001255073,7.852929398128397e-05,3.901,4.105
4388949,0.0001255806,7.863147913935981e-05,3.901,4.104
3273694,0.0001257909,7.878475687647357e-05,3.9,4.104
15577743,0.0001259078,7.883584945551149e-05,3.9,4.103
8235559,0.0001260381,7.888694203454941e-05,3.899,4.103
14922768,0.000126141,7.898912719262526e-05,3.899,4.102
4162549,0.0001262498,7.919349750877695e-05,3.899,4.101
2377091,0.0001264592,7.924459008781486e-05,3.898,4.101
13220129,0.0001265457,7.93467752458907e-05,3.898,4.1
12153745,0.0001266255,7.944896040396655e-05,3.897,4.1
19543332,0.0001268142,7.955114556204238e-05,3.897,4.099
8235568,0.0001270213,7.970442329915614e-05,3.896,4.099
9792505,0.0001270291,7.975551587819407e-05,3.896,4.098
8914770,0.0001272132,7.990879361530782e-05,3.895,4.097
2914565,0.0001275327,8.006207135242159e-05,3.894,4.097
4162308,0.0001277114,8.011316393145951e-05,3.894,4.096
15741936,0.0001279064,8.016425651049743e-05,3.893,4.096
5667235,0.0001280955,8.026644166857328e-05,3.892,4.095
10750537,0.0001283281,8.047081198472495e-05,3.892,4.094
394307,0.0001284562,8.052190456376288e-05,3.891,4.094
15034089,0.0001288439,8.05729971428008e-05,3.89,4.094
6771108,0.0001289963,8.067518230087663e-05,3.889,4.093
12395738,0.0001292155,8.08284600379904e-05,3.889,4.092
18588098,0.0001293175,8.093064519606624e-05,3.888,4.092
4162313,0.0001295144,8.103283035414209e-05,3.888,4.091
5204837,0.0001296052,8.113501551221792e-05,3.887,4.091
7782728,0.0001297599,8.123720067029376e-05,3.887,4.09
8761909,0.0001300232,8.133938582836961e-05,3.886,4.09
3968116,0.0001303577,8.139047840740753e-05,3.885,4.089
394303,0.0001305202,8.144157098644544e-05,3.884,4.089
13042275,0.0001308053,8.159484872355921e-05,3.883,4.088
13589762,0.0001312372,8.174812646067297e-05,3.882,4.088
11048773,0.0001313506,8.179921903971088e-05,3.882,4.087
9320273,0.0001313971,8.185031161874881e-05,3.881,4.087
6136399,0.0001315201,8.195249677682465e-05,3.881,4.086
390971,0.000131994,8.210577451393842e-05,3.879,4.086
11121231,0.0001319967,8.215686709297634e-05,3.879,4.085
2193180,0.0001323952,8.236123740912802e-05,3.878,4.084
8684969,0.0001324462,8.251451514624178e-05,3.878,4.083
391060,0.0001327272,8.266779288335554e-05,3.877,4.083
10105443,0.0001329722,8.271888546239346e-05,3.876,4.082
15659733,0.0001332294,8.287216319950723e-05,3.875,4.082
19156022,0.0001334628,8.292325577854515e-05,3.875,4.081
8031727,0.0001335214,8.302544093662098e-05,3.874,4.081
12766233,0.0001337678,8.312762609469683e-05,3.874,4.08
15659734,0.00013385,8.328090383181059e-05,3.873,4.079
13006717,0.0001340285,8.348527414796227e-05,3.873,4.078
2193191,0.0001342261,8.35874593060381e-05,3.872,4.078
14957569,0.0001344147,8.368964446411396e-05,3.872,4.077
14957583,0.000134493,8.374073704315187e-05,3.871,4.077
6864019,0.0001345309,8.389401478026563e-05,3.871,4.076
18798063,0.0001349525,8.394510735930356e-05,3.87,4.076
17083023,0.0001349904,8.40472925173794e-05,3.87,4.075
12623333,0.0001350562,8.420057025449316e-05,3.869,4.075
2961526,0.0001350609,8.425166283353108e-05,3.869,4.074
19560341,0.0001352688,8.445603314968277e-05,3.869,4.073
9320309,0.0001354595,8.460931088679652e-05,3.868,4.073
14957533,0.0001355472,8.466040346583444e-05,3.868,4.072
12623415,0.0001357271,8.486477378198612e-05,3.867,4.071
2398885,0.0001358982,8.501805151909989e-05,3.867,4.07
2873754,0.0001360346,8.506914409813781e-05,3.866,4.07
1553127,0.000136148,8.522242183525158e-05,3.866,4.069
4976583,0.0001364151,8.532460699332741e-05,3.865,4.069
5382299,0.0001365275,8.542679215140325e-05,3.865,4.068
6748532,0.0001366378,8.55289773094791e-05,3.864,4.068
18243282,0.0001366734,8.563116246755493e-05,3.864,4.067
11048399,0.0001372144,8.573334762563078e-05,3.863,4.067
8766459,0.0001373345,8.583553278370662e-05,3.862,4.066
1531438,0.0001375983,8.60399030998583e-05,3.861,4.065
15769245,0.0001378503,8.624427341600998e-05,3.861,4.064
7539720,0.0001379077,8.629536599504791e-05,3.86,4.064
9313043,0.0001381392,8.639755115312374e-05,3.86,4.063
14672526,0.0001382563,8.649973631119958e-05,3.859,4.063
3324126,0.0001384785,8.660192146927543e-05,3.859,4.062
13238771,0.0001387221,8.675519920638918e-05,3.858,4.062
12660976,0.0001388613,8.680629178542711e-05,3.857,4.061
13006619,0.000139087,8.701066210157879e-05,3.857,4.06
8217284,0.0001392197,8.711284725965464e-05,3.856,4.06
15328599,0.0001393182,8.721503241773047e-05,3.856,4.059
4210735,0.0001394782,8.736831015484424e-05,3.855,4.059
8118871,0.000139514,8.741940273388216e-05,3.855,4.058
6870967,0.0001396982,8.762377305003384e-05,3.855,4.057
10997426,0.00013988,8.772595820810968e-05,3.854,4.057
2366013,0.0001401166,8.782814336618553e-05,3.854,4.056
13454480,0.0001401312,8.787923594522345e-05,3.853,4.056
9320289,0.0001402881,8.80325136823372e-05,3.853,4.055
14957571,0.000140436,8.823688399848888e-05,3.853,4.054
11976851,0.0001405085,8.82879765775268e-05,3.852,4.054
19214188,0.0001406368,8.844125431464057e-05,3.852,4.053
3621431,0.0001408871,8.85434394727164e-05,3.851,4.053
17848037,0.0001409247,8.864562463079226e-05,3.851,4.052
6006954,0.0001411145,8.884999494694393e-05,3.85,4.051
8117536,0.0001413848,8.905436526309561e-05,3.85,4.05
14321213,0.0001415066,8.915655042117146e-05,3.849,4.05
19197628,0.0001415252,8.92587355792473e-05,3.849,4.049
14957575,0.0001418056,8.946310589539898e-05,3.848,4.048
10450999,0.00014194,8.966747621155067e-05,3.848,4.047
16263787,0.0001421174,8.97696613696265e-05,3.847,4.047
14957578,0.0001421409,8.987184652770234e-05,3.847,4.046
1962202,0.0001424087,9.007621684385403e-05,3.846,4.045
12038628,0.0001427889,9.017840200192986e-05,3.845,4.045
17218394,0.0001428195,9.028058716000571e-05,3.845,4.044
2691812,0.0001431829,9.043386489711947e-05,3.844,4.044
5667674,0.0001433321,9.04849574761574e-05,3.844,4.043
624626,0.0001434039,9.053605005519531e-05,3.843,4.043
19150345,0.0001437877,9.068932779230907e-05,3.842,4.042
11048772,0.0001442155,9.084260552942284e-05,3.841,4.042
3443071,0.0001443407,9.089369810846075e-05,3.841,4.041
14957551,0.0001443789,9.094479068749867e-05,3.84,4.041
13900247,0.000144718,9.104697584557452e-05,3.839,4.041
3430337,0.0001447277,9.109806842461244e-05,3.839,4.04
11994482,0.0001450603,9.125134616172621e-05,3.838,4.04
1552976,0.0001451976,9.135353131980204e-05,3.838,4.039
11943514,0.000145428,9.140462389883996e-05,3.837,4.039
1185521,0.0001454551,9.155790163595373e-05,3.837,4.038
15926726,0.0001457574,9.176227195210541e-05,3.836,4.037
19383062,0.0001460299,9.196664226825709e-05,3.836,4.036
1552970,0.0001460984,9.201773484729502e-05,3.835,4.036
3430331,0.0001464517,9.211992000537085e-05,3.834,4.036
15742135,0.0001464735,9.217101258440877e-05,3.834,4.035
4368110,0.0001466054,9.237538290056046e-05,3.834,4.034
13121841,0.0001467387,9.252866063767421e-05,3.833,4.034
8117514,0.0001467839,9.257975321671214e-05,3.833,4.033
3871796,0.0001470234,9.283521611190175e-05,3.833,4.032
3960823,0.000147066,9.288630869093966e-05,3.832,4.032
3545375,0.0001471456,9.303958642805342e-05,3.832,4.031
3240344,0.0001472787,9.32439567442051e-05,3.832,4.03
2691802,0.0001474409,9.334614190228095e-05,3.831,4.03
9307333,0.0001477727,9.344832706035679e-05,3.83,4.029
1884957,0.0001481099,9.360160479747056e-05,3.829,4.029
7782813,0.0001481569,9.365269737650847e-05,3.829,4.028
16846182,0.0001486934,9.390816027169808e-05,3.828,4.027
6619840,0.0001489808,9.3959252850736e-05,3.827,4.027
19505003,0.0001493807,9.401034542977391e-05,3.826,4.027
9320321,0.0001494019,9.411253058784976e-05,3.826,4.026
8032810,0.0001494736,9.416362316688768e-05,3.825,4.026
1553132,0.0001496084,9.431690090400143e-05,3.825,4.025
6750307,0.000149862,9.452127122015312e-05,3.824,4.024
4263705,0.0001500581,9.477673411534272e-05,3.824,4.023
1553005,0.0001502354,9.482782669438064e-05,3.823,4.023
5310684,0.0001505543,9.498110443149441e-05,3.822,4.022
3430271,0.0001508445,9.51854747476461e-05,3.821,4.021
10469585,0.0001514801,9.538984506379777e-05,3.82,4.02
12057903,0.000151605,9.549203022187361e-05,3.819,4.02
12317478,0.000151936,9.559421537994945e-05,3.818,4.02
8940748,0.0001521169,9.564530795898737e-05,3.818,4.019
16151929,0.0001523907,9.56964005380253e-05,3.817,4.019
8289804,0.0001526069,9.579858569610114e-05,3.816,4.019
1552960,0.0001526254,9.584967827513905e-05,3.816,4.018
11887121,0.0001527357,9.605404859129074e-05,3.816,4.017
12692978,0.0001529572,9.62073263284045e-05,3.815,4.017
16910370,0.0001532374,9.630951148648034e-05,3.815,4.016
8428693,0.0001533534,9.636060406551826e-05,3.814,4.016
10963697,0.0001536262,9.651388180263203e-05,3.814,4.015
9565952,0.0001538098,9.661606696070786e-05,3.813,4.015
8117632,0.0001541583,9.666715953974578e-05,3.812,4.015
8290060,0.0001541604,9.67182521187837e-05,3.812,4.014
13408699,0.0001545272,9.687152985589747e-05,3.811,4.014
10641842,0.0001546724,9.69737150139733e-05,3.811,4.013
17947841,0.0001548344,9.707590017204915e-05,3.81,4.013
14577183,0.0001549,9.717808533012499e-05,3.81,4.012
11971540,0.0001552218,9.743354822531459e-05,3.809,4.011
16376923,0.0001554549,9.753573338339044e-05,3.808,4.011
8083690,0.0001556457,9.763791854146628e-05,3.808,4.01
3543293,0.0001556821,9.784228885761796e-05,3.808,4.009
3332868,0.0001557984,9.809775175280757e-05,3.807,4.008
1102794,0.0001560944,9.830212206895925e-05,3.807,4.007
18386177,0.0001561423,9.8455399806073e-05,3.806,4.007
3379298,0.0001562007,9.855758496414885e-05,3.806,4.006
10450811,0.0001565311,9.876195528030053e-05,3.805,4.005
8223351,0.0001569239,9.896632559645221e-05,3.804,4.005
2274890,0.0001569259,9.901741817549013e-05,3.804,4.004
4367902,0.000157212,9.922178849164182e-05,3.804,4.003
3430433,0.0001578624,9.927288107067973e-05,3.802,4.003
1620654,0.0001580647,9.94261588077935e-05,3.801,4.002
15258962,0.0001582203,9.96816217029831e-05,3.801,4.001
5793637,0.0001583794,9.978380686105894e-05,3.8,4.001
19488142,0.0001585537,9.988599201913479e-05,3.8,4.0
7238864,0.000158715,9.993708459817271e-05,3.799,4.0
14347857,0.0001591018,0.00010014145491432439,3.798,3.999
2914089,0.0001594114,0.00010029473265143815,3.797,3.999
10450831,0.0001595995,0.000100396917809514,3.797,3.998
1783215,0.0001597936,0.00010055019554662775,3.796,3.998
8031980,0.0001598166,0.00010060128812566567,3.796,3.997
14458054,0.0001603536,0.00010085675102085527,3.795,3.996
19543314,0.0001605994,0.00010095893617893112,3.794,3.996
18138761,0.0001606359,0.00010106112133700696,3.794,3.995
8117524,0.0001611024,0.00010126549165315864,3.793,3.995
2274730,0.0001611237,0.00010131658423219656,3.793,3.994
1659237,0.0001612077,0.00010152095454834825,3.793,3.993
4213308,0.0001613136,0.00010162313970642408,3.792,3.993
1102621,0.0001614882,0.00010177641744353785,3.792,3.992
10545747,0.0001616394,0.00010198078775968953,3.791,3.991
15623617,0.0001620141,0.00010213406549680329,3.79,3.991
10768317,0.000162078,0.00010223625065487914,3.79,3.99
962831,0.0001623957,0.00010244062097103081,3.789,3.99
1914115,0.0001624328,0.00010249171355006874,3.789,3.989
1552934,0.0001629027,0.0001026449912871825,3.788,3.989
2913314,0.0001629614,0.00010269608386622041,3.788,3.988
19090088,0.0001631428,0.0001029004541823721,3.787,3.988
18251889,0.0001633666,0.00010295154676141002,3.787,3.987
9401236,0.000163519,0.00010310482449852378,3.786,3.987
5382295,0.0001635888,0.00010320700965659962,3.786,3.986
4210924,0.0001638932,0.00010336028739371339,3.785,3.986
536453,0.0001639995,0.0001034113799727513,3.785,3.985
530875,0.0001642151,0.00010366684286794091,3.785,3.984
17144040,0.0001642715,0.00010371793544697883,3.784,3.984
14347790,0.0001647344,0.00010382012060505468,3.783,3.984
19388081,0.0001648836,0.00010392230576313051,3.783,3.983
2849545,0.0001651171,0.0001041266760792822,3.782,3.982
3828956,0.0001653749,0.0001043821389744718,3.782,3.981
1962260,0.0001653964,0.00010443323155350972,3.781,3.981
14987315,0.0001654865,0.0001046376018696614,3.781,3.98
19543337,0.000165721,0.00010484197218581309,3.781,3.979
6329014,0.0001658149,0.00010499524992292684,3.78,3.979
13408678,0.0001660968,0.00010509743508100268,3.78,3.978
530783,0.0001661975,0.00010519962023907853,3.779,3.978
307273,0.0001663082,0.00010535289797619228,3.779,3.977
8119510,0.0001665741,0.00010560836087138189,3.778,3.976
2700648,0.0001669499,0.00010581273118753357,3.777,3.975
19090081,0.0001673037,0.00010596600892464734,3.776,3.975
5494794,0.0001673645,0.00010606819408272317,3.776,3.974
11971112,0.0001676142,0.00010632365697791278,3.776,3.973
2914073,0.0001677277,0.0001063747495569507,3.775,3.973
18862395,0.0001680939,0.00010657911987310238,3.774,3.972
3240438,0.0001681864,0.00010678349018925407,3.774,3.971
10105863,0.000168499,0.00010683458276829198,3.773,3.971
2691819,0.0001688202,0.00010703895308444367,3.773,3.97
15742147,0.0001688593,0.0001071411382425195,3.772,3.97
12630917,0.0001689693,0.00010729441597963327,3.772,3.969
2134717,0.0001691983,0.00010754987887482288,3.772,3.968
8727187,0.0001692788,0.00010765206403289871,3.771,3.968
18517709,0.0001696584,0.00010780534177001248,3.77,3.967
67457,0.0001698082,0.00010806080466520208,3.77,3.966
10924674,0.0001702069,0.00010816298982327792,3.769,3.966
2914450,0.0001703258,0.00010831626756039169,3.769,3.965
11816936,0.0001704264,0.00010846954529750544,3.768,3.965
12623296,0.0001704911,0.00010852063787654337,3.768,3.964
5176345,0.0001707933,0.00010877610077173298,3.768,3.963
10105758,0.0001708131,0.00010887828592980881,3.767,3.963
19543300,0.0001710379,0.00010903156366692258,3.767,3.962
5793698,0.0001712178,0.0001090826562459605,3.766,3.962
7210399,0.0001714811,0.00010928702656211217,3.766,3.961
4681808,0.0001716055,0.00010938921172018802,3.765,3.961
440631,0.0001716864,0.00010954248945730177,3.765,3.96
11994041,0.0001720922,0.00010964467461537762,3.764,3.96
15926499,0.0001721933,0.00010979795235249138,3.764,3.959
6775816,0.0001723495,0.00011005341524768098,3.764,3.958
10106566,0.0001725128,0.00011010450782671891,3.763,3.958
8435746,0.0001727393,0.00011030887814287058,3.763,3.957
19434697,0.0001728583,0.00011041106330094643,3.762,3.957
15968029,0.0001732994,0.00011056434103806019,3.761,3.956
8806262,0.0001736982,0.00011081980393324979,3.76,3.955
8117658,0.0001740925,0.00011102417424940147,3.759,3.955
1553280,0.0001740929,0.00011107526682843939,3.759,3.954
1554729,0.0001743852,0.00011127963714459108,3.758,3.954
5382963,0.0001746191,0.000111330729723629,3.758,3.953
19543330,0.0001748446,0.00011153510003978068,3.757,3.953
9565698,0.0001748835,0.0001115861926188186,3.757,3.952
15578202,0.0001751455,0.0001118416555140082,3.757,3.951
13339600,0.0001752025,0.00011189274809304612,3.756,3.951
11705188,0.0001756886,0.0001120971184091978,3.755,3.95
7401511,0.0001759962,0.00011230148872534949,3.754,3.95
16732011,0.000176069,0.00011235258130438741,3.754,3.949
15229999,0.0001764737,0.00011260804419957701,3.753,3.948
14686482,0.0001768095,0.00011286350709476662,3.752,3.947
2914852,0.0001772656,0.0001130678774109183,3.751,3.947
8317482,0.0001773401,0.00011311896998995622,3.751,3.946
13238292,0.0001777267,0.00011337443288514582,3.75,3.945
2928342,0.0001780445,0.00011347661804322167,3.749,3.945
14957610,0.000178444,0.00011362989578033543,3.748,3.945
14957609,0.000178444,0.00011368098835937334,3.748,3.944
5667522,0.0001789045,0.00011383426609648711,3.747,3.944
1658980,0.0001791771,0.00011393645125456295,3.747,3.943
1659280,0.0001792723,0.00011408972899167671,3.746,3.943
2589933,0.0001792957,0.00011419191414975255,3.746,3.942
1659004,0.0001795418,0.00011444737704494215,3.746,3.941
6750448,0.0001796923,0.00011465174736109384,3.745,3.941
5793687,0.0001797675,0.00011470283994013176,3.745,3.94
15099465,0.0001800659,0.00011495830283532136,3.745,3.939
1659258,0.0001801017,0.00011506048799339721,3.744,3.939
5535107,0.0001803683,0.00011521376573051096,3.744,3.938
14344125,0.0001805329,0.00011531595088858681,3.743,3.938
8235163,0.0001809953,0.00011546922862570057,3.742,3.938
4490788,0.0001811793,0.00011552032120473849,3.742,3.937
16381139,0.0001815288,0.00011567359894185225,3.741,3.937
2004065,0.0001816573,0.00011577578409992809,3.741,3.936
2914204,0.0001818223,0.000115826876678966,3.74,3.936
561168,0.0001822118,0.00011598015441607977,3.739,3.936
2914423,0.0001822577,0.00011603124699511769,3.739,3.935
1659053,0.0001825044,0.0001162867098903073,3.739,3.934
16457780,0.0001826157,0.00011638889504838314,3.738,3.934
17698557,0.0001829892,0.00011659326536453482,3.738,3.933
11121394,0.0001830229,0.00011664435794357275,3.737,3.933
9320447,0.0001833236,0.00011684872825972442,3.737,3.932
5667216,0.000183483,0.00011695091341780027,3.736,3.932
2914301,0.0001839132,0.00011710419115491402,3.735,3.931
18273392,0.000184343,0.00011735965405010363,3.734,3.93
11619232,0.0001845686,0.00011766620952433116,3.734,3.929
877421,0.0001847716,0.00011781948726144492,3.733,3.929
17871907,0.0001850611,0.00011792167241952075,3.733,3.928
12389006,0.00018517,0.00011797276499855868,3.732,3.928
6466561,0.0001852321,0.00011817713531471035,3.732,3.927
15741815,0.0001857939,0.00011843259820989996,3.731,3.927
4939706,0.0001859171,0.00011848369078893789,3.731,3.926
14534257,0.0001860104,0.00011858587594701373,3.73,3.926
13089944,0.0001862279,0.00011873915368412749,3.73,3.925
391254,0.0001864379,0.00011889243142124125,3.729,3.925
2914576,0.0001865359,0.0001189946165793171,3.729,3.924
1103424,0.0001866903,0.00011930117205354462,3.729,3.923
13387406,0.0001868135,0.00011955663494873422,3.729,3.922
391127,0.0001868782,0.00011965882010681006,3.728,3.922
18979935,0.0001872018,0.00011981209784392382,3.728,3.921
14957480,0.0001873688,0.00011986319042296174,3.727,3.921
2914371,0.0001877542,0.00012011865331815135,3.726,3.92
2098156,0.0001880236,0.00012037411621334095,3.726,3.919
13933578,0.0001882272,0.0001205273939504547,3.725,3.919
3549194,0.0001884662,0.00012068067168756847,3.725,3.918
7782349,0.0001886617,0.00012073176426660639,3.724,3.918
10860621,0.0001888023,0.00012093613458275807,3.724,3.917
6114078,0.0001890991,0.00012108941231987184,3.723,3.917
11962378,0.0001891711,0.0001212426900569856,3.723,3.916
391204,0.0001893802,0.0001214981529521752,3.723,3.915
12522599,0.0001894746,0.00012154924553121312,3.722,3.915
13714436,0.0001899512,0.0001217536158473648,3.721,3.915
2914312,0.0001900057,0.00012180470842640272,3.721,3.914
4141631,0.0001901777,0.00012206017132159232,3.721,3.913
3968125,0.000190338,0.00012221344905870608,3.72,3.913
14957595,0.0001905048,0.00012236672679581984,3.72,3.912
2208330,0.000190743,0.00012262218969100945,3.72,3.911
8435764,0.0001908239,0.00012272437484908528,3.719,3.911
10013047,0.0001910488,0.00012292874516523698,3.719,3.91
1103490,0.0001912359,0.00012313311548138865,3.718,3.91
569566,0.0001912371,0.00012318420806042659,3.718,3.909
15577773,0.0001915852,0.0001234907635346541,3.718,3.908
9711042,0.0001917301,0.00012364404127176786,3.717,3.908
11204835,0.0001918201,0.0001237462264298437,3.717,3.907
9776099,0.0001922949,0.00012384841158791956,3.716,3.907
2509431,0.0001925121,0.00012405278190407123,3.716,3.906
19543338,0.0001925407,0.00012410387448310916,3.715,3.906
2441281,0.0001932207,0.00012435933737829877,3.714,3.905
10928624,0.0001934721,0.0001244615225363746,3.713,3.905
3379379,0.0001936353,0.00012461480027348837,3.713,3.904
9307581,0.0001938709,0.00012487026316867797,3.712,3.904
1675129,0.0001938825,0.00012492135574771588,3.712,3.903
307234,0.0001941351,0.00012517681864290548,3.712,3.902
10378255,0.000194366,0.00012527900380098132,3.711,3.902
15355217,0.0001946305,0.00012548337411713302,3.711,3.901
11993169,0.0001947862,0.00012573883701232262,3.71,3.901
7782393,0.000194858,0.00012578992959136052,3.71,3.9
15852473,0.000195298,0.0001259432073284743,3.709,3.9
15741871,0.0001954145,0.00012604539248655013,3.709,3.899
307223,0.0001956738,0.0001261986702236639,3.708,3.899
14891462,0.0001959125,0.00012635194796077766,3.708,3.898
2925875,0.0001962699,0.00012655631827692933,3.707,3.898
46600,0.0001963671,0.00012665850343500517,3.707,3.897
391116,0.0001965781,0.00012686287375115687,3.706,3.897
391097,0.0001966183,0.00012691396633019477,3.706,3.896
391102,0.0001969995,0.0001272205218044223,3.706,3.895
391050,0.0001972139,0.00012737379954153608,3.705,3.895
6084069,0.0001972839,0.00012752707727864984,3.705,3.894
16374983,0.0001974765,0.00012768035501576358,3.704,3.894
14987687,0.0001976554,0.00012783363275287735,3.704,3.893
5667207,0.0001979783,0.00012803800306902905,3.703,3.893
8784164,0.0001982502,0.00012808909564806695,3.703,3.892
391069,0.0001983883,0.00012829346596421865,3.702,3.892
16968418,0.0001985601,0.0001283956511222945,3.702,3.891
14577185,0.0001988363,0.000128702206596522,3.702,3.89
2396244,0.0001988986,0.00012875329917555993,3.701,3.89
4893147,0.0001992292,0.00012900876207074953,3.701,3.889
2914344,0.0001993673,0.00012905985464978746,3.7,3.889
13714496,0.0001998164,0.00012926422496593913,3.699,3.889
4313269,0.0001998496,0.00012931531754497707,3.699,3.888
9751762,0.0001999799,0.00012957078044016664,3.699,3.887
12370737,0.0002002747,0.00012987733591439418,3.698,3.886
6750478,0.0002006749,0.0001301838913886217,3.698,3.885
5608842,0.0002007729,0.00013028607654669755,3.697,3.885
12711504,0.0002010111,0.00013049044686284922,3.697,3.884
14534118,0.000201264,0.00013069481717900092,3.696,3.884
7742209,0.0002014031,0.00013079700233707675,3.696,3.883
8157920,0.0002016175,0.00013100137265322843,3.695,3.883
2914343,0.0002017188,0.00013110355781130426,3.695,3.882
8984130,0.0002022103,0.00013130792812745596,3.694,3.882
4367874,0.0002022662,0.0001314101132855318,3.694,3.881
391021,0.0002028784,0.00013156339102264556,3.693,3.881
5667630,0.0002030592,0.00013171666875975933,3.692,3.88
391035,0.0002033159,0.00013202322423398684,3.692,3.879
19252094,0.0002034803,0.0001321765019711006,3.691,3.879
2295368,0.0002036059,0.00013232977970821437,3.691,3.878
1962261,0.0002039665,0.00013258524260340398,3.69,3.878
8435742,0.0002040208,0.00013263633518244188,3.69,3.877
8984277,0.0002041938,0.00013294289065666942,3.69,3.876
14987505,0.0002045869,0.00013309616839378319,3.689,3.876
15903179,0.0002048103,0.00013324944613089695,3.689,3.875
12623411,0.0002049217,0.0001334027238680107,3.688,3.875
1659478,0.0002053889,0.00013355600160512446,3.687,3.874
879426,0.0002057881,0.000133862557079352,3.687,3.873
17918376,0.0002058994,0.0001339136496583899,3.686,3.873
4210798,0.0002060257,0.0001341691125535795,3.686,3.872
13933566,0.0002063663,0.0001343734828697312,3.685,3.872
3500085,0.0002066265,0.00013447566802780704,3.685,3.871
10425057,0.0002067904,0.0001346800383439587,3.684,3.871
13714448,0.0002069177,0.00013478222350203455,3.684,3.87
16090050,0.0002071193,0.00013508877897626208,3.684,3.869
11812935,0.00020739,0.00013524205671337585,3.683,3.869
18386106,0.0002077006,0.00013539533445048962,3.683,3.868
17193515,0.0002077535,0.00013544642702952752,3.682,3.868
18662095,0.0002081795,0.00013570188992471712,3.682,3.867
2045472,0.0002082145,0.00013580407508279296,3.681,3.867
1602495,0.0002086913,0.00013595735281990673,3.68,3.867
10510334,0.0002087242,0.00013600844539894466,3.68,3.866
2719054,0.000208973,0.00013631500087317217,3.68,3.865
16090074,0.0002092023,0.00013651937118932386,3.679,3.865
15328367,0.0002093387,0.0001366215563473997,3.679,3.864
9307376,0.0002096636,0.0001368770192425893,3.678,3.864
8357950,0.0002097272,0.00013697920440066514,3.678,3.863
9307473,0.0002099385,0.00013728575987489267,3.678,3.862
5667243,0.0002100802,0.00013759231534912018,3.678,3.861
13714487,0.0002101904,0.00013769450050719605,3.677,3.861
3442949,0.0002103133,0.00013789887082334772,3.677,3.86
5667755,0.0002107329,0.00013805214856046148,3.676,3.86
9313318,0.0002109328,0.00013820542629757523,3.676,3.859
3332888,0.0002111444,0.00013851198177180276,3.675,3.859
6869718,0.0002111722,0.0001385630743508407,3.675,3.858
13714439,0.0002115864,0.0001388696298250682,3.675,3.857
9938947,0.0002117183,0.00013892072240410613,3.674,3.857
13714446,0.0002121376,0.0001391250927202578,3.673,3.857
9307543,0.0002122981,0.00013917618529929573,3.673,3.856
18626728,0.0002127768,0.0001393805556154474,3.672,3.856
5205369,0.0002128631,0.00013948274077352324,3.672,3.855
11728806,0.0002131698,0.0001395849259315991,3.671,3.855
5667232,0.0002133948,0.0001398403888267887,3.671,3.854
3701433,0.0002137726,0.00013994257398486454,3.67,3.854
2655776,0.0002139525,0.00014014694430101622,3.67,3.853
16198212,0.0002140922,0.00014024912945909205,3.669,3.853
1714100,0.0002142396,0.00014045349977524375,3.669,3.852
3548813,0.000214511,0.0001408111478285092,3.669,3.851
8018758,0.000214553,0.00014086224040754712,3.668,3.851
15350193,0.0002152362,0.00014111770330273672,3.667,3.85
5608849,0.0002156575,0.00014121988846081256,3.666,3.85
3333022,0.000215935,0.00014142425877696423,3.666,3.849
13714437,0.0002161285,0.000141577536514078,3.665,3.849
5547622,0.0002162481,0.00014178190683022967,3.665,3.848
19463767,0.0002165495,0.00014198627714638137,3.664,3.848
17852486,0.0002165862,0.0001420884623044572,3.664,3.847
1306026,0.0002170959,0.00014244611035772265,3.663,3.846
15273122,0.0002175811,0.00014275266583195018,3.662,3.845
9779280,0.0002181313,0.00014290594356906392,3.661,3.845
19276025,0.0002183279,0.0001430592213061777,3.661,3.844
6509050,0.000218572,0.0001433146842013673,3.66,3.844
3240232,0.0002186144,0.00014341686935944313,3.66,3.843
18100903,0.0002188449,0.00014372342483367066,3.66,3.842
5745591,0.0002190692,0.00014387670257078443,3.659,3.842
6990069,0.0002192672,0.0001440810728869361,3.659,3.841
4350496,0.0002195587,0.00014438762836116364,3.658,3.84
10005544,0.0002197705,0.00014474527641442908,3.658,3.839
9089005,0.000220065,0.00014500073930961868,3.657,3.839
3442981,0.0002200756,0.0001450518318886566,3.657,3.838
12885649,0.0002204522,0.00014540947994192205,3.657,3.837
13714498,0.0002206532,0.00014551166509999789,3.656,3.837
15808466,0.0002209516,0.00014571603541614956,3.656,3.836
82440,0.0002210934,0.00014581822057422542,3.655,3.836
8915424,0.0002214755,0.00014607368346941502,3.655,3.835
17210960,0.0002216555,0.00014612477604845293,3.654,3.835
4210534,0.0002219842,0.00014643133152268046,3.654,3.834
46599,0.0002222038,0.00014648242410171837,3.653,3.834
2913875,0.0002223208,0.00014673788699690797,3.653,3.833
11166283,0.0002226196,0.0001470955350501734,3.652,3.832
19214220,0.0002229653,0.00014740209052440095,3.652,3.831
19543286,0.0002232753,0.00014750427568247678,3.651,3.831
15577759,0.0002236102,0.00014775973857766639,3.651,3.83
11619316,0.0002236326,0.00014781083115670432,3.65,3.83
3968107,0.0002237792,0.00014811738663093182,3.65,3.829
11728810,0.0002241604,0.00014842394210515936,3.649,3.828
14957619,0.0002245855,0.0001487815901584248,3.649,3.827
14957621,0.0002246657,0.00014883268273746273,3.648,3.827
14957611,0.0002250161,0.00014913923821169024,3.648,3.826
19463753,0.0002251727,0.0001492414233697661,3.647,3.826
12095981,0.0002257156,0.00014944579368591777,3.646,3.826
2746867,0.0002257845,0.0001494968862649557,3.646,3.825
16841664,0.000226254,0.0001497523491601453,3.645,3.825
17113657,0.000226566,0.0001498034417391832,3.645,3.824
2083617,0.0002267447,0.00014990562689725905,3.644,3.824
1804073,0.000226918,0.00015016108979244865,3.644,3.823
5568851,0.0002272398,0.00015051873784571412,3.644,3.822
19276018,0.0002273917,0.00015056983042475202,3.643,3.822
6329107,0.0002278,0.00015087638589897956,3.642,3.821
8984962,0.0002284722,0.00015118294137320706,3.641,3.82
13408692,0.0002288373,0.0001514894968474346,3.64,3.82
14127146,0.000228858,0.0001515405894264725,3.64,3.819
11002864,0.0002293427,0.00015189823747973797,3.64,3.818
2914774,0.0002293656,0.00015194933005877587,3.639,3.818
14295212,0.000229792,0.0001522558855330034,3.639,3.817
19465011,0.0002299083,0.00015230697811204131,3.638,3.817
4049510,0.0002304201,0.00015261353358626885,3.637,3.816
11725721,0.0002306998,0.0001529711816395343,3.637,3.815
568939,0.0002309933,0.0001532266445347239,3.636,3.815
6152716,0.0002313057,0.00015332882969279973,3.636,3.814
6152840,0.0002316055,0.00015353320000895143,3.635,3.814
16704834,0.0002316575,0.0001536864777460652,3.635,3.813
3660550,0.0002319839,0.0001539930332202927,3.635,3.812
19275985,0.0002320305,0.00015404412579933063,3.634,3.812
1675114,0.0002325955,0.00015435068127355814,3.633,3.811
1553197,0.0002330662,0.0001547083293268236,3.633,3.81
18033985,0.0002332091,0.0001547594219058615,3.632,3.81
545373,0.0002336187,0.00015496379222201318,3.631,3.81
17871974,0.0002338364,0.00015506597738008905,3.631,3.809
530471,0.0002341577,0.00015532144027527865,3.63,3.809
8117606,0.0002342323,0.00015542362543335449,3.63,3.808
8072348,0.0002345608,0.00015578127348661992,3.63,3.807
7170723,0.0002346963,0.00015588345864469576,3.629,3.807
15907166,0.000235017,0.00015613892153988536,3.629,3.806
11728758,0.0002353043,0.00015629219927699913,3.628,3.806
15921010,0.0002355559,0.0001564965695931508,3.628,3.805
16054842,0.0002358278,0.00015685421764641627,3.627,3.805
7211678,0.0002358921,0.00015690531022545417,3.627,3.804
5205355,0.0002363842,0.00015726295827871961,3.626,3.803
2295330,0.0002368931,0.00015756951375294715,3.625,3.803
18315922,0.000236911,0.00015762060633198508,3.625,3.802
8045798,0.0002374215,0.00015787606922717468,3.624,3.802
2746510,0.0002375088,0.00015797825438525052,3.624,3.801
19543306,0.000238041,0.00015828480985947803,3.623,3.801
14677684,0.0002380876,0.00015833590243851596,3.623,3.8
2655766,0.0002385005,0.0001586935504917814,3.623,3.799
8217010,0.0002385595,0.00015874464307081933,3.622,3.799
2544361,0.0002386973,0.00015905119854504684,3.622,3.798
16368668,0.0002391371,0.00015930666144023644,3.621,3.798
2921735,0.0002392846,0.00015940884659831228,3.621,3.797
4060230,0.0002396103,0.0001597154020725398,3.62,3.797
16089965,0.0002397784,0.00015981758723061565,3.62,3.796
3442890,0.0002402149,0.00016002195754676735,3.619,3.796
771653,0.0002408447,0.00016017523528388109,3.618,3.795
611136,0.0002411863,0.00016053288333714655,3.618,3.794
13528299,0.0002412921,0.0001606861610742603,3.617,3.794
14175664,0.0002416239,0.000160890531390412,3.617,3.793
6869578,0.0002418881,0.0001611970868646395,3.616,3.793
4101320,0.0002420286,0.00016129927202271536,3.616,3.792
2377285,0.000242267,0.0001616569200759808,3.616,3.791
4100264,0.0002423824,0.00016175910523405664,3.615,3.791
2914838,0.0002429431,0.00016201456812924624,3.614,3.79
8235179,0.0002437074,0.00016216784586636,3.613,3.79
14033542,0.0002440797,0.00016237221618251168,3.612,3.789
6817820,0.000244813,0.00016272986423577712,3.611,3.789
4840808,0.0002449287,0.00016278095681481505,3.611,3.788
14704833,0.0002452911,0.00016303641971000465,3.61,3.788
10111610,0.0002455717,0.0001631386048680805,3.61,3.787
15148771,0.0002458627,0.00016334297518423216,3.609,3.787
13714463,0.0002460173,0.00016349625292134593,3.609,3.786
19452463,0.0002463641,0.0001636495306584597,3.608,3.786
93993,0.0002468247,0.0001639049935536493,3.608,3.785
17262638,0.0002470415,0.00016405827129076307,3.607,3.785
13714468,0.000247471,0.0001641604564488389,3.606,3.785
8234883,0.0002478566,0.00016426264160691474,3.606,3.784
4163506,0.000248178,0.00016456919708114227,3.605,3.784
2914762,0.0002482894,0.0001646713822392181,3.605,3.783
19087599,0.0002486112,0.00016482465997633188,3.604,3.783
3442881,0.0002491298,0.00016502903029248355,3.604,3.782
19391066,0.000249242,0.00016508012287152148,3.603,3.782
3046979,0.0002494704,0.000165386678345749,3.603,3.781
3444288,0.0002498386,0.00016579541897805236,3.602,3.78
8780269,0.000250265,0.0001661530670313178,3.602,3.779
3141568,0.0002503956,0.00016630634476843157,3.601,3.779
46205,0.0002508422,0.00016656180766362117,3.601,3.778
14677645,0.0002509242,0.0001666129002426591,3.6,3.778
1882222,0.0002514515,0.0001669194557168866,3.6,3.777
5667165,0.0002514819,0.00016697054829592454,3.599,3.777
12711502,0.0002520134,0.00016732819634918998,3.599,3.776
7362043,0.0002521363,0.00016743038150726582,3.598,3.776
15340815,0.0002527352,0.00016773693698149335,3.597,3.775
19275994,0.000253274,0.00016794130729764502,3.596,3.775
6657027,0.0002539381,0.0001680945850347588,3.595,3.774
14919313,0.0002544778,0.00016850332566706216,3.594,3.773
17139324,0.0002549918,0.00016875878856225176,3.593,3.773
6037696,0.0002552577,0.0001688609737203276,3.593,3.772
17166431,0.0002556553,0.00016891206629936553,3.592,3.772
8072317,0.0002562889,0.00016906534403647927,3.591,3.772
4706244,0.0002568194,0.0001691164366155172,3.59,3.772
2655764,0.0002570166,0.00016926971435263097,3.59,3.771
6750499,0.0002574264,0.00016932080693166888,3.589,3.771
18721848,0.0002581125,0.0001696273624058964,3.588,3.771
15741887,0.0002582252,0.00016967845498493434,3.588,3.77
2356226,0.0002586703,0.00016983173272204808,3.587,3.77
10441928,0.0002589585,0.00017003610303819978,3.587,3.769
13408655,0.0002591237,0.00017039375109146522,3.586,3.769
14609789,0.0002591537,0.00017044484367050315,3.586,3.768
7511758,0.0002597651,0.00017070030656569276,3.585,3.768
9313109,0.0002602938,0.0001708535843028065,3.585,3.767
9672548,0.0002603365,0.00017090467688184443,3.584,3.767
10711926,0.0002609693,0.00017121123235607196,3.583,3.766
12477700,0.0002616701,0.0001716199729883753,3.582,3.765
12325629,0.0002621821,0.00017192652846260284,3.581,3.765
13616320,0.0002622226,0.00017202871362067868,3.581,3.764
3549198,0.0002626073,0.00017238636167394412,3.581,3.763
5882726,0.0002628031,0.00017269291714817165,3.58,3.763
16149588,0.0002631575,0.0001727951023062475,3.58,3.762
17090199,0.0002633326,0.0001730505652014371,3.579,3.762
13698311,0.0002638124,0.00017320384293855086,3.579,3.761
4101337,0.000263946,0.00017335712067566462,3.578,3.761
13985154,0.000264282,0.00017361258357085423,3.578,3.76
7032421,0.0002646042,0.00017386804646604383,3.577,3.76
9268204,0.0002649619,0.00017402132420315757,3.577,3.759
2880645,0.0002652353,0.00017427678709834718,3.576,3.759
11936584,0.0002655005,0.00017443006483546094,3.576,3.758
10546487,0.0002660187,0.00017478771288872638,3.575,3.757
7766672,0.0002664211,0.00017504317578391599,3.574,3.757
10157879,0.0002668074,0.00017519645352102975,3.574,3.756
7342630,0.0002670078,0.00017534973125814352,3.573,3.756
11946815,0.0002673688,0.00017560519415333312,3.573,3.755
2914816,0.0002677352,0.0001758095644694848,3.572,3.755
530541,0.0002679616,0.0001760139347856365,3.572,3.754
11938097,0.0002683501,0.00017621830510178817,3.571,3.754
2914802,0.0002689788,0.00017637158283890193,3.57,3.754
2914808,0.0002690296,0.00017642267541793984,3.57,3.753
13460500,0.0002695197,0.00017667813831312944,3.569,3.753
2914837,0.0002696314,0.0001768314160502432,3.569,3.752
10964534,0.0002702288,0.00017718906410350865,3.568,3.752
11936679,0.0002702457,0.00017724015668254658,3.568,3.751
6021064,0.0002707368,0.00017764889731484995,3.567,3.75
14713215,0.0002711719,0.00017805763794715332,3.567,3.749
5667733,0.0002713383,0.000178262008263305,3.566,3.749
2914797,0.0002715487,0.00017846637857945666,3.566,3.748
1524794,0.0002718697,0.00017887511921176004,3.566,3.747
15729460,0.0002720008,0.00017897730436983587,3.565,3.747
2914805,0.0002722652,0.0001792838598440634,3.565,3.746
17872019,0.0002725903,0.00017948823016021508,3.564,3.746
5204923,0.0002728778,0.00017969260047636678,3.564,3.745
2255949,0.0002732774,0.00017994806337155638,3.563,3.745
1103596,0.0002733475,0.00018010134110867015,3.563,3.744
8707449,0.0002736354,0.0001805100817409735,3.563,3.743
11961726,0.0002739687,0.00018066335947808726,3.562,3.743
4958862,0.0002742757,0.0001809699149523148,3.562,3.742
14395025,0.0002745244,0.00018112319268942853,3.561,3.742
14126763,0.0002749769,0.00018137865558461814,3.561,3.741
530984,0.000275149,0.000181480840742694,3.56,3.741
11938124,0.0002756534,0.0001817873962169215,3.56,3.74
2914832,0.0002757746,0.00018194067395403528,3.559,3.74
10012958,0.0002759174,0.00018219613684922488,3.559,3.739
2655753,0.000276467,0.00018245159974441448,3.558,3.739
5876045,0.0002765406,0.00018260487748152825,3.558,3.738
11352873,0.0002769265,0.00018306471069286953,3.558,3.737
11120502,0.0002770793,0.00018311580327190746,3.557,3.737
11961713,0.0002774505,0.0001834734513251729,3.557,3.736
10546505,0.0002777701,0.00018352454390421083,3.556,3.736
2134653,0.0002784059,0.00018383109937843834,3.555,3.736
6328405,0.0002784617,0.00018388219195747627,3.555,3.735
11961720,0.0002789796,0.0001842398400107417,3.554,3.735
17872018,0.0002790145,0.00018429093258977964,3.554,3.734
13773707,0.0002794549,0.0001847507658011209,3.554,3.733
530263,0.0002797374,0.00018490404353823468,3.553,3.733
8357836,0.0002801901,0.00018515950643342428,3.553,3.732
11048634,0.000280282,0.0001852105990124622,3.552,3.732
8234954,0.0002807358,0.00018556824706572763,3.552,3.731
5987918,0.0002808839,0.00018577261738187933,3.551,3.731
1620199,0.0002811061,0.00018602808027706893,3.551,3.73
11938072,0.0002815272,0.0001864368209093723,3.55,3.729
6791726,0.000282183,0.00018664119122552397,3.549,3.729
8810858,0.0002823666,0.00018689665412071358,3.549,3.728
5382483,0.0002829094,0.00018715211701590318,3.548,3.728
2914821,0.0002833216,0.00018730539475301695,3.548,3.727
1463390,0.0002834852,0.00018735648733205485,3.547,3.727
11938364,0.000283941,0.00018776522796435822,3.547,3.726
7032569,0.0002841618,0.000187918505701472,3.546,3.726
3654681,0.0002845484,0.0001881739685966616,3.546,3.725
18884307,0.000284982,0.00018837833891281326,3.545,3.725
8658143,0.0002855599,0.00018858270922896496,3.544,3.724
11048632,0.0002861425,0.0001889403572822304,3.543,3.724
1524812,0.0002862595,0.00018904254244030624,3.543,3.723
6328251,0.0002867677,0.00018940019049357168,3.542,3.723
10493820,0.0002867959,0.0001895023756516475,3.542,3.722
2295329,0.0002873447,0.00018991111628395088,3.542,3.721
11048647,0.0002874792,0.0001901665791791405,3.541,3.721
1035961,0.0002878858,0.0001903709494952922,3.541,3.72
11961730,0.0002881593,0.00019052422723240593,3.54,3.72
11781354,0.0002885035,0.00019077969012759553,3.54,3.719
19559412,0.0002887962,0.0001909329678647093,3.539,3.719
2499234,0.0002891602,0.00019123952333893683,3.539,3.718
549204,0.0002894665,0.00019149498623412644,3.538,3.718
1047471,0.0002896885,0.0001916482639712402,3.538,3.717
6021171,0.000290102,0.0001919548194454677,3.537,3.717
4621844,0.0002902681,0.00019210809718258148,3.537,3.716
11048701,0.0002907715,0.00019256793039392275,3.536,3.715
7032405,0.0002912813,0.00019297667102622612,3.536,3.714
8235356,0.0002914161,0.0001931299487633399,3.535,3.714
12364539,0.0002919662,0.0001934365042375674,3.535,3.713
16886852,0.0002921137,0.00019348759681660533,3.534,3.713
19060316,0.000292321,0.0001938963374489087,3.534,3.712
16886857,0.0002927877,0.00019430507808121207,3.533,3.712
66224,0.0002928214,0.00019435617066024998,3.533,3.711
7031817,0.0002934301,0.00019471381871351542,3.532,3.711
14677620,0.0002934407,0.00019476491129255335,3.532,3.71
18490989,0.0002941152,0.00019507146676678088,3.531,3.71
6750500,0.000294245,0.00019522474450389462,3.531,3.709
16767432,0.0002947759,0.00019568457771523593,3.531,3.708
14609763,0.0002947921,0.00019573567029427383,3.53,3.708
10452762,0.0002954526,0.0001961444109265772,3.53,3.707
17384422,0.0002956701,0.00019619550350561513,3.529,3.707
14899091,0.0002961369,0.0001966042441379185,3.529,3.706
11352853,0.000296178,0.0001966553367169564,3.528,3.706
163042,0.0002965819,0.00019706407734925978,3.528,3.705
8234924,0.0002968469,0.00019731954024444938,3.527,3.705
14891662,0.0002971809,0.00019747281798156315,3.527,3.704
4479123,0.0002975456,0.0001976260957186769,3.526,3.704
16941686,0.0002977887,0.00019793265119290442,3.526,3.703
3876087,0.0002981967,0.00019829029924616986,3.525,3.703
1552949,0.0002982209,0.0001983924844042457,3.525,3.702
14874131,0.0002988919,0.00019880122503654907,3.524,3.702
8072280,0.0002989455,0.000198852317615587,3.524,3.701
6084808,0.0002996221,0.00019931215082692828,3.523,3.7
7546814,0.0003003198,0.00019972089145923165,3.522,3.7
15926693,0.0003004298,0.00019977198403826958,3.522,3.699
10035814,0.0003010176,0.00020023181724961085,3.521,3.698
530637,0.0003019532,0.0002005894653028763,3.52,3.698
17871970,0.0003020814,0.00020069165046095213,3.52,3.697
12022507,0.0003024077,0.00020089602077710383,3.519,3.697
403911,0.0003025526,0.00020115148367229343,3.519,3.696
15887147,0.0003031058,0.0002016113168836347,3.518,3.695
10035892,0.000303583,0.00020207115009497598,3.518,3.694
2249736,0.0003038135,0.00020217333525305185,3.517,3.694
17884259,0.000304441,0.0002025820758853552,3.516,3.693
17884553,0.000305054,0.0002030419090966965,3.516,3.692
15577740,0.0003051676,0.00020314409425477233,3.515,3.692
19500330,0.000305773,0.00020350174230803777,3.515,3.691
12982883,0.0003058703,0.0002036039274661136,3.514,3.691
6750583,0.0003062069,0.00020396157551937907,3.514,3.69
3559096,0.0003065494,0.00020421703841456867,3.513,3.69
10005523,0.0003066877,0.00020442140873072034,3.513,3.689
1103514,0.0003070645,0.00020488124194206162,3.513,3.688
3121360,0.0003072994,0.00020498342710013748,3.512,3.688
1129630,0.000307882,0.00020539216773244083,3.512,3.687
6038070,0.0003080164,0.0002055454454695546,3.511,3.687
6328348,0.0003082823,0.00020585200094378213,3.511,3.686
6869238,0.0003086871,0.00020610746383897173,3.51,3.686
14577463,0.0003091717,0.0002063118341551234,3.51,3.685
6136725,0.0003094016,0.000206567297050313,3.509,3.685
9161488,0.0003094702,0.0002068227599455026,3.509,3.684
6327878,0.0003097752,0.00020728259315684389,3.509,3.683
16044352,0.000310135,0.00020758914863107142,3.508,3.683
1552935,0.0003103222,0.0002077424263681852,3.508,3.682
11048693,0.0003107425,0.0002082533521585644,3.508,3.681
46131,0.0003108767,0.00020840662989567816,3.507,3.681
6038024,0.0003112127,0.00020871318536990567,3.507,3.68
11781412,0.0003115995,0.00020917301858124697,3.506,3.679
16158999,0.0003122079,0.00020968394437162618,3.506,3.678
10628687,0.0003122671,0.00020978612952970201,3.505,3.678
9399778,0.0003125429,0.00021014377758296745,3.505,3.677
18490541,0.0003129714,0.00021055251821527082,3.504,3.677
6328284,0.0003130091,0.00021065470337334666,3.504,3.676
7032390,0.0003135472,0.00021111453658468794,3.504,3.675
7032385,0.0003136932,0.0002112678143218017,3.503,3.675
11048646,0.0003139713,0.00021162546237506714,3.503,3.674
13343355,0.0003144832,0.0002120342030073705,3.502,3.674
4128368,0.000314565,0.00021208529558640844,3.502,3.673
2113470,0.0003151431,0.0002124940362187118,3.501,3.673
17871988,0.0003152306,0.00021259622137678765,3.501,3.672
10451176,0.0003156217,0.00021310714716716686,3.501,3.671
11887876,0.000315874,0.00021341370264139437,3.5,3.671
12216409,0.0003161484,0.00021356698037850813,3.5,3.67
15577747,0.0003166129,0.0002140268135898494,3.499,3.67
14577458,0.0003167388,0.00021407790616888734,3.499,3.669
6956802,0.0003173643,0.0002144866468011907,3.498,3.669
6750371,0.0003174125,0.00021453773938022862,3.498,3.668
2878467,0.0003180662,0.00021504866517060782,3.497,3.667
2850885,0.0003187134,0.00021555959096098703,3.497,3.666
7032388,0.0003188294,0.00021561068354002496,3.496,3.666
412911,0.0003194229,0.00021607051675136624,3.496,3.665
11048781,0.0003195609,0.00021622379448848,3.495,3.665
19491226,0.0003202604,0.00021653034996270754,3.494,3.664
8839150,0.0003209904,0.00021704127575308674,3.494,3.663
17157292,0.0003211999,0.00021709236833212465,3.493,3.663
2687175,0.0003220909,0.00021750110896442802,3.492,3.663
18413271,0.0003220975,0.00021755220154346595,3.492,3.662
11048847,0.0003225242,0.00021806312733384516,3.491,3.661
7589573,0.000323039,0.00021857405312422434,3.491,3.66
13343401,0.0003233039,0.0002187273308613381,3.49,3.66
16158212,0.0003239312,0.00021903388633556564,3.49,3.659
14986987,0.0003239715,0.00021908497891460354,3.489,3.659
5309925,0.0003244917,0.00021954481212594485,3.489,3.658
14565789,0.0003247373,0.00021990246017921029,3.488,3.658
17871959,0.0003250166,0.00022005573791632405,3.488,3.657
2988279,0.0003254682,0.0002204133859695895,3.487,3.657
6771084,0.0003255601,0.00022056666370670326,3.487,3.656
3324132,0.0003263685,0.00022087321918093077,3.486,3.656
10545908,0.0003265536,0.00022107758949708247,3.486,3.655
5868543,0.000327028,0.00022128195981323414,3.485,3.655
3650761,0.000327341,0.00022158851528746167,3.485,3.654
8941558,0.0003277225,0.00022189507076168918,3.484,3.654
11980903,0.0003281485,0.00022209944107784088,3.484,3.653
11048706,0.0003285368,0.0002224059965520684,3.483,3.653
9074814,0.000328839,0.0002226103668682201,3.483,3.652
14577441,0.0003292537,0.00022281473718437176,3.482,3.652
13343389,0.0003296842,0.0002231212926585993,3.482,3.651
3085450,0.0003302136,0.00022332566297475097,3.481,3.651
17728529,0.0003305634,0.0002236322184489785,3.481,3.65
9540155,0.0003307767,0.00022398986650224394,3.48,3.65
12060955,0.0003308434,0.0002241431442393577,3.48,3.649
11002862,0.0003316176,0.00022450079229262315,3.479,3.649
4976998,0.000331823,0.0002246540700297369,3.479,3.648
530692,0.0003322594,0.00022516499582011612,3.479,3.647
12060902,0.0003322855,0.00022521608839915402,3.478,3.647
15328648,0.0003329557,0.00022572701418953323,3.478,3.646
1047603,0.000333089,0.00022582919934760907,3.477,3.646
11619173,0.0003336532,0.00022623793997991244,3.477,3.645
4214971,0.0003338334,0.00022644231029606414,3.476,3.645
13614541,0.0003341753,0.00022674886577029164,3.476,3.644
13778162,0.0003346735,0.00022715760640259502,3.475,3.644
15355221,0.0003346971,0.00022725979156067085,3.475,3.643
18658274,0.0003353992,0.00022771962477201213,3.474,3.643
9268424,0.0003355337,0.000227821809930088,3.474,3.642
11048826,0.0003362578,0.0002280772728252776,3.473,3.642
11048827,0.0003364307,0.0002283327357204672,3.473,3.641
11048812,0.0003368211,0.0002288436615108464,3.473,3.64
2544446,0.0003370521,0.000229099124406036,3.472,3.64
11048779,0.0003373104,0.0002293545873012256,3.472,3.639
1826490,0.0003377036,0.00022986551309160482,3.471,3.639
434730,0.0003377111,0.00022991660567064272,3.471,3.638
11048791,0.0003384006,0.00023042753146102193,3.471,3.637
8234865,0.0003385357,0.00023052971661909776,3.47,3.637
6037739,0.0003390205,0.00023098954983043907,3.47,3.636
11048877,0.0003393773,0.00023124501272562867,3.469,3.636
2347755,0.0003397958,0.00023150047562081827,3.469,3.635
17365089,0.0003400533,0.00023170484593696994,3.468,3.635
11200916,0.0003403601,0.00023201140141119748,3.468,3.634
1706549,0.0003407718,0.0002325734197806146,3.468,3.633
11048866,0.000340805,0.00023262451235965252,3.467,3.633
11048789,0.0003413227,0.0002330843455709938,3.467,3.632
5256512,0.0003416564,0.00023318653072906963,3.466,3.632
15329270,0.0003421559,0.00023364636394041094,3.466,3.631
2914507,0.0003426762,0.0002338507342565626,3.465,3.631
4927904,0.0003430009,0.00023415728973079014,3.465,3.63
6328620,0.0003431883,0.00023436166004694181,3.464,3.63
6321849,0.0003433922,0.00023471930810020725,3.464,3.629
12710477,0.0003439726,0.00023517914131154856,3.463,3.629
11823057,0.0003443403,0.0002352813264696244,3.463,3.628
5745618,0.0003449131,0.00023569006710192776,3.462,3.628
8984642,0.0003450043,0.0002357922522600036,3.462,3.627
3549093,0.0003455713,0.0002360988077342311,3.461,3.627
308614,0.0003457398,0.0002363542706294207,3.461,3.626
5946676,0.0003463701,0.00023676301126172408,3.46,3.626
4673901,0.0003463985,0.00023686519641979992,3.46,3.625
3880092,0.0003468252,0.00023742721478921705,3.46,3.624
3594966,0.0003471684,0.00023758049252633082,3.459,3.624
2796842,0.0003475675,0.0002379892331586342,3.459,3.623
16259384,0.0003479634,0.0002382957886328617,3.458,3.623
1886615,0.0003486209,0.0002385512515280513,3.458,3.622
17942824,0.0003487677,0.0002388067144232409,3.457,3.622
17884531,0.0003492291,0.0002390621773184305,3.457,3.621
10453949,0.0003495852,0.0002393176402136201,3.456,3.621
6750368,0.0003499036,0.00023962419568784765,3.456,3.62
5176555,0.0003503818,0.00023993075116207516,3.455,3.62
16886987,0.0003509759,0.00024018621405726476,3.455,3.619
16934483,0.0003512271,0.0002402883992153406,3.454,3.619
1886584,0.0003519741,0.00024064604726860606,3.453,3.619
11048735,0.0003521175,0.0002407482324266819,3.453,3.618
10164394,0.0003529592,0.00024095260274283357,3.452,3.618
3333185,0.0003535024,0.000241310250796099,3.452,3.617
3621200,0.0003535951,0.00024136134337513694,3.451,3.617
15902628,0.0003539966,0.00024187226916551615,3.451,3.616
11214438,0.000354526,0.00024222991721878159,3.45,3.616
2914482,0.0003545673,0.00024238319495589535,3.45,3.615
18863350,0.0003551198,0.0002429452133253125,3.45,3.614
11619168,0.0003554529,0.0002429963059043504,3.449,3.614
11048805,0.0003561219,0.0002435072316947296,3.448,3.613
9826378,0.0003569396,0.0002440181574851088,3.447,3.613
16680999,0.0003569961,0.00024406925006414674,3.447,3.612
3549106,0.000357817,0.00024442689811741215,3.446,3.612
11938376,0.0003581263,0.0002446312684335639,3.446,3.611
11120464,0.0003585104,0.00024509110164490513,3.445,3.611
403901,0.000358958,0.000245193286802981,3.445,3.61
18058583,0.0003593663,0.00024555093485624643,3.444,3.61
11048555,0.0003596893,0.0002457553051723981,3.444,3.609
8817004,0.000360167,0.0002462151383837394,3.443,3.609
9596727,0.0003603565,0.00024636841612085317,3.443,3.608
2471876,0.0003610076,0.0002468793419112324,3.442,3.608
9089236,0.0003610906,0.0002469304344902703,3.442,3.607
16259381,0.0003618672,0.0002473902677016116,3.441,3.607
17028952,0.0003620941,0.0002474924528596874,3.441,3.606
10137245,0.0003627054,0.0002480033786500666,3.44,3.606
10838426,0.0003628012,0.00024805447122910456,3.44,3.605
2207639,0.0003635923,0.00024856539701948377,3.439,3.605
6328371,0.0003636126,0.00024861648959852167,3.439,3.604
2097858,0.000364346,0.0002491274153889009,3.438,3.604
10932690,0.0003643846,0.0002491785079679388,3.438,3.603
3729218,0.000365028,0.00024979161891639385,3.438,3.602
3083755,0.0003652094,0.00024984271149543176,3.437,3.602
7608318,0.0003658248,0.00025035363728581096,3.437,3.601
9399770,0.0003660243,0.0002506091001810006,3.436,3.601
15730178,0.0003662451,0.0002509156556552281,3.436,3.6
11728789,0.0003666887,0.00025152876660368314,3.436,3.599
14921348,0.0003668929,0.0002516820443407969,3.435,3.599
19543287,0.0003675429,0.00025209078497310025,3.435,3.598
16368673,0.0003677916,0.0002523462478682899,3.434,3.598
19287423,0.0003682936,0.0002526528033425174,3.434,3.597
10674575,0.0003686259,0.00025306154397482076,3.433,3.597
7032374,0.0003688404,0.00025326591429097243,3.433,3.596
5321212,0.0003692659,0.00025382793266038955,3.433,3.595
19233602,0.0003695624,0.0002539812103975033,3.432,3.595
4122939,0.0003704144,0.0002543899510298067,3.431,3.595
12439997,0.00037045,0.0002544410436088446,3.431,3.594
4732073,0.000371062,0.0002550030619782617,3.431,3.593
18517830,0.00037114,0.0002552074322944134,3.43,3.593
10358179,0.0003717058,0.0002555650803476789,3.43,3.592
11591068,0.0003721301,0.00025582054324286847,3.429,3.592
17884521,0.0003727195,0.0002561781912961339,3.429,3.591
1102751,0.0003728504,0.0002563314690332477,3.428,3.591
11619392,0.0003737175,0.0002566891170865131,3.427,3.591
17508697,0.0003738649,0.000256791302244589,3.427,3.59
11538159,0.0003744761,0.0002573533206140061,3.427,3.589
10035777,0.0003745586,0.00025750659835111986,3.426,3.589
9442834,0.0003750822,0.00025796643156246116,3.426,3.588
167939,0.0003754225,0.0002583751721947645,3.425,3.588
725809,0.0003757704,0.00025852844993187827,3.425,3.587
4875840,0.0003762815,0.0002588860979851437,3.424,3.587
5363624,0.0003765517,0.0002591415608803333,3.424,3.586
11330856,0.0003773396,0.00025970357924975045,3.423,3.586
7612595,0.0003774213,0.00025975467182878835,3.423,3.585
6406747,0.0003777415,0.00026031669019820547,3.423,3.584
3121321,0.0003781564,0.00026041887535628133,3.422,3.584
1675048,0.000378868,0.00026092980114666054,3.422,3.583
13144681,0.0003788959,0.00026098089372569844,3.421,3.583
188994,0.0003797187,0.0002615429120951156,3.421,3.582
19267752,0.000379774,0.0002615940046741535,3.42,3.582
16910477,0.0003805924,0.0002621560230435706,3.42,3.581
8485051,0.0003806918,0.0002622071156226085,3.419,3.581
13780173,0.0003815414,0.000262564763675874,3.418,3.581
12866053,0.0003817154,0.0002627691339920257,3.418,3.58
2215798,0.0003822712,0.0002633311523614428,3.418,3.579
12314459,0.0003824009,0.0002635866152566324,3.417,3.579
5365089,0.0003832492,0.00026394426330989787,3.417,3.578
726148,0.0003833591,0.0002639953558889358,3.416,3.578
11937572,0.0003841578,0.0002644551891002771,3.415,3.578
15903034,0.0003841804,0.0002645573742583529,3.415,3.577
5667036,0.0003849576,0.00026517048520680796,3.415,3.576
18662050,0.0003850699,0.0002653237629439217,3.414,3.576
7296753,0.000385559,0.00026578359615526297,3.414,3.575
3132414,0.0003859238,0.00026588578131333884,3.413,3.575
4871375,0.0003865155,0.00026639670710371804,3.413,3.574
11048530,0.0003868726,0.0002667032625779456,3.412,3.574
1197071,0.0003871007,0.0002670098180521731,3.412,3.573
1493706,0.0003875317,0.00026762292900062813,3.412,3.572
1675089,0.0003877479,0.0002678272993167798,3.411,3.572
4583368,0.000388346,0.0002682360399490832,3.411,3.571
19178710,0.0003885977,0.00026859368800234864,3.41,3.571
5667059,0.0003889984,0.0002688491508975382,3.41,3.57
1626241,0.0003895753,0.0002693600766879174,3.409,3.57
12216401,0.0003900436,0.0002695133544250312,3.409,3.569
13619062,0.0003904266,0.00026971772474118286,3.408,3.569
11685274,0.0003910456,0.00027012646537348626,3.408,3.568
2396382,0.0003913956,0.00027038192826867583,3.407,3.568
188713,0.0003921341,0.00027073957632194127,3.407,3.567
14051197,0.0003922112,0.00027079066890097923,3.406,3.567
16422684,0.0003931099,0.00027130159469135844,3.405,3.567
11937523,0.0003931197,0.00027135268727039634,3.405,3.566
17069157,0.0003938518,0.00027196579821885136,3.405,3.565
14897971,0.0003941597,0.000272221261114041,3.404,3.565
3875727,0.0003949523,0.0002725789091673064,3.403,3.565
15730243,0.0003951259,0.00027263000174634433,3.403,3.564
14173472,0.0003958844,0.0002732431126947994,3.402,3.563
9275326,0.000396601,0.00027385622364325447,3.402,3.562
11002847,0.0003969412,0.0002740095013803682,3.401,3.562
4122886,0.0003977644,0.0002744693345917095,3.4,3.562
1102592,0.0003978214,0.0002745204271707474,3.4,3.561
11352806,0.0003985805,0.0002750313529611266,3.399,3.561
11937538,0.0003987179,0.00027513353811920246,3.399,3.56
16259601,0.0003992836,0.00027574664906765753,3.399,3.559
7032548,0.0003994921,0.0002760021119628471,3.398,3.559
7608212,0.0003997253,0.00027641085259515045,3.398,3.558
19394480,0.0004001349,0.0002770239635436055,3.398,3.557
660903,0.0004004467,0.0002771772412807193,3.397,3.557
11937332,0.0004007592,0.0002776881670710985,3.397,3.556
6037679,0.0004015241,0.0002781990928614777,3.396,3.556
1967264,0.0004016992,0.00027830127801955356,3.396,3.555
2691618,0.0004024526,0.0002789654815470465,3.395,3.554
7032559,0.0004029661,0.00027957859249550155,3.395,3.553
9974734,0.0004031829,0.0002798340553906912,3.394,3.553
8217658,0.0004037193,0.00028024279602299453,3.394,3.552
331939,0.0004041506,0.00028054935149722206,3.393,3.552
1882242,0.0004043841,0.0002809069995504875,3.393,3.551
17193019,0.0004048768,0.0002815201104989425,3.393,3.55
7511504,0.0004050515,0.0002819799437102838,3.392,3.55
3968242,0.0004051784,0.0002821843140264355,3.392,3.549
7365737,0.0004056251,0.00028284851755392847,3.392,3.548
12751856,0.0004061369,0.0002831039804491181,3.391,3.548
9268330,0.0004067431,0.00028351272108142144,3.391,3.547
10005573,0.0004069156,0.0002836659988185352,3.39,3.547
8118164,0.0004076138,0.0002841258320298765,3.39,3.546
13012857,0.0004078798,0.000284432387504104,3.389,3.546
11169928,0.0004083226,0.00028479003555736943,3.389,3.545
15329313,0.0004087968,0.0002854031465058245,3.388,3.545
10199467,0.0004088551,0.0002854542390848624,3.388,3.544
11709678,0.0004099071,0.0002860673500333175,3.387,3.544
11048737,0.0004099605,0.0002861184426123554,3.387,3.543
7511552,0.0004107245,0.0002864249980865829,3.386,3.543
18562921,0.0004109638,0.00028678264613984835,3.386,3.542
7032356,0.0004117088,0.0002874468496673413,3.385,3.541
11791787,0.0004125513,0.0002881110531948343,3.385,3.54
14928518,0.0004126124,0.0002881621457738722,3.384,3.54
11937296,0.000413534,0.0002887241641432893,3.383,3.54
16149438,0.0004137397,0.0002887752567223273,3.383,3.539
9974715,0.000414507,0.0002892350899336685,3.382,3.539
8031798,0.0004147671,0.00028943946024982025,3.382,3.538
16792964,0.000415548,0.0002898992934611615,3.381,3.538
11937144,0.0004157039,0.0002901036637773132,3.381,3.537
11823091,0.000416406,0.00029066568214673033,3.38,3.537
16204660,0.0004166234,0.00029076786730480614,3.38,3.536
19238425,0.0004173343,0.0002914320708322991,3.38,3.535
14768103,0.0004174187,0.0002914831634113371,3.379,3.535
9125593,0.0004178657,0.0002920962743597921,3.379,3.534
18894694,0.0004183877,0.00029230064467594376,3.378,3.534
6750431,0.0004191704,0.00029276047788728506,3.378,3.533
6619847,0.0004196663,0.00029286266304536093,3.377,3.533
18522394,0.0004202624,0.00029327140367766427,3.376,3.533
10715181,0.0004203579,0.00029347577399381594,3.376,3.532
16211643,0.0004212151,0.000294088884942271,3.375,3.532
2796921,0.0004212156,0.0002941399775213089,3.375,3.531
8551009,0.0004222547,0.000294753088469764,3.374,3.531
5745571,0.0004222936,0.0002948041810488019,3.374,3.53
3175243,0.000422972,0.00029546838457629487,3.374,3.529
14845822,0.0004231632,0.0002958260326295603,3.373,3.529
8288202,0.000423385,0.00029618368068282574,3.373,3.528
15950120,0.0004239876,0.0002968478842103187,3.373,3.527
13587207,0.000424211,0.0002968989767893566,3.372,3.527
11330819,0.0004249662,0.0002975120877378117,3.372,3.526
6400869,0.0004251618,0.00029766536547492546,3.371,3.526
9307730,0.0004256324,0.00029822738384434257,3.371,3.525
4975762,0.0004261179,0.000298585031897608,3.37,3.525
18172540,0.000426766,0.00029889158737183555,3.37,3.524
5667067,0.0004272336,0.00029935142058317685,3.369,3.524
550757,0.000427518,0.0002996068834783664,3.369,3.523
188779,0.0004281146,0.0003002710870058594,3.368,3.522
6328437,0.0004287994,0.0003009863831123903,3.368,3.521
11048799,0.0004292623,0.0003012929385866178,3.367,3.521
18940750,0.0004300703,0.00030159949406084535,3.366,3.521
18738087,0.0004301269,0.00030165058663988325,3.366,3.52
3968244,0.0004307681,0.00030236588274641413,3.366,3.519
6750428,0.0004311126,0.0003029789936948692,3.365,3.519
3035628,0.0004312254,0.000303081178852945,3.365,3.518
16784888,0.0004318802,0.000303745382380438,3.365,3.517
13343213,0.0004320213,0.00030389866011755175,3.364,3.517
8044412,0.0004330083,0.0003044606784869689,3.364,3.516
18192149,0.0004330779,0.0003045117710660068,3.363,3.516
18940646,0.0004339783,0.0003051759745934998,3.363,3.515
11937447,0.0004340289,0.0003052781597515756,3.362,3.515
16068154,0.0004350559,0.0003057890855419548,3.361,3.515
3455433,0.0004352077,0.00030589127070003067,3.361,3.514
11353058,0.0004362761,0.00030655547422752365,3.36,3.513
17853002,0.0004370221,0.00030706640001790285,3.359,3.513
14577443,0.0004374707,0.0003072707703340545,3.359,3.512
12710475,0.0004380472,0.00030762841838731996,3.358,3.512
8893752,0.000438583,0.0003079860664405854,3.358,3.511
2335337,0.0004390659,0.00030834371449385084,3.357,3.511
13759671,0.0004398221,0.0003087013625471163,3.357,3.51
11353072,0.0004400536,0.000308905732863268,3.356,3.51
550685,0.0004406002,0.0003094166586536472,3.356,3.509
1714062,0.0004411213,0.00031008086218114013,3.355,3.509
6062992,0.0004412433,0.0003101319547601781,3.355,3.508
573771,0.0004420849,0.00031079615828767107,3.354,3.508
8146016,0.0004423638,0.00031084725086670897,3.354,3.507
9764392,0.0004430266,0.00031156254697323985,3.354,3.506
8832854,0.0004432367,0.00031161363955227775,3.353,3.506
4286673,0.0004442593,0.0003118691024474674,3.352,3.506
3036853,0.0004449617,0.00031227784307977073,3.352,3.505
5321235,0.0004452106,0.0003123289356588087,3.351,3.505
2396964,0.0004459816,0.0003129931391863016,3.351,3.504
3650944,0.00044622,0.00031319750950245333,3.35,3.504
15317039,0.0004468807,0.00031370843529283254,3.35,3.503
3333089,0.0004473025,0.00031401499076706,3.349,3.503
8725957,0.0004476627,0.0003144237313993634,3.349,3.502
11048342,0.0004482325,0.0003150879349268564,3.348,3.502
1844932,0.0004483338,0.0003151390275058943,3.348,3.501
4162401,0.0004493497,0.00031575213845434937,3.347,3.501
8117543,0.000449699,0.0003159054161914631,3.347,3.5
14127192,0.0004504308,0.00031651852713991815,3.346,3.5
13919032,0.0004505777,0.000316620712297994,3.346,3.499
12943273,0.0004514439,0.00031697836035125945,3.345,3.499
1964854,0.0004519339,0.0003173360084045249,3.345,3.498
17850040,0.0004524198,0.0003177958416158662,3.344,3.498
5382465,0.0004527492,0.0003181023970900937,3.344,3.497
11937971,0.0004534701,0.00031881769319662455,3.343,3.496
19529705,0.0004546309,0.0003195329893031555,3.342,3.495
16272408,0.0004555253,0.0003198906373564209,3.341,3.495
14782535,0.0004558146,0.00032029937798872427,3.341,3.494
6198756,0.0004566379,0.0003206570260419897,3.34,3.494
10567342,0.0004568462,0.00032101467409525515,3.34,3.493
220651,0.0004576217,0.0003213212295694827,3.339,3.493
1508854,0.0004581261,0.000321781062780824,3.339,3.492
17871924,0.0004586901,0.0003222919885712032,3.338,3.492
17759446,0.00045894,0.00032249635888735486,3.338,3.491
8915004,0.0004598199,0.00032321165499388574,3.337,3.491
9399919,0.0004598339,0.00032326274757292365,3.337,3.49
5745677,0.0004607693,0.0003239780436794546,3.337,3.489
1185011,0.0004607935,0.0003240291362584925,3.336,3.489
15328442,0.0004618349,0.00032474443236502336,3.336,3.488
8941360,0.000461946,0.00032479552494406127,3.335,3.488
11048347,0.0004629342,0.00032525535815540257,3.334,3.488
3141546,0.0004636762,0.0003255108210505922,3.334,3.487
15328231,0.0004640297,0.000325613006208668,3.333,3.487
8727205,0.0004649793,0.0003262261171571231,3.333,3.486
11937664,0.0004651487,0.0003263283023151989,3.332,3.486
9320495,0.0004660928,0.00032699250584269186,3.332,3.485
4128387,0.0004662994,0.0003270435984217298,3.331,3.485
3968308,0.0004673016,0.00032770780194922274,3.33,3.485
1553358,0.000467422,0.0003277588945282607,3.33,3.484
6771112,0.0004681692,0.0003284741906347916,3.33,3.483
2161638,0.0004683873,0.00032857637579286744,3.329,3.483
3844103,0.0004689984,0.00032924057932036036,3.329,3.482
1195478,0.0004694108,0.0003294449496365121,3.328,3.482
16501640,0.0004701967,0.0003300069680059292,3.328,3.481
4512439,0.0004705141,0.00033010915316400506,3.327,3.481
14344272,0.0004714141,0.000330773356691498,3.327,3.48
19463578,0.000471597,0.00033082444927053594,3.326,3.48
5903312,0.0004726227,0.00033143756021899095,3.325,3.48
11295788,0.0004728285,0.0003315397453770668,3.325,3.479
729640,0.0004737152,0.0003319995785884081,3.324,3.479
11937974,0.000474146,0.0003323061340626356,3.324,3.478
12737036,0.0004748203,0.00033266378211590104,3.323,3.478
3650715,0.000475418,0.00033307252274820444,3.323,3.477
13699294,0.0004760729,0.00033358344853858364,3.322,3.477
4529280,0.0004763542,0.0003338389114337732,3.322,3.476
3707970,0.0004770033,0.0003344009298031904,3.321,3.476
19549236,0.0004771819,0.00033460530011934206,3.321,3.475
6328761,0.0004781162,0.00033537168880491084,3.32,3.474
1886585,0.0004790285,0.0003361380774904797,3.32,3.473
1675414,0.0004792145,0.0003364446329647072,3.319,3.473
14741145,0.0004802335,0.00033690446617604846,3.319,3.472
16345790,0.0004802944,0.0003370577439131622,3.318,3.472
18014193,0.0004810201,0.0003377219474406552,3.318,3.471
5368023,0.0004814634,0.00033802850291488274,3.317,3.471
6749833,0.0004820462,0.00033848833612622404,3.317,3.47
15663240,0.0004825373,0.0003389481693375653,3.316,3.47
11936690,0.0004828565,0.0003392547248117928,3.316,3.469
7600762,0.0004836983,0.00033956128028602036,3.315,3.469
3844003,0.0004845723,0.0003400211134973616,3.315,3.468
8289329,0.000484794,0.00034017439123447537,3.314,3.468
3844022,0.0004855294,0.00034083859476196835,3.314,3.467
2907018,0.0004859108,0.00034129842797330965,3.313,3.467
11940040,0.0004866005,0.0003416049834475372,3.313,3.466
6327860,0.0004870073,0.0003419115389217647,3.312,3.466
16041559,0.00048795,0.0003424224647121439,3.312,3.465
15142944,0.0004881173,0.00034252464987021973,3.311,3.465
15085205,0.0004893238,0.0003431888533977127,3.31,3.464
1102707,0.0004902035,0.0003439552420832815,3.31,3.463
1635918,0.0004904049,0.0003441596123994332,3.309,3.463
11121407,0.0004914162,0.00034477272334788823,3.309,3.462
17630873,0.0004914805,0.0003448238159269262,3.308,3.462
16946964,0.0004926865,0.000345590204612495,3.307,3.461
7032352,0.0004938227,0.0003463565932980638,3.306,3.46
4577726,0.000494994,0.000346867519088443,3.305,3.46
16238965,0.0004954082,0.0003471740745626705,3.305,3.459
10937128,0.0004960882,0.0003475828151949739,3.304,3.459
2213803,0.0004967381,0.00034794046324823934,3.304,3.458
16068130,0.0004971919,0.00034845138903861854,3.303,3.458
6750413,0.0004976521,0.0003487579445128461,3.303,3.457
19388113,0.0004984674,0.0003492688703032253,3.302,3.457
10630931,0.0004989557,0.00034957542577745276,3.302,3.456
16921636,0.0004994595,0.0003497797960936045,3.301,3.456
8118361,0.0005003106,0.0003503929070420595,3.301,3.455
11771236,0.0005006257,0.0003509038328324387,3.3,3.455
17108885,0.0005008687,0.00035115929572762834,3.3,3.454
12710428,0.0005017506,0.00035197677699223503,3.3,3.453
11048584,0.0005018024,0.0003520789621503109,3.299,3.453
12420842,0.0005030211,0.00035279425825684177,3.298,3.452
5769780,0.000504339,0.0003535606469424106,3.297,3.452
9399754,0.0005044056,0.0003536117395214485,3.297,3.451
16886593,0.0005052595,0.0003541226653118277,3.296,3.451
18709707,0.0005057056,0.00035442922078605525,3.296,3.45
7032446,0.0005064202,0.00035494014657643446,3.295,3.45
16648272,0.0005067287,0.000355246702050662,3.295,3.449
14154041,0.0005075903,0.0003559619981571929,3.294,3.449
81216,0.0005078265,0.0003560641833152687,3.294,3.448
9350521,0.0005088229,0.00035667729426372375,3.293,3.448
7251141,0.0005089522,0.0003568816645798754,3.293,3.447
5793556,0.0005099383,0.0003575969606864063,3.292,3.447
6597477,0.0005100869,0.00035769914584448217,3.292,3.446
16204675,0.0005111635,0.0003583122567929372,3.291,3.446
8072347,0.0005115319,0.0003585166271090889,3.291,3.445
15741262,0.0005124128,0.0003590275528994681,3.29,3.445
16927610,0.0005127093,0.00035938520095273355,3.29,3.444
12837950,0.0005135958,0.00036010049705926443,3.289,3.444
19325959,0.0005137325,0.0003602026822173403,3.289,3.443
6134865,0.0005146615,0.00036071360800771945,3.288,3.443
15210945,0.0005153083,0.000361020163481947,3.288,3.442
1102623,0.0005158368,0.0003614289041142504,3.287,3.442
14922862,0.0005162297,0.0003618376447465537,3.287,3.441
8032479,0.0005170732,0.00036260403343212256,3.286,3.441
4134840,0.0005171156,0.00036270621859019837,3.286,3.44
5793500,0.0005179476,0.0003635236998548051,3.286,3.439
8118228,0.0005183925,0.00036388134790807055,3.285,3.439
17438774,0.0005194554,0.00036434118111941185,3.284,3.438
6526533,0.0005206262,0.00036510756980498064,3.283,3.438
17506823,0.000520911,0.0003652097549630565,3.283,3.437
14920663,0.0005215323,0.00036602723622766324,3.283,3.436
10797737,0.0005218302,0.00036618051396477695,3.282,3.436
1047480,0.0005227689,0.0003668958100713079,3.282,3.435
11533719,0.0005231126,0.00036715127296649746,3.281,3.435
12734659,0.0005233736,0.0003677132913359146,3.281,3.434
5857913,0.000524277,0.0003684796800214834,3.28,3.434
1195493,0.0005244379,0.0003685818651795593,3.28,3.433
6080933,0.0005255201,0.0003692460687070522,3.279,3.433
15730155,0.0005259734,0.0003694504390232039,3.279,3.432
13012863,0.0005266122,0.0003702679202878106,3.279,3.431
14313825,0.0005267193,0.00037031901286684857,3.278,3.431
16005443,0.0005278856,0.00037113649413145525,3.277,3.43
12364537,0.0005290225,0.00037200506797509995,3.277,3.429
9089141,0.0005293054,0.00037205616055413786,3.276,3.429
15730157,0.0005306643,0.0003726692715025929,3.275,3.429
9307235,0.0005309317,0.00037282254923970664,3.275,3.428
19324738,0.0005314977,0.0003734356601881617,3.274,3.428
6932268,0.0005316737,0.0003736911230833513,3.274,3.427
19504814,0.0005328001,0.00037455969692699593,3.273,3.426
11353027,0.0005339535,0.000375172807875451,3.272,3.426
15667418,0.0005342728,0.00037542827077064063,3.272,3.425
11522118,0.0005351804,0.00037604138171909565,3.271,3.425
18517976,0.0005353305,0.0003762968446142853,3.271,3.424
12343077,0.0005364337,0.00037701214072081616,3.27,3.424
5609155,0.0005366072,0.0003771654184579299,3.27,3.423
4263219,0.0005373872,0.00037803399230157457,3.27,3.422
5191427,0.0005377278,0.0003781361774596504,3.269,3.422
1659662,0.0005388557,0.0003789025661452192,3.269,3.421
12710405,0.0005388964,0.0003789536587242571,3.268,3.421
7319791,0.0005401979,0.0003796178622517501,3.267,3.421
6750476,0.0005404037,0.00037977113998886386,3.267,3.42
5584173,0.0005414013,0.00038038425093731893,3.266,3.42
12215273,0.0005417002,0.0003806397138325085,3.266,3.419
4201479,0.00054272,0.0003812528247809636,3.265,3.419
14874175,0.0005429266,0.00038150828767615316,3.265,3.418
6934518,0.0005438778,0.00038217249120364613,3.264,3.418
1659676,0.0005442562,0.0003824279540988357,3.264,3.417
7401424,0.0005452527,0.0003832965279424804,3.263,3.416
13343231,0.0005464347,0.0003841140092070871,3.262,3.416
5584140,0.00054644,0.00038416510178612505,3.262,3.415
3546288,0.0005476266,0.0003850847682088076,3.262,3.414
16243277,0.0005479553,0.0003851358607878455,3.261,3.414
7271220,0.0005493398,0.0003855446014201489,3.26,3.414
11937843,0.0005501184,0.00038595334205245225,3.26,3.413
15492515,0.0005502507,0.0003860555272105281,3.259,3.413
5546294,0.0005510854,0.0003868219158960969,3.259,3.412
6750468,0.0005516052,0.00038692410105417276,3.258,3.412
3549153,0.0005527623,0.00038763939716070364,3.257,3.412
7032453,0.0005529367,0.0003877415823187795,3.257,3.411
5583954,0.0005542417,0.00038861015616242415,3.256,3.41
8118151,0.0005552937,0.00038942763742703083,3.255,3.41
3439800,0.0005554225,0.0003895298225851067,3.255,3.409
4263042,0.0005567288,0.0003900407483754859,3.254,3.409
14814916,0.0005572215,0.00039039839642875134,3.254,3.408
3715965,0.0005579241,0.0003908071370610547,3.253,3.408
5584051,0.0005587138,0.0003913180628514339,3.253,3.407
13238137,0.000559117,0.00039162461832566143,3.252,3.407
18482543,0.0005601702,0.0003922377292741165,3.252,3.406
17674891,0.0005605061,0.00039244209959026817,3.251,3.406
1658709,0.0005612013,0.00039310630311776114,3.251,3.405
18632567,0.0005617235,0.00039356613632910245,3.25,3.405
18895130,0.0005621276,0.0003940259695404437,3.25,3.404
2261274,0.0005629943,0.00039469017306793667,3.249,3.404
4263106,0.0005635349,0.0003949456359631263,3.249,3.403
12852225,0.0005643061,0.0003955587469115813,3.248,3.403
4920438,0.0005646046,0.00039586530238580885,3.248,3.402
17481090,0.0005656258,0.0003965295059133018,3.247,3.402
8915160,0.0005664052,0.0003967849688084914,3.247,3.401
2185394,0.0005669087,0.0003969893391246431,3.246,3.401
2796948,0.0005677794,0.0003976535426521361,3.246,3.4
5382457,0.0005682155,0.00039806228328443944,3.245,3.4
1887247,0.0005692802,0.00039857320907481865,3.245,3.399
17294539,0.0005696021,0.0003987775793909703,3.244,3.399
10388413,0.0005704913,0.0003994928754975012,3.244,3.398
4606758,0.0005709009,0.00039969724581365287,3.243,3.398
16537568,0.0005716231,0.0004004125419201838,3.243,3.397
12439822,0.0005721429,0.00040087237513152505,3.242,3.397
14367722,0.0005728194,0.00040133220834286635,3.242,3.396
17702254,0.0005735158,0.00040184313413324556,3.241,3.396
19375667,0.0005739725,0.00040230296734458686,3.241,3.395
2335363,0.0005749172,0.0004027117079768902,3.24,3.395
5382381,0.0005758342,0.0004032226337672694,3.24,3.394
4562862,0.0005762787,0.0004032737263463073,3.239,3.394
17592026,0.0005774923,0.0004039379298738003,3.238,3.394
10730653,0.0005776642,0.00040414230018995196,3.238,3.393
11048361,0.0005787865,0.00040475541113840703,3.237,3.393
12630923,0.0005793695,0.00040506196661263457,3.237,3.392
2849483,0.0005801133,0.0004054707072449379,3.236,3.392
7365728,0.000581003,0.0004059816330353171,3.236,3.391
13220538,0.0005814669,0.0004061860033514688,3.235,3.391
8685007,0.0005819567,0.00040695239203703763,3.235,3.39
5086783,0.000582859,0.00040776987330164437,3.234,3.39
5448103,0.0005829579,0.0004078720584597202,3.234,3.389
2878254,0.000583793,0.0004087917248824028,3.234,3.388
15999040,0.00058421,0.00040909828035663026,3.233,3.388
7032464,0.0005851991,0.00040976248388412324,3.233,3.387
8217080,0.0005854665,0.00041001794677931287,3.232,3.387
7305788,0.0005863297,0.00041068215030680584,3.232,3.386
15702559,0.0005868196,0.0004109887057810334,3.231,3.386
11159214,0.0005875591,0.0004116529093085263,3.231,3.385
5728258,0.0005882134,0.00041221492767794346,3.23,3.385
10088286,0.0005885604,0.0004125725757312089,3.23,3.384
5388441,0.0005895943,0.00041339005699581564,3.229,3.384
17855126,0.0005898485,0.00041354333473292936,3.229,3.383
17253361,0.000590903,0.0004143097234184982,3.228,3.383
7032340,0.0005912516,0.00041451409373464987,3.228,3.382
8234526,0.0005921236,0.00041543376015733247,3.228,3.381
16928224,0.0005925,0.0004155359453154083,3.227,3.381
4532798,0.0005934995,0.0004164045191590529,3.227,3.38
2981862,0.0005936965,0.00041645561173809083,3.226,3.38
6839959,0.000594664,0.00041737527816077343,3.226,3.379
3044069,0.000595038,0.000417630741055963,3.225,3.379
1971929,0.0005962867,0.00041834603716249394,3.225,3.378
16054323,0.000596354,0.00041849931489960766,3.224,3.378
16422998,0.0005975391,0.0004193167961642144,3.224,3.377
16204868,0.0005977589,0.00041941898132229026,3.223,3.377
4138466,0.0005990354,0.0004202875551659349,3.223,3.376
6170811,0.0005992031,0.0004203897403240107,3.222,3.376
12403501,0.0006005364,0.0004209006661143899,3.221,3.376
10791420,0.000601219,0.0004212583141676554,3.221,3.375
7783025,0.0006019019,0.0004215648696418829,3.22,3.375
18237042,0.000602891,0.00042222907316937587,3.22,3.374
18901540,0.0006033399,0.0004225867212226413,3.219,3.374
11330727,0.000603927,0.0004231998321710964,3.219,3.373
16204634,0.000604717,0.00042391512827762726,3.218,3.373
17283289,0.0006054432,0.0004241705911728169,3.218,3.372
7225988,0.0006060664,0.00042457933180512023,3.217,3.372
17627005,0.0006067792,0.00042514135017453734,3.217,3.371
11685338,0.0006074637,0.00042565227596491655,3.216,3.371
16540923,0.0006082635,0.00042611210917625785,3.216,3.37
6656208,0.0006088547,0.00042677631270375083,3.215,3.37
18560125,0.0006095333,0.00042708286817797836,3.215,3.369
19463687,0.0006104584,0.0004274916088102817,3.214,3.369
10088321,0.0006115037,0.0004281047197587368,3.214,3.368
5934852,0.0006116958,0.00042825799749585054,3.213,3.368
1248893,0.0006130922,0.00042907547876045723,3.212,3.367
3610712,0.0006145496,0.00043004623776217774,3.211,3.366
2981814,0.000615819,0.00043106808934293615,3.211,3.365
693091,0.0006159084,0.00043111918192197406,3.21,3.365
14344256,0.0006170384,0.00043203884834465666,3.21,3.364
9715071,0.0006173366,0.00043234540381888414,3.209,3.364
16368515,0.0006180374,0.0004330606999254151,3.209,3.363
15501172,0.0006187436,0.0004336738108738701,3.208,3.363
4086998,0.0006192105,0.00043403145892713553,3.208,3.362
18816231,0.0006202057,0.0004346445698755906,3.207,3.362
12561264,0.0006207476,0.00043505331050789394,3.207,3.361
7539334,0.0006216493,0.0004354109585611594,3.206,3.361
5382150,0.0006220255,0.00043602406950961445,3.206,3.36
5708937,0.0006230998,0.00043658608787903156,3.205,3.36
12095767,0.0006237587,0.00043704592109037287,3.205,3.359
11995940,0.0006245587,0.0004373524765646004,3.204,3.359
3379063,0.0006254797,0.0004380677726711313,3.204,3.358
10235962,0.000626022,0.00043822105040824505,3.203,3.358
11569283,0.0006268564,0.0004390385316728518,3.203,3.357
3166937,0.0006273855,0.00043944727230515513,3.202,3.357
3196339,0.0006284511,0.0004400603832536102,3.202,3.356
7148626,0.0006288305,0.0004403669387278377,3.201,3.356
4012925,0.0006300117,0.0004410822348343686,3.201,3.355
17028938,0.000630368,0.0004412866051505203,3.2,3.355
1553622,0.0006317361,0.00044200190125705117,3.199,3.355
15184610,0.000631885,0.000442104086415127,3.199,3.354
3332985,0.0006331459,0.0004429215676797337,3.198,3.354
17390481,0.0006333797,0.0004431259379958854,3.198,3.353
3166973,0.0006346795,0.0004441477895766438,3.197,3.352
12744211,0.0006360154,0.0004451696411574022,3.197,3.351
10358076,0.0006361213,0.0004452207337364402,3.196,3.351
1765358,0.0006375389,0.00044598712242200896,3.195,3.351
3675054,0.0006381115,0.00044619149273816063,3.195,3.35
15741932,0.0006391917,0.0004468556962656536,3.194,3.35
10375693,0.0006396972,0.00044721334431891904,3.194,3.349
16768462,0.0006405491,0.00044772427010929825,3.193,3.349
15977766,0.0006410648,0.00044823519589967745,3.193,3.348
4262695,0.0006419589,0.0004488483068481325,3.192,3.348
4162447,0.0006432138,0.0004493081400594738,3.192,3.347
5382340,0.0006435789,0.0004494614177965876,3.191,3.347
8830443,0.0006449804,0.0004502788990611943,3.19,3.347
19187482,0.000645021,0.00045032999164023224,3.19,3.346
1471980,0.0006464957,0.00045094310258868726,3.189,3.346
6009117,0.0006471471,0.00045135184322099065,3.189,3.345
2688661,0.0006480598,0.0004520160467484836,3.188,3.345
3906935,0.0006485553,0.00045242478738078697,3.188,3.344
14323891,0.0006494406,0.0004529357131711662,3.187,3.344
2994756,0.0006504221,0.0004534466389615454,3.187,3.343
6750401,0.0006509601,0.00045365100927769706,3.186,3.343
4262693,0.0006518065,0.0004544684905423038,3.186,3.342
7453081,0.0006524466,0.0004547239534374934,3.185,3.342
2185423,0.0006537365,0.0004555414347021001,3.185,3.341
6041933,0.0006539048,0.00045579689759728975,3.184,3.341
5857934,0.0006552283,0.00045656328628285853,3.184,3.34
2483482,0.0006554166,0.00045661437886189643,3.183,3.34
10042891,0.0006569872,0.00045707421207323774,3.182,3.34
4273458,0.0006578133,0.00045763623044265485,3.182,3.339
15092596,0.0006587373,0.00045814715623303405,3.181,3.339
188691,0.0006593274,0.0004587091746024512,3.181,3.338
15663575,0.0006600525,0.0004592201003928304,3.18,3.338
8146437,0.00066061,0.00045973102618320963,3.18,3.337
2276900,0.0006616966,0.00046024195197358884,3.179,3.337
1553341,0.0006629792,0.00046080397034300595,3.179,3.336
16623959,0.0006630685,0.00046085506292204386,3.178,3.336
816695,0.0006645105,0.00046187691450280227,3.177,3.335
18378841,0.0006659974,0.0004629498586625986,3.177,3.334
12869608,0.0006660839,0.00046300095124163654,3.176,3.334
19214089,0.0006676524,0.00046402280282239496,3.175,3.333
6750469,0.0006696073,0.00046484028408700165,3.174,3.333
7032622,0.0006697383,0.0004650957469821913,3.174,3.332
15522560,0.0006707011,0.0004654023024564188,3.173,3.332
3276859,0.0006720324,0.0004661686911419876,3.173,3.331
12095739,0.00067255,0.00046621978372102555,3.172,3.331
14799037,0.0006737629,0.0004672416353017839,3.171,3.33
9637309,0.0006752131,0.0004683145794615803,3.171,3.329
13698565,0.0006753347,0.00046851894977773196,3.17,3.329
1047353,0.000676861,0.0004693875236213766,3.17,3.328
8841990,0.0006768652,0.0004694386162004145,3.169,3.328
9864578,0.0006784023,0.0004704604677811729,3.169,3.327
17286833,0.0006785154,0.0004705115603602109,3.168,3.327
8118293,0.0006800288,0.00047143122678289343,3.167,3.327
15866134,0.0006801188,0.0004715334119409693,3.167,3.326
4263295,0.0006815918,0.0004726574486798035,3.166,3.325
2263046,0.0006831851,0.00047367930026056193,3.165,3.325
16855061,0.0006831874,0.00047373039283959983,3.165,3.324
14546490,0.0006847394,0.00047459896668324453,3.164,3.324
8547501,0.000685124,0.0004748033369993962,3.164,3.323
7142252,0.0006865233,0.000475569725684965,3.163,3.323
12773507,0.0006868099,0.0004759273737382304,3.163,3.322
10593504,0.0006878914,0.00047643829952860963,3.162,3.322
7941792,0.0006883947,0.0004770003178980268,3.162,3.321
12710301,0.000689465,0.0004776134288464818,3.161,3.321
13013529,0.0006902518,0.000478124354636861,3.161,3.32
5882709,0.0006910353,0.0004785330952691644,3.16,3.32
4263041,0.0006921077,0.00047919729879665734,3.16,3.319
18940081,0.0006926493,0.00047965713200799864,3.159,3.319
15106389,0.0006934524,0.0004803213355354916,3.159,3.318
12439705,0.0006943683,0.0004808833539049087,3.158,3.318
2920244,0.0006950435,0.00048139427969528793,3.158,3.317
4684230,0.0006958495,0.0004819562980647051,3.157,3.317
12482598,0.0006969563,0.0004825183164341222,3.157,3.316
11046937,0.0006976619,0.0004829781496454635,3.156,3.316
13759641,0.0006986443,0.00048364235317295643,3.156,3.315
2790846,0.0006990693,0.00048400000122622187,3.155,3.315
9268307,0.0006999158,0.0004847663899117907,3.155,3.314
4885166,0.0007007649,0.0004852773157021699,3.154,3.314
18940785,0.0007015835,0.000485890426650625,3.154,3.313
15790583,0.0007023909,0.0004864524450200421,3.153,3.313
17212862,0.0007033949,0.0004870144633894592,3.153,3.312
1176365,0.0007039211,0.0004875253891798384,3.152,3.312
7782171,0.0007049159,0.0004881385001282935,3.152,3.311
11344340,0.0007055832,0.0004885983333396348,3.151,3.311
16537550,0.0007065794,0.0004892625368671278,3.151,3.31
67576,0.0007072781,0.0004895690923413553,3.15,3.31
5177144,0.0007088115,0.000490386573605962,3.149,3.309
225615,0.0007102603,0.0004915106103447962,3.149,3.308
5708974,0.0007104259,0.0004915617029238341,3.148,3.308
1887057,0.0007115118,0.0004926346470836304,3.148,3.307
18413066,0.0007120655,0.0004931455728740097,3.147,3.307
56310,0.0007128284,0.0004937586838224648,3.147,3.306
11473415,0.0007138554,0.0004943717947709198,3.146,3.306
317993,0.0007144569,0.000494882720561299,3.146,3.305
7705788,0.0007154004,0.0004959556647210953,3.145,3.305
18058615,0.0007157656,0.0004960578498791712,3.145,3.304
4704797,0.0007170105,0.0004969264237228158,3.144,3.304
13689576,0.0007171971,0.0004971818866180054,3.144,3.303
15180886,0.0007184148,0.0004983570159358776,3.144,3.302
1047426,0.0007188944,0.0004985102936729914,3.143,3.302
9314449,0.0007201303,0.0004994810526747119,3.143,3.301
16196552,0.0007202999,0.0004995321452537498,3.142,3.301
9089022,0.0007216805,0.000500656181992584,3.142,3.3
2655418,0.0007219653,0.0005009627374668116,3.141,3.3
2381542,0.0007235531,0.0005017802187314182,3.141,3.299
4365491,0.0007237043,0.0005019334964685321,3.14,3.299
17384099,0.0007252855,0.000502597699996025,3.139,3.299
11887379,0.0007260531,0.0005029553480492905,3.139,3.298
441179,0.0007269504,0.0005033129961025559,3.138,3.298
12986133,0.0007282202,0.0005041304773671626,3.138,3.297
18386048,0.0007286724,0.0005044370328413901,3.137,3.297
3668907,0.000730034,0.0005052545141059968,3.137,3.296
4821010,0.0007304259,0.0005054077918431106,3.136,3.296
2986675,0.0007317941,0.0005064296434238691,3.136,3.295
46568,0.0007319911,0.0005066851063190587,3.135,3.295
13016027,0.0007331476,0.0005076047727417412,3.135,3.294
12550341,0.0007337721,0.0005078602356369308,3.134,3.294
16041056,0.0007349539,0.0005087799020596134,3.134,3.293
15148991,0.0007354348,0.000508984272375765,3.133,3.293
2429803,0.0007370177,0.0005099550313774855,3.133,3.292
1686837,0.0007371146,0.0005101083091145994,3.132,3.292
1577205,0.000738717,0.0005111301606953578,3.132,3.291
7705912,0.0007387964,0.0005111812532743957,3.131,3.291
13426304,0.0007404734,0.0005121009196970782,3.13,3.291
17384438,0.0007410102,0.0005123052900132299,3.13,3.29
12403812,0.0007422328,0.0005133271415939883,3.129,3.29
2725954,0.0007425229,0.000513480419331102,3.129,3.289
19193001,0.000743939,0.0005144511783328225,3.128,3.289
8704168,0.0007442592,0.0005146555486489743,3.128,3.288
7222728,0.0007455971,0.000515473029913581,3.127,3.288
12953322,0.0007463302,0.0005158306779668464,3.127,3.287
15752958,0.0007474507,0.0005164437889153015,3.126,3.287
3659487,0.0007482585,0.0005170568998637565,3.126,3.286
14329399,0.000749059,0.0005178232885493253,3.125,3.286
7538514,0.0007499361,0.0005182320291816287,3.125,3.285
3363354,0.0007507796,0.000519356065920463,3.124,3.285
5727956,0.0007508289,0.0005194071584995009,3.124,3.284
6932612,0.0007525045,0.0005204290100802593,3.123,3.284
12501172,0.000752933,0.0005206333803964109,3.123,3.283
3545782,0.0007540094,0.0005218085097142832,3.123,3.282
4138436,0.0007542757,0.0005220128800304348,3.122,3.282
1448313,0.0007557635,0.0005230347316111932,3.122,3.281
1660111,0.0007559667,0.000523188009348307,3.121,3.281
9764775,0.0007578131,0.0005242098609290654,3.12,3.28
8209693,0.0007594997,0.0005253338976678997,3.119,3.28
13138329,0.0007596875,0.0005254360828259755,3.119,3.279
16736682,0.0007608737,0.0005266623047228856,3.119,3.278
11048344,0.000761235,0.000527019952776151,3.118,3.278
15752959,0.0007624497,0.0005278374340407577,3.118,3.277
11936488,0.0007629693,0.0005281439895149853,3.117,3.277
16648307,0.0007639608,0.0005290636559376679,3.117,3.276
11111803,0.0007647223,0.0005295234891490091,3.116,3.276
4173101,0.0007657126,0.000530289877834578,3.116,3.275
4875877,0.0007666158,0.0005308008036249572,3.115,3.275
15256319,0.0007676369,0.000531516099731488,3.115,3.274
7193830,0.0007682863,0.0005319248403637914,3.114,3.274
14437011,0.0007703082,0.0005325890438912844,3.113,3.274
390880,0.0007703672,0.0005327423216283982,3.113,3.273
816690,0.000771992,0.0005336619880510807,3.112,3.273
7239054,0.0007724561,0.0005339685435253082,3.112,3.272
6436902,0.0007735933,0.0005345816544737633,3.111,3.272
10900496,0.0007741735,0.0005351947654222183,3.111,3.271
1706219,0.0007753715,0.000536114431844901,3.11,3.271
8084371,0.0007758959,0.0005364209873191285,3.11,3.27
14707953,0.0007772668,0.000537340653741811,3.109,3.27
2185236,0.0007773955,0.0005376983017950764,3.109,3.269
7032481,0.0007785994,0.0005389245236919866,3.109,3.268
9162012,0.000778941,0.0005395376346404416,3.108,3.268
1887309,0.0007794011,0.0005401507455888966,3.108,3.267
6341252,0.0007807393,0.0005407127639583138,3.107,3.267
14508602,0.0007818632,0.0005414280600648446,3.107,3.266
1027260,0.0007825394,0.0005417346155390722,3.106,3.266
10956025,0.0007831897,0.0005426542819617548,3.106,3.265
14965947,0.0007844151,0.0005435228558053994,3.105,3.265
5205540,0.0007846125,0.0005438805038586648,3.105,3.264
10238684,0.0007861903,0.000545106725755575,3.104,3.264
3025179,0.000786196,0.0005451578183346129,3.104,3.263
17872003,0.0007880146,0.0005462307624944092,3.103,3.263
17033391,0.0007887525,0.0005464351328105609,3.103,3.262
4164387,0.0007898021,0.0005472015214961297,3.102,3.262
625108,0.0007903965,0.0005476613547074709,3.102,3.261
13759704,0.0007916952,0.0005486321137091914,3.101,3.261
14979626,0.0007920065,0.000548938669183419,3.101,3.26
12290729,0.0007934262,0.0005499094281851395,3.1,3.26
2162234,0.0007938895,0.000550215983659367,3.1,3.259
4639306,0.0007953518,0.0005509823723449358,3.099,3.259
16968388,0.0007957962,0.000551442205556277,3.099,3.258
11936758,0.0007970846,0.0005523107793999217,3.098,3.258
15678629,0.0007976878,0.0005527195200322251,3.098,3.257
3278899,0.0007989278,0.0005536391864549077,3.097,3.257
18250695,0.0007991939,0.0005539968345081731,3.097,3.256
9500818,0.0008008152,0.0005549165009308557,3.096,3.256
15031913,0.000801694,0.0005552741489841212,3.096,3.255
5331623,0.000802648,0.0005559894450906521,3.095,3.255
14534298,0.0008033019,0.0005565514634600691,3.095,3.254
9268222,0.000804456,0.0005576244076198655,3.094,3.254
19490636,0.0008046316,0.0005578287779360172,3.094,3.253
7032479,0.000806324,0.0005587484443586998,3.093,3.253
14594586,0.0008074394,0.0005591571849910031,3.093,3.252
3276866,0.0008082075,0.0005595659256233065,3.092,3.252
18525251,0.0008096839,0.0005604344994669512,3.092,3.251
6305955,0.000810163,0.0005605877772040649,3.091,3.251
13776272,0.0008120009,0.0005616096287848233,3.09,3.251
1772443,0.0008122307,0.0005617118139428991,3.09,3.25
4224068,0.0008139529,0.0005625803877865438,3.089,3.25
6749182,0.0008145419,0.0005629891284188471,3.089,3.249
14532522,0.0008156911,0.0005637555171044159,3.088,3.249
16958050,0.0008163521,0.0005643175354738331,3.088,3.248
6167453,0.0008176402,0.000565032831580364,3.087,3.248
18822986,0.000818603,0.0005655948499497811,3.087,3.247
1552938,0.0008195091,0.0005664123312143878,3.086,3.247
11321209,0.0008203616,0.0005669232570047671,3.086,3.246
11481351,0.0008213393,0.0005678940160064876,3.085,3.246
7805402,0.0008218431,0.000568200571480715,3.085,3.245
9084209,0.00082324,0.0005689669601662839,3.084,3.245
3657540,0.0008244949,0.000569528978535701,3.084,3.244
3657569,0.0008251694,0.0005700399043260802,3.083,3.244
17008168,0.000826945,0.0005708573855906869,3.083,3.243
12791312,0.0008270378,0.0005709084781697248,3.082,3.243
6038433,0.000829073,0.000572083607487597,3.081,3.243
5506597,0.0008291591,0.0005721857926456729,3.081,3.242
8652510,0.0008305436,0.0005734631071216209,3.081,3.241
4060545,0.0008309764,0.0005736163848587346,3.08,3.241
17592239,0.0008328924,0.0005745360512814172,3.079,3.241
18510721,0.0008333842,0.0005747915141766068,3.079,3.24
9614815,0.0008346663,0.0005757622731783274,3.078,3.24
70399,0.0008352733,0.0005761199212315928,3.078,3.239
11436279,0.0008367325,0.000577243957970427,3.077,3.239
17473275,0.0008368606,0.0005774483282865786,3.077,3.238
6307612,0.0008384175,0.0005787767353415646,3.077,3.237
1978196,0.000838535,0.0005789300130786784,3.076,3.237
14873349,0.0008403349,0.0005801051423965505,3.076,3.236
4156292,0.0008405509,0.0005801562349755884,3.075,3.236
11486632,0.0008424466,0.0005814335494515365,3.074,3.235
15328181,0.0008443554,0.000582404308453257,3.073,3.235
7094148,0.0008448153,0.0005828130490855603,3.073,3.234
16005744,0.0008462699,0.0005838349006663187,3.072,3.234
11436370,0.0008467601,0.0005841414561405463,3.072,3.233
8248281,0.0008483244,0.0005851122151422668,3.071,3.233
16493694,0.000848998,0.0005854698631955322,3.071,3.232
3988969,0.0008502092,0.0005860829741439873,3.07,3.232
6580224,0.000851661,0.0005868493628295561,3.07,3.231
11436218,0.0008523115,0.0005871048257247457,3.069,3.231
18136922,0.0008539767,0.000588177769884542,3.069,3.23
15062715,0.0008541368,0.0005882799550426178,3.068,3.23
4270042,0.0008553297,0.0005895572695185659,3.068,3.229
14925835,0.0008561819,0.000590119287887983,3.067,3.229
13405617,0.0008571354,0.0005908856765735518,3.067,3.228
9632900,0.000858032,0.0005918053429962343,3.066,3.228
18021274,0.0008585557,0.0005922651762075757,3.066,3.227
10611813,0.0008600431,0.0005930826574721824,3.065,3.227
1659941,0.0008609073,0.0005936446758415995,3.065,3.226
730640,0.0008620655,0.0005942577867900546,3.064,3.226
19512979,0.0008635905,0.0005950241754756234,3.064,3.225
17517527,0.0008642283,0.000595228545791775,3.063,3.225
18058510,0.0008661894,0.0005962503973725334,3.062,3.225
19225763,0.0008662135,0.0005963525825306093,3.062,3.224
12785952,0.0008679376,0.0005977320821646332,3.062,3.223
1829256,0.0008679699,0.0005977831747436711,3.061,3.223
5345163,0.0008700184,0.0005990093966405812,3.06,3.223
11128014,0.0008700373,0.000599111581798657,3.06,3.222
5319864,0.0008720023,0.0006002356185374913,3.059,3.222
8737078,0.0008725782,0.0006004910814326809,3.059,3.221
10622371,0.0008740957,0.0006016151181715151,3.058,3.221
12650723,0.0008746285,0.0006018705810667047,3.058,3.22
13517448,0.0008759311,0.0006033011732797665,3.058,3.219
8984450,0.0008760375,0.0006033522658588044,3.057,3.219
7241557,0.0008782617,0.0006045273951766766,3.056,3.219
8532017,0.0008784517,0.0006046806729137904,3.056,3.218
15260502,0.0008802027,0.0006053448764412833,3.055,3.218
2738897,0.0008810488,0.0006060601725478142,3.055,3.217
14980083,0.0008820945,0.000606877653812421,3.054,3.217
13689793,0.0008830421,0.0006074396721818381,3.054,3.216
14671113,0.0008841562,0.0006084615237625965,3.053,3.216
8805221,0.0008846792,0.0006088702643948998,3.053,3.215
3747048,0.0008861848,0.0006096366530804687,3.052,3.215
15031873,0.0008874783,0.0006102497640289237,3.052,3.214
9372567,0.0008882222,0.000610709597240265,3.051,3.214
18011883,0.000889568,0.0006116803562419855,3.051,3.213
7208661,0.0008903126,0.000611986911716213,3.05,3.213
5857920,0.0008917403,0.0006130598558760094,3.05,3.212
1527799,0.0008924249,0.0006137240594035024,3.049,3.212
6788190,0.0008936476,0.0006144904480890711,3.049,3.211
7782032,0.0008943929,0.0006153079293536778,3.048,3.211
13714185,0.0008961352,0.0006159210403021329,3.048,3.21
5028200,0.0008964274,0.0006161254106182846,3.047,3.21
12061095,0.0008978329,0.0006173516325151947,3.047,3.209
4876307,0.0008984787,0.0006176581879894222,3.046,3.209
7032475,0.0009006556,0.0006186289469911427,3.045,3.209
770236,0.0009009761,0.0006187311321492185,3.045,3.208
17871850,0.0009026155,0.0006196507985719011,3.044,3.208
15270428,0.0009038434,0.0006201617243622803,3.044,3.207
16054391,0.0009049219,0.0006206726501526595,3.043,3.207
1882343,0.000906916,0.0006213368536801525,3.042,3.207
6339136,0.0009070748,0.0006215923165753421,3.042,3.206
13302521,0.000908706,0.0006230229087884039,3.042,3.205
6253252,0.0009089958,0.0006232272791045555,3.041,3.205
15330579,0.0009105214,0.0006244535010014656,3.041,3.204
4727606,0.0009110557,0.0006250155193708828,3.04,3.204
8653374,0.0009121128,0.0006259351857935653,3.04,3.203
9786840,0.0009131136,0.0006265993893210583,3.039,3.203
16910292,0.0009142855,0.0006273657780066271,3.039,3.202
11436362,0.000915175,0.0006282854444293097,3.038,3.202
374571,0.000915542,0.0006287963702196889,3.038,3.201
16041235,0.0009173433,0.0006298693143794853,3.037,3.201
19557266,0.0009177366,0.0006302780550117886,3.037,3.2
1703361,0.0009194576,0.0006314531843296607,3.036,3.2
17929153,0.000919864,0.0006317086472248504,3.036,3.199
5205875,0.0009215507,0.0006327815913846467,3.035,3.199
1541343,0.0009219905,0.00063319033201695,3.035,3.198
6037759,0.0009236765,0.0006343654613348222,3.034,3.198
15804457,0.0009239551,0.0006346209242300119,3.034,3.197
15319432,0.0009258806,0.0006354384054946186,3.033,3.197
2718740,0.0009269742,0.0006361026090221115,3.033,3.196
2927067,0.0009280261,0.0006370222754447941,3.032,3.196
18701027,0.0009285993,0.0006375332012351733,3.032,3.195
6093951,0.0009301437,0.0006386572379740075,3.031,3.195
2915048,0.0009305353,0.0006390148860272731,3.031,3.194
19435920,0.0009321993,0.0006403432930822589,3.03,3.194
18413227,0.0009323578,0.0006404965708193727,3.03,3.193
18250667,0.0009343313,0.0006419271630324345,3.029,3.193
663532,0.0009343444,0.0006419782556114724,3.029,3.192
4132833,0.0009367302,0.0006434599404035722,3.028,3.191
8090216,0.0009386573,0.0006446861623004822,3.027,3.191
6042739,0.0009390687,0.0006449416251956718,3.027,3.19
13933472,0.0009408336,0.000646116754513544,3.026,3.19
4164672,0.0009411522,0.0006464233099877715,3.026,3.189
5631699,0.0009429994,0.0006471386060943024,3.025,3.189
3849616,0.0009441739,0.0006479049947798713,3.025,3.188
1803169,0.0009451699,0.0006484670131492883,3.024,3.188
1102491,0.0009474279,0.000649335586992933,3.023,3.188
11619727,0.000947449,0.0006493866795719709,3.023,3.187
9636962,0.0009495843,0.0006507150866269569,3.022,3.187
5363616,0.0009499214,0.0006509194569431085,3.022,3.186
12820351,0.000951308,0.0006524011417352082,3.022,3.185
6485332,0.0009519177,0.0006528098823675116,3.021,3.185
5343012,0.0009536643,0.0006539339191063458,3.021,3.184
4461125,0.0009539804,0.0006540361042644216,3.02,3.184
12712018,0.000956341,0.00065505795584518,3.019,3.184
15008115,0.0009570273,0.0006554156038984455,3.019,3.183
14974247,0.0009583439,0.0006561309000049765,3.018,3.183
18970580,0.0009593532,0.0006569483812695832,3.018,3.182
12710415,0.0009605113,0.0006577658625341898,3.017,3.182
3202589,0.0009619671,0.0006584300660616828,3.017,3.181
2321974,0.000962723,0.0006587877141149483,3.016,3.181
16882095,0.0009646797,0.0006599628434328205,3.016,3.18
13439105,0.0009649694,0.0006602183063280101,3.015,3.18
1967391,0.0009666431,0.000661495620803958,3.015,3.179
6436956,0.0009673716,0.0006617510836991477,3.014,3.179
2055044,0.0009695476,0.0006629262130170198,3.013,3.179
15031946,0.0009697189,0.0006630283981750957,3.013,3.178
4156261,0.0009716396,0.0006643057126510437,3.012,3.178
11796672,0.0009717533,0.0006645100829671954,3.012,3.177
14837574,0.0009739813,0.0006655830271269917,3.011,3.177
6107159,0.0009745617,0.0006660428603383331,3.011,3.176
5616852,0.0009762078,0.0006670647119190915,3.01,3.176
4349970,0.0009771181,0.0006675756377094706,3.01,3.175
15712985,0.0009785183,0.0006682909338160015,3.009,3.175
15455416,0.000979915,0.0006691595076596462,3.009,3.174
5144969,0.0009807917,0.0006697215260290633,3.008,3.174
15272904,0.0009828641,0.0006706922850307838,3.008,3.173
1472187,0.000983061,0.0006707944701888596,3.007,3.173
18700817,0.000985161,0.0006721228772438455,3.006,3.173
10378397,0.0009852449,0.0006722250624019214,3.006,3.172
18871312,0.0009873915,0.000673757839773059,3.006,3.171
19272728,0.000987419,0.0006739111175101728,3.005,3.171
16044351,0.0009896529,0.0006753417097232346,3.005,3.17
17255113,0.0009897477,0.0006755460800393862,3.004,3.17
13104442,0.000991694,0.0006768744870943722,3.004,3.169
13643485,0.0009920071,0.0006770788574105239,3.003,3.169
13220740,0.0009943061,0.0006784583570445477,3.002,3.168
11049500,0.0009961915,0.0006799911344156853,3.002,3.167
3766258,0.0009965951,0.0006805020602060646,3.001,3.167
14577374,0.0009981496,0.0006815750043658609,3.001,3.166
7615407,0.0009988755,0.0006820348375772021,3.0,3.166
2340002,0.001000533,0.0006831588743160365,3.0,3.165
14571690,0.001001152,0.0006835676149483398,2.999,3.165
12906818,0.001002679,0.0006847427442662119,2.999,3.164
1574329,0.001003485,0.0006854069477937049,2.998,3.164
14844696,0.001005577,0.0006863266142163875,2.998,3.163
4365736,0.001005821,0.0006865309845325391,2.997,3.163
10642324,0.00100784,0.000687910484166563,2.997,3.162
11887057,0.001008157,0.000687961576745601,2.996,3.162
17947625,0.00101037,0.0006894943541167386,2.996,3.161
10937556,0.001010554,0.0006895454466957765,2.995,3.161
3244605,0.001012691,0.0006910782240669141,2.995,3.16
17384947,0.001012861,0.0006912315018040279,2.994,3.16
19206096,0.00101444,0.0006926620940170896,2.994,3.159
13256861,0.00101517,0.0006933262975445826,2.993,3.159
7707966,0.001016652,0.0006942459639672652,2.993,3.158
12408741,0.001017471,0.0006946547045995685,2.992,3.158
11049543,0.001019006,0.0006958298339174408,2.992,3.157
15769441,0.00101983,0.0006964940374449337,2.991,3.157
2954862,0.001021304,0.0006974647964466541,2.991,3.156
1553641,0.001022168,0.0006979757222370334,2.99,3.156
10479044,0.001023391,0.0006990486663968297,2.99,3.155
13391307,0.001024536,0.0006998661476614364,2.989,3.155
4913318,0.001025821,0.0007006836289260432,2.989,3.154
7953075,0.00102687,0.0007011434621373845,2.988,3.154
8941316,0.001029051,0.0007022674988762187,2.988,3.153
13390040,0.001029209,0.0007024718691923704,2.987,3.153
5141339,0.001030871,0.0007039024614054322,2.987,3.152
16726750,0.001031668,0.0007042090168796597,2.986,3.152
8839070,0.001033681,0.0007055374239346456,2.986,3.151
12116758,0.001034156,0.0007058950719879111,2.985,3.151
1047636,0.001035777,0.0007071723864638591,2.985,3.15
6204977,0.001036458,0.0007076833122542383,2.984,3.15
551047,0.001038491,0.0007088073489930726,2.984,3.149
11308814,0.001038851,0.0007091139044673,2.983,3.149
16318679,0.001040497,0.000710442311522286,2.983,3.148
14122630,0.001041188,0.0007113619779449686,2.982,3.148
16196806,0.001042362,0.0007120772740514995,2.982,3.147
5432799,0.001043732,0.0007129458478951442,2.981,3.147
4715026,0.001044648,0.000713712236580713,2.981,3.146
4443040,0.001045928,0.0007145808104243575,2.98,3.146
94161,0.00104711,0.0007153471991099264,2.98,3.145
16495356,0.001048398,0.0007159603100583815,2.979,3.145
13697845,0.001050633,0.0007169821616391399,2.979,3.144
5281080,0.001050769,0.0007170843467972157,2.978,3.144
4141700,0.001053103,0.0007186682167473912,2.978,3.143
13027163,0.001053246,0.0007187704019054671,2.977,3.143
3555159,0.00105529,0.0007203031792766047,2.977,3.142
16394356,0.001055634,0.0007205586421717943,2.976,3.142
6446001,0.001058017,0.0007219892343848561,2.976,3.141
8290721,0.001058052,0.0007220914195429319,2.975,3.141
1047352,0.001060482,0.0007232154562817662,2.974,3.141
16433706,0.001061275,0.0007236241969140695,2.974,3.14
2883108,0.001062955,0.0007247482336529038,2.973,3.14
646711,0.001063971,0.0007253102520223209,2.973,3.139
16193696,0.001065735,0.0007264853813401931,2.972,3.139
1470744,0.00106656,0.0007269452145515344,2.972,3.138
17174500,0.001067844,0.0007276605106580653,2.971,3.138
17185111,0.001069601,0.0007286312696597858,2.971,3.137
15185780,0.001070779,0.0007292954731872788,2.97,3.137
2914551,0.001072017,0.0007303173247680371,2.97,3.136
10488570,0.00107282,0.0007307260654003405,2.969,3.136
13434797,0.001075282,0.0007317990095601369,2.968,3.136
14594806,0.001075681,0.0007320033798762885,2.968,3.135
16618121,0.001077776,0.0007330252314570469,2.967,3.135
6470284,0.001078595,0.0007336894349845399,2.967,3.134
150097,0.001080215,0.0007349667494604879,2.966,3.134
11362473,0.001081031,0.0007353754900927912,2.966,3.133
5262774,0.001082902,0.0007370104526220047,2.965,3.133
6690487,0.001083052,0.0007370615452010426,2.965,3.132
15659855,0.001085244,0.0007382366745189149,2.964,3.132
9223980,0.001085941,0.0007387986928883319,2.964,3.131
1619988,0.001087738,0.0007397694518900524,2.963,3.131
11631126,0.001088694,0.0007404847479965833,2.963,3.13
188629,0.001090226,0.0007410978589450384,2.962,3.13
5565262,0.001092408,0.0007421708031048347,2.962,3.129
18096252,0.001092702,0.0007423751734209864,2.961,3.129
2792855,0.001095223,0.0007437546730550103,2.96,3.129
11600247,0.001095318,0.000743907950792124,2.96,3.128
8945203,0.001097767,0.0007455429133213375,2.959,3.128
6935645,0.001097795,0.0007455940059003754,2.959,3.127
18007462,0.001100408,0.0007467691352182476,2.958,3.127
11321103,0.001101557,0.0007473311535876647,2.958,3.126
4040470,0.001102832,0.0007479953571151576,2.957,3.126
9947970,0.001104587,0.000749068301274954,2.957,3.125
17558180,0.001105497,0.0007494770419072574,2.956,3.125
19275909,0.001107837,0.0007508054489622433,2.956,3.124
5031844,0.001107923,0.0007509587266993571,2.955,3.124
188587,0.001110354,0.0007524915040704946,2.955,3.123
7490785,0.001110477,0.0007526447818076085,2.954,3.123
2381646,0.001113026,0.000754177559178746,2.953,3.123
1765342,0.00111311,0.0007542286517577839,2.953,3.122
3462265,0.001115161,0.0007559657994450732,2.953,3.121
15591887,0.001115591,0.0007562212623402629,2.952,3.121
18972963,0.001118155,0.0007576518545533246,2.951,3.121
561250,0.001118278,0.0007577540397114005,2.951,3.12
6353834,0.00112078,0.0007591335393454244,2.95,3.12
6093792,0.001121296,0.0007594911873986898,2.95,3.119
3544458,0.001123363,0.0007610750573488653,2.949,3.119
8010605,0.001123473,0.0007612283350859791,2.949,3.118
11042542,0.001125946,0.0007627100198780788,2.948,3.118
6253282,0.001126488,0.0007629654827732684,2.948,3.117
6306525,0.001128512,0.0007641406120911405,2.947,3.117
9069898,0.001129238,0.0007647537230395956,2.947,3.116
6662844,0.001131217,0.0007660821300945816,2.946,3.116
3022497,0.001131658,0.0007664908707268849,2.946,3.115
11938194,0.00113374,0.0007678703703609087,2.945,3.115
1046099,0.001134718,0.0007682791109932121,2.945,3.114
4013562,0.001136428,0.000769045499678781,2.944,3.114
9381093,0.001137578,0.0007700673512595394,2.944,3.113
9088989,0.001138953,0.0007706293696289565,2.943,3.113
16968542,0.00114094,0.0007718044989468287,2.943,3.112
1047465,0.001141578,0.0007722643321581699,2.942,3.112
9298037,0.001143347,0.0007735927392131559,2.942,3.111
16067682,0.001144244,0.0007744613130568006,2.941,3.111
6070228,0.001145389,0.0007753809794794831,2.941,3.11
1863026,0.001146872,0.0007763006459021657,2.94,3.11
10229767,0.001148729,0.0007771692197458103,2.94,3.109
1499635,0.00114957,0.0007778334232733033,2.939,3.109
12022204,0.001151427,0.0007789574600121376,2.939,3.108
14151493,0.001152155,0.0007794683858025167,2.938,3.108
12313362,0.001153984,0.0007807457002784648,2.938,3.107
3725433,0.001154795,0.0007815120889640336,2.937,3.107
4323207,0.00115638,0.000782533940544792,2.937,3.106
10236245,0.001157452,0.000783147051493247,2.936,3.106
8010518,0.001159061,0.0007843732733901572,2.936,3.105
1047244,0.001160236,0.0007848841991805363,2.935,3.105
10106394,0.001162466,0.0007861615136564844,2.935,3.104
16157941,0.001162788,0.000786365883972636,2.934,3.104
9565205,0.001164947,0.0007880008465018495,2.934,3.103
12368151,0.001165773,0.0007883584945551149,2.933,3.103
19292282,0.001168214,0.000789635809031063,2.932,3.103
2471110,0.001168515,0.0007897890867681767,2.932,3.102
4323325,0.001170749,0.0007916284196135419,2.932,3.101
7695882,0.001170961,0.0007917816973506556,2.931,3.101
14992230,0.001173357,0.0007934166598798691,2.931,3.1
14625390,0.001173641,0.0007936210301960208,2.93,3.1
14965538,0.001176177,0.0007952559927252342,2.93,3.099
5382154,0.0011763,0.0007953581778833101,2.929,3.099
17884673,0.001178797,0.0007970953255705994,2.929,3.098
10124022,0.001179039,0.000797299695886751,2.928,3.098
11101470,0.001181222,0.0007989346584159645,2.928,3.097
18075956,0.00118178,0.000799241213890192,2.927,3.097
16623379,0.001184188,0.0008007739912613297,2.927,3.096
8697299,0.00118461,0.0008009272689984434,2.926,3.096
8191496,0.001187052,0.0008026133241066948,2.926,3.095
4164354,0.001187264,0.0008027155092647706,2.925,3.095
13279744,0.001189902,0.0008040439163197566,2.924,3.095
13014016,0.001190423,0.0008044526569520599,2.924,3.094
15996687,0.001192725,0.0008060876194812734,2.923,3.094
2955373,0.001192819,0.000806343082376463,2.923,3.093
3141357,0.00119539,0.0008079269523266385,2.922,3.093
17089838,0.001196247,0.0008081824152218281,2.922,3.092
12022295,0.001198125,0.0008094086371187383,2.921,3.092
5204660,0.001198913,0.0008100728406462312,2.921,3.091
2699224,0.001200895,0.0008113501551221792,2.92,3.091
2981591,0.001202246,0.0008119121734915963,2.92,3.09
9179877,0.00120373,0.0008126274695981272,2.919,3.09
16318628,0.001205446,0.0008138025989159994,2.919,3.089
10124030,0.001206464,0.0008147222653386819,2.918,3.089
368614,0.00120846,0.0008156930243404025,2.918,3.088
507020,0.001209238,0.0008164083204469333,2.917,3.088
9596739,0.001210809,0.0008175323571857677,2.917,3.087
9846165,0.001211996,0.0008181965607132605,2.916,3.087
9873714,0.001213335,0.0008194227826101707,2.916,3.086
4568207,0.001214877,0.0008205468193490049,2.915,3.086
6113723,0.001216268,0.0008213132080345738,2.915,3.085
18480708,0.001217802,0.0008222328744572563,2.914,3.085
3419017,0.001219254,0.0008232036334589768,2.914,3.084
507040,0.0012204,0.0008241232998816594,2.913,3.084
8084600,0.001221536,0.0008250940588833799,2.913,3.083
149637,0.001223333,0.0008262180956222141,2.912,3.083
16041089,0.001224076,0.0008270355768868208,2.912,3.082
13014078,0.001226056,0.0008281596136256551,2.911,3.082
13181153,0.001226977,0.0008289260023112239,2.911,3.081
7156038,0.001228861,0.0008296923909967927,2.91,3.081
12740317,0.001230266,0.0008308164277356269,2.91,3.08
3185871,0.001231772,0.0008321959273696508,2.909,3.08
18400427,0.001233336,0.000832757945739068,2.909,3.079
9873694,0.001234535,0.0008337797973198264,2.908,3.079
9854013,0.001235518,0.0008346483711634711,2.908,3.078
3846852,0.0012374,0.0008355680375861536,2.907,3.078
6084745,0.001238523,0.000836589889166912,2.907,3.077
18395695,0.001240338,0.0008376628333267083,2.906,3.077
19255355,0.0012421,0.000838531407170353,2.906,3.076
11828115,0.001243145,0.0008392977958559218,2.905,3.076
6954086,0.001244398,0.000840472925173794,2.905,3.075
15577657,0.001245953,0.000841699147070704,2.904,3.075
18456268,0.001247642,0.0008424144431772349,2.904,3.074
4975729,0.00124888,0.0008437428502322209,2.903,3.074
3666537,0.001249636,0.0008443559611806759,2.903,3.073
529397,0.001251766,0.0008458376459727756,2.902,3.073
3230665,0.001252248,0.000846297479184117,2.902,3.072
9292759,0.00125466,0.000848136812029482,2.901,3.072
10008715,0.001254752,0.0008482389971875579,2.901,3.071
2305698,0.001257582,0.0008500783300329231,2.9,3.071
6479656,0.001257863,0.0008501805151909989,2.9,3.07
16611780,0.001260504,0.0008515600148250227,2.899,3.07
15043777,0.001261643,0.0008521220331944399,2.899,3.069
7919338,0.001263299,0.0008533993476703878,2.898,3.069
2687169,0.001264514,0.0008541146437769187,2.898,3.068
13138355,0.001266198,0.0008551364953576771,2.897,3.068
17903673,0.001267729,0.0008560561617803597,2.897,3.067
12649642,0.001269155,0.0008566692727288148,2.896,3.067
15319465,0.001271736,0.0008580487723628387,2.896,3.066
19258299,0.001272058,0.0008583553278370662,2.895,3.066
4694452,0.001274281,0.0008600413829453176,2.895,3.065
16375032,0.001274976,0.0008605012161566588,2.894,3.065
11938134,0.001277436,0.0008620339935277965,2.894,3.064
16968594,0.001277953,0.0008622383638439481,2.893,3.064
13794134,0.001280679,0.0008639755115312374,2.893,3.063
13165840,0.001280896,0.0008641798818473891,2.892,3.063
9715338,0.001283498,0.0008659681221137163,2.892,3.062
7695921,0.001283917,0.0008661213998508302,2.891,3.062
9372540,0.001286005,0.0008679607326961953,2.891,3.061
15210774,0.001286773,0.0008686760288027261,2.89,3.061
16656745,0.001289075,0.0008700044358577121,2.89,3.06
4164200,0.001289912,0.0008705153616480912,2.889,3.06
6453473,0.001292254,0.000871997046440191,2.889,3.059
17165587,0.001292836,0.0008722525093353806,2.888,3.059
1348830,0.001295626,0.0008739896570226699,2.888,3.058
145463,0.001295708,0.0008740918421807457,2.887,3.058
12808516,0.001297911,0.0008760333601841867,2.887,3.057
5877615,0.001298739,0.0008765442859745659,2.886,3.057
11224527,0.00130047,0.0008780259707666656,2.886,3.056
12095686,0.001301676,0.0008791500075054999,2.885,3.056
12452613,0.001302525,0.0008800696739281824,2.885,3.055
18933371,0.001304702,0.0008813980809831683,2.884,3.055
550626,0.001305804,0.0008821133770896992,2.884,3.054
15410393,0.001307718,0.0008836972470398748,2.883,3.054
1497987,0.001308577,0.0008841059876721781,2.883,3.053
15964562,0.001310715,0.0008858942279385053,2.882,3.053
124418,0.001311076,0.000886149690833695,2.882,3.052
15516544,0.00131378,0.0008877335607838705,2.881,3.052
2295287,0.001314043,0.0008881933939952118,2.881,3.051
2432254,0.001316915,0.0008902370971567286,2.88,3.05
13935966,0.001319276,0.0008922808003182454,2.88,3.049
10298512,0.001319899,0.0008926384483715109,2.879,3.049
8799783,0.00132257,0.0008943755960588002,2.879,3.048
9583676,0.001322884,0.0008944777812168761,2.878,3.048
12790630,0.00132517,0.000896419299220317,2.878,3.047
13846607,0.001325878,0.0008968280398526203,2.877,3.047
13683925,0.001328499,0.0008984630023818338,2.877,3.046
5557243,0.001328984,0.0008988206504350993,2.876,3.046
19509260,0.001331992,0.0009004556129643128,2.875,3.046
5323352,0.001332155,0.0009005577981223886,2.875,3.045
12942341,0.0013342,0.0009026525938629433,2.875,3.044
18705155,0.00133506,0.0009032657048113984,2.874,3.044
15667837,0.001336859,0.0009046962970244601,2.874,3.043
2849932,0.001338179,0.0009055648708681048,2.873,3.043
13345897,0.001340524,0.000906791092765015,2.873,3.042
14350247,0.001341245,0.000907353111134432,2.872,3.042
11169886,0.001342825,0.0009088858885055697,2.872,3.041
6794155,0.001344393,0.0009095500920330627,2.871,3.041
6093495,0.001346392,0.0009109806842461244,2.871,3.04
3344586,0.001347554,0.0009114916100365036,2.87,3.04
2981335,0.001349263,0.0009130754799866792,2.87,3.039
12698747,0.001350518,0.0009138929612512858,2.869,3.039
16730633,0.001352688,0.0009151702757272339,2.869,3.038
13334569,0.001353721,0.0009160388495708786,2.868,3.038
4263563,0.001355082,0.0009173161640468265,2.868,3.037
7420031,0.001356832,0.0009185934785227746,2.867,3.037
10922919,0.001357833,0.0009194109597873813,2.867,3.036
6307540,0.001360233,0.0009211481074746705,2.866,3.036
2981275,0.001361058,0.000921556848106974,2.866,3.035
11270689,0.001363084,0.0009233450883733012,2.865,3.035
6590494,0.001363555,0.0009236516438475287,2.865,3.034
17255165,0.00136617,0.0009257975321671214,2.864,3.033
1252623,0.001368596,0.000927943420486714,2.864,3.032
4164791,0.001369326,0.0009281477908028657,2.863,3.032
7224959,0.001371815,0.0009300382162272687,2.863,3.031
14061486,0.001372463,0.0009303447717014963,2.862,3.031
4139124,0.001375443,0.0009321841045468615,2.862,3.03
1461290,0.001375696,0.000932490660021089,2.861,3.03
9066840,0.001378137,0.0009343299928664541,2.861,3.029
11827878,0.001378802,0.0009348920112358713,2.86,3.029
18721821,0.001380398,0.0009365269737650847,2.86,3.028
5584094,0.001382103,0.000937651010503919,2.859,3.028
15592031,0.001383637,0.0009386728620846774,2.859,3.027
16648492,0.001385217,0.0009400012691396633,2.858,3.027
1032886,0.001386506,0.00094081875040427,2.858,3.026
12865919,0.00138842,0.0009418916945640663,2.857,3.026
9501379,0.001389556,0.0009430157313029006,2.857,3.025
8431758,0.001391589,0.000944650693832114,2.856,3.025
1470748,0.001392183,0.0009451616196224933,2.856,3.024
368628,0.001394734,0.0009473586005211239,2.856,3.023
93711,0.00139481,0.0009474607856791997,2.855,3.023
14523383,0.001398029,0.0009493001185245649,2.854,3.023
11780128,0.001398453,0.0009495555814197545,2.854,3.022
530065,0.001401257,0.0009517014697393471,2.853,3.021
9856699,0.001404344,0.0009538984506379777,2.853,3.02
9259598,0.001404457,0.0009540517283750915,2.852,3.02
93650,0.001407585,0.0009560954315366083,2.852,3.019
7481431,0.001407669,0.0009561976166946841,2.851,3.019
19517765,0.001410967,0.000958241319856201,2.85,3.019
6717480,0.001411206,0.0009583435050142768,2.85,3.018
46575,0.001414212,0.000960131745280604,2.849,3.018
5816592,0.001414784,0.0009605404859129074,2.849,3.017
10283864,0.0014177,0.0009625330964953863,2.848,3.017
434594,0.001417975,0.000962737466811538,2.848,3.016
8442953,0.001419968,0.0009649855402892065,2.848,3.015
1311135,0.001420696,0.0009657008363957374,2.847,3.015
7913090,0.001423122,0.000967182521187837,2.847,3.014
11739695,0.001424039,0.0009679489098734058,2.846,3.014
4451749,0.001425789,0.0009694305946655056,2.846,3.013
15570814,0.00142735,0.0009706057239833777,2.845,3.013
36379,0.001428607,0.000971678668143174,2.845,3.012
4424274,0.001430545,0.0009728537974610463,2.844,3.012
13318861,0.00143229,0.0009738756490418047,2.844,3.011
19292134,0.001433846,0.0009751529635177526,2.843,3.011
19292135,0.001435311,0.0009761237225194731,2.843,3.01
4016444,0.001437196,0.0009772988518373454,2.842,3.01
7097741,0.001438858,0.0009783717959971417,2.842,3.009
18123937,0.001440484,0.0009795980178940518,2.841,3.009
4824336,0.001442118,0.0009806198694748101,2.841,3.008
12901973,0.001443911,0.0009815906284765306,2.84,3.008
12216242,0.001445458,0.0009829190355315166,2.84,3.007
13955636,0.001447301,0.0009837876093751613,2.839,3.007
10722921,0.001449091,0.000985167109009185,2.839,3.006
16656780,0.001450493,0.0009862911457480194,2.838,3.006
9043184,0.00145213,0.0009874662750658915,2.838,3.005
17014518,0.001453802,0.0009886414043837636,2.837,3.005
2982290,0.001455227,0.00098971434854356,2.837,3.004
6866162,0.001457136,0.000991144940756622,2.836,3.004
10460508,0.001458083,0.0009920135146002664,2.836,3.003
4132913,0.001460533,0.0009935462919714042,2.835,3.003
12076500,0.001461934,0.000994261588077935,2.835,3.002
15116790,0.001463959,0.0009952834396586934,2.834,3.002
17871474,0.001466087,0.0009965607541346415,2.834,3.001
18294495,0.001467341,0.000997429327978286,2.833,3.001
13798633,0.001469109,0.0009988599201913478,2.833,3.0
19517766,0.001470619,0.0009997284940349925,2.832,3.0
16368690,0.001472532,0.0010011590862480542,2.832,2.999
16656686,0.001474087,0.0010022831229868885,2.831,2.999
10956011,0.001475335,0.0010035093448837987,2.831,2.998
11224701,0.001477424,0.001005144307413012,2.83,2.998
18107538,0.001477976,0.0010058085109405051,2.83,2.997
12066365,0.001480841,0.0010081076769972114,2.829,2.996
12710383,0.001484248,0.0010102024727377662,2.828,2.996
5321164,0.001484513,0.0010104579356329559,2.828,2.995
15238153,0.001487655,0.0010125016387944727,2.827,2.995
6232362,0.001487977,0.0010127571016896623,2.827,2.994
18381004,0.001491084,0.0010150562677463688,2.826,2.994
11823799,0.001491086,0.0010151073603254066,2.826,2.993
7279626,0.001494047,0.001017457618961151,2.826,2.992
13889737,0.00149462,0.001018172915067682,2.825,2.992
15228667,0.001496588,0.0010198078775968953,2.825,2.991
18942867,0.001497972,0.0010205231737034262,2.824,2.991
11224617,0.00150113,0.0010221581362326395,2.824,2.99
17211092,0.001501533,0.0010223114139697534,2.823,2.99
15529964,0.001504179,0.001024508394868384,2.823,2.989
5137772,0.001504992,0.001025223690974915,2.822,2.989
10286359,0.001507669,0.0010268586535041283,2.822,2.988
15976403,0.001508467,0.001027778319926811,2.821,2.988
12066254,0.001511477,0.0010292089121398727,2.821,2.987
12277713,0.001512026,0.0010295154676141002,2.82,2.987
9341486,0.00151531,0.001031610263354655,2.819,2.986
8295106,0.001518149,0.0010339605219903993,2.819,2.985
3124958,0.001518862,0.0010345225403598165,2.818,2.985
8727029,0.001521896,0.0010363618732051815,2.818,2.984
19266634,0.001522302,0.0010365662435213331,2.817,2.984
9873943,0.001525959,0.001038661039261888,2.816,2.984
346198,0.001526053,0.0010387632244199638,2.816,2.983
14741215,0.001529353,0.0010410112978976322,2.815,2.983
17299233,0.001529556,0.001041164575634746,2.815,2.982
19013932,0.001532116,0.0010435659268495283,2.815,2.981
12710388,0.001532875,0.0010441790377979834,2.814,2.981
3246880,0.001535567,0.0010459672780643106,2.814,2.98
374973,0.001536434,0.0010468358519079553,2.813,2.98
10086720,0.001537831,0.0010483686292790929,2.813,2.979
3812170,0.001539969,0.0010497481289131168,2.812,2.979
1484311,0.001541502,0.0010507699804938751,2.812,2.978
3166764,0.001543835,0.0010524049430230887,2.811,2.978
17573557,0.00154533,0.0010532224242876954,2.811,2.977
19455129,0.001547037,0.0010544997387636433,2.81,2.977
2606084,0.00154889,0.0010556237755024777,2.81,2.976
4868230,0.001550774,0.0010564923493461224,2.809,2.976
10194595,0.001553039,0.0010580762192962977,2.809,2.975
9399900,0.001554201,0.0010587404228237908,2.808,2.975
17384231,0.001556351,0.00106047757051108,2.808,2.974
8532705,0.001557787,0.0010616016072499143,2.807,2.974
13420032,0.001559831,0.0010629300143049003,2.807,2.973
14700327,0.001561447,0.0010635942178323934,2.806,2.973
6094942,0.001563744,0.0010653824580987206,2.806,2.972
12066386,0.00156517,0.0010666086799956305,2.805,2.972
7547887,0.001568103,0.0010678349018925406,2.805,2.971
1852226,0.001568624,0.0010680392722086924,2.804,2.971
17316629,0.00157129,0.0010702873456863609,2.804,2.97
13610125,0.001572278,0.0010706960863186641,2.803,2.97
7435978,0.001575002,0.001072790882059219,2.803,2.969
11763765,0.001575824,0.0010735061781657498,2.802,2.969
3318516,0.001578512,0.0010752433258530392,2.802,2.968
15646815,0.001579507,0.001076060807117646,2.801,2.968
15260579,0.001581359,0.0010777468622258973,2.801,2.967
17634149,0.001583093,0.0010792285470179969,2.8,2.967
2270452,0.00158495,0.0010801993060197174,2.8,2.966
3036826,0.001586778,0.0010812722501795137,2.799,2.966
10007486,0.001588715,0.0010827028423925755,2.799,2.965
16173621,0.001590504,0.001083673601394296,2.798,2.965
2295358,0.001592216,0.0010852063787654337,2.798,2.964
13714148,0.001594065,0.0010867391561365713,2.797,2.964
1352063,0.001595276,0.0010877099151382918,2.797,2.963
3309770,0.001597727,0.0010895492479836568,2.796,2.963
18075921,0.001598765,0.00109021345151115,2.796,2.962
2064262,0.001601416,0.001092001691777477,2.795,2.962
8627742,0.001602534,0.001092716987884008,2.795,2.961
9635285,0.001605104,0.0010945052281503352,2.794,2.961
16531469,0.001605864,0.001095220524256866,2.794,2.96
3978662,0.001608834,0.0010974175051554967,2.793,2.96
4241413,0.00160922,0.0010977751532087621,2.793,2.959
5131103,0.001612522,0.0011001254118445064,2.792,2.959
1842710,0.001612728,0.0011002786895816202,2.792,2.958
12367719,0.001616165,0.0011028333185335163,2.792,2.957
12097261,0.001616264,0.0011029865962706301,2.791,2.957
3546329,0.00161974,0.0011053879474854124,2.791,2.956
9384540,0.001619977,0.0011057455955386778,2.79,2.956
12501162,0.001622683,0.0011079425764373083,2.79,2.955
1575452,0.001623693,0.0011087600577019152,2.789,2.955
2305122,0.001626355,0.0011104972053892043,2.789,2.954
7865979,0.001627428,0.0011111614089166974,2.788,2.954
12786579,0.001629672,0.0011130518343411004,2.788,2.953
16001750,0.001631248,0.001114584611712238,2.787,2.953
2558615,0.001632797,0.0011156064632929965,2.787,2.952
2266781,0.001635079,0.0011169859629270203,2.786,2.952
5583908,0.001636722,0.0011181610922448924,2.786,2.951
10106504,0.00163877,0.0011198471473531438,2.785,2.951
14901479,0.001640178,0.0011207668137758265,2.785,2.95
1753070,0.001642483,0.0011225550540421537,2.784,2.95
2305029,0.00164389,0.0011233214427277224,2.784,2.949
1640275,0.001646285,0.0011251607755730876,2.783,2.949
19007347,0.0016471,0.0011259271642586565,2.783,2.948
3050780,0.001650174,0.0011279708674201733,2.782,2.948
11806075,0.001650508,0.0011285328857895903,2.782,2.947
7242785,0.001653325,0.0011311386073205242,2.782,2.946
11323589,0.001653914,0.0011314451627947519,2.781,2.946
3582462,0.001657586,0.0011337443288514583,2.781,2.945
5013970,0.001657916,0.0011338465140095341,2.78,2.945
2725783,0.001661646,0.0011362478652243164,2.779,2.945
12367656,0.001661741,0.0011363500503823922,2.779,2.944
5382250,0.001664429,0.001138955771913326,2.779,2.943
2162128,0.00166533,0.0011399265309150466,2.778,2.943
404118,0.001667458,0.001141612586023298,2.778,2.942
2488609,0.00166917,0.001142940993078284,2.777,2.942
16749336,0.00167052,0.0011442183075542319,2.777,2.941
4033085,0.001673107,0.0011455978071882558,2.776,2.941
16018715,0.001674598,0.0011468751216642038,2.776,2.94
2499674,0.001676896,0.0011482546212982277,2.775,2.94
12368031,0.001678737,0.0011494808431951379,2.775,2.939
17695535,0.001680759,0.0011510647131453132,2.774,2.939
16683548,0.001682456,0.0011521376573051096,2.774,2.938
10204384,0.001684674,0.0011536704346762473,2.773,2.938
16005487,0.001686476,0.0011547944714150815,2.773,2.937
18874289,0.001688553,0.001156378341365257,2.772,2.937
11966073,0.001689879,0.0011574512855250533,2.772,2.936
13026513,0.001692404,0.0011599037293188736,2.771,2.936
2293822,0.00169274,0.0011601591922140633,2.771,2.935
9923662,0.001696292,0.00116220289537558,2.77,2.935
18162528,0.001697364,0.0011628160063240352,2.77,2.934
13026540,0.001700217,0.0011646042465903624,2.769,2.934
2876561,0.001700993,0.0011654728204340068,2.769,2.933
2674729,0.001704128,0.0011672610607003342,2.768,2.933
12837029,0.001705476,0.0011681807271230167,2.768,2.932
5894032,0.001708056,0.001170582078337799,2.767,2.932
17915806,0.001708155,0.0011708886338120264,2.767,2.931
7695607,0.001712186,0.0011733410776058467,2.766,2.931
2625241,0.001712558,0.0011735965405010363,2.766,2.93
3926339,0.001715866,0.0011762533546110082,2.766,2.929
5205759,0.001716012,0.001176355539769084,2.765,2.929
9873922,0.001719927,0.0011786547058257905,2.764,2.929
11443041,0.0017206,0.001179012353879056,2.764,2.928
11887342,0.001723601,0.0011817202605680656,2.764,2.927
9874420,0.001723901,0.0011821800937794069,2.763,2.927
3852036,0.001727124,0.0011844281672570756,2.763,2.926
15498662,0.00172787,0.0011848880004684168,2.762,2.926
3616826,0.001730889,0.0011871360739460852,2.762,2.925
33169,0.001731849,0.0011878002774735783,2.761,2.925
19102988,0.001734033,0.001189895073214133,2.761,2.924
4816868,0.001735868,0.0011915300357433465,2.76,2.924
4104592,0.001737435,0.0011926540724821807,2.76,2.923
19128579,0.00174008,0.0011938802943790908,2.759,2.923
18482124,0.001742507,0.0011954130717502284,2.759,2.922
4113876,0.00174384,0.0011964860159100247,2.758,2.922
7736027,0.001745892,0.0011981209784392383,2.758,2.921
10235936,0.001747906,0.0011997559409684516,2.757,2.921
5187978,0.001749596,0.0012009310702863238,2.757,2.92
10123886,0.001751881,0.0012028725882897648,2.756,2.92
13220563,0.001752916,0.0012036900695543715,2.756,2.919
13011339,0.001755936,0.0012056826801368505,2.755,2.919
17974687,0.001756853,0.0012064490688224192,2.755,2.918
1577306,0.00176006,0.0012083905868258602,2.754,2.918
16478945,0.001761096,0.0012092080680904669,2.754,2.917
13794369,0.00176403,0.0012107919380406425,2.753,2.917
4533519,0.001765519,0.0012120181599375526,2.753,2.916
11006029,0.001768149,0.001213755307624842,2.752,2.916
12029526,0.001769524,0.0012148282517846383,2.752,2.915
665402,0.001772166,0.001216923047525193,2.751,2.915
5103206,0.001772755,0.001217587251052686,2.751,2.914
17481740,0.00177629,0.0012203973428997715,2.75,2.913
13770347,0.001780376,0.0012230541570097434,2.749,2.913
6271651,0.001780552,0.0012232074347468572,2.749,2.912
19276319,0.001784252,0.0012260686191729808,2.749,2.911
8214170,0.001784456,0.0012261708043310566,2.748,2.911
2305047,0.001788504,0.0012288787110200665,2.748,2.91
5159683,0.001788588,0.00122903198875718,2.747,2.91
2469834,0.001792758,0.001231688802867152,2.746,2.909
15127389,0.001796707,0.0012345499872932755,2.746,2.908
7228728,0.001796808,0.0012347032650303893,2.745,2.908
10243377,0.001800962,0.0012371557088242096,2.744,2.908
19430388,0.001801114,0.0012374111717193992,2.744,2.907
2266799,0.001805103,0.001240170170987447,2.743,2.907
13027033,0.00180525,0.0012402723561455227,2.743,2.906
10123923,0.001809648,0.0012429802628345324,2.742,2.906
15850332,0.001809807,0.0012431335405716463,2.742,2.905
7761290,0.001813477,0.001245177243733163,2.741,2.905
6735078,0.001814754,0.0012459947249977698,2.741,2.904
8117991,0.00181777,0.0012486515391077417,2.74,2.904
693096,0.001818213,0.0012488559094238933,2.74,2.903
19187633,0.001821803,0.0012514105383757894,2.739,2.903
7694458,0.001822039,0.001251717093850017,2.739,2.902
15080662,0.001826122,0.0012538629821696097,2.738,2.902
15592116,0.001827137,0.0012546293708551783,2.738,2.901
5382184,0.001830238,0.001257388370123226,2.737,2.901
15328829,0.001830331,0.0012574905552813018,2.737,2.9
9384520,0.001833418,0.0012604028322864634,2.737,2.899
4446230,0.001834467,0.0012614246838672219,2.736,2.899
5965678,0.001837528,0.001263315109291625,2.736,2.898
11014968,0.001838812,0.0012642347757143074,2.735,2.898
4206202,0.001841019,0.0012662273862967864,2.735,2.897
3300480,0.001842907,0.0012676068859308102,2.734,2.897
5357654,0.001844787,0.001269139663301948,2.734,2.896
16726806,0.001847192,0.0012707235332521233,2.733,2.896
11985623,0.001848378,0.0012720519403071093,2.733,2.895
12368134,0.001851462,0.0012746065692590053,2.732,2.895
3036896,0.001852034,0.0012750153098913088,2.732,2.894
13531673,0.001855711,0.0012776721240012805,2.731,2.894
13026499,0.001856028,0.00127792758689647,2.731,2.893
11113145,0.001859067,0.0012808909564806696,2.731,2.892
4381005,0.001859964,0.0012815040674291247,2.73,2.892
16531397,0.001863992,0.001283854326064869,2.73,2.891
12832631,0.001864447,0.0012840586963810206,2.729,2.891
3036834,0.001868185,0.0012868176956490683,2.729,2.89
14933040,0.001868572,0.0012872775288604098,2.728,2.89
13770385,0.001871926,0.0012897810652332678,2.728,2.889
16368698,0.001872864,0.0012905985464978745,2.727,2.889
1651169,0.001875061,0.0012927444348174672,2.727,2.888
5565459,0.001877266,0.0012943283047676427,2.726,2.888
9764665,0.001879111,0.0012957078044016665,2.726,2.887
1887258,0.001881527,0.001298058063037411,2.725,2.887
16180415,0.001882176,0.0012987222665649038,2.725,2.886
4126770,0.001885819,0.001300612691989307,2.724,2.886
5581514,0.001887715,0.0013016856361491034,2.724,2.885
10123941,0.001890289,0.001303218413520241,2.723,2.885
346116,0.001891856,0.0013047000983123407,2.723,2.884
6091791,0.001894536,0.001306283968262516,2.722,2.884
8233683,0.001896332,0.0013077145604755778,2.722,2.883
544222,0.001898894,0.0013098093562161326,2.721,2.883
19421828,0.001900296,0.0013107290226388151,2.721,2.882
13022352,0.001903277,0.0013131814664326354,2.72,2.882
9333417,0.001903888,0.0013137434848020525,2.72,2.881
4182965,0.00190749,0.0013167579469652898,2.72,2.88
961789,0.001907667,0.0013169112247024036,2.719,2.88
1671797,0.001911473,0.0013198235017075652,2.719,2.879
8217294,0.001912115,0.001320538797814096,2.718,2.879
12772004,0.001915204,0.0013228379638708025,2.718,2.878
8645507,0.001916578,0.0013239109080305988,2.717,2.878
2912434,0.001918918,0.0013259035186130776,2.717,2.877
1687263,0.001921035,0.001326976462772874,2.716,2.877
8816493,0.001923736,0.0013289690733553528,2.716,2.876
8118004,0.001925311,0.001330093110094187,2.715,2.876
4486580,0.001928,0.0013320346280976281,2.715,2.875
18491252,0.001929867,0.0013332097574155002,2.714,2.875
1687800,0.001931826,0.0013351001828399032,2.714,2.874
15531455,0.001934498,0.00133714388600142,2.713,2.874
420100,0.001936298,0.0013381657375821786,2.713,2.873
13231414,0.001938738,0.0013402094407436954,2.712,2.873
625026,0.001940143,0.0013412312923244537,2.712,2.872
346127,0.001943127,0.0013432239029069328,2.711,2.872
8317491,0.001945389,0.0013443479396457669,2.711,2.871
4263198,0.001947661,0.001346340550228246,2.71,2.871
17195039,0.001949063,0.0013474134943880422,2.71,2.87
12566344,0.001952107,0.0013499681233399383,2.709,2.87
2381548,0.001952766,0.0013505301417093554,2.709,2.869
4434688,0.00195669,0.001353340233556441,2.708,2.869
8940532,0.001957291,0.0013536467890306685,2.708,2.868
3555572,0.001961149,0.0013557926773502611,2.707,2.868
17427834,0.001962532,0.0013567634363519817,2.707,2.867
15602983,0.001965661,0.001359726805936181,2.706,2.867
1304814,0.00196574,0.0013598800836732948,2.706,2.866
345044,0.001970535,0.0013626390829413425,2.705,2.866
9071491,0.001970934,0.001363047823573646,2.705,2.865
8579158,0.001974374,0.001366164470894959,2.705,2.864
4446495,0.00197473,0.0013663688412111107,2.704,2.864
15197153,0.001979261,0.0013693322107953103,2.703,2.863
321348,0.001983335,0.0013724999506956612,2.703,2.862
17875438,0.00198388,0.0013727043210118128,2.702,2.862
13935964,0.001988061,0.0013756676905960124,2.702,2.861
1918155,0.001988499,0.0013759742460702398,2.701,2.861
1769885,0.00199185,0.0013788354304963633,2.701,2.86
8118285,0.001993007,0.0013799594672351976,2.7,2.86
8786118,0.001994671,0.0013820031703967145,2.7,2.859
14102440,0.001997562,0.0013839446884001555,2.699,2.859
17384618,0.001999243,0.0013851709102970656,2.699,2.858
18162667,0.002002206,0.001387418983774734,2.698,2.858
18886819,0.002003062,0.0013883897427764546,2.698,2.857
4446347,0.002006788,0.0013910465568864265,2.697,2.857
14327947,0.002007484,0.0013915574826768057,2.697,2.856
8072075,0.002011477,0.001394520852261005,2.696,2.856
16180908,0.00201168,0.0013947763151561947,2.696,2.855
8010401,0.002016102,0.0013978929624775078,2.695,2.855
14495707,0.002016172,0.0013979951476355836,2.695,2.854
11966384,0.002020399,0.0014012139801149726,2.695,2.853
2303364,0.002020725,0.0014013161652730484,2.694,2.853
8559005,0.0020254,0.00140422844227821,2.693,2.853
150092,0.002025736,0.0014044328125943615,2.693,2.852
1803357,0.002029544,0.0014077027376527885,2.693,2.851
5745437,0.002030021,0.0014081625708641298,2.692,2.851
18302297,0.002033804,0.0014109215701321775,2.692,2.85
16180813,0.00203493,0.0014114324959225567,2.691,2.85
32747,0.002039194,0.0014141914951906044,2.691,2.849
15844103,0.002039442,0.001414446958085794,2.69,2.849
345559,0.002043543,0.0014174614202490314,2.69,2.848
6251489,0.002044127,0.0014178190683022968,2.689,2.848
1697170,0.002048505,0.0014207313453074584,2.689,2.847
11387839,0.002048805,0.0014211400859397616,2.688,2.847
8118143,0.00205255,0.001424001270365885,2.688,2.846
11436058,0.002053846,0.0014251253071047194,2.687,2.846
11736639,0.002056614,0.001427271195424312,2.687,2.845
3040929,0.002058347,0.0014282419544260326,2.686,2.845
16746587,0.002061929,0.001430541120482739,2.686,2.844
5210293,0.00206309,0.001431307509168308,2.685,2.844
19420419,0.002067612,0.0014338621381202038,2.685,2.843
6582827,0.002067818,0.0014342197861734692,2.684,2.843
16554158,0.002072454,0.0014371831557576688,2.684,2.842
10725596,0.002072549,0.0014372342483367066,2.683,2.842
8118110,0.002076663,0.0014405041733951335,2.683,2.841
16632336,0.002077463,0.0014407596362903232,2.682,2.841
11155312,0.002082149,0.0014438251910325983,2.681,2.84
12452539,0.002085913,0.0014471462086700633,2.681,2.839
647722,0.002086908,0.0014481169676717838,2.68,2.839
6735633,0.00208972,0.001450467226307528,2.68,2.838
4498929,0.00209186,0.0014525109294690449,2.679,2.838
11908048,0.002093162,0.0014537882439449928,2.679,2.837
6823054,0.002096534,0.0014559341322645857,2.678,2.837
16373457,0.002098324,0.0014571603541614956,2.678,2.836
3172388,0.00210148,0.0014593573350601262,2.677,2.836
5452861,0.002103348,0.0014605324643779984,2.677,2.835
1103503,0.002106204,0.001462780537855667,2.676,2.835
13833375,0.002108198,0.0014639045745945011,2.676,2.834
345196,0.002111135,0.0014664081109673592,2.675,2.834
14600111,0.002112532,0.001467276684811004,2.675,2.833
940967,0.002116065,0.0014701378692371274,2.674,2.833
12893106,0.002116855,0.0014706487950275067,2.674,2.832
7033113,0.002120422,0.0014740209052440095,2.674,2.831
9759069,0.002120827,0.001474327460718237,2.673,2.831
11469247,0.002125386,0.0014774441080395502,2.673,2.83
13454871,0.002125794,0.0014776484783557019,2.672,2.83
4015315,0.002130397,0.0014808162182560528,2.672,2.829
6171793,0.002130632,0.0014810205885722046,2.671,2.829
8966629,0.00213539,0.0014842394210515936,2.671,2.828
16368725,0.002135516,0.0014843416062096694,2.67,2.828
10990573,0.002140091,0.0014876626238471344,2.67,2.827
15574607,0.002140787,0.001487866994163286,2.669,2.827
11996843,0.00214503,0.001491085826642675,2.669,2.826
11936871,0.002145387,0.0014913923821169024,2.668,2.826
4008116,0.002149577,0.0014945601220172535,2.668,2.825
4446479,0.002150368,0.0014951221403866706,2.667,2.825
17762620,0.002153321,0.0014979833248127943,2.667,2.824
16914004,0.002155268,0.0014993117318677803,2.666,2.824
374850,0.002158405,0.001501457620187373,2.666,2.823
16506679,0.002160317,0.0015035524159279275,2.665,2.823
15578240,0.002161823,0.0015048808229829135,2.665,2.822
15592865,0.002165279,0.0015073843593557716,2.664,2.822
18154652,0.002166351,0.001508355118357492,2.664,2.821
8263602,0.002170263,0.0015109608398884262,2.663,2.821
11936200,0.00217205,0.0015118294137320706,2.663,2.82
14936634,0.002175225,0.0015131578207870566,2.662,2.82
128211,0.002178759,0.0015153548016856872,2.662,2.819
1627619,0.002180236,0.0015165299310035594,2.661,2.819
11577197,0.002183309,0.0015188290970602658,2.661,2.818
2136637,0.002185338,0.0015204129670104414,2.66,2.818
11060047,0.002188201,0.0015223033924348444,2.66,2.817
11553005,0.002190405,0.0015236317994898304,2.659,2.817
11294839,0.00219336,0.001525828780388461,2.659,2.816
9249468,0.002195342,0.0015269528171272951,2.658,2.816
8515567,0.002198621,0.0015293541683420774,2.658,2.815
8891280,0.002200459,0.0015310402234503288,2.657,2.815
12808446,0.002202801,0.001532879556295694,2.657,2.814
8921233,0.002205535,0.0015349743520362488,2.656,2.814
2536855,0.002207506,0.0015364049442493106,2.656,2.813
9384497,0.002210581,0.0015389084806221687,2.655,2.813
15592195,0.00221197,0.001539930332202927,2.655,2.812
13221104,0.002215753,0.0015426382388919369,2.654,2.812
11436319,0.00221687,0.0015435068127355816,2.654,2.811
4972155,0.00222077,0.0015456527010551742,2.653,2.811
9233762,0.002222766,0.001547083293268236,2.653,2.81
10586528,0.002225897,0.0015491780890087906,2.652,2.81
19487328,0.002227856,0.0015506086812218526,2.652,2.809
10124001,0.002231125,0.0015537253285431657,2.651,2.809
1803352,0.002231695,0.001554185161754507,2.651,2.808
3957678,0.002236248,0.0015577105497081233,2.65,2.808
9483126,0.002236248,0.0015577616422871613,2.65,2.807
11321350,0.002240388,0.0015613892153988538,2.65,2.806
8891317,0.002241349,0.0015622577892424985,2.649,2.806
5428972,0.002243773,0.0015649656959315081,2.649,2.805
5673873,0.002246627,0.001567009399093025,2.648,2.805
11933684,0.002248791,0.0015685932690432005,2.648,2.804
1102463,0.002251658,0.0015701260464143381,2.647,2.804
18550056,0.002254444,0.001572220842154893,2.647,2.803
18446751,0.002256909,0.0015734470640518029,2.646,2.803
5584773,0.002259985,0.0015757973226875473,2.646,2.802
13894487,0.002262134,0.0015775344703748365,2.645,2.802
18082117,0.002265031,0.0015794759883782775,2.645,2.801
17597702,0.002267288,0.0015814685989607566,2.644,2.801
10236220,0.002269696,0.00158310356148997,2.644,2.8
18534279,0.002272544,0.0015846363388611075,2.643,2.8
6509528,0.002275045,0.0015867311346016624,2.643,2.799
4270009,0.002277753,0.0015887748377631792,2.642,2.799
14248797,0.002280634,0.0015904098002923926,2.642,2.798
1690749,0.002283149,0.0015919425776635301,2.641,2.798
13042991,0.002285574,0.001594088465983123,2.641,2.797
8466259,0.002288268,0.001596540909776943,2.64,2.797
10235860,0.00228955,0.0015977671316738532,2.64,2.796
5954499,0.002293523,0.0016007815938370905,2.639,2.796
8647814,0.002294419,0.0016014457973645834,2.639,2.795
301686,0.002298797,0.001605022277897238,2.638,2.795
9642217,0.00229904,0.0016051244630553138,2.638,2.794
10235688,0.002304227,0.001608803128746044,2.637,2.793
15454934,0.002309013,0.0016125328870158122,2.637,2.792
19236671,0.002309461,0.0016128905350690777,2.636,2.792
7022510,0.002314039,0.0016162626452855804,2.636,2.791
15487958,0.002314787,0.0016169779413921113,2.635,2.791
15737642,0.002318998,0.0016199924035553486,2.635,2.79
18798057,0.002320077,0.0016208098848199553,2.634,2.79
9666775,0.002323729,0.0016237221618251169,2.634,2.789
15151032,0.00232546,0.0016253060317752924,2.633,2.789
16042252,0.002328464,0.001627451920094885,2.633,2.788
3319436,0.00233088,0.0016292912529402503,2.632,2.788
2914139,0.002332817,0.0016311816783646533,2.632,2.787
11933806,0.002336237,0.0016329188260519425,2.631,2.787
5368029,0.002339885,0.0016349625292134593,2.631,2.786
18567635,0.002341622,0.001636444214005559,2.63,2.786
10235721,0.002344209,0.0016387433800622655,2.63,2.785
16149436,0.002346991,0.0016406848980657065,2.629,2.785
14020220,0.002349735,0.0016425242309110715,2.629,2.784
6138558,0.00235239,0.0016445168414935506,2.628,2.784
4735386,0.00235489,0.0016463050817598778,2.628,2.783
5081510,0.002358051,0.001648757525553698,2.627,2.783
1884956,0.002359539,0.0016500859326086838,2.627,2.782
9670302,0.002363284,0.001653253672509035,2.626,2.782
13591156,0.002364036,0.00165386678345749,2.626,2.781
3440720,0.002368782,0.001657698726885334,2.625,2.78
7408239,0.00237418,0.0016611730222599126,2.624,2.78
7481058,0.002374557,0.001661530670313178,2.624,2.779
1449233,0.002379606,0.0016650560582667946,2.623,2.779
16732116,0.002379954,0.001665362613741022,2.623,2.778
4014917,0.002384985,0.001669194557168866,2.623,2.777
9285888,0.002385319,0.00166934783490598,2.622,2.777
2134544,0.00238918,0.0016730265005967103,2.622,2.776
8134506,0.002390723,0.0016742016299145825,2.621,2.776
15685598,0.002393932,0.0016769095366035922,2.621,2.775
3443834,0.002396085,0.0016787999620279952,2.62,2.775
13230578,0.00239784,0.0016807414800314362,2.62,2.774
8532024,0.002401741,0.0016837559421946735,2.619,2.774
18642629,0.002402641,0.0016846245160383182,2.619,2.773
4764852,0.002407254,0.0016884564594661622,2.618,2.773
3952505,0.002407256,0.0016885075520452002,2.618,2.772
14139198,0.002412722,0.0016923394954730443,2.617,2.772
12619931,0.002412775,0.001692390588052082,2.617,2.771
1916069,0.002417257,0.0016963247166380021,2.617,2.77
17861734,0.002418255,0.001697550938534912,2.616,2.77
678750,0.002422852,0.001700207752644884,2.616,2.769
17884510,0.002423868,0.0017010763264885286,2.615,2.769
3613868,0.002427937,0.001704141881230804,2.615,2.768
5320235,0.002429423,0.0017050104550744485,2.614,2.768
13225388,0.002433746,0.0017080760098167238,2.614,2.767
4762473,0.002435041,0.0017090978613974821,2.613,2.767
4056288,0.002438002,0.0017120101384026437,2.613,2.766
10725579,0.002440814,0.0017139005638270467,2.612,2.766
10239752,0.002443486,0.0017159442669885635,2.612,2.765
8267374,0.002446309,0.0017178346924129667,2.611,2.765
530428,0.002448454,0.0017199294881535213,2.611,2.764
16487321,0.002452125,0.0017222286542102278,2.61,2.764
7206301,0.002454452,0.0017238636167394412,2.61,2.763
5216463,0.002457546,0.0017266737085865269,2.609,2.763
386188,0.002459856,0.001727848837904399,2.609,2.762
19258536,0.002463203,0.0017308122074885985,2.608,2.762
19057643,0.002464506,0.0017318340590693568,2.608,2.761
16053737,0.002469054,0.0017358192802343147,2.607,2.76
11049480,0.002473555,0.0017398045013992725,2.607,2.759
14768382,0.002474653,0.0017405708900848412,2.606,2.759
19448824,0.002479658,0.0017438408151432682,2.606,2.758
1764517,0.002480292,0.001744556111249799,2.605,2.758
8349385,0.002484331,0.0017478771288872638,2.605,2.757
10360098,0.002486015,0.0017488989804680223,2.604,2.757
19258670,0.002489765,0.0017519134426312597,2.604,2.756
7096590,0.002491757,0.0017532929422652834,2.603,2.756
12723889,0.002495877,0.0017559497563752553,2.603,2.755
6307172,0.002497513,0.0017570227005350516,2.602,2.755
4664110,0.002501772,0.0017599860701192512,2.602,2.754
140234,0.002503325,0.0017611611994371233,2.601,2.754
8984205,0.002507908,0.0017640223838632468,2.601,2.753
3175222,0.002509037,0.0017649931428649673,2.6,2.753
18797615,0.002513573,0.0017681097901862805,2.6,2.752
15826029,0.002514866,0.0017688761788718494,2.599,2.752
1006650,0.002519151,0.0017721971965093141,2.599,2.751
11937464,0.002520609,0.0017732190480900726,2.598,2.751
2632582,0.00252532,0.0017762335102533098,2.598,2.75
7630191,0.002526465,0.0017770509915179167,2.597,2.75
14595028,0.002531125,0.0017803720091553814,2.597,2.749
15582765,0.00253228,0.0017811383978409503,2.596,2.749
10741831,0.002536719,0.001784459415478415,2.596,2.748
12741698,0.002538164,0.0017856345447962872,2.595,2.748
193074,0.002541812,0.0017885468218014487,2.595,2.747
3948174,0.002543989,0.0017899774140145105,2.594,2.747
6074910,0.00254783,0.0017926853207035202,2.594,2.746
6520848,0.002549797,0.0017943202832327338,2.593,2.746
3315083,0.002553045,0.0017968238196055919,2.593,2.745
4868812,0.002555742,0.001798612059871919,2.592,2.745
16767499,0.002558447,0.0018009623185076635,2.592,2.744
4764159,0.002561553,0.0018034658548805216,2.591,2.744
3671376,0.00256387,0.001805100817409735,2.591,2.743
11855572,0.002567443,0.001807604353782593,2.59,2.743
13012238,0.002569549,0.0018092904088908444,2.59,2.742
7693895,0.002573458,0.0018128668894234988,2.589,2.742
7587999,0.002573993,0.001813428907792916,2.589,2.741
19156680,0.002579291,0.0018172097586417221,2.588,2.741
6831173,0.002579921,0.0018176184992740256,2.588,2.74
14577064,0.002585257,0.0018215526278599454,2.587,2.74
7481855,0.002585472,0.001821808090755135,2.587,2.739
6733589,0.002591307,0.0018255889416039413,2.586,2.739
16333917,0.002591737,0.0018259976822362445,2.586,2.738
13014745,0.002596585,0.001830238366296392,2.586,2.737
12653909,0.002597209,0.0018306981995077332,2.585,2.737
6109390,0.00260204,0.0018344279577775014,2.585,2.736
13180339,0.002603239,0.0018352965316211461,2.584,2.736
15211487,0.002607338,0.001838668641837649,2.584,2.735
17851406,0.002609201,0.001839792678576483,2.583,2.735
17948173,0.002613972,0.0018429093258977962,2.583,2.734
2877017,0.002615233,0.0018435224368462512,2.582,2.734
13151822,0.002619445,0.0018471500099579436,2.582,2.733
1764530,0.00262122,0.0018484273244338916,2.581,2.733
10764035,0.002625873,0.001851441786597129,2.581,2.732
1337277,0.002627334,0.0018524125455988494,2.58,2.732
6624142,0.002632385,0.0018556824706572764,2.58,2.731
8758822,0.002633328,0.0018562955816057315,2.579,2.731
8758851,0.002637637,0.0018599742472964617,2.579,2.73
16236414,0.002639417,0.0018612004691933718,2.578,2.73
18832745,0.00264425,0.0018642660239356471,2.578,2.729
16703952,0.002645489,0.0018650324126212158,2.577,2.729
6090953,0.00265127,0.0018685578005748324,2.577,2.728
16243181,0.002651636,0.001868762170890984,2.576,2.728
14582967,0.002657318,0.0018728495772140177,2.576,2.727
8071435,0.002657805,0.0018730539475301693,2.575,2.727
18151064,0.002663893,0.0018770902612741652,2.574,2.727
16392897,0.002663982,0.001877192446432241,2.574,2.726
10202192,0.002670199,0.0018807689269648954,2.573,2.726
7546035,0.00267143,0.0018814842230714262,2.573,2.725
5207882,0.002676154,0.0018850607036040808,2.572,2.725
17175055,0.002676952,0.0018858270922896495,2.572,2.724
11123185,0.002682268,0.0018896590357174935,2.571,2.724
12623312,0.002682985,0.0018901699615078728,2.571,2.723
8697208,0.00268854,0.0018931333310920721,2.57,2.723
18199107,0.002690608,0.0018945639233051339,2.57,2.722
15648034,0.002694738,0.0018972207374151058,2.569,2.722
10235910,0.002697542,0.0018989067925233572,2.569,2.721
15977929,0.002701039,0.0019011548660010258,2.568,2.721
7693422,0.002703752,0.0019033007543206185,2.568,2.72
1559106,0.002707083,0.0019057021055354007,2.567,2.72
13177501,0.002710681,0.0019076947161178795,2.567,2.719
18797674,0.002713351,0.0019100960673326618,2.566,2.719
6485408,0.002716581,0.0019120886779151408,2.566,2.718
18196670,0.002719603,0.0019141834736556955,2.565,2.718
473307,0.002722924,0.001916482639712402,2.565,2.717
15737846,0.002725861,0.001918373065136805,2.564,2.717
13563081,0.002729402,0.001920927694088701,2.564,2.716
17085774,0.002732133,0.0019223582863017628,2.563,2.716
6166145,0.002735893,0.001925321655885962,2.563,2.715
16359061,0.002738531,0.0019268544332570999,2.562,2.715
5204910,0.002741945,0.0019297667102622612,2.562,2.714
6299208,0.002744735,0.001931197302475323,2.561,2.714
9463503,0.002748731,0.0019342117646385603,2.561,2.713
12095804,0.002751093,0.001935642356851622,2.56,2.713
14782472,0.002755417,0.0019386568190148594,2.56,2.712
12619863,0.002757726,0.0019399341334908075,2.559,2.712
6406877,0.002762569,0.0019431529659701965,2.559,2.711
17872104,0.002763774,0.0019442259101299928,2.558,2.711
4118543,0.002768972,0.0019476491129255336,2.558,2.71
9349428,0.002770181,0.0019483133164530265,2.557,2.71
16108966,0.002774453,0.0019520941673018327,2.557,2.709
10310523,0.002776549,0.001953729129831046,2.556,2.709
10659966,0.002779713,0.0019566414068362074,2.556,2.708
429313,0.002782933,0.0019591960357881037,2.555,2.708
8529085,0.002785728,0.0019611375537915447,2.555,2.707
17884344,0.002789405,0.001963896553059592,2.554,2.707
1273503,0.00279221,0.0019656337007468816,2.554,2.706
8031846,0.002795851,0.0019681883296987774,2.553,2.706
12720068,0.002798238,0.0019701809402812563,2.553,2.705
103128,0.002802368,0.0019727866618121904,2.552,2.705
10243256,0.002805062,0.0019747281798156314,2.552,2.704
3970554,0.002809095,0.0019772317161884895,2.551,2.704
3543190,0.002812136,0.0019792754193500065,2.551,2.703
4118624,0.002815298,0.0019816767705647885,2.55,2.703
3811053,0.002818134,0.001983822658884381,2.55,2.702
14065498,0.002821638,0.001986530565573391,2.549,2.702
14562792,0.002823733,0.001988420990997794,2.549,2.701
6812353,0.002828187,0.001991639823477183,2.548,2.701
16196834,0.002829909,0.0019929682305321692,2.548,2.7
17432358,0.002834673,0.0019959826926954066,2.547,2.7
11306000,0.002837094,0.001997566562645582,2.547,2.699
15408652,0.002841191,0.00200007009901844,2.546,2.699
2914148,0.002843905,0.002002215987338033,2.546,2.698
11278855,0.002847753,0.0020048217088689665,2.545,2.698
374652,0.002850456,0.0020068143194514458,2.545,2.697
11685736,0.002854385,0.0020098287816146827,2.544,2.697
6152135,0.002856501,0.0020114126515648582,2.544,2.696
10479051,0.002861219,0.0020139161879377163,2.543,2.696
6862023,0.002865431,0.0020160620762573094,2.543,2.695
4622729,0.002867478,0.002017441575891333,2.542,2.695
18091194,0.002872525,0.00202071150094976,2.542,2.694
8668611,0.002874209,0.0020222953708999357,2.541,2.694
3551548,0.002877885,0.002025360925642211,2.541,2.693
10725705,0.002880747,0.0020274557213827656,2.54,2.693
7493859,0.002884055,0.0020300614429136993,2.54,2.692
6046018,0.002887379,0.002033024812497899,2.539,2.692
10740999,0.002889753,0.00203471086760615,2.539,2.691
10440148,0.002894014,0.0020376742371903496,2.538,2.691
12887111,0.002895748,0.002039411384877639,2.538,2.69
8582860,0.002900814,0.0020426813099360657,2.537,2.69
7300355,0.002902443,0.0020441119021491275,2.537,2.689
17693160,0.002907444,0.0020473818272075547,2.536,2.689
16501665,0.002910218,0.0020488124194206164,2.536,2.688
1622143,0.002914129,0.0020513159557934745,2.535,2.688
6504769,0.002916429,0.0020535640292711427,2.535,2.687
18319149,0.002920887,0.0020564252136972667,2.534,2.687
12609882,0.002923742,0.0020582645465426317,2.534,2.686
1907559,0.002927547,0.002061330101284907,2.533,2.686
4492954,0.002929777,0.0020630161563931584,2.533,2.685
7347129,0.002934294,0.002066388266609661,2.532,2.685
4443865,0.002936156,0.0020677677662436847,2.532,2.684
4177999,0.00294107,0.002070935506144036,2.531,2.684
8217668,0.002943047,0.0020725704686732492,2.531,2.683
18311335,0.002947943,0.002075636023415525,2.53,2.683
1102974,0.002950238,0.002077322078523776,2.53,2.682
18238598,0.002954816,0.00207992780005471,2.529,2.682
11425621,0.00295767,0.0020821247809533405,2.529,2.681
11935604,0.002961934,0.0020840662989567815,2.528,2.681
7151799,0.002965815,0.002086927483382905,2.528,2.68
8608815,0.002968303,0.0020885624459121184,2.527,2.68
15410736,0.002972302,0.0020917301858124696,2.527,2.679
1734472,0.002975151,0.0020936717038159106,2.526,2.679
6441930,0.002979002,0.002096532888242034,2.526,2.678
7143740,0.002981999,0.002098372221087399,2.525,2.678
17077364,0.002986145,0.0021013866832506364,2.525,2.677
15043919,0.002988826,0.002102970553200812,2.524,2.677
12512818,0.002992544,0.002106240478259239,2.524,2.676
7028443,0.00299572,0.0021084374591578696,2.523,2.676
4822973,0.002999217,0.0021110942732678415,2.523,2.675
13145964,0.003002721,0.002114006550273003,2.522,2.675
2692202,0.003004857,0.002115948068276444,2.522,2.674
11048450,0.003009884,0.002119064715597757,2.521,2.674
6796402,0.003012314,0.0021208018632850466,2.521,2.673
8252815,0.003016481,0.0021239696031853973,2.52,2.673
12368174,0.00301958,0.0021257067508726867,2.52,2.672
18344905,0.003023442,0.0021289255833520757,2.519,2.672
18415249,0.003026585,0.0021306116384603273,2.519,2.671
12225454,0.003030433,0.00213398374867683,2.518,2.671
19270781,0.003032851,0.0021355165260479674,2.518,2.67
13109790,0.00303756,0.002139093006580622,2.517,2.67
14741286,0.003040181,0.0021404725062146458,2.517,2.669
13111480,0.003044419,0.002143486968377883,2.516,2.669
3209362,0.003047493,0.0021453773938022863,2.516,2.668
3755097,0.003051462,0.00214798311533322,2.515,2.668
2725009,0.003054917,0.0021503333739689647,2.515,2.667
15592344,0.003058445,0.002153347836132202,2.514,2.667
7344098,0.003060939,0.002155289354135643,2.514,2.666
7482185,0.003065494,0.002158916927247335,2.513,2.666
15579261,0.003067951,0.002160245334302321,2.513,2.665
13988364,0.003072585,0.0021644349257834306,2.512,2.665
11120343,0.0030735,0.0021652524070480375,2.512,2.664
10980661,0.003079686,0.0021695952762662606,2.511,2.664
11935378,0.00308081,0.0021702083872147154,2.511,2.663
10543108,0.003086796,0.0021741425158006357,2.51,2.663
3589938,0.003088323,0.002175215459960432,2.51,2.662
13610167,0.003093893,0.0021799159772319205,2.509,2.662
1348918,0.003094246,0.002180222532706148,2.509,2.661
3519424,0.003101095,0.002185280698030902,2.508,2.66
19198190,0.003107213,0.0021902877707766183,2.508,2.659
11513632,0.003108162,0.002190696511408922,2.507,2.659
4187028,0.003114815,0.0021953459361013727,2.507,2.658
2315353,0.003115325,0.0021959590470498275,2.506,2.658
7994907,0.003121404,0.0022004041014261266,2.506,2.657
18797416,0.003122595,0.002201017212374582,2.505,2.657
2085191,0.003128283,0.0022055133593299188,2.505,2.656
7226332,0.003129738,0.002206739581226829,2.504,2.656
16883171,0.003134971,0.0022105715246546727,2.504,2.655
3745232,0.003136917,0.0022122575797629243,2.503,2.655
12533673,0.003140954,0.002215680782558465,2.503,2.654
16100958,0.003144139,0.002218337596668437,2.502,2.654
10358058,0.003147507,0.002220790040462257,2.502,2.653
150253,0.003151401,0.0022244176135739493,2.501,2.653
16592755,0.003153603,0.0022258992983660492,2.501,2.652
4289030,0.003158678,0.0022289648531083244,2.5,2.652
3958051,0.003160685,0.002231008556269841,2.5,2.651
13409656,0.003165976,0.002235044870013837,2.499,2.651
8348692,0.003167558,0.002236168906752671,2.499,2.65
14360803,0.003173457,0.002239745387285326,2.498,2.65
14809997,0.003175396,0.002241329257235501,2.498,2.649
11087610,0.003180585,0.002244650274872966,2.497,2.649
19475075,0.003183231,0.002246489607718331,2.497,2.648
345699,0.003187875,0.0022498617179348337,2.496,2.648
2592686,0.00319058,0.002251649958201161,2.496,2.647
12495936,0.003195391,0.002255481901629005,2.495,2.647
16535222,0.003197034,0.002256861401263029,2.495,2.646
7661862,0.003202611,0.002260693344690873,2.494,2.646
18350918,0.003204706,0.002262072844324897,2.494,2.645
3332897,0.003210074,0.0022662624358060065,2.493,2.645
7955665,0.003211375,0.0022672842873867646,2.493,2.644
7944818,0.003217373,0.0022718826195001775,2.492,2.644
8084031,0.003218847,0.002272495730448633,2.492,2.643
5845573,0.003224985,0.0022763276738764766,2.491,2.643
12394563,0.003226565,0.0022777582660895384,2.491,2.642
18797616,0.003232232,0.0022815902095173826,2.49,2.642
9243572,0.003234158,0.0022829697091514066,2.49,2.641
17705368,0.003239773,0.0022875169486857813,2.489,2.641
11380913,0.003241336,0.002288232244792312,2.489,2.64
6646450,0.003247272,0.002292319651115346,2.488,2.64
19223166,0.00324894,0.002293545873012256,2.488,2.639
16022595,0.003254641,0.0022974800015981758,2.487,2.639
17722798,0.00325599,0.002298808408653162,2.487,2.638
7612637,0.003262158,0.002303202370450423,2.486,2.638
10928761,0.003263886,0.0023041220368731057,2.486,2.637
283195,0.003269808,0.0023081072580380634,2.485,2.637
7523665,0.003272131,0.002309435665093049,2.485,2.636
8587684,0.003277332,0.00231285886788859,2.484,2.636
5053057,0.003279606,0.002314749293312993,2.484,2.635
13138161,0.003284754,0.0023188366996360265,2.483,2.635
8197361,0.003286568,0.002320114014111975,2.483,2.634
8050380,0.003292326,0.002325274364594805,2.482,2.634
6953819,0.003292495,0.0023254276423319183,2.482,2.633
5097484,0.003299876,0.0023307923631309003,2.482,2.632
16501742,0.00329994,0.002330843455709938,2.481,2.632
9131841,0.00330687,0.002336157083929882,2.481,2.631
11536144,0.003307606,0.002336719102299299,2.48,2.631
4443760,0.003313566,0.0023415728973079013,2.48,2.63
8009995,0.003315138,0.0023427991192048114,2.479,2.63
1576126,0.003320527,0.002346937618106883,2.479,2.629
11571259,0.003322902,0.002348163840003793,2.478,2.629
7928651,0.003329969,0.0023523534314849027,2.478,2.628
7277259,0.003330554,0.0023529665424333575,2.477,2.628
14092349,0.003337761,0.002357769244862922,2.477,2.627
16838839,0.003338146,0.0023579736151790737,2.476,2.627
3052619,0.003345174,0.0023632361508199797,2.476,2.626
7167909,0.003345809,0.002363747076610359,2.475,2.626
11813656,0.003352504,0.0023686519641979995,2.475,2.625
15067615,0.003353525,0.002369980371252985,2.474,2.625
11775024,0.003359557,0.0023741188701550567,2.474,2.624
17906104,0.00336127,0.002375140721735815,2.473,2.624
16692551,0.0033671,0.0023795857761121143,2.473,2.623
12834212,0.003369099,0.0023809141831671,2.472,2.623
3202131,0.003375887,0.0023851037746482097,2.472,2.622
1641012,0.003376771,0.002386023441070892,2.471,2.622
16165423,0.003382501,0.0023905706806052673,2.471,2.621
7507401,0.003384632,0.002392154550555443,2.47,2.621
7778162,0.003390267,0.0023960886791413627,2.47,2.62
10982425,0.00339237,0.0023974681787753867,2.469,2.62
3003588,0.003398089,0.002401606677677458,2.469,2.619
16527659,0.003400189,0.0024036503808389747,2.468,2.619
18871167,0.00340475,0.0024071757687925913,2.468,2.618
5788021,0.003408117,0.0024096793051654494,2.467,2.618
2890480,0.003411984,0.0024126937673286867,2.467,2.617
11931103,0.003415921,0.0024156571369128863,2.466,2.617
7537370,0.003419091,0.0024182628584438204,2.466,2.616
14833128,0.003423775,0.0024227590053991573,2.465,2.616
3369450,0.003425438,0.0024238319495589536,2.465,2.615
15162339,0.003431762,0.0024276638929867974,2.464,2.615
2557147,0.003434511,0.0024294521332531246,2.464,2.614
4521251,0.003439587,0.0024340504653665375,2.463,2.614
15879293,0.003441212,0.0024350212243682582,2.463,2.613
5745300,0.003448096,0.002439568463902633,2.462,2.613
9409393,0.003449638,0.0024406414080624292,2.462,2.612
8464608,0.003455641,0.002445393017912956,2.461,2.612
15375267,0.003456523,0.0024462615917566007,2.461,2.611
1741755,0.003463421,0.0024506044609748237,2.46,2.611
1577457,0.003465022,0.00245193286802981,2.46,2.61
14375438,0.00347141,0.00245683775561745,2.459,2.61
17601174,0.003472379,0.0024575530517239813,2.459,2.609
302609,0.003479607,0.0024630199576810385,2.458,2.609
5406762,0.003479997,0.00246322432799719,2.458,2.608
3952710,0.003487723,0.0024680270304267547,2.457,2.608
15790972,0.003488775,0.0024688956042703994,2.457,2.607
3221263,0.003495502,0.002474413602806495,2.456,2.607
17174857,0.00349562,0.0024746179731226464,2.456,2.606
11305646,0.003501133,0.0024802892493958556,2.456,2.605
10879147,0.003503568,0.0024819753045041072,2.455,2.605
10703789,0.003509027,0.002486011618248103,2.455,2.604
10358129,0.003511568,0.0024886173397790368,2.454,2.604
12366891,0.003514194,0.00249173398710035,2.454,2.603
2910826,0.003519916,0.0024961790414766492,2.453,2.603
12020017,0.003521917,0.002497507448531635,2.453,2.602
18046997,0.00352801,0.0025011350216433276,2.452,2.602
11760113,0.003531117,0.002503229817383882,2.452,2.601
15884599,0.003535981,0.002506653020179423,2.451,2.601
17157547,0.003538458,0.0025090032788151672,2.451,2.6
8743105,0.003544139,0.0025131928702962765,2.45,2.6
11625718,0.003546181,0.0025148278328254903,2.45,2.599
2077534,0.003552229,0.0025196816278340926,2.449,2.599
6863773,0.003553656,0.002520601294256775,2.449,2.598
13151370,0.00356056,0.0025256083670024913,2.448,2.598
11137826,0.003561555,0.002526425848267098,2.448,2.597
16487255,0.003568688,0.0025315351061708903,2.447,2.597
6545309,0.003569883,0.0025322504022774212,2.447,2.596
16212462,0.003576915,0.0025364399937585305,2.446,2.596
328638,0.003578377,0.002538074956287744,2.446,2.595
2252828,0.003585114,0.0025423156403478913,2.445,2.595
3103156,0.00358717,0.0025439506028771047,2.445,2.594
6094164,0.003593363,0.002548395657253404,2.444,2.594
3925727,0.003595195,0.0025497751568874277,2.444,2.593
16198571,0.003601744,0.002554066933526613,2.443,2.593
18454854,0.003604538,0.0025556508034767886,2.443,2.592
16985168,0.00360996,0.0025596871172207845,2.442,2.592
1630462,0.003612645,0.0025615775426451877,2.442,2.591
16554022,0.003618305,0.00256520511575688,2.441,2.591
5799507,0.003621722,0.0025674531892345485,2.441,2.59
7178864,0.003626684,0.0025708252994510513,2.44,2.59
15753891,0.003630451,0.002573379928402947,2.44,2.589
9162242,0.003635007,0.0025758834647758052,2.439,2.589
16686077,0.003639213,0.002579306667571346,2.439,2.588
14740910,0.003643423,0.0025826787777878486,2.438,2.588
7592419,0.003646496,0.0025852844993187827,2.438,2.587
15746595,0.003651782,0.0025891164427466265,2.437,2.587
9131680,0.003654324,0.0025912112384871813,2.437,2.586
3163700,0.003660168,0.0025950942744940634,2.436,2.586
7697796,0.003662828,0.002597189070234618,2.436,2.585
5136325,0.003668639,0.0026015830320318795,2.435,2.585
5436445,0.003670853,0.0026031669019820547,2.435,2.584
13336033,0.003677215,0.0026080206969906574,2.434,2.584
5423777,0.003679066,0.0026091958263085293,2.434,2.583
4904001,0.003685533,0.0026128744919992597,2.433,2.583
17006050,0.003688351,0.002615173658055966,2.433,2.582
13835706,0.003694037,0.0026198741753274547,2.432,2.582
10983688,0.003695937,0.002621202582382441,2.432,2.581
13610199,0.003702581,0.0026266694883394985,2.431,2.581
4657605,0.003703381,0.0026272825992879533,2.431,2.58
5086686,0.003710906,0.002633311523614428,2.431,2.579
16313839,0.003711147,0.002633464801351542,2.43,2.579
401309,0.003718041,0.0026393915405199405,2.43,2.578
1553052,0.003719699,0.0026406177624168506,2.429,2.578
18531218,0.003726352,0.002645471557425453,2.429,2.577
10753086,0.003728344,0.002647566353166008,2.428,2.577
3651464,0.003734082,0.002651551574330966,2.428,2.576
12109280,0.003736812,0.002654463851336127,2.427,2.576
7697787,0.003742259,0.002657682683815516,2.427,2.575
9995992,0.003745426,0.0026601351276093364,2.426,2.575
15711082,0.003750627,0.002663813793300067,2.426,2.574
14791536,0.00375407,0.0026664195148310005,2.425,2.574
1902747,0.003757878,0.002669944902784617,2.425,2.573
10106525,0.003762742,0.0026736746610543853,2.424,2.573
14101528,0.003765334,0.0026761271048482056,2.424,2.572
2243820,0.003771395,0.0026806743443825803,2.423,2.572
343807,0.00377351,0.002682258214332756,2.423,2.571
6125616,0.003780114,0.002687520749973662,2.422,2.571
9499579,0.003781037,0.0026884404163963443,2.422,2.57
18798624,0.00378884,0.002693754044616288,2.421,2.57
10566613,0.003790345,0.0026946737110389706,2.421,2.569
12550209,0.003797599,0.0027000895244169904,2.42,2.569
6490042,0.003798643,0.002700855913102559,2.42,2.568
8034412,0.003806327,0.002706680467112882,2.419,2.568
17588532,0.003806985,0.0027070892077451854,2.419,2.567
6090969,0.003815321,0.00271311813207166,2.418,2.567
3957440,0.003815756,0.0027133225023878117,2.418,2.566
18988728,0.003823872,0.002718738315765831,2.417,2.566
10869590,0.003826032,0.0027196068896094758,2.417,2.565
6752702,0.003832854,0.0027245117771971163,2.416,2.565
9859886,0.003835077,0.002725840184252102,2.416,2.564
4522654,0.003841582,0.0027307961644187804,2.415,2.564
6634694,0.003844297,0.0027321245714737666,2.415,2.563
1999318,0.003850449,0.0027372338293775583,2.414,2.563
18929396,0.00385235,0.0027384600512744685,2.414,2.562
9906792,0.003859247,0.0027427518279136537,2.413,2.562
8346609,0.003862284,0.002744744438496133,2.413,2.561
56435,0.003868159,0.00274924058545147,2.412,2.561
16003997,0.003870331,0.002751079918296835,2.412,2.56
245324,0.003877322,0.0027565979168329303,2.411,2.56
9243715,0.00387901,0.002757415398097537,2.411,2.559
14977904,0.003885998,0.0027622181005271017,2.41,2.559
741838,0.003887974,0.0027638019704772773,2.41,2.558
17437897,0.003894934,0.0027687068580649174,2.409,2.558
9874145,0.003896498,0.0027701374502779796,2.409,2.557
6444924,0.003903951,0.002775604356235037,2.408,2.557
13833075,0.003905356,0.0027765240226577193,2.408,2.556
10936560,0.003912974,0.0027818887434567013,2.407,2.556
12360086,0.003914732,0.0027829616876164976,2.407,2.555
16113212,0.003922003,0.0027882753158364414,2.406,2.555
15268730,0.003922949,0.0027893482599962377,2.406,2.554
10346491,0.003930854,0.0027957859249550156,2.406,2.553
16992983,0.003930992,0.0027959902952711673,2.405,2.553
3378109,0.003939442,0.0028022235899137935,2.405,2.552
2544127,0.003940054,0.0028028367008622484,2.404,2.552
125269,0.003947724,0.0028087123474516093,2.404,2.551
16884587,0.003949247,0.0028099896619275576,2.403,2.551
3546621,0.003955598,0.0028151500124103876,2.403,2.55
16113239,0.003958231,0.0028176024562042074,2.402,2.55
19145087,0.003963119,0.0028216387699482033,2.402,2.549
19300706,0.00396742,0.002824499954374327,2.401,2.549
7378588,0.003972624,0.0028281786200650572,2.401,2.548
10498658,0.003976588,0.002831397452544446,2.4,2.548
15768384,0.003981151,0.002834667377602873,2.4,2.547
1769918,0.003986037,0.0028381927655564895,2.399,2.547
16319753,0.003990086,0.002841207227719727,2.399,2.546
3033717,0.00399489,0.0028441705973039264,2.398,2.546
14130626,0.003999393,0.002847747077836581,2.398,2.545
15256206,0.004004056,0.0028512724657901974,2.397,2.545
13435145,0.004007221,0.0028543380205324725,2.397,2.544
4273591,0.004013459,0.002858629797171658,2.396,2.544
13766340,0.004016387,0.0028609289632283643,2.396,2.543
9800134,0.004022646,0.002865629480499853,2.395,2.543
11726873,0.004025245,0.002867519905924256,2.395,2.542
7695018,0.004031989,0.0028713518493521002,2.394,2.542
15197165,0.004035127,0.0028741108486201477,2.394,2.541
19005214,0.004041107,0.002878402625259333,2.393,2.541
17384520,0.004043928,0.0028807528838950777,2.393,2.54
11940796,0.004050644,0.0028861176046940593,2.392,2.54
8653068,0.004052217,0.002887394919170007,2.392,2.539
9117363,0.004059787,0.002892044343862458,2.391,2.539
5561179,0.004061704,0.0028940369544449367,2.391,2.538
10642104,0.004069193,0.0028994527678229565,2.39,2.538
18527398,0.004071682,0.0029007300822989045,2.39,2.537
16442132,0.004078808,0.002905532784728469,2.389,2.537
8746747,0.004080576,0.002907372117573834,2.389,2.536
8352649,0.004087402,0.0029141163380068395,2.389,2.535
679102,0.004087936,0.002914422893481067,2.388,2.535
18626600,0.004097332,0.0029205029103865797,2.387,2.535
8117780,0.00409788,0.0029208094658608073,2.387,2.534
3128114,0.004106801,0.0029270938530824714,2.386,2.534
12609647,0.004107957,0.002927553686293813,2.386,2.533
3035675,0.004116289,0.0029333271477250977,2.385,2.533
13833101,0.004118383,0.0029342979067268184,2.385,2.532
7781789,0.004125785,0.002940480108790407,2.384,2.532
14125355,0.004126744,0.002941042127159824,2.384,2.531
2633925,0.004135357,0.002947224329223412,2.383,2.531
13865429,0.004136235,0.0029478374401718673,2.383,2.53
12867770,0.004144927,0.002953151068391811,2.382,2.53
3435601,0.004146847,0.0029546327531839106,2.382,2.529
13587149,0.004154332,0.0029600485665619305,2.381,2.529
3293429,0.004155959,0.002961428066195954,2.381,2.528
3369459,0.004163929,0.0029674569905224287,2.38,2.528
12882690,0.004165365,0.0029682744717870356,2.38,2.527
7684445,0.00417322,0.0029751208773781167,2.38,2.526
14199477,0.004173619,0.0029755296180104204,2.379,2.526
7115689,0.004182725,0.0029819672829691983,2.379,2.525
6093152,0.00418313,0.0029823760236015015,2.378,2.525
7235061,0.004192876,0.002988660410823166,2.377,2.525
16226650,0.004193098,0.0029888647811393177,2.377,2.524
3246600,0.004201347,0.0029957622793094366,2.377,2.523
12519589,0.004202487,0.0029966308531530813,2.376,2.523
10893739,0.004208479,0.003002659777479556,2.376,2.522
17498669,0.00421217,0.0030048056657991486,2.375,2.522
8744001,0.004218083,0.0030095572756496753,2.375,2.521
11829242,0.004221851,0.003012265182338685,2.374,2.521
5205095,0.004227951,0.0030165058663988325,2.374,2.52
5780438,0.004231768,0.003018958310192653,2.373,2.52
6597285,0.004236729,0.0030234544571479897,2.373,2.519
18902984,0.004241366,0.003026520011890265,2.372,2.519
14738498,0.004245756,0.003030403047897147,2.372,2.518
19214197,0.004251354,0.0030347459171153703,2.371,2.518
13803335,0.004255064,0.0030374027312253422,2.371,2.517
12672944,0.004260912,0.003041336859811262,2.37,2.517
12367941,0.004264342,0.003044402414553537,2.37,2.516
4875881,0.004270725,0.003049613857615405,2.369,2.516
5185713,0.00427326,0.0030514531904607704,2.369,2.515
8459268,0.004280579,0.0030564602632064865,2.368,2.515
7840454,0.004283377,0.0030584528737889654,2.368,2.514
3955473,0.004290612,0.003063766502008909,2.367,2.514
1764553,0.004292961,0.0030655036496961986,2.367,2.513
16525095,0.004300351,0.003070255259546725,2.366,2.513
12892887,0.004303117,0.0030726055181824695,2.366,2.512
10298484,0.00431038,0.0030782767944556788,2.365,2.512
3364529,0.004311875,0.0030796562940897023,2.365,2.511
16573665,0.00432018,0.0030858895887323286,2.364,2.511
8707145,0.004321292,0.0030867581625759733,2.364,2.51
5790006,0.004330148,0.0030938089384832065,2.363,2.51
5429877,0.004330151,0.0030938600310622443,2.363,2.509
6409192,0.004339035,0.003101012992127553,2.363,2.508
7957854,0.004340147,0.0031016261030760084,2.362,2.508
5592892,0.004350099,0.0031081659531928623,2.362,2.507
93096,0.004350131,0.0031082170457719,2.361,2.507
11048382,0.004360157,0.0031151656365210573,2.36,2.507
14233600,0.004360202,0.003115318914258171,2.36,2.506
16066531,0.004370364,0.0031219609495331006,2.359,2.506
16487222,0.00437095,0.0031225229679025177,2.359,2.505
9179620,0.00438031,0.0031289095402822578,2.358,2.505
5363366,0.004381118,0.0031297270215468647,2.358,2.504
7547124,0.00439019,0.0031369310751912113,2.358,2.503
16741375,0.004390499,0.003137237630665439,2.357,2.503
1595922,0.004400214,0.0031441351288355583,2.357,2.502
18446482,0.004400567,0.0031443905917307477,2.356,2.502
15127293,0.004410671,0.003150777164110488,2.355,2.502
1403976,0.004411352,0.003151390275058943,2.355,2.501
11618671,0.004420211,0.003158645421282328,2.355,2.5
14181039,0.004420827,0.0031591563470727067,2.354,2.5
12477144,0.004431138,0.0031659516600847505,2.353,2.499
11448380,0.004441211,0.0031727980656758316,2.352,2.499
8706942,0.00444159,0.003173257898887173,2.352,2.498
7701427,0.004451555,0.0031802064896363303,2.351,2.498
4059991,0.004452197,0.0031805641376895957,2.351,2.497
18282025,0.004461699,0.0031877681913339423,2.35,2.497
2959017,0.004461762,0.0031878703764920183,2.35,2.496
13647796,0.004472021,0.003194563504345986,2.349,2.496
10144716,0.004472902,0.0031952277078734787,2.349,2.495
3161527,0.00448233,0.0032025339466759013,2.348,2.495
6732134,0.004482415,0.0032025850392549396,2.348,2.494
12572456,0.004492651,0.003209789092899286,2.347,2.494
17220929,0.004493074,0.0032099934632154378,2.347,2.493
14546312,0.004503163,0.003216942053964595,2.346,2.493
6727164,0.004503721,0.0032174018871759364,2.346,2.492
7147805,0.004513478,0.0032239417372927903,2.345,2.492
6047511,0.004514657,0.003224810311136435,2.345,2.491
4875274,0.004523765,0.003231656716727516,2.344,2.491
7016912,0.004524387,0.0032322187350969332,2.344,2.49
7261568,0.004534228,0.0032387074926347494,2.343,2.49
9102972,0.004535461,0.0032396782516364696,2.343,2.489
13089291,0.004544675,0.0032455538982258305,2.342,2.489
15063776,0.004546946,0.003247137768176006,2.342,2.488
7607140,0.004555123,0.003253013414765367,2.341,2.488
12639349,0.004557679,0.0032546483772945803,2.341,2.487
12027321,0.004565824,0.0032603196535677895,2.34,2.487
344880,0.004568749,0.003262158986413155,2.34,2.486
11505222,0.004576282,0.003267881355265402,2.339,2.486
10023619,0.00457845,0.003269669595531729,2.339,2.485
14977799,0.004586836,0.0032760561679114693,2.338,2.485
3129124,0.00458863,0.0032771802046503034,2.338,2.484
14394078,0.004597524,0.0032828514809235126,2.337,2.484
460789,0.004599617,0.003284741906347916,2.337,2.483
14213773,0.004607931,0.0032914861267809214,2.336,2.483
13405939,0.004609351,0.003292354700624566,2.336,2.482
1803206,0.00461851,0.003298536902688154,2.335,2.482
10602261,0.004620019,0.003299916402322178,2.335,2.481
18699761,0.004629155,0.0033061496969648044,2.334,2.481
12605726,0.004631588,0.0033075291965988284,2.334,2.48
12275495,0.004639814,0.003313302658030113,2.333,2.48
12742355,0.004642366,0.0033151419908754786,2.333,2.479
18103598,0.004650554,0.003321222007780991,2.332,2.479
647743,0.004652475,0.0033228058777311667,2.332,2.478
7700748,0.004661226,0.0033291413575318686,2.331,2.478
7589738,0.004662798,0.0033304697645868547,2.331,2.477
18742406,0.004671993,0.003337520540494088,2.33,2.477
4593618,0.004672572,0.0033381336514425428,2.33,2.476
2865871,0.004682095,0.0033458486308772686,2.33,2.475
7700727,0.004682754,0.003346359556667648,2.329,2.475
8478548,0.004691073,0.003353563610311995,2.329,2.474
4875559,0.00469369,0.003355913868947739,2.328,2.474
2248644,0.004701275,0.0033612785897467207,2.328,2.473
12983849,0.004704413,0.0033633222929082378,2.327,2.473
17326953,0.004712371,0.003368993569181447,2.327,2.472
3216161,0.00471522,0.003371497105554305,2.326,2.472
10721080,0.004722729,0.0033767596411952107,2.326,2.471
9070364,0.004726081,0.003379109899830955,2.325,2.471
2909515,0.004733588,0.0033845768057880125,2.325,2.47
2914799,0.004737068,0.0033872336198979844,2.324,2.47
17365150,0.004744364,0.0033923939703808144,2.324,2.469
14655902,0.004748035,0.0033955106177021278,2.323,2.469
14344468,0.004753828,0.0034002111349736163,2.323,2.468
13596018,0.004758875,0.003403634337769157,2.322,2.468
16980459,0.004764915,0.003408028299566418,2.322,2.467
1647845,0.004769874,0.0034117580578361863,2.321,2.467
4367244,0.004774222,0.003415896556738258,2.321,2.466
12692683,0.004780837,0.0034212612775372394,2.32,2.466
10063191,0.004784129,0.003423764813910098,2.32,2.465
6866200,0.004791879,0.0034291295347090795,2.319,2.465
17949365,0.004795003,0.0034316330710819376,2.319,2.464
3099015,0.004802893,0.003437151069618033,2.318,2.464
437434,0.004805971,0.003439552420832815,2.318,2.463
4522684,0.004813947,0.0034458368080544795,2.317,2.463
3690549,0.0048159,0.003447471770583693,2.317,2.462
4263131,0.004825188,0.003454573639069964,2.316,2.462
8373073,0.004826785,0.0034554422129136086,2.316,2.461
18191478,0.004836162,0.0034634126552435243,2.315,2.46
14958231,0.004847318,0.003471025449520174,2.314,2.46
12358905,0.004847655,0.0034713830975734395,2.314,2.459
984661,0.004857729,0.003479404632482393,2.314,2.458
4474725,0.004858508,0.0034798644656937345,2.313,2.458
10451734,0.004868254,0.003487426167391347,2.313,2.457
3277047,0.004869804,0.0034888056670253705,2.312,2.457
7662065,0.004877764,0.0034954477023003004,2.312,2.456
18103615,0.004880905,0.003497746868357007,2.311,2.456
18213914,0.004888316,0.0035035203297882917,2.311,2.455
984812,0.004892207,0.0035070457177419083,2.31,2.455
14891536,0.004898608,0.0035115929572762834,2.31,2.454
13220532,0.004903508,0.003515680363599317,2.309,2.454
11743225,0.004907792,0.0035196655847642747,2.309,2.453
3431301,0.004914872,0.0035255412313536356,2.308,2.453
15399964,0.004917996,0.0035277893048313042,2.308,2.452
114576,0.004926096,0.0035343291549481577,2.307,2.452
10304947,0.004927759,0.0035359130248983333,2.307,2.451
5667679,0.004937441,0.003543832374649211,2.306,2.451
14198856,0.004937559,0.0035440878375444006,2.306,2.45
3811828,0.004948827,0.0035518539095581647,2.305,2.45
13661532,0.004949376,0.003552262650190468,2.305,2.449
7701142,0.004958849,0.0035604374628365352,2.305,2.448
6961661,0.00496033,0.0035616125921544076,2.304,2.448
12114126,0.004968892,0.0035686633680616403,2.304,2.447
17304449,0.004971774,0.0035709625341183468,2.303,2.447
12943093,0.004978352,0.003576889273286746,2.303,2.446
14813148,0.004983155,0.0035804146612403625,2.302,2.446
15460172,0.004988498,0.003585115178511851,2.302,2.445
1457755,0.004994817,0.003590224436415643,2.301,2.445
12638705,0.004999019,0.0035933921763159943,2.301,2.444
4173613,0.005006139,0.003597888323271331,2.3,2.444
18517925,0.005012322,0.003601669174120137,2.3,2.443
2951497,0.005017735,0.003605858765601247,2.299,2.443
18147830,0.005023154,0.0036099461719242805,2.299,2.442
11828093,0.005029219,0.003614902152090959,2.298,2.442
18856268,0.005033612,0.0036182742623074617,2.298,2.441
11037684,0.005040872,0.0036246097421081635,2.297,2.441
14561302,0.005043527,0.0036266534452696806,2.297,2.44
11720192,0.005052512,0.0036340618692301788,2.296,2.44
12441087,0.005054054,0.0036349815356528613,2.296,2.439
4049822,0.005064077,0.0036432585334570046,2.295,2.439
4269673,0.005064135,0.0036433607186150806,2.295,2.438
6188383,0.005074073,0.0036517909941563374,2.295,2.437
17954228,0.005075753,0.003653323771527475,2.294,2.437
11808745,0.005084865,0.0036601701771185563,2.294,2.436
2564926,0.005087844,0.003662264972859111,2.293,2.436
1480428,0.005096074,0.0036686004526598134,2.293,2.435
3368880,0.005099176,0.0036708485261374817,2.292,2.435
96063,0.005107555,0.003677081820780108,2.292,2.434
17588555,0.005111035,0.0036796364497320043,2.291,2.434
15196398,0.005119658,0.003685563188900403,2.291,2.433
15464770,0.005122746,0.003688066725273261,2.29,2.433
17947299,0.005130063,0.003694044557020698,2.29,2.432
18798304,0.005134543,0.0036978765004485417,2.289,2.432
7148017,0.005140662,0.0037025770177200306,2.289,2.431
14873815,0.005146447,0.0037071753498334435,2.288,2.431
13026695,0.005150546,0.0037111094784193633,2.288,2.43
2299524,0.005158246,0.003717138402745838,2.287,2.43
13255484,0.0051619,0.003719641939118696,2.287,2.429
14045287,0.005170119,0.003725977418919398,2.286,2.429
14632097,0.005172597,0.0037282254923970666,2.286,2.428
15630124,0.005182046,0.0037345098796187307,2.285,2.428
2290959,0.005185079,0.003736809045675437,2.285,2.427
5382097,0.005194042,0.0037437065438455566,2.284,2.427
9565635,0.00519623,0.003745443691532846,2.284,2.426
4300207,0.005206051,0.003753005393230458,2.283,2.426
9619294,0.005207381,0.0037540783373902543,2.283,2.425
11009042,0.005218014,0.003762610798089587,2.282,2.425
11808784,0.005218102,0.003762712983247663,2.282,2.424
16937330,0.005229404,0.0037713987216841096,2.282,2.423
11934002,0.005230041,0.0037718585548954507,2.281,2.423
1331891,0.005241709,0.003780084460120556,2.281,2.422
2807150,0.005242041,0.0037802377378576696,2.28,2.422
17412883,0.005253641,0.0037888212911360406,2.28,2.421
11934671,0.005254157,0.003789230031768344,2.279,2.421
1917578,0.005262335,0.003797558122151525,2.279,2.42
16736183,0.005266237,0.0038014922507374448,2.278,2.42
17051847,0.005272153,0.0038062949531670093,2.278,2.419
9173296,0.005278378,0.0038112509333336876,2.277,2.419
6159059,0.00528222,0.0038150828767615315,2.277,2.418
4668742,0.005290566,0.003822644578459144,2.276,2.418
14085982,0.005291753,0.003823870800356054,2.276,2.417
5832535,0.005302722,0.003832658723950576,2.276,2.416
926806,0.005302829,0.0038327098165296144,2.275,2.416
10016506,0.005314031,0.0038414977401241366,2.275,2.415
14373766,0.00531497,0.003841855388177402,2.274,2.415
8423012,0.005327177,0.003850387848876735,2.274,2.414
13382922,0.005327254,0.003850490034034811,2.273,2.414
6008741,0.005337665,0.003859226865050295,2.273,2.413
2136759,0.005339723,0.0038608107350004708,2.272,2.413
18717970,0.005348738,0.003868168066381931,2.272,2.412
15848150,0.005351888,0.003870262862122486,2.271,2.412
375046,0.005362131,0.0038770581751345293,2.271,2.411
3811009,0.005364419,0.0038782333044524017,2.27,2.411
3278679,0.005374914,0.0038859993764661653,2.27,2.41
12511726,0.005376558,0.0038873277835211515,2.269,2.41
19487915,0.005388583,0.0038949405777978017,2.269,2.409
7097674,0.005388963,0.0038954004110091428,2.268,2.409
13304245,0.005399909,0.0039039328717084755,2.268,2.408
6833027,0.005401488,0.003905618926816727,2.267,2.408
10379230,0.005410043,0.00391292516561915,2.267,2.407
10950187,0.005413808,0.003916246183256615,2.266,2.407
18517908,0.005421353,0.003921968552108862,2.266,2.406
15578460,0.005426369,0.0039267201619593885,2.265,2.406
18945054,0.005432181,0.003931011938598574,2.265,2.405
16207337,0.005438875,0.003935865733607176,2.264,2.405
15718586,0.005444454,0.003940055325088286,2.264,2.404
6058395,0.005451479,0.003946288619730912,2.263,2.404
12674992,0.005455886,0.003949149804157035,2.263,2.403
11060241,0.005463905,0.00395640495038042,2.262,2.403
1645599,0.005466572,0.003958244283225785,2.262,2.402
17851463,0.005476574,0.0039663680032928144,2.261,2.402
12722591,0.005477667,0.003967389854873573,2.261,2.401
13692901,0.005489089,0.003976331056205209,2.26,2.401
3099300,0.00548927,0.0039765354265213606,2.26,2.4
13889903,0.005500775,0.003985680998169148,2.26,2.399
13089532,0.005501806,0.003986447386854717,2.259,2.399
3263306,0.005513076,0.003994877662395974,2.259,2.398
3811265,0.005514451,0.003995848421397695,2.258,2.398
1846784,0.005525162,0.0040040743266228,2.258,2.397
2380808,0.005527172,0.0040055560114149,2.257,2.397
1681174,0.005538759,0.004013322083428664,2.257,2.396
4520694,0.005539889,0.004013884101798081,2.256,2.396
13220789,0.005550683,0.004022569840234527,2.256,2.395
13580971,0.005552728,0.0040243069879218165,2.255,2.395
12318415,0.005562501,0.004031817597040391,2.255,2.394
19393344,0.005565592,0.0040333503744115285,2.254,2.394
11184016,0.005576462,0.0040411164464252925,2.254,2.393
1810626,0.005578409,0.0040433134273239225,2.253,2.393
4263585,0.005588364,0.004050466388389232,2.253,2.392
3603999,0.005591271,0.004052050258339408,2.252,2.392
4261346,0.005601348,0.004059765237774134,2.252,2.391
4010579,0.005604039,0.004061298015145271,2.251,2.391
10530887,0.005615135,0.004069166272317111,2.251,2.39
5457841,0.005616963,0.0040704435867930586,2.25,2.39
8479575,0.005626953,0.00407851621428105,2.25,2.389
11808657,0.005630017,0.004080866472916795,2.249,2.389
5290868,0.00564053,0.004087917248824027,2.249,2.388
14085811,0.005642922,0.004090216414880734,2.248,2.388
12926248,0.005653464,0.0040973693759460425,2.248,2.387
10783231,0.005656017,0.004098799968159105,2.247,2.387
8930223,0.005666784,0.00410677041048902,2.247,2.386
10046110,0.005669067,0.00410825209528112,2.246,2.386
5889470,0.005679225,0.004116273630190074,2.246,2.385
2084685,0.005682024,0.004119952295880804,2.245,2.385
10189046,0.005689706,0.004125725757312089,2.245,2.384
2544303,0.005695173,0.004129046774949554,2.244,2.384
616904,0.005702547,0.00413528006959218,2.244,2.383
18523880,0.00570824,0.004139571846231365,2.243,2.383
6135156,0.005714525,0.0041447832892932334,2.243,2.382
3989362,0.005721404,0.00415076112104067,2.242,2.382
6519535,0.005725227,0.004154337601573324,2.242,2.381
8122395,0.005734589,0.004162001488429013,2.241,2.381
18162604,0.005736972,0.004163943006432453,2.241,2.38
16345607,0.005747796,0.004171811263604293,2.24,2.38
17914898,0.005749504,0.004173497318712545,2.24,2.379
8122394,0.00576107,0.004182898353255522,2.239,2.379
2084586,0.005761259,0.0041831538161507115,2.239,2.378
9386613,0.00577303,0.004192810313588879,2.239,2.377
10001602,0.005774427,0.004193219054221182,2.238,2.377
10231054,0.005785099,0.004202466811027046,2.238,2.376
17480753,0.005787656,0.004203744125502994,2.237,2.376
16464200,0.005798498,0.0042121233084652125,2.237,2.375
2545770,0.005801119,0.004213809363573464,2.236,2.375
7544227,0.005810611,0.004221830898482417,2.236,2.374
15717468,0.005814394,0.004225305193856996,2.235,2.374
891796,0.005821938,0.00423158958107866,2.235,2.373
13279950,0.005827749,0.004236494468666301,2.234,2.373
18877070,0.005834036,0.004241348263674903,2.234,2.372
15710953,0.005841215,0.0042477348360546435,2.233,2.372
14572580,0.005845978,0.004251106946271146,2.233,2.371
14505931,0.005854667,0.004258413185073568,2.232,2.371
12129616,0.005858372,0.004260916721446427,2.232,2.37
4527813,0.005868234,0.004268631700881153,2.231,2.37
17194531,0.005870493,0.004270726496621707,2.231,2.369
5876681,0.005881712,0.004278696938951623,2.23,2.369
8532025,0.005884574,0.0042805873643760265,2.23,2.368
18102802,0.005895238,0.004289732936023814,2.229,2.368
6257436,0.005896042,0.004290448232130345,2.229,2.367
15283245,0.005908812,0.004299133970566791,2.228,2.367
7205508,0.005910206,0.004300360192463702,2.228,2.366
9673753,0.005922518,0.004309965597322831,2.227,2.366
14534664,0.005922862,0.004310272152797058,2.227,2.365
1351656,0.005936274,0.0043189578912335045,2.226,2.365
18233908,0.005937453,0.004320184113130415,2.226,2.364
9427728,0.005949773,0.004329074221883013,2.225,2.364
10379173,0.005951331,0.004330147166042809,2.225,2.363
4033476,0.0059635,0.004340110218955204,2.224,2.362
4105483,0.005975574,0.004350124364446636,2.224,2.361
7544289,0.005977256,0.004351554956659698,2.223,2.361
12624478,0.005988516,0.004360138509938069,2.223,2.36
18506206,0.005991156,0.004362590953731889,2.222,2.36
4783602,0.006000747,0.004370203748008539,2.222,2.359
3543259,0.006004833,0.00437337148790889,2.221,2.359
7700874,0.006012363,0.00438026898607901,2.221,2.358
18797297,0.006018733,0.004386093540089332,2.22,2.358
6918298,0.006024044,0.004390385316728518,2.22,2.357
19047285,0.006032642,0.004396874074266334,2.219,2.357
11903856,0.006037145,0.0044005016473780256,2.219,2.356
8743242,0.006046526,0.004407858978759486,2.218,2.356
16116044,0.006050465,0.0044106690706065725,2.218,2.355
10145933,0.006060636,0.004418486235199374,2.217,2.355
17234714,0.006064848,0.004420836493835119,2.217,2.354
5292224,0.006074425,0.004428398195532731,2.216,2.354
12453067,0.006077754,0.004431003917063665,2.216,2.353
2899063,0.006088417,0.004438616711340315,2.215,2.353
6723201,0.006092464,0.004441222432871248,2.215,2.352
13407707,0.006102471,0.0044497548935705815,2.214,2.352
15968311,0.006104539,0.004451440948678833,2.214,2.351
16322167,0.006116482,0.004460739798063734,2.213,2.351
4010366,0.006117532,0.004461710557065455,2.213,2.35
19255716,0.006130594,0.004469987554869598,2.212,2.35
17682104,0.006132668,0.004472031258031115,2.212,2.349
17945323,0.006144781,0.004480716996467561,2.211,2.349
6572918,0.00614661,0.004482300866417737,2.211,2.348
693010,0.006158961,0.004490526771642842,2.21,2.348
6080442,0.006161578,0.004492672659962435,2.21,2.347
11937554,0.006173059,0.00450212478708445,2.209,2.347
12066433,0.006174211,0.004502993360928095,2.209,2.346
9101953,0.006187289,0.004513007506419527,2.208,2.346
9051196,0.006187693,0.004513365154472792,2.208,2.345
10637344,0.00620075,0.004523788040596529,2.208,2.344
18137002,0.006201812,0.004524350058965946,2.207,2.344
10259968,0.006214524,0.004534210926720264,2.207,2.343
9260543,0.006216082,0.004535079500563909,2.206,2.343
5535747,0.006229944,0.004544684905423038,2.206,2.342
10137363,0.006230187,0.004544735998002076,2.205,2.342
375900,0.006244575,0.004555158884125812,2.204,2.341
17950635,0.006257891,0.0045656328628285855,2.204,2.34
1747639,0.006258969,0.004566194881198003,2.203,2.34
5043869,0.006272041,0.004576157934110397,2.203,2.339
11984613,0.006273394,0.004577333063428269,2.202,2.339
2035344,0.00628415,0.004586734097971247,2.202,2.338
19061565,0.006287846,0.004589390912081218,2.201,2.338
17114447,0.006298472,0.004597310261832096,2.201,2.337
7720007,0.006302526,0.004600222538837258,2.2,2.337
8707509,0.006312267,0.004607886425692946,2.2,2.336
12844134,0.006316862,0.004611360721067524,2.199,2.336
13301124,0.006326094,0.004618513682132833,2.199,2.335
2430607,0.006331538,0.004622958736509132,2.198,2.335
12774950,0.00633932,0.004629140938572721,2.198,2.334
12510927,0.006346006,0.0046344545667926645,2.197,2.334
2913107,0.006353497,0.004639819287591646,2.197,2.333
2902361,0.006360646,0.004645797119339083,2.196,2.333
18084475,0.00636615,0.00465054872918961,2.196,2.332
4270460,0.006375408,0.004657190764464539,2.195,2.332
642320,0.006380744,0.004661227078208535,2.195,2.331
4177976,0.00639004,0.004669810631486905,2.194,2.331
19530207,0.006392778,0.004672007612385536,2.194,2.33
16563204,0.006404757,0.004680233517610642,2.193,2.33
16364154,0.006408844,0.0046827881465625375,2.193,2.329
5999840,0.00641953,0.00469106514436668,2.192,2.329
3141866,0.006422615,0.004693568680739539,2.192,2.328
8830496,0.006434395,0.004702305511755023,2.191,2.328
14187503,0.006436966,0.004704400307495578,2.191,2.327
6440165,0.006449162,0.004714312267828934,2.19,2.327
8666593,0.006450339,0.0047152319342516165,2.19,2.326
17926004,0.006463989,0.004726114653586694,2.189,2.325
16400264,0.006478508,0.004736997372921771,2.189,2.324
16919923,0.006478914,0.0047372017432379225,2.188,2.324
18332834,0.006492888,0.004747931184835886,2.188,2.323
10454845,0.006493826,0.00474879975867953,2.187,2.323
8010633,0.006507398,0.004758864996750001,2.187,2.322
8010536,0.006508815,0.004760346681542101,2.186,2.322
18235637,0.006521904,0.004769798808664116,2.186,2.321
5867038,0.006523796,0.004771587048930443,2.185,2.321
2143946,0.006535598,0.004780834805736307,2.185,2.32
15400027,0.006538855,0.004783798175320506,2.184,2.32
11789087,0.006551059,0.0047918197102294596,2.184,2.319
15442471,0.006553947,0.0047945787094975075,2.183,2.319
4194197,0.00656447,0.004802906799880689,2.183,2.318
16521276,0.006569045,0.004806176724939115,2.182,2.318
13241369,0.006580725,0.004813942796952879,2.182,2.317
12915852,0.006584167,0.004816650703641889,2.181,2.317
12858559,0.006595391,0.0048250298866041085,2.181,2.316
1687799,0.006599373,0.004828095441346383,2.18,2.316
16173542,0.006609694,0.004836168068834375,2.18,2.315
5871678,0.006614656,0.004839540179050878,2.179,2.315
5424101,0.006624168,0.004847306251064641,2.179,2.314
14832662,0.00662992,0.004850933824176334,2.178,2.314
4684078,0.006639248,0.004858495525873946,2.178,2.313
9866630,0.006645083,0.004862276376722752,2.177,2.313
1561651,0.00665478,0.004869684800683251,2.177,2.312
4300913,0.006660454,0.004873823299585322,2.176,2.312
18304934,0.006669229,0.0048809251680715935,2.176,2.311
390260,0.006675807,0.004886136611133462,2.175,2.311
5552537,0.006684829,0.0048921655354599355,2.175,2.31
7089103,0.006691238,0.004896661682415273,2.174,2.31
5434246,0.006699837,0.004903456995427317,2.174,2.309
17425080,0.006706591,0.004909128271700525,2.173,2.309
12474518,0.006714106,0.004914748455394697,2.173,2.308
1637389,0.006722056,0.004920879564879247,2.172,2.308
14979724,0.006730227,0.004926091007941115,2.172,2.307
3707400,0.00673763,0.004931200265844907,2.171,2.307
18513436,0.006745515,0.004937433560487534,2.171,2.306
13513106,0.006753098,0.004942798281286515,2.17,2.306
3428496,0.006761629,0.00494882720561299,2.17,2.305
15879419,0.006768657,0.00495373209320063,2.169,2.305
1350867,0.006777832,0.004960220850738446,2.169,2.304
9123519,0.006784379,0.004965330108642238,2.168,2.304
16338417,0.006793025,0.00497166558844294,2.168,2.303
19571910,0.006800079,0.004976621568609618,2.167,2.303
16064989,0.0068096,0.004983110326147434,2.167,2.302
16479110,0.006815673,0.004988372861788341,2.166,2.302
7079444,0.006822769,0.004994606156430967,2.166,2.301
3289019,0.00683148,0.005000583988178403,2.165,2.301
17834115,0.006838055,0.005006153079293537,2.165,2.3
8677853,0.006847142,0.005013561503254035,2.164,2.3
3580356,0.006852598,0.005017648909577069,2.164,2.299
16419066,0.00686287,0.005024393130010074,2.163,2.299
7698228,0.006869876,0.0050292469250186765,2.163,2.298
1594191,0.006878628,0.005036144423188796,2.162,2.298
7381764,0.006884625,0.005040844940460285,2.162,2.297
10137569,0.00689447,0.005048917567948276,2.161,2.297
3563753,0.006899336,0.005052442955901893,2.161,2.296
7205877,0.006910367,0.00506087323144315,2.16,2.296
17266472,0.006914169,0.005064092063922538,2.16,2.295
7930059,0.006926381,0.00507313545041225,2.159,2.295
4250418,0.0069295,0.005075792264522223,2.159,2.294
8128147,0.006942327,0.005084273632642518,2.158,2.294
7730465,0.006946209,0.005087492465121906,2.158,2.293
3924470,0.0069583,0.005096638036769694,2.157,2.293
6339516,0.006960929,0.0050991926657215905,2.157,2.292
18643094,0.00697432,0.005109360088950137,2.156,2.292
3040884,0.006976998,0.005110943958900312,2.156,2.291
7697748,0.006990387,0.005120855919233669,2.155,2.291
17702495,0.006993061,0.005122746344658071,2.155,2.29
3812246,0.007006565,0.005133475786256035,2.154,2.29
3909387,0.007007772,0.005134548730415831,2.154,2.289
19254025,0.007022647,0.005145993468120325,2.153,2.289
9629366,0.007022964,0.0051464022087526285,2.153,2.288
7682040,0.007039101,0.00515718274292963,2.152,2.288
14192022,0.007039863,0.005158255687089427,2.152,2.287
3337252,0.007055059,0.005169444961898731,2.151,2.287
9399122,0.007055936,0.005170160258005262,2.151,2.286
18234040,0.007071315,0.005181553903130718,2.15,2.286
2528040,0.007071725,0.005182064828921098,2.15,2.285
13295301,0.007087649,0.0051940204924159706,2.149,2.284
16918320,0.007101526,0.005205976155910844,2.149,2.283
13027597,0.007103953,0.005208428599704665,2.148,2.283
9697543,0.00711569,0.005217982911984755,2.148,2.282
15238194,0.007120458,0.005221048466727031,2.147,2.282
18460363,0.007133366,0.0052299896680586665,2.147,2.281
11049402,0.00713676,0.0052323910192734495,2.146,2.281
2379664,0.007151428,0.005242047516711616,2.146,2.28
7615778,0.007153201,0.0052432737386085265,2.145,2.28
122314,0.007166311,0.0052541564579436035,2.145,2.279
12647718,0.007169718,0.0052565578091583855,2.144,2.279
16762394,0.007183164,0.00526626539917559,2.144,2.278
15958918,0.007186231,0.005268820028127487,2.143,2.278
1209258,0.007199573,0.005278374340407578,2.143,2.277
12347573,0.007202781,0.005280826784201398,2.142,2.277
4189054,0.007214774,0.005290585466797641,2.142,2.276
2083283,0.007219447,0.005294417410225485,2.141,2.276
9482635,0.007231716,0.005302745500608666,2.141,2.275
937842,0.007236175,0.005305862147929979,2.14,2.275
1366621,0.007248257,0.005315007719577767,2.14,2.274
12708740,0.007252722,0.00531812436689908,2.139,2.274
6850563,0.007265541,0.0053272188459678295,2.139,2.273
2480718,0.007269578,0.005330233308131067,2.138,2.273
16326433,0.007282825,0.005339532157515969,2.138,2.272
9301845,0.007286394,0.00534244443452113,2.137,2.272
4319301,0.007297585,0.005351845469064108,2.137,2.271
15906855,0.007303085,0.005355575227333876,2.136,2.271
11069630,0.007313557,0.005364158780612247,2.136,2.27
2690924,0.007319962,0.005368654927567583,2.135,2.27
7733624,0.007330442,0.005376523184739424,2.135,2.269
17791879,0.00733681,0.005381223702010912,2.134,2.269
18660282,0.007347025,0.005388938681445638,2.134,2.268
16968799,0.007353611,0.005393537013559051,2.133,2.268
12950852,0.007363599,0.005401354178151852,2.133,2.267
15739933,0.007370662,0.0054063612508975685,2.132,2.267
19147536,0.007379609,0.005413820767437105,2.132,2.266
14803292,0.007387543,0.005418674562445708,2.131,2.266
2056659,0.007397751,0.0054262873567223575,2.131,2.265
15276038,0.007404616,0.005432163003311718,2.13,2.265
14325180,0.00741316,0.005438805038586648,2.13,2.264
6065340,0.007421696,0.005444936148071199,2.129,2.264
11936102,0.007431019,0.005451322720450939,2.129,2.263
8899376,0.007439108,0.0054563808857756935,2.128,2.263
19486397,0.007449309,0.005463891494894267,2.128,2.262
18002708,0.007455933,0.005469562771167477,2.127,2.262
15273152,0.007465874,0.005476511361916634,2.127,2.261
1028402,0.007473106,0.005482489193664071,2.126,2.261
18313182,0.007481346,0.005489131228939,2.126,2.26
548946,0.007490496,0.005496539652899499,2.125,2.26
1802484,0.007497564,0.0055017510959613665,2.125,2.259
11413001,0.007507741,0.005509057334763789,2.124,2.259
17848614,0.007513927,0.005514422055562771,2.124,2.258
13396878,0.007524992,0.005522596868208838,2.123,2.258
9277241,0.00753146,0.005527144107743213,2.123,2.257
12943028,0.007542269,0.005535165642652167,2.122,2.257
11237841,0.007549047,0.005539917252502693,2.122,2.256
1715629,0.007559685,0.005547887694832609,2.121,2.256
12838895,0.007565616,0.0055526903972621736,2.121,2.255
2593762,0.007577127,0.005562040339226113,2.12,2.255
11940311,0.007581448,0.005565463542021654,2.12,2.254
10279142,0.007594545,0.005574353650774252,2.119,2.254
17014569,0.007598826,0.005578287779360171,2.119,2.253
2688424,0.007612136,0.005589477054169476,2.118,2.253
11217356,0.007613874,0.005591163109277728,2.118,2.252
751204,0.007629586,0.005602761124719336,2.117,2.252
18936183,0.007631283,0.005604038439195284,2.117,2.251
4880135,0.00764717,0.005615891917532081,2.116,2.251
11413827,0.007648152,0.005616964861691878,2.116,2.25
2268415,0.007664815,0.005628613969712523,2.115,2.25
7379736,0.007666648,0.005629891284188472,2.115,2.249
1028370,0.007682527,0.005642408966052762,2.114,2.249
13699330,0.007683654,0.005642919891843142,2.114,2.248
18523736,0.007700228,0.005655795221760697,2.113,2.248
12282083,0.007700267,0.005655897406918773,2.113,2.247
645404,0.007717919,0.00566826181104595,2.112,2.247
7995553,0.007718853,0.005668926014573443,2.112,2.246
10129257,0.00773571,0.005680830585489278,2.111,2.246
4126636,0.00773722,0.0056820057148071505,2.111,2.245
9856665,0.007753591,0.005694165748618175,2.11,2.245
10454406,0.007754904,0.005695085415040858,2.11,2.244
17179220,0.007771442,0.0057054572085855565,2.109,2.244
9270262,0.007774769,0.005708216207853604,2.109,2.243
15800684,0.007789506,0.005719558760400022,2.108,2.243
4128542,0.00779232,0.005721398093245387,2.108,2.242
15622175,0.007807336,0.005732587368054692,2.107,2.242
4325242,0.007809855,0.0057345799786371705,2.107,2.241
4039763,0.007825424,0.005746995475343386,2.106,2.241
13944452,0.007826715,0.005747812956607992,2.106,2.24
7712870,0.007843334,0.005759717527523828,2.105,2.24
13027886,0.007844909,0.005761045934578814,2.105,2.239
15964861,0.007861419,0.0057725928574413835,2.104,2.239
2891277,0.007863843,0.005774330005128673,2.104,2.238
13914643,0.007879676,0.005785774742833167,2.103,2.238
8428998,0.00788192,0.00578766516825757,2.103,2.237
12548520,0.007897732,0.005800489405596089,2.102,2.237
16166959,0.007898026,0.0058010003313864675,2.102,2.236
82024,0.007914103,0.005814335494515365,2.102,2.235
12609422,0.007915954,0.005815561716412275,2.101,2.235
5329957,0.007932478,0.005827772842802338,2.101,2.234
11930806,0.007934193,0.005828896879541173,2.1,2.234
8343409,0.007952521,0.005840954728194122,2.099,2.234
12264366,0.007952958,0.005841210191089311,2.099,2.233
438378,0.007970765,0.005853165854584184,2.098,2.233
1664913,0.007972349,0.005854647539376284,2.098,2.232
9900935,0.007989275,0.005867165221240575,2.097,2.232
6552916,0.0079908,0.005868135980242295,2.097,2.231
9726622,0.00800763,0.005880193828895245,2.096,2.231
2651076,0.008008998,0.005881675513687345,2.096,2.23
13947318,0.008026051,0.005894193195551635,2.095,2.23
188453,0.008027967,0.005895266139711431,2.095,2.229
17406034,0.008043577,0.005908856765735518,2.095,2.228
15925771,0.008044544,0.005909163321209746,2.094,2.228
6139084,0.008061857,0.005922447391759605,2.094,2.227
11562259,0.008063065,0.005923469243340363,2.093,2.227
18582147,0.008079771,0.00593608911036273,2.093,2.226
16355143,0.008081819,0.00593757079515483,2.092,2.226
7955684,0.008099157,0.005949781921544893,2.092,2.225
2293356,0.008100345,0.005950854865704689,2.091,2.225
17195070,0.008116009,0.005963525825306093,2.091,2.224
18538312,0.008118989,0.0059658249913628,2.09,2.224
10923582,0.008134923,0.005977269729067294,2.09,2.223
17325896,0.008137685,0.005979262339649773,2.089,2.223
7567516,0.008152378,0.005991013632828494,2.089,2.222
654039,0.008156437,0.005994692298519224,2.088,2.222
13108987,0.008170112,0.0060048597217477705,2.088,2.221
4604729,0.008175266,0.006008691665175615,2.087,2.221
11049736,0.008188971,0.0060187058106670474,2.087,2.22
6951970,0.00819415,0.006022231198620664,2.086,2.22
2350963,0.008208374,0.0060325518995863235,2.086,2.219
8032318,0.008213015,0.00603633275043513,2.085,2.219
16376994,0.008226024,0.006046449081084638,2.085,2.218
17855352,0.008231959,0.006051047413198051,2.084,2.218
9027778,0.008244774,0.0060603973551619904,2.084,2.217
327765,0.008251073,0.006064535854064062,2.083,2.217
4171881,0.008264553,0.00607439672181838,2.083,2.216
5036221,0.008269965,0.00607909723908987,2.082,2.216
15546510,0.008283499,0.006088396088474771,2.082,2.215
2668722,0.008289011,0.006092381309639729,2.081,2.215
389902,0.008301946,0.006102395455131161,2.081,2.214
18069002,0.008308098,0.00610709597240265,2.08,2.214
4215487,0.008320948,0.0061164970069456275,2.08,2.213
3812520,0.008327257,0.006121759542586533,2.079,2.213
12984203,0.008338439,0.006130598558760094,2.079,2.212
9938983,0.008346417,0.006137138408876947,2.078,2.212
5878377,0.00835762,0.006144700110574559,2.078,2.211
476409,0.008365663,0.006150882312638148,2.077,2.211
14651424,0.008376238,0.006158903847547101,2.077,2.21
1807606,0.008384963,0.006165648067980107,2.076,2.21
17652137,0.008394665,0.006173056491940605,2.076,2.209
19252765,0.008404317,0.006179800712373611,2.075,2.209
3301280,0.008412695,0.006187311321492185,2.075,2.208
19156599,0.008423726,0.006195486134138253,2.074,2.208
4207305,0.008432908,0.0062015661510437655,2.074,2.207
19178271,0.008443204,0.006209281130478491,2.073,2.207
5563233,0.008451177,0.006215872073174383,2.073,2.206
6254870,0.008462813,0.006224915459664095,2.072,2.206
3099355,0.008470873,0.006230177995305001,2.072,2.205
18373650,0.008482082,0.006238863733741447,2.071,2.205
3587441,0.008488808,0.0062445350100146565,2.071,2.204
8370622,0.008501595,0.00625378276682052,2.07,2.204
18167469,0.00850823,0.00625894311730335,2.07,2.203
2353557,0.008521226,0.0062687017998995925,2.069,2.203
6877903,0.008526907,0.006273402317171082,2.069,2.202
4781104,0.008540846,0.006283007722030211,2.068,2.202
4573434,0.00854824,0.006287861517038813,2.068,2.201
14707577,0.008560538,0.006296955996107563,2.067,2.201
1101400,0.008567031,0.006302320716906545,2.067,2.2
97558,0.008580253,0.006312334862397977,2.066,2.2
106952,0.008586033,0.006316882101932352,2.066,2.199
1615488,0.008600049,0.006327611543530316,2.065,2.199
7749794,0.008603386,0.0063314434869581595,2.065,2.198
11281888,0.008619878,0.006344778650087057,2.064,2.198
16156362,0.008621223,0.0063460048719839665,2.064,2.197
3223864,0.008639601,0.00636066844216785,2.064,2.196
17308880,0.008639733,0.006360821719904964,2.063,2.196
14997650,0.008659648,0.006375280919772695,2.062,2.196
10243057,0.008659717,0.006375332012351733,2.062,2.195
943708,0.008679466,0.006389995582535616,2.062,2.194
3571334,0.008679658,0.00639014886027273,2.061,2.194
10928529,0.008699144,0.006404761337877575,2.061,2.193
4524984,0.008699685,0.006405067893351803,2.06,2.193
10954982,0.008719846,0.006419322722903383,2.059,2.193
9307033,0.008720127,0.006419527093219535,2.059,2.192
9372136,0.008737994,0.006434292848561494,2.059,2.191
998526,0.00873977,0.0064356723481955175,2.058,2.191
12472465,0.00875619,0.006449160789061529,2.058,2.19
12993094,0.008760015,0.006451664325434386,2.057,2.19
5542768,0.008775765,0.006464028729561563,2.057,2.189
9398827,0.008780129,0.006467400839778066,2.056,2.189
12808647,0.008796275,0.006478896670061598,2.056,2.188
5628347,0.008800398,0.0064825242431732905,2.055,2.188
17442465,0.008816131,0.006493866795719709,2.055,2.187
6744527,0.008820962,0.006497085628199098,2.054,2.187
9043677,0.008834768,0.00650883692137782,2.054,2.186
4261919,0.008841178,0.006513843994123536,2.053,2.186
6243176,0.008854991,0.00652380704703593,2.053,2.185
18009964,0.008861358,0.006528609749465495,2.052,2.185
11348854,0.008875092,0.006538879357852117,2.052,2.184
8201590,0.00888185,0.006543273319649378,2.051,2.184
4888762,0.008895842,0.006553951668668304,2.051,2.183
13230312,0.008902275,0.006559674037520551,2.05,2.183
2845489,0.008914541,0.00656902397948449,2.05,2.182
18509367,0.008922781,0.006575052903810965,2.049,2.182
628279,0.008936385,0.0065841984754587525,2.049,2.181
6762338,0.008943492,0.006589052270467355,2.048,2.181
1469587,0.008956349,0.006599372971433015,2.048,2.18
13200847,0.008964075,0.0066056062660756415,2.047,2.18
13630993,0.008976429,0.006614547467407277,2.047,2.179
5134979,0.008984674,0.006620831854628942,2.046,2.179
5812359,0.008995849,0.006629824148539616,2.046,2.178
1378642,0.009005354,0.006636926017025886,2.045,2.178
13258154,0.009015,0.006645100829671954,2.045,2.177
992304,0.009026106,0.006652917994264756,2.044,2.177
8781135,0.009035281,0.00666042860338333,2.044,2.176
3050627,0.009046921,0.006669165434398815,2.043,2.176
9609712,0.009055703,0.006675756377094707,2.043,2.175
5590794,0.009067809,0.006685872707744215,2.042,2.175
10288205,0.009074819,0.006691186335964158,2.042,2.174
8640345,0.009088682,0.006702477795931539,2.041,2.174
16929429,0.009093111,0.006706565202254573,2.041,2.173
14170315,0.009109642,0.00671990036538347,2.04,2.173
1832066,0.009112086,0.006722046253703063,2.04,2.172
1674746,0.009130716,0.0067375273051515526,2.039,2.171
19385341,0.009151814,0.006751066838596601,2.038,2.171
4600681,0.009155083,0.00675305944917908,2.038,2.17
8184227,0.009172818,0.006767518649046812,2.037,2.17
7609721,0.009174317,0.006768642685785646,2.037,2.169
10040357,0.00919393,0.006783868274338947,2.036,2.169
12503247,0.009194324,0.006784225922392212,2.036,2.168
11353498,0.009215161,0.006799604788682626,2.035,2.168
2295802,0.009215623,0.006799911344156854,2.035,2.167
2625290,0.009236432,0.006814779284656888,2.034,2.167
9826060,0.009238115,0.006815545673342457,2.034,2.166
15926338,0.009257702,0.00683020924352634,2.033,2.166
17590818,0.009259243,0.006831282187686137,2.033,2.165
8162998,0.009278451,0.006847018702029816,2.033,2.164
7054101,0.00927899,0.0068474785352411575,2.032,2.164
9175480,0.009298655,0.006862806308952534,2.032,2.163
19489109,0.009300403,0.006863930345691368,2.031,2.163
6038514,0.009320542,0.006878645008454289,2.031,2.162
18817481,0.009321809,0.0068797690451931235,2.03,2.162
2432826,0.009342347,0.006894483707956044,2.03,2.161
4520964,0.009343294,0.006895454466957765,2.029,2.161
12951036,0.009361383,0.0069103735000368375,2.029,2.16
2974718,0.009364849,0.006913234684462961,2.028,2.16
5595895,0.009380821,0.006926314384696669,2.028,2.159
3955390,0.009386572,0.006929839772650286,2.027,2.159
16929774,0.009403943,0.0069422552693565,2.027,2.158
18798520,0.00940808,0.006945780657310116,2.026,2.158
19176679,0.009423274,0.006958298339174407,2.026,2.157
16079605,0.009429796,0.006963101041603972,2.025,2.157
18660535,0.009442387,0.006974290316413277,2.025,2.156
6475071,0.009451528,0.006981289999741472,2.024,2.156
16502804,0.009462719,0.006990384478810221,2.024,2.155
6850943,0.009473373,0.006999887698511275,2.023,2.155
10297875,0.009482936,0.007006529733786205,2.023,2.154
7535966,0.009495143,0.007016748249593788,2.022,2.154
8927198,0.009502439,0.007022674988762187,2.022,2.153
12560245,0.00951713,0.0070347328374151365,2.021,2.153
15601465,0.009522199,0.007038871336317208,2.021,2.152
10137388,0.009538948,0.007052921795552636,2.02,2.152
15622173,0.009541978,0.007055067683872229,2.02,2.151
9668319,0.009560933,0.007069322513423809,2.019,2.151
6594878,0.009563935,0.007071315124006288,2.019,2.15
17699034,0.009583131,0.007085825416453057,2.018,2.15
16901376,0.009585288,0.007087613656719384,2.018,2.149
8873882,0.009605101,0.0071029925230097985,2.017,2.149
19297869,0.009606158,0.007103963282011519,2.017,2.148
15372156,0.009627333,0.00711893340766963,2.016,2.148
18106436,0.009628838,0.007120363999882692,2.016,2.147
14191611,0.009649518,0.007136151606805409,2.015,2.147
2818875,0.009650002,0.007136764717753864,2.015,2.146
13738884,0.009669334,0.007153216528204075,2.015,2.145
19358976,0.009671647,0.007154698212996174,2.014,2.145
7227676,0.009690775,0.007169719431233323,2.014,2.144
12711249,0.009693966,0.007171916412131953,2.013,2.144
2029146,0.009712187,0.007186222334262571,2.013,2.143
8388529,0.009716292,0.007189747722216188,2.012,2.143
15364988,0.009731527,0.0072028274224498956,2.012,2.142
4102092,0.009738777,0.007208958531934446,2.011,2.142
13947559,0.009752092,0.00721943251063722,2.011,2.141
12437188,0.009761175,0.007226381101386376,2.01,2.141
9596744,0.009774769,0.007236037598824544,2.01,2.14
4368444,0.009783641,0.007243037282152739,2.009,2.14
6004181,0.009796795,0.007252744872169944,2.009,2.139
13612812,0.009806198,0.007260255481288518,2.008,2.139
9226664,0.009816976,0.007269452145515344,2.008,2.138
17593004,0.009828795,0.007278035698793714,2.007,2.138
13028139,0.009838296,0.007286210511439782,2.007,2.137
10995330,0.009851495,0.007295560453403721,2.006,2.137
2198235,0.009861459,0.007303019969943258,2.006,2.136
8388636,0.009874255,0.0073146179853848655,2.005,2.136
11552468,0.009881409,0.007319829428446734,2.005,2.135
11072343,0.009896964,0.0073324492954691,2.004,2.135
14325381,0.009901662,0.007336689979529247,2.004,2.134
17954173,0.009919738,0.007351353549713131,2.003,2.134
9734333,0.009923516,0.007353601623190799,2.003,2.133
12590860,0.009942712,0.007367345526951999,2.002,2.133
1268887,0.009946812,0.007370564359431389,2.002,2.132
18331332,0.009965553,0.007383184226453755,2.001,2.132
1917082,0.009971691,0.007387578188251016,2.001,2.131
8070021,0.009988568,0.007401168814275103,2.0,2.131
9153364,0.00999256,0.007404592017070644,2.0,2.13
9323200,0.01001164,0.007418642476306072,1.999,2.13
18103936,0.01001588,0.00742165693846931,1.999,2.129
6244014,0.01003462,0.007435298657072434,1.998,2.129
11571586,0.01003919,0.0074387729524470125,1.998,2.128
15816894,0.01005775,0.0074529766894195545,1.997,2.128
13813971,0.01006107,0.007455940059003754,1.997,2.127
4976560,0.01008099,0.007472085313979737,1.996,2.127
5655036,0.01008191,0.0074731071655604955,1.996,2.126
8025542,0.01010418,0.007489865531484933,1.995,2.126
10953839,0.01010473,0.007490325364696275,1.995,2.125
7400568,0.0101275,0.007506112971618992,1.994,2.125
5322485,0.01012913,0.0075075946564110915,1.994,2.124
19102786,0.01015081,0.007524812855546871,1.993,2.124
11309994,0.0101509,0.0075249150407049464,1.993,2.123
12237073,0.01017253,0.007542235424998802,1.993,2.122
15827835,0.01017427,0.007543052906263409,1.992,2.122
5036113,0.01019594,0.007559657994450733,1.992,2.121
17031800,0.01019787,0.007560935308926681,1.991,2.121
11810005,0.01021701,0.007577080563902664,1.991,2.12
17627134,0.01022141,0.007580350488961091,1.99,2.12
18351156,0.01023963,0.007594554225933633,1.99,2.119
17062810,0.01024472,0.0075981817990453246,1.989,2.119
4277430,0.01026316,0.0076120278879646015,1.989,2.118
5594840,0.01026835,0.007615962016550521,1.988,2.118
13259650,0.01028512,0.007629603735153646,1.988,2.117
7472861,0.01029208,0.007633895511792831,1.987,2.117
7081718,0.01031033,0.007647179582342691,1.987,2.116
2620328,0.01031585,0.007651062618349573,1.986,2.116
13678291,0.01033471,0.007664806522110774,1.986,2.115
2339849,0.01033952,0.007669353761645148,1.985,2.115
13607698,0.01035819,0.007682484554457894,1.985,2.114
2211278,0.01036343,0.007687542719782648,1.984,2.114
16809006,0.01037909,0.0077002136793840525,1.984,2.113
18076709,0.01038737,0.007707366640449361,1.983,2.113
10793249,0.01040326,0.007717942804310211,1.983,2.112
8919325,0.01041122,0.0077238184508995715,1.982,2.112
11813576,0.01042753,0.007735723021815407,1.982,2.111
10416591,0.01043521,0.007742007409037071,1.981,2.111
590455,0.01045118,0.007753554331899642,1.981,2.11
13142068,0.01045924,0.007760247459753609,1.98,2.11
984074,0.01047556,0.007771436734562914,1.98,2.109
9302362,0.01048337,0.007778232047574957,1.979,2.109
2151461,0.01049811,0.007789370229805224,1.979,2.108
14728143,0.01050763,0.007795552431868812,1.978,2.108
3679103,0.01052165,0.007807303725047534,1.978,2.107
17194861,0.01053179,0.007815069797061298,1.977,2.107
14207746,0.01054365,0.007825288312868882,1.977,2.106
3184950,0.01055602,0.00783468934741186,1.976,2.106
17122296,0.01056861,0.007843323993269268,1.976,2.105
3924425,0.01058037,0.007852520657496094,1.975,2.105
18543570,0.01059255,0.007861410766248692,1.975,2.104
10346677,0.01060481,0.007871424911740124,1.974,2.104
15863492,0.01061569,0.007879548631807154,1.974,2.103
5987862,0.01062927,0.007890329165984155,1.973,2.103
7413912,0.01063897,0.007897737589944654,1.973,2.102
9880519,0.01065369,0.007908977957332995,1.972,2.102
17053938,0.01066254,0.007915926548082153,1.972,2.101
12660690,0.01067837,0.007928955155736822,1.971,2.101
2156867,0.01068666,0.00793416659879869,1.971,2.1
188222,0.01070293,0.007947093021295286,1.97,2.1
4234926,0.01071029,0.007952457742094266,1.97,2.099
10731908,0.01072754,0.007964566683326254,1.969,2.099
4181458,0.01073534,0.00797079997796888,1.969,2.098
9742426,0.0107523,0.007983522030149322,1.968,2.098
2294825,0.01075915,0.007989142213843493,1.968,2.097
16932816,0.01077709,0.008001710988286823,1.967,2.097
4297033,0.01078525,0.008007586634876183,1.967,2.096
6953529,0.01080193,0.008020053224161435,1.966,2.096
5590051,0.0108094,0.008026031055908872,1.966,2.095
8221996,0.01082688,0.00803911075614258,1.965,2.095
10269679,0.01083389,0.008044526569520599,1.965,2.094
3997482,0.01085192,0.008057452992017194,1.964,2.094
2639828,0.01085997,0.008063073175711364,1.964,2.093
11770049,0.01087681,0.008076152875945073,1.963,2.093
15825158,0.01088277,0.008081670874481167,1.963,2.092
14288789,0.01090194,0.008097203018508695,1.962,2.092
2205275,0.01090684,0.008100319665830009,1.962,2.091
8881263,0.010927,0.00811554525438331,1.961,2.091
11452867,0.01093175,0.00811896845717885,1.961,2.09
3679205,0.01095224,0.008135573545366174,1.96,2.09
18161965,0.0109545,0.008137719433685766,1.96,2.089
11274658,0.01097745,0.008155652928928076,1.959,2.089
189111,0.01097805,0.008156470410192683,1.959,2.088
14497187,0.01100238,0.008175272479278638,1.959,2.087
18597518,0.01100281,0.008175527942173827,1.958,2.087
17551504,0.01102684,0.008194125640943632,1.958,2.086
10597633,0.01102829,0.008194994214787275,1.957,2.086
5432518,0.01105045,0.008212978802608623,1.957,2.085
12477134,0.01105357,0.00821527796866533,1.956,2.085
6637451,0.01107751,0.008231934149431692,1.956,2.084
13855904,0.01107902,0.008232802723275336,1.955,2.084
2767938,0.01110222,0.00825088949625476,1.955,2.083
8702061,0.01110458,0.008252677736521087,1.954,2.083
13353793,0.01112871,0.008269895935656867,1.954,2.082
11295569,0.0111304,0.008271122157553778,1.953,2.082
5002102,0.01115412,0.008289004560217049,1.953,2.081
1842118,0.01115589,0.00829048624500915,1.952,2.081
873477,0.01117877,0.008308113184777232,1.952,2.08
14857489,0.01118153,0.008310054702780673,1.951,2.08
12092678,0.01120642,0.008327221809337414,1.951,2.079
7990079,0.01120744,0.008327732735127793,1.95,2.079
664419,0.01123312,0.008346074971002407,1.949,2.079
19489115,0.01123357,0.008346432619055672,1.949,2.078
7795830,0.01125765,0.008365694521352968,1.949,2.077
5772378,0.01125908,0.008367022928407955,1.948,2.077
5195884,0.01128266,0.008384956423650265,1.948,2.076
3863855,0.01128496,0.008386387015863327,1.947,2.076
9927148,0.01130769,0.008404320511105637,1.947,2.075
10759056,0.01131099,0.008407334973268874,1.946,2.075
7991040,0.01133226,0.008423684598561009,1.946,2.074
17275033,0.01133705,0.00842685233846136,1.945,2.074
15753538,0.01135991,0.008443099778595418,1.945,2.073
1838497,0.01136321,0.008446114240758655,1.944,2.073
7228962,0.0113862,0.008462566051208866,1.944,2.072
18146852,0.0113894,0.008465018495002686,1.943,2.072
4517212,0.01141147,0.008482083416401352,1.943,2.071
11070963,0.0114157,0.008484995693406513,1.942,2.071
9052429,0.01143639,0.008501600781593836,1.942,2.07
13957066,0.01144205,0.008506301298865326,1.941,2.07
7700547,0.01146184,0.008521220331944399,1.941,2.069
12180819,0.01146836,0.008526023034373963,1.94,2.069
7127986,0.01148881,0.00854083988229496,1.94,2.068
13699445,0.01149477,0.008544876196038956,1.939,2.068
9844416,0.01151425,0.008560561617803598,1.939,2.067
4330079,0.01152137,0.008566846005025261,1.938,2.067
9870793,0.01153957,0.008580283353312235,1.938,2.066
4449548,0.01154787,0.008586976481166202,1.937,2.066
15578125,0.0115657,0.00860005618139991,1.937,2.065
9574015,0.01157459,0.008607668975676561,1.936,2.065
2692515,0.01159087,0.008619880102066624,1.936,2.064
12475410,0.01160114,0.00862805491471269,1.935,2.064
18942743,0.01161733,0.008639755115312375,1.935,2.063
9402781,0.011628,0.008647112446693835,1.934,2.063
261622,0.01164474,0.008659681221137163,1.934,2.062
1855708,0.01165487,0.008668213681836496,1.933,2.062
9820812,0.01166898,0.008679607326961953,1.933,2.061
10088189,0.0116816,0.008689621472453385,1.932,2.061
15701649,0.01169502,0.008699635617944818,1.932,2.06
11495838,0.01170851,0.008710518337279894,1.931,2.06
8473427,0.01171996,0.00871971500150672,1.931,2.059
7067774,0.0117355,0.008730904276316025,1.93,2.059
1780704,0.01174611,0.008739794385068623,1.93,2.058
5086307,0.01176263,0.008752056604037724,1.929,2.058
13811219,0.01177226,0.008759924861209564,1.929,2.057
4517125,0.0117897,0.008773157839180385,1.928,2.057
8417282,0.01179744,0.00878015752250858,1.928,2.056
18523713,0.01181683,0.00879517874074573,1.927,2.056
15893993,0.01182297,0.008800390183807598,1.927,2.055
6784716,0.01184416,0.00881776166068049,1.926,2.055
1679943,0.01184775,0.00882067393768565,1.926,2.054
11400022,0.01187161,0.008839527099350644,1.925,2.054
8681864,0.01187352,0.008841008784142743,1.925,2.053
15069897,0.01189771,0.008861394723178874,1.925,2.052
17164184,0.01189873,0.008862314389601557,1.924,2.052
4366091,0.01192205,0.008881780662215004,1.924,2.051
12166754,0.01192618,0.008885612605642848,1.923,2.051
11309963,0.01194694,0.00890226878640921,1.923,2.05
10829339,0.01195372,0.008907633507208192,1.922,2.05
13272155,0.01197176,0.008922808003182455,1.922,2.049
7677578,0.01198122,0.00893052298261718,1.921,2.049
18103937,0.01199894,0.008943347219955699,1.921,2.048
16919423,0.01200882,0.008951317662285614,1.92,2.048
8242720,0.01202599,0.008963988621887018,1.92,2.047
11489299,0.0120365,0.008972367804849238,1.919,2.047
1005111,0.01205264,0.008984630023818338,1.919,2.046
13460784,0.01206429,0.008995206187679189,1.918,2.046
6528659,0.01207869,0.009005373610907735,1.918,2.045
7168842,0.01209208,0.00901554103413628,1.917,2.045
3366539,0.01210552,0.00902611719799713,1.917,2.044
19274724,0.01211995,0.00903863487986142,1.916,2.044
4460126,0.01213075,0.009046911877665563,1.916,2.043
4600939,0.01214791,0.0090602981333735,1.915,2.043
19175563,0.01215805,0.009067808742492073,1.915,2.042
15690802,0.01217594,0.009080735164988666,1.914,2.042
18304733,0.01218447,0.009088705607318583,1.914,2.041
17991416,0.01220406,0.009105974899033399,1.913,2.041
1161123,0.01220815,0.00910965356472413,1.913,2.04
875602,0.01223103,0.009130652614708716,1.913,2.039
9856631,0.01223214,0.00913177665144755,1.912,2.039
13386981,0.01225678,0.00915170275727234,1.912,2.038
7025534,0.01226041,0.00915512596006788,1.911,2.038
6105253,0.01228492,0.009172803992415,1.911,2.037
9703183,0.01228855,0.009175358621366897,1.91,2.037
5372848,0.01231037,0.00919390522755766,1.91,2.036
8881132,0.0123169,0.00919937213351472,1.909,2.036
6829975,0.01233612,0.009215108647858399,1.909,2.035
10352760,0.01234526,0.009222823627293125,1.908,2.035
6964070,0.01236069,0.009236363160738174,1.908,2.034
11331413,0.01237389,0.009246377306229606,1.907,2.034
11049815,0.01238723,0.009257668766196986,1.907,2.033
18001121,0.0124023,0.009270901744167807,1.906,2.033
2821913,0.01241117,0.009279025464234838,1.906,2.032
9705202,0.01243096,0.00929614147821254,1.905,2.032
5116229,0.01243527,0.009300382162272688,1.905,2.031
7052842,0.01245952,0.009319899527465174,1.904,2.031
4997424,0.01246148,0.009321841045468614,1.904,2.03
9722402,0.01248821,0.009341920429030518,1.903,2.03
2933808,0.01249029,0.00934329992866454,1.903,2.029
14402784,0.01251701,0.009362459645803761,1.902,2.029
12961271,0.01252037,0.009364860997018543,1.902,2.028
11486464,0.01254586,0.009384276177052954,1.901,2.028
12218797,0.01254848,0.009386422065372546,1.901,2.027
17885874,0.01257479,0.009406910189566752,1.9,2.027
17385845,0.01257621,0.009408085318884624,1.9,2.026
9593941,0.01260127,0.009429748572396703,1.9,2.025
15630035,0.01260386,0.009432711941980903,1.899,2.025
14419973,0.01262772,0.009451514011066857,1.899,2.024
10418287,0.01263291,0.009454835028704322,1.898,2.024
13723351,0.0126551,0.009473279449737011,1.898,2.023
18100059,0.01266194,0.009478133244745614,1.897,2.023
1345877,0.01268364,0.009495147073565241,1.897,2.022
13825338,0.01269117,0.009501533645944981,1.896,2.022
17740437,0.01271049,0.009517014697393472,1.896,2.021
7565568,0.01272041,0.009524627491670122,1.895,2.021
11333055,0.01273743,0.009538984506379777,1.895,2.02
4886811,0.01274988,0.00954823226318564,1.894,2.02
5178328,0.01276565,0.009560954315366082,1.894,2.019
10138540,0.01277915,0.009571377201489819,1.893,2.019
5479088,0.01279262,0.009582975216931426,1.893,2.018
3089013,0.01280857,0.009595543991374755,1.892,2.018
4934658,0.01282025,0.009605098303654845,1.892,2.017
1069255,0.01283814,0.00962047716994526,1.891,2.017
16969974,0.01284839,0.009627221390378266,1.891,2.016
10840267,0.01286776,0.009643622108249438,1.89,2.016
4849725,0.01287522,0.009649395569680724,1.89,2.015
10353031,0.01289737,0.009667839990713413,1.889,2.015
7934517,0.01290196,0.009671671934141257,1.889,2.014
17774432,0.01292726,0.009692619891546805,1.888,2.014
14915101,0.01292861,0.00969394829860179,1.888,2.013
13083960,0.01295695,0.009714232052479845,1.887,2.013
18227435,0.01295956,0.0097163268482204,1.887,2.012
4955267,0.01298624,0.009738705397839009,1.887,2.011
19089284,0.01298678,0.00973916523105035,1.886,2.011
2141003,0.01301614,0.009761135040036655,1.886,2.01
7838678,0.01301683,0.009761594873247997,1.885,2.01
15548188,0.01304552,0.009783666867392378,1.885,2.009
12104742,0.0130467,0.009784433256077947,1.884,2.009
4506103,0.01307226,0.009806198694748101,1.884,2.008
3964448,0.01307684,0.009810388286229212,1.883,2.008
1110743,0.01309866,0.009828832707261901,1.883,2.007
754583,0.01310693,0.009835628020273945,1.882,2.007
18708144,0.01312945,0.009851466719775699,1.882,2.006
11968071,0.01313715,0.009857802199576401,1.881,2.006
3232954,0.01315773,0.009874202917447575,1.881,2.005
13170006,0.0131674,0.009881560248829035,1.88,2.005
1217068,0.01318541,0.009896939115119449,1.88,2.004
13895190,0.0131978,0.009908077297349716,1.879,2.004
11147227,0.01321151,0.0099197774979494,1.879,2.003
13916911,0.01322832,0.00993377686460579,1.878,2.003
4262720,0.01323875,0.00994261588077935,1.878,2.002
9923571,0.01325872,0.00995835239512303,1.877,2.002
16937565,0.01326827,0.009965556448767376,1.877,2.001
15932885,0.0132893,0.009983796499483914,1.876,2.001
3247610,0.01329455,0.009988497016755403,1.876,2.0
11037682,0.01331989,0.01000918951126576,1.875,2.0
14400572,0.01332173,0.010011539769901505,1.875,1.999
14888484,0.01335059,0.010033458486308773,1.874,1.999
1961949,0.01335209,0.010034633615626645,1.874,1.998
16731144,0.01338142,0.010057574183614672,1.873,1.998
6118826,0.01338148,0.010057778553930823,1.873,1.997
14202836,0.01340832,0.010080923492235001,1.873,1.996
3924648,0.0134122,0.010083580306344974,1.872,1.996
9955877,0.01343861,0.010104170615697254,1.872,1.995
10498176,0.01344331,0.010107185077860492,1.871,1.995
2639550,0.01346775,0.010127468831738547,1.871,1.994
12979073,0.01347421,0.010132731367379452,1.87,1.994
17341888,0.0134955,0.010150818140358876,1.87,1.993
17103714,0.01350525,0.010159503878795323,1.869,1.993
1250736,0.01352309,0.010174218541558243,1.869,1.992
18296112,0.01353639,0.010184999075735245,1.868,1.992
17326709,0.01355164,0.01019767003533665,1.868,1.991
400191,0.01356761,0.010209778976568636,1.867,1.991
14395852,0.0135825,0.010221172621694093,1.867,1.99
15671521,0.01359882,0.010234865432876255,1.866,1.99
7239575,0.01361174,0.010244726300630575,1.866,1.989
17247678,0.01363025,0.010260616092711368,1.865,1.989
7737665,0.01363911,0.010268382164725132,1.865,1.988
6747116,0.01366157,0.010285549271281873,1.864,1.988
11136841,0.01367019,0.01029203802881969,1.864,1.987
4811363,0.01369317,0.010309154042797392,1.863,1.987
10323027,0.0137014,0.010315744985493284,1.863,1.986
437473,0.01372467,0.010335466721001921,1.862,1.986
9500826,0.01372933,0.010339554127324955,1.862,1.985
19351512,0.01375628,0.010361013010520882,1.861,1.985
14189295,0.01376019,0.010363363269156626,1.861,1.984
11917442,0.01378798,0.01038661039261888,1.86,1.984
16960572,0.01378891,0.010387274596146374,1.86,1.983
4639618,0.01381793,0.01041118592313612,1.86,1.982
9821362,0.0138198,0.010412667607928219,1.859,1.982
3791161,0.01384814,0.010435199435283942,1.859,1.981
14597332,0.01385166,0.010438111712289104,1.858,1.981
3599722,0.0138768,0.010459264040010803,1.858,1.98
14910658,0.01388359,0.010465088594021127,1.857,1.98
13734228,0.0139046,0.010483379737316702,1.857,1.979
4032908,0.01391559,0.010493087327333906,1.856,1.979
9665036,0.01393378,0.010507546527201638,1.856,1.978
2236771,0.01394779,0.010518684709431904,1.855,1.978
6726433,0.01396428,0.010531764409665613,1.855,1.977
3988022,0.01397978,0.010542800406737803,1.854,1.977
234056,0.013996,0.010556033384708625,1.854,1.976
17343165,0.01401208,0.010569113084942332,1.853,1.976
5758379,0.01402527,0.010580353452330675,1.853,1.975
2537172,0.01404433,0.010596089966674355,1.852,1.975
6301040,0.01405623,0.010604775705110802,1.852,1.974
18679401,0.01407672,0.010622862478090224,1.851,1.974
7764918,0.01408568,0.010629197957890926,1.851,1.973
6992629,0.01410916,0.010650043730138399,1.85,1.973
11963879,0.01411333,0.010653722395829129,1.85,1.972
4376876,0.01414171,0.010677122797028496,1.849,1.972
8087208,0.01414329,0.01067829792634637,1.849,1.971
7997717,0.01417393,0.010702873456863608,1.849,1.97
15993978,0.01417435,0.010703231104916874,1.848,1.97
10730099,0.01420637,0.010727551172538924,1.848,1.969
15068156,0.01420695,0.01072816428348738,1.847,1.969
10629512,0.01423359,0.010752279980793278,1.847,1.968
9427858,0.01423969,0.010757542516434184,1.846,1.968
16717956,0.01426311,0.01077705988162667,1.846,1.967
2245880,0.01427256,0.010785745620063117,1.845,1.967
15604973,0.01429269,0.010801941967618137,1.845,1.966
2998862,0.01430545,0.010813131242427441,1.844,1.966
2814332,0.01432114,0.010826824053609603,1.844,1.965
6916678,0.01433849,0.010840261401896577,1.843,1.965
395626,0.01435359,0.010851757232180109,1.843,1.964
4081160,0.01437151,0.01086647189494303,1.842,1.964
4934643,0.01438439,0.01087679259590869,1.842,1.963
18280781,0.01440458,0.010892631295410446,1.841,1.963
11945104,0.01441509,0.01090187905221631,1.841,1.962
1877957,0.01443784,0.010920221288090923,1.84,1.962
16361415,0.01444673,0.010927016601102965,1.84,1.961
3047243,0.01447114,0.010947504725297172,1.839,1.961
7744051,0.01447709,0.010952205242568661,1.839,1.96
10278251,0.01450441,0.010974072866396891,1.838,1.96
14586299,0.01450759,0.010977444976613394,1.838,1.959
16907309,0.01453735,0.011002735803237164,1.838,1.958
302521,0.01453786,0.01100309345129043,1.837,1.958
5229981,0.01456786,0.01102812881501901,1.837,1.957
8756511,0.01457139,0.011030989999445134,1.836,1.957
11165269,0.01459905,0.011053521826800857,1.836,1.956
8737931,0.01460495,0.011057915788598119,1.835,1.956
13383386,0.01462822,0.01107901702374078,1.835,1.955
17342895,0.01463867,0.011087242928965886,1.834,1.955
9874197,0.01465721,0.01110456331325974,1.834,1.954
4364116,0.01467239,0.011116774439649804,1.833,1.954
16346554,0.01468692,0.011130160695357738,1.833,1.953
17253309,0.01470619,0.011144568802646432,1.832,1.953
11621408,0.01471956,0.011155809170034775,1.832,1.952
15905940,0.01474016,0.011174049220751311,1.831,1.952
16167500,0.01474915,0.011181508737290848,1.831,1.951
16602184,0.01477407,0.011202558879854472,1.83,1.951
2174417,0.01477935,0.011207310489704999,1.83,1.95
19077749,0.01480815,0.011229893409639759,1.829,1.95
18427598,0.01481202,0.01123311224211915,1.829,1.949
919035,0.01484228,0.011257943235531578,1.828,1.949
19523740,0.01484341,0.011259016179691375,1.828,1.948
7567607,0.01487591,0.011284971209842638,1.828,1.947
16055393,0.01487659,0.011285482135633016,1.827,1.947
4023192,0.01490628,0.01131097733257294,1.827,1.946
17279890,0.01491079,0.011314604905684632,1.826,1.946
17393519,0.0149393,0.011337085640461316,1.826,1.945
876881,0.01494528,0.011341581787416654,1.825,1.945
18107581,0.01497277,0.011363193948349695,1.825,1.944
12540395,0.0149797,0.011368149928516372,1.824,1.944
3960997,0.01500854,0.011389404441396148,1.824,1.943
5001874,0.01501418,0.01139425823640475,1.823,1.943
15022924,0.01503908,0.011415666027021638,1.823,1.942
12429121,0.01504876,0.011424607228353275,1.822,1.942
6635494,0.0150695,0.011441978705226168,1.822,1.941
3316424,0.01508345,0.011452146128454714,1.821,1.941
5913905,0.01510118,0.011468342476009735,1.821,1.94
4812017,0.01511826,0.011482750583298429,1.82,1.94
7267395,0.01513272,0.011494808431951378,1.82,1.939
13433940,0.01515333,0.011511668983033891,1.819,1.939
47920,0.01516634,0.011521274387893021,1.819,1.938
13880586,0.01518799,0.011539258975714369,1.818,1.938
3074560,0.01519782,0.01154784252899274,1.818,1.937
6801716,0.015223,0.011566900060973884,1.817,1.937
165065,0.01523241,0.011574461762671497,1.817,1.936
3428140,0.01525811,0.011595869553288386,1.816,1.936
6709342,0.01526415,0.011601132088929291,1.816,1.935
18215653,0.01529331,0.011624685767865772,1.815,1.935
15477886,0.01529754,0.01162790460034516,1.815,1.934
2912853,0.01532859,0.01165273559375759,1.814,1.934
14303213,0.01533095,0.011654677111761031,1.814,1.933
3205977,0.01536337,0.011681551808334977,1.814,1.932
7660526,0.01536385,0.01168221601186247,1.813,1.932
14093456,0.01539849,0.011708477597487962,1.813,1.931
9576165,0.01539927,0.011709141801015455,1.812,1.931
2008854,0.0154308,0.011735505571799022,1.812,1.93
14676040,0.01543495,0.011738877682015524,1.811,1.93
11349236,0.0154653,0.011762533546110081,1.811,1.929
9080797,0.01547042,0.01176600784148466,1.81,1.929
16752478,0.01550073,0.011789663705579217,1.81,1.928
10529881,0.01550604,0.011794415315429744,1.809,1.928
8123333,0.01553494,0.011816844957627392,1.809,1.927
15740016,0.01554192,0.011822311863584449,1.808,1.927
14999772,0.01556789,0.011844077302254603,1.808,1.926
3115397,0.01557759,0.011850974800424722,1.807,1.926
9944528,0.01560101,0.011871360739460853,1.807,1.925
1576058,0.01561355,0.011882550014270157,1.806,1.925
3589483,0.01563471,0.011898746361825177,1.806,1.924
5325420,0.01564949,0.011909680173739293,1.805,1.924
14856743,0.01566985,0.011926183076768541,1.805,1.923
2128116,0.01568559,0.011940284628583007,1.804,1.923
1826600,0.01570295,0.011953670884290942,1.804,1.922
7702065,0.01572176,0.01196945849121366,1.803,1.922
3329495,0.01573651,0.011981209784392382,1.803,1.921
14825251,0.01575801,0.011999092187055655,1.802,1.921
5271481,0.01577079,0.012008850869651897,1.802,1.92
18242912,0.01579429,0.012027755123895928,1.801,1.92
9895195,0.01580523,0.01203654304749045,1.801,1.919
17156570,0.01583079,0.01205692898652658,1.8,1.919
2231724,0.0158391,0.01206428631790804,1.8,1.918
13117503,0.01586719,0.012086051756578195,1.799,1.918
16683373,0.01587451,0.01209208068090467,1.799,1.917
14125984,0.01590383,0.012117678063002667,1.798,1.917
1570336,0.01590611,0.012119977229059374,1.798,1.916
18514416,0.01593855,0.01214787377721408,1.798,1.915
6590081,0.01594046,0.012149151091690027,1.797,1.915
10847093,0.01597589,0.01217587251052686,1.797,1.914
4230396,0.01597729,0.012177200917581845,1.796,1.914
8940415,0.01600961,0.012203973428997716,1.796,1.913
12585003,0.01601409,0.012207856465004599,1.795,1.913
7973594,0.01604374,0.012232074347468572,1.795,1.912
8699049,0.01605095,0.01223800108663697,1.794,1.912
16943038,0.01607836,0.012260277451097505,1.794,1.911
8034360,0.01608802,0.01226901428211299,1.793,1.911
10852160,0.01610995,0.012288582739884512,1.793,1.91
14034972,0.01612503,0.01230166244011822,1.792,1.91
16901347,0.01614512,0.01231688802867152,1.792,1.909
14880268,0.01616221,0.012329814451168115,1.791,1.909
13880267,0.01618117,0.012345295502616604,1.791,1.908
11449872,0.01619948,0.012361032016960283,1.79,1.908
17343926,0.01621568,0.012373754069140727,1.79,1.907
17343262,0.01623683,0.012390256972169974,1.789,1.907
15876916,0.01625219,0.012402263728243886,1.789,1.906
3205136,0.01627423,0.01242035050122331,1.788,1.906
13634627,0.01628566,0.01243087557250512,1.788,1.905
2544492,0.01631179,0.012452130085384896,1.787,1.905
2694078,0.0163207,0.012459487416766358,1.787,1.904
6351404,0.01634935,0.012483194373439952,1.786,1.904
10827546,0.01635667,0.012488252538764706,1.786,1.903
5539688,0.01638705,0.012513083532177135,1.785,1.903
17342997,0.01639245,0.012517017660763055,1.785,1.902
14707857,0.01642487,0.012543585801862774,1.784,1.902
10261969,0.0164272,0.012545884967919481,1.784,1.901
3588639,0.01645838,0.012574803367654944,1.784,1.9
5601384,0.01646278,0.01257858421850375,1.783,1.9
8899264,0.01649468,0.012603772859969444,1.783,1.899
15374367,0.01650072,0.012608064636608629,1.782,1.899
18620394,0.01653414,0.012632844537442022,1.782,1.898
4940510,0.01653871,0.012637238499239282,1.781,1.898
17834906,0.01657151,0.012661967307493636,1.781,1.897
5368151,0.0165768,0.012666310176711859,1.78,1.897
8146462,0.01660467,0.01269114117012429,1.78,1.896
12461003,0.01661506,0.01269972472340266,1.779,1.896
5968459,0.01664079,0.012720417217913017,1.779,1.895
6137239,0.01665344,0.012730635733720602,1.778,1.895
9462995,0.01667843,0.012749744358280784,1.778,1.894
1653134,0.01669169,0.012761342373722392,1.777,1.894
17312883,0.01671284,0.012779122591227588,1.777,1.893
630713,0.01673025,0.012791742458249954,1.776,1.893
17850602,0.01675159,0.01280855191675343,1.776,1.892
16082078,0.01676879,0.01282280674630501,1.775,1.892
1738665,0.01678889,0.012838083427437348,1.775,1.891
3405693,0.01680748,0.012854075404676217,1.774,1.891
4156240,0.01682366,0.012867717123279342,1.774,1.89
3830236,0.01684625,0.012886365914628184,1.773,1.89
6121200,0.01685876,0.012897350819121337,1.773,1.889
15444553,0.01688497,0.01291962718358187,1.772,1.889
6573467,0.01689442,0.012927086700121406,1.772,1.888
9417983,0.01692396,0.012948647768475409,1.771,1.888
16638188,0.01693437,0.012956873673700514,1.771,1.887
8525333,0.01696291,0.012979660963951426,1.77,1.887
17137999,0.01697264,0.012986762832437698,1.77,1.886
4271442,0.01700216,0.013008426085949775,1.769,1.886
4970262,0.01701161,0.01301670308375392,1.769,1.885
19429347,0.01704122,0.01303928600368868,1.768,1.885
10636911,0.01704952,0.013046694427649178,1.768,1.884
6619968,0.01708053,0.01307121886558738,1.767,1.884
13027575,0.01708774,0.013076787956702514,1.767,1.883
12361898,0.01712007,0.013102538616537625,1.766,1.883
16918753,0.01712514,0.013106932578334887,1.766,1.882
15272780,0.01715935,0.013132938701065189,1.765,1.882
2836993,0.01716458,0.013137128292546298,1.765,1.881
9002695,0.01719893,0.013164002989120243,1.764,1.881
13182905,0.01720269,0.013167426191915785,1.764,1.88
13153623,0.01723858,0.013196753332283552,1.763,1.88
11631258,0.01723969,0.01319777518386431,1.763,1.879
16603009,0.01727702,0.01322822636097091,1.763,1.878
10719222,0.01727826,0.013229248212551668,1.762,1.878
12035225,0.01731426,0.013258677538077511,1.762,1.877
191117,0.0173182,0.01326118107445037,1.761,1.877
7758737,0.01735247,0.013289281992921226,1.761,1.876
13403513,0.01735811,0.013293573769560411,1.76,1.876
4516504,0.0173912,0.01331988644776494,1.76,1.875
18369836,0.01739803,0.013324842427931619,1.759,1.875
1067215,0.01742589,0.01335059308776673,1.759,1.874
2058559,0.01743814,0.013360249585204898,1.758,1.874
16394553,0.01746424,0.013381401912926597,1.758,1.873
12187761,0.01747839,0.013392948835789167,1.757,1.873
16373401,0.01750155,0.013412210738086463,1.757,1.872
4505144,0.01751867,0.01342554590121536,1.756,1.872
18876050,0.01753805,0.013443121748404405,1.756,1.871
8891900,0.01755903,0.013461617262016131,1.755,1.871
18682607,0.01757228,0.013474134943880422,1.755,1.87
13338756,0.01759959,0.013496002567708653,1.754,1.87
17399380,0.01761124,0.013505199231935478,1.754,1.869
9179744,0.01764025,0.013530132410505984,1.753,1.869
18419112,0.01764626,0.013536314612569572,1.753,1.868
11002967,0.0176808,0.013565948308411565,1.752,1.868
17425476,0.01768256,0.01356753217836174,1.752,1.867
5728087,0.01771751,0.013598800836732948,1.752,1.866
10175385,0.01772165,0.013602326224686564,1.751,1.866
11875817,0.01775375,0.013630171680262232,1.751,1.865
17646818,0.01776248,0.013636915900695237,1.75,1.865
14571586,0.0177932,0.013661593616370553,1.75,1.864
12369155,0.0178033,0.013670279354806998,1.749,1.864
7030970,0.01783024,0.013693066645057912,1.749,1.863
16889842,0.01784435,0.01370466466049952,1.748,1.863
7608179,0.01786872,0.013724641858903347,1.748,1.862
3242508,0.0178855,0.01373807920719032,1.747,1.862
6096217,0.0179093,0.01375626816532782,1.747,1.861
5197927,0.01792669,0.01377072736519555,1.746,1.861
13862099,0.01794887,0.013787996656910368,1.746,1.86
18283328,0.01796804,0.013803886448991162,1.745,1.86
11067837,0.01798854,0.013819776241071955,1.745,1.859
13331792,0.01800951,0.013837863014051379,1.744,1.859
17075887,0.01802687,0.01385160691781258,1.744,1.858
10706108,0.018051,0.013873167986166583,1.743,1.858
15240428,0.01806372,0.01388353977971128,1.743,1.857
18596840,0.01809258,0.013906378162541231,1.742,1.857
16916545,0.01810286,0.013915574826768057,1.742,1.856
4141292,0.01813437,0.013942909356553344,1.741,1.856
1019933,0.01814055,0.01394766096640387,1.741,1.855
5545254,0.01817617,0.013979798198618722,1.74,1.854
16205604,0.01821625,0.01401203761599165,1.74,1.853
4684937,0.01821808,0.014013366023046637,1.739,1.853
8265959,0.01825819,0.014044328125943617,1.739,1.852
17486509,0.0182601,0.01404570762557764,1.738,1.852
6413531,0.01830081,0.014076720821053658,1.738,1.851
7195060,0.0183022,0.014077947042950567,1.737,1.851
11984693,0.01834184,0.014109164608742737,1.737,1.85
13312858,0.01834426,0.014111106126746178,1.736,1.85
11163496,0.01838249,0.014141659489010855,1.736,1.849
16735112,0.01838656,0.014145338154701585,1.735,1.849
4874882,0.01842432,0.014174256554437048,1.735,1.848
3530034,0.01842898,0.014178701608813347,1.734,1.848
16916147,0.01846312,0.014206955805021317,1.734,1.847
13217122,0.01847143,0.014213597840296247,1.733,1.847
6928769,0.01850487,0.014239706148184624,1.733,1.846
3663248,0.01851401,0.014247114572145123,1.732,1.846
13964854,0.01854485,0.01427250758392697,1.732,1.845
13154744,0.01855678,0.014283441395841085,1.731,1.845
8041243,0.01858511,0.01430541120482739,1.731,1.844
12660746,0.01859946,0.014317826701533604,1.73,1.844
4684926,0.01862434,0.014338417010885887,1.73,1.843
12068916,0.01864234,0.014353029488490732,1.729,1.843
3201647,0.01866362,0.014371473909523421,1.729,1.842
14893559,0.01868534,0.014389560682502845,1.728,1.842
5236305,0.01870272,0.014404581900739994,1.728,1.841
1789558,0.0187284,0.014425734228461693,1.727,1.841
14018960,0.01874407,0.014437792077114642,1.727,1.84
15406793,0.01877156,0.014461754496683427,1.726,1.84
4263159,0.01878339,0.01447105334606833,1.726,1.839
3445505,0.01881482,0.014496548543008251,1.725,1.839
8288216,0.01882474,0.014504416800180091,1.725,1.838
13866627,0.01885821,0.014531444774491151,1.724,1.838
19277577,0.01886708,0.01453788243944993,1.724,1.837
12074259,0.01890182,0.014566749746606353,1.723,1.837
17496197,0.01890798,0.014571399171298806,1.723,1.836
8858679,0.01894524,0.01460200362614252,1.722,1.836
9852430,0.01894883,0.014604966995726719,1.722,1.835
1278419,0.01898746,0.014638637005312708,1.722,1.834
17367334,0.01898892,0.014639761042051542,1.721,1.834
8388103,0.01902841,0.014672409200056774,1.721,1.833
8685419,0.01903271,0.014676598791537883,1.72,1.833
10791636,0.01907092,0.014706232487379877,1.72,1.832
6784808,0.01907659,0.01471062644917714,1.719,1.832
4634516,0.01911223,0.014740106867282018,1.719,1.831
2179490,0.01912056,0.014746953272873101,1.718,1.831
7411572,0.01915641,0.014774083432342235,1.718,1.83
18790065,0.01916465,0.01478113420824947,1.717,1.83
9172181,0.01919785,0.014808162182560529,1.717,1.829
9436801,0.01920885,0.014818023050314847,1.716,1.829
7276741,0.01923926,0.01484229202535786,1.716,1.828
117255,0.01925309,0.014853021466955824,1.715,1.828
4981270,0.01928166,0.014876524053313267,1.715,1.827
8364767,0.01929746,0.01488996140160024,1.714,1.827
1697533,0.01932522,0.014910807173847712,1.714,1.826
6044679,0.01934197,0.014924653262766988,1.713,1.826
15268492,0.01936857,0.014945141386961194,1.713,1.825
12110743,0.01938657,0.014958425457511054,1.712,1.825
1143969,0.01941371,0.01497962887781179,1.712,1.824
989452,0.0194313,0.014993168411256839,1.711,1.824
13207482,0.01945953,0.015014167461241425,1.711,1.823
15076762,0.01947612,0.015027247161475132,1.71,1.823
18031816,0.019503,0.015048757137250098,1.71,1.822
18020139,0.01952096,0.015063522892592057,1.709,1.822
11614445,0.01954357,0.015083448998416845,1.709,1.821
3612423,0.01956598,0.015099849716288017,1.708,1.821
3811063,0.01958877,0.015118243044741669,1.708,1.82
2210349,0.01961107,0.01513541015129841,1.707,1.82
1630793,0.01963256,0.015153088183645531,1.707,1.819
7295345,0.01965624,0.015172963196891282,1.706,1.819
13078271,0.01967259,0.015187984415128431,1.706,1.818
1766187,0.01970158,0.015210976075695494,1.705,1.818
8520145,0.01971633,0.015223033924348444,1.705,1.817
11831635,0.01974698,0.015248529121288367,1.704,1.817
18611929,0.01975867,0.015258134526147497,1.704,1.816
10490966,0.0197925,0.015286950740724883,1.703,1.816
4960707,0.01980223,0.015293286220525585,1.703,1.815
4283388,0.01983811,0.015323839582790261,1.702,1.815
17065176,0.01984399,0.01532854010006175,1.702,1.814
5829861,0.01988391,0.0153587869068522,1.701,1.814
13068169,0.01989068,0.015363896164755992,1.701,1.813
14388992,0.01992973,0.015393683138335099,1.7,1.813
12148892,0.01993679,0.015399303322029271,1.7,1.812
10365192,0.01997562,0.01542980559171491,1.699,1.812
12744913,0.0199824,0.015434812664460625,1.699,1.811
12715193,0.0200217,0.015468073933414312,1.698,1.811
4285572,0.02002406,0.015470373099471017,1.698,1.81
9906982,0.02006669,0.015506035719639487,1.698,1.809
10052841,0.02006782,0.015506751015746018,1.697,1.809
14035388,0.02011054,0.01554180052496603,1.697,1.808
14343636,0.02011411,0.015544406246496965,1.696,1.808
12678838,0.0201547,0.015577616422871613,1.696,1.807
18411731,0.02016044,0.015582930051091556,1.695,1.807
1530576,0.0201989,0.015613534505935271,1.695,1.806
10392325,0.02020719,0.015619767800577899,1.694,1.806
12351175,0.02024257,0.015649503681577966,1.694,1.805
11734097,0.02025356,0.015658393790330564,1.693,1.805
4364856,0.0202891,0.01568557504237874,1.693,1.804
11502641,0.02030019,0.015694465151131338,1.692,1.804
19480129,0.02033401,0.015721748588337588,1.692,1.803
3115662,0.02034711,0.015733346603779196,1.691,1.803
7537557,0.02037822,0.015757973226875475,1.691,1.802
11233785,0.0203939,0.015771206204846296,1.69,1.802
9378783,0.02042208,0.015794300050571433,1.69,1.801
4282548,0.0204411,0.015810751861021644,1.689,1.801
9855573,0.02046432,0.015830729059425473,1.689,1.8
6820992,0.02048804,0.01584917348045816,1.688,1.8
7015977,0.02050954,0.01586720916085855,1.688,1.799
3612163,0.02053531,0.015886419970576805,1.687,1.799
5772713,0.02055731,0.0159037914474497,1.687,1.798
10595694,0.02058268,0.015925710163856965,1.686,1.798
18445009,0.02060135,0.015940475919198924,1.686,1.797
883247,0.02063017,0.01596423396845156,1.685,1.797
1321750,0.02064703,0.015977211483527192,1.685,1.796
10319643,0.02067762,0.0160014804585702,1.684,1.796
17478559,0.02069299,0.01601404923301353,1.684,1.795
8313762,0.02072531,0.01603888022642596,1.683,1.795
16696173,0.02073929,0.01605093807507891,1.683,1.794
9446540,0.0207731,0.01608067395607898,1.682,1.794
16385651,0.02078314,0.016087929102302365,1.682,1.793
3029402,0.02082093,0.01611899339035742,1.681,1.793
19050466,0.02082944,0.016125022314683896,1.681,1.792
17786622,0.02086893,0.01615659752852933,1.68,1.792
9227690,0.0208749,0.016162217712223502,1.68,1.791
3241878,0.02091704,0.016198289073024272,1.679,1.791
10280073,0.02091812,0.016199464202342147,1.679,1.79
15662597,0.02096304,0.016236812877618866,1.679,1.789
2350399,0.02096525,0.016238703303043268,1.678,1.789
1273519,0.02100665,0.01627426373805366,1.678,1.788
9653856,0.02101364,0.01628019047722206,1.677,1.788
7755919,0.0210541,0.016311765691067494,1.677,1.787
10174777,0.02106208,0.01631805007828916,1.676,1.787
16502391,0.02110098,0.016349369829239405,1.676,1.786
14743489,0.02111062,0.016356420605146638,1.675,1.786
5816283,0.02114889,0.016387025059990352,1.675,1.785
2887027,0.02115924,0.01639540424295257,1.674,1.785
15477785,0.02119359,0.016424833568478413,1.674,1.784
6068255,0.02120816,0.016438219824186348,1.673,1.784
7343526,0.02123723,0.016462693169545514,1.673,1.783
9925698,0.02125696,0.01647771438778266,1.672,1.783
14227842,0.02128406,0.01650065495577069,1.672,1.782
12937504,0.02130591,0.016519457024856642,1.671,1.782
18287925,0.02132898,0.0165386678345749,1.671,1.781
14876783,0.02135516,0.01655905377361103,1.67,1.781
10065272,0.02137724,0.016576782898537187,1.67,1.78
2583762,0.02140427,0.016598190689154076,1.669,1.78
17507202,0.02142629,0.016615000147657554,1.669,1.779
18939571,0.02145361,0.01663620356795829,1.668,1.779
8865203,0.02147479,0.016653319581935992,1.668,1.778
14405062,0.02150312,0.016676924353451514,1.667,1.778
4478497,0.02151999,0.016691690108793473,1.667,1.777
4039804,0.02155264,0.016721017249161238,1.666,1.777
2992097,0.02156398,0.016730162820809028,1.666,1.776
18874563,0.02160231,0.016761840219812536,1.665,1.776
17523184,0.02161144,0.016768737717982655,1.665,1.775
18265844,0.0216521,0.016801488061145963,1.664,1.775
10489419,0.021658,0.016807414800314363,1.664,1.774
14482286,0.02170203,0.0168438438091684,1.663,1.774
10162863,0.02170431,0.016846142975225107,1.663,1.773
14049800,0.0217516,0.016884973335293926,1.663,1.772
9167935,0.02175207,0.016885484261084306,1.662,1.772
6862250,0.0217983,0.016923905880520822,1.662,1.771
7620025,0.02180223,0.01692692034268406,1.661,1.771
2912403,0.02184668,0.016962940610905794,1.661,1.77
15923640,0.02185246,0.01696886735007419,1.66,1.77
6103956,0.02189392,0.0170020264338698,1.66,1.769
10629807,0.02190289,0.01700969032072549,1.659,1.769
9985366,0.02194008,0.017041214441991887,1.659,1.768
19475128,0.02195337,0.017052097161326964,1.658,1.768
5831145,0.02198626,0.017080504635272047,1.658,1.767
10003736,0.02200394,0.017094912742560742,1.657,1.767
6477343,0.0220333,0.017119897013710285,1.657,1.766
11056618,0.02205475,0.017138034879268748,1.656,1.766
11675926,0.02207894,0.01715934048472756,1.656,1.765
11141789,0.02210552,0.017179113312815235,1.655,1.765
7750441,0.02212865,0.01719888614090291,1.655,1.764
6174791,0.0221565,0.01722146906083767,1.654,1.764
16569927,0.02217652,0.017238533982236338,1.654,1.763
15816494,0.02220756,0.017263671531122994,1.653,1.763
16775986,0.02222581,0.01727828400872784,1.653,1.762
16670427,0.02225879,0.017307151315884263,1.652,1.762
16845845,0.02227262,0.017318136220377416,1.652,1.761
12827759,0.02231018,0.017350069082276116,1.651,1.761
11377135,0.0223206,0.017358039524606034,1.651,1.76
370117,0.02236146,0.017392578108035666,1.65,1.76
14619359,0.02236954,0.017398045013992725,1.65,1.759
6456571,0.02241308,0.017430437709102766,1.649,1.759
4574050,0.02242226,0.017438152688537493,1.649,1.758
2855705,0.02246467,0.017474224049338263,1.648,1.758
16108441,0.02247033,0.017478362548240336,1.648,1.757
1951811,0.02251648,0.017514740464515337,1.647,1.757
15664346,0.02252196,0.017518674593101254,1.647,1.756
13209828,0.02256846,0.017558526804750833,1.646,1.756
2808225,0.02256879,0.017559037730541214,1.646,1.755
14623689,0.02261704,0.017599503053139245,1.646,1.754
4906882,0.02262042,0.017602262052407294,1.645,1.754
4447455,0.02266588,0.017640070560895355,1.645,1.753
7637303,0.02267262,0.01764655931843317,1.644,1.753
10926928,0.02271345,0.01768074025380954,1.644,1.752
3780965,0.02272481,0.01769075439930097,1.643,1.752
6242078,0.02276222,0.0177215121318818,1.643,1.751
9452522,0.02277725,0.01773382544342994,1.642,1.751
5446978,0.02281273,0.017762335102533097,1.642,1.75
14147062,0.0228297,0.017776641024663715,1.641,1.75
436707,0.02285879,0.01780331135092151,1.641,1.749
14871782,0.02288235,0.01782328854932534,1.64,1.749
11616257,0.02290674,0.01784433869188896,1.64,1.748
13336380,0.02293508,0.017867381445035063,1.639,1.748
4695851,0.0229577,0.017885468218014487,1.639,1.747
16624089,0.02298805,0.01790943063758327,1.638,1.747
3603556,0.02301015,0.01792669992929809,1.638,1.746
15636104,0.02304101,0.0179509689043411,1.637,1.746
16051410,0.02306129,0.017968033825739766,1.637,1.745
19064239,0.02309406,0.017996798947738115,1.636,1.745
7545790,0.02311142,0.01800946990733952,1.636,1.744
15475000,0.0231474,0.018039359066076704,1.635,1.744
5540368,0.02316129,0.018050957081518312,1.635,1.743
4451636,0.0232007,0.01808294103599605,1.634,1.743
16901133,0.02321114,0.01809259753343422,1.634,1.742
14955483,0.02325418,0.018127289394600964,1.633,1.742
9400694,0.02326097,0.01813428907792916,1.633,1.741
9530729,0.0233079,0.018174754400527193,1.632,1.741
5950824,0.0233094,0.018176082807582178,1.632,1.74
3555727,0.02335699,0.018217978722393273,1.632,1.739
12875286,0.02336157,0.01822175957324208,1.631,1.739
15248181,0.02341016,0.018259976822362446,1.631,1.738
16274672,0.02341538,0.018264115321264516,1.63,1.738
2595636,0.02345782,0.01830207710748969,1.63,1.737
5813712,0.0234693,0.01831122267913748,1.629,1.737
830188,0.0235088,0.018344279577775013,1.629,1.736
5826565,0.02352344,0.018356235241269888,1.628,1.736
17582534,0.02355679,0.01838658423321841,1.628,1.735
2502021,0.0235777,0.018403495876879963,1.627,1.735
10989005,0.02360957,0.018428939981240847,1.627,1.734
9327077,0.02363207,0.018448661716749488,1.626,1.734
10768236,0.02365941,0.018471449007000398,1.626,1.733
13757893,0.02368646,0.01849500268593688,1.625,1.733
8201671,0.02371038,0.018514009125338987,1.625,1.732
18964800,0.02374126,0.01853848247069815,1.624,1.732
8943099,0.02376275,0.01855667142883565,1.624,1.731
2239159,0.0237958,0.01858467016214843,1.623,1.731
3911912,0.02381356,0.01859948701006943,1.623,1.73
8671072,0.02385065,0.018631573149705243,1.622,1.73
14482341,0.02386442,0.018642353683882243,1.622,1.729
13412080,0.02390572,0.018676738989574764,1.621,1.729
9482298,0.02391696,0.018685322542853135,1.621,1.728
8825900,0.02396078,0.018720218774336033,1.62,1.728
19040303,0.02397083,0.0187283935869821,1.62,1.727
3145342,0.024016,0.018764669318099024,1.619,1.727
2677626,0.02402454,0.018771566816269146,1.619,1.726
9292831,0.02407134,0.01881121465760257,1.618,1.726
8806597,0.02407543,0.018814842230714262,1.618,1.725
9208403,0.02412682,0.018857811089685154,1.617,1.725
18014368,0.02412735,0.018858219830317456,1.617,1.724
7146213,0.02418122,0.01890169961507873,1.617,1.723
3175449,0.02418244,0.018903028022133714,1.616,1.723
5808561,0.02423375,0.018945281584998076,1.616,1.722
3119439,0.02423819,0.018949164621004957,1.615,1.722
7339739,0.02428617,0.01898891464749646,1.615,1.721
10259708,0.0242941,0.01899484138666486,1.614,1.721
9320388,0.02434009,0.019032700987731955,1.614,1.72
8740866,0.02435012,0.019041335633589365,1.613,1.72
9482164,0.02439249,0.01907658951312553,1.613,1.719
12939478,0.02440632,0.019087983158250988,1.612,1.719
1047771,0.02444595,0.01912058022367718,1.612,1.718
5801277,0.02446252,0.019133966479385114,1.611,1.718
7505337,0.02450286,0.019164622026807868,1.611,1.717
16926570,0.02451907,0.01917877467120137,1.61,1.717
1409385,0.0245551,0.01920881710767567,1.61,1.716
19036585,0.02457566,0.019225217825546842,1.609,1.716
14992097,0.02461163,0.019253114373701547,1.609,1.715
3226127,0.02463207,0.01926874870288715,1.608,1.715
10004445,0.02466457,0.01929746273230646,1.608,1.714
1971916,0.02468886,0.019318512874870086,1.607,1.714
16912852,0.02471714,0.01934196436864849,1.607,1.713
4095486,0.02474577,0.019365007121794592,1.606,1.713
14836249,0.02477303,0.019386568190148595,1.606,1.712
7135430,0.02480289,0.019408844554609127,1.605,1.712
14610634,0.02483026,0.01943122310422774,1.605,1.711
13336875,0.02485996,0.019457382504695152,1.604,1.711
9189240,0.02488444,0.019476031296043993,1.604,1.71
19394692,0.02491732,0.019502497251985638,1.603,1.71
14534876,0.02494171,0.019520941673018325,1.603,1.709
15055586,0.02497477,0.01954786746217131,1.602,1.709
18845392,0.02499845,0.019565954235150732,1.602,1.708
12699588,0.02503226,0.019592420191092377,1.601,1.708
9318509,0.02505489,0.01961101788986218,1.601,1.707
12774961,0.02508997,0.019642644196286654,1.6,1.707
5249161,0.02510566,0.01965623482231074,1.6,1.706
14010030,0.02514791,0.019688525332262705,1.599,1.706
6203247,0.02516439,0.019701553939917377,1.599,1.705
1790110,0.02520584,0.019736807819453542,1.598,1.705
13703735,0.02521854,0.019746975242682086,1.598,1.704
7990140,0.0252641,0.019784426103116884,1.597,1.704
10287757,0.02527388,0.019792498730604874,1.597,1.703
15975434,0.02532219,0.01983316842351906,1.596,1.703
5319643,0.02532793,0.019838124403685736,1.596,1.702
2251021,0.02538054,0.01987961157786453,1.595,1.702
5830677,0.02538637,0.019883852261924677,1.595,1.701
2736561,0.02543909,0.019929018101794198,1.594,1.701
1996488,0.02543963,0.019929682305321692,1.594,1.7
11198382,0.02549546,0.019975614533876782,1.594,1.699
10922771,0.02549771,0.019977658237038298,1.593,1.699
10059330,0.02554919,0.020021700040168986,1.593,1.698
8406922,0.02555642,0.020028904093813332,1.592,1.698
10445987,0.02560243,0.02006783663904023,1.592,1.697
686054,0.02561541,0.02007836171032204,1.591,1.697
478952,0.02565785,0.020114075423069547,1.591,1.696
16264151,0.02567443,0.020127666049093634,1.59,1.696
7476239,0.02571362,0.02016046748483598,1.59,1.695
4037107,0.02573358,0.020176714924970036,1.589,1.695
8031762,0.02577031,0.020206961731760485,1.589,1.694
7403590,0.02579292,0.020227807504007957,1.588,1.694
2677629,0.0258197,0.02025350707126403,1.588,1.693
2846427,0.02585252,0.02028257874873661,1.587,1.693
16566630,0.02587391,0.020300205688504692,1.587,1.692
16442187,0.02591199,0.020331269976559745,1.586,1.692
13195957,0.02593125,0.020347006490903426,1.586,1.691
17233520,0.02597173,0.020379245908276354,1.585,1.691
4253125,0.02598978,0.02039390947846024,1.585,1.69
638846,0.02603162,0.02042778385836238,1.584,1.69
2932688,0.02604653,0.020440914651175125,1.584,1.689
16636224,0.02609158,0.020478212233872806,1.583,1.689
2921146,0.02610249,0.020488022009048087,1.583,1.688
18167313,0.02615176,0.020531859441862622,1.582,1.688
10153559,0.02615665,0.020535282644658162,1.582,1.687
7597579,0.02621203,0.020581112688055177,1.581,1.687
15189621,0.02621362,0.020582594372847277,1.581,1.686
10050017,0.02627244,0.02062949736040409,1.58,1.686
16658121,0.02627305,0.020630059378773505,1.58,1.685
12744165,0.02632805,0.02067762656985781,1.58,1.684
8652547,0.02633312,0.020682020531655073,1.579,1.684
15433198,0.02638343,0.02072529594610019,1.579,1.683
13894964,0.02639375,0.020734696980643168,1.578,1.683
14853260,0.02643603,0.020773067507500645,1.578,1.682
16935640,0.02645458,0.020788037633158757,1.577,1.682
14399747,0.02649396,0.02082094125405918,1.577,1.681
2582085,0.0265156,0.020837699619983614,1.576,1.681
7971309,0.02655312,0.020868968278354823,1.576,1.68
3969077,0.02657666,0.02088863892128442,1.575,1.68
5988368,0.02661364,0.020917046395229507,1.575,1.679
1782813,0.02663795,0.02093743233426564,1.574,1.679
15340073,0.02667418,0.020965277789841304,1.574,1.678
6067520,0.02669932,0.020987860709776065,1.573,1.678
17884869,0.02672869,0.021013611369611176,1.573,1.677
7918487,0.02676089,0.02103987295523667,1.572,1.677
15495862,0.02678772,0.021062047134539123,1.572,1.676
17357310,0.02682258,0.021091118812011703,1.571,1.676
7952266,0.02684552,0.02111058508462515,1.571,1.675
3033588,0.0268844,0.021145123668054783,1.57,1.675
16943105,0.0269015,0.021159276312448287,1.57,1.674
6753002,0.02694639,0.021196216247092704,1.569,1.674
11287402,0.02696093,0.021208018632850465,1.569,1.673
6795667,0.02700853,0.021247717566762928,1.568,1.673
17690924,0.02701921,0.021256914230989753,1.568,1.672
19474607,0.02707074,0.021300342923171987,1.567,1.672
8166517,0.02707747,0.02130591201428712,1.567,1.671
8462809,0.02713324,0.021352457353790665,1.566,1.671
14044147,0.02713661,0.0213550630753216,1.566,1.67
9747230,0.02719488,0.021404265228935116,1.566,1.669
6320683,0.02719584,0.021405082710199724,1.565,1.669
12787106,0.02725346,0.02145362066028575,1.565,1.668
12074404,0.02725842,0.021458065714662047,1.564,1.668
2519644,0.02730848,0.021503078276794457,1.564,1.667
11043670,0.02732151,0.021514625199657026,1.563,1.667
5180397,0.02737062,0.02155263807846124,1.563,1.666
11056999,0.02738424,0.021563112057164012,1.562,1.666
8680310,0.02743442,0.021602351157865136,1.562,1.665
6463936,0.02744735,0.021613080599463097,1.561,1.665
18565670,0.02749761,0.02165211532984807,1.561,1.664
2914012,0.02751061,0.021663304604657374,1.56,1.664
8060025,0.02755777,0.021702032779568118,1.56,1.663
12280163,0.02757408,0.02171700290522623,1.559,1.663
16872294,0.02761605,0.021752052414446242,1.559,1.662
7316495,0.02763758,0.021769781539372403,1.558,1.662
14673165,0.02768109,0.02180222532706148,1.558,1.661
13930807,0.02770132,0.02181821730430035,1.557,1.661
6078180,0.02774538,0.021852449332255757,1.557,1.66
2906718,0.02776524,0.021867726013388097,1.556,1.66
9308154,0.02780684,0.021902826615187148,1.556,1.659
7505039,0.0278292,0.02192040246237619,1.555,1.659
6636612,0.02786967,0.02195335717585565,1.555,1.658
13276990,0.02789331,0.021974560596156385,1.554,1.658
12702687,0.02793005,0.022003938829103193,1.554,1.657
7229661,0.02795765,0.022025704267773345,1.553,1.657
513944,0.02799393,0.022054673760087847,1.553,1.656
8317236,0.02802207,0.022078278531603365,1.552,1.656
12818291,0.02805544,0.022105510876230576,1.552,1.655
6861698,0.02808666,0.022131108258328577,1.551,1.655
7662359,0.02811957,0.022156450177531383,1.551,1.654
13498540,0.02815145,0.022181741004155157,1.55,1.654
2554746,0.02818423,0.022207542756569304,1.55,1.653
13882970,0.0282163,0.022235745860198237,1.549,1.653
4449540,0.02824312,0.022258737520765303,1.549,1.652
11107414,0.02828146,0.022292152067456102,1.548,1.652
3670279,0.02830051,0.022310034470119373,1.548,1.651
1619371,0.02834655,0.022347587515712246,1.547,1.651
398669,0.02836315,0.02236148469721056,1.547,1.65
7415234,0.02841211,0.02240343170460069,1.546,1.65
9678950,0.02842369,0.022413037109459823,1.546,1.649
12772645,0.02847743,0.02246075757828124,1.545,1.649
14957294,0.0284814,0.02246469170686716,1.545,1.648
1909858,0.02854311,0.0225152733601147,1.544,1.648
10483992,0.02854492,0.02251649958201161,1.544,1.647
9183298,0.02860484,0.022568409642314137,1.544,1.646
19534091,0.02860883,0.022571883937688716,1.543,1.646
16694312,0.02866714,0.02262042188777474,1.543,1.645
3819372,0.02867498,0.022626144256626988,1.542,1.645
18696318,0.02873477,0.02267253631839342,1.542,1.644
10344913,0.02874106,0.022677543391139136,1.541,1.644
4366363,0.02879795,0.02272480402674921,1.541,1.643
14046479,0.02880727,0.02273200808039356,1.54,1.643
9509901,0.02885875,0.02277722501284212,1.54,1.642
4378831,0.02887354,0.02278948723181122,1.539,1.642
429900,0.02892327,0.022829697091514063,1.539,1.641
12844232,0.02894013,0.022843032254642962,1.538,1.641
8807025,0.02898542,0.022882322447923122,1.538,1.64
1387447,0.02900682,0.02290255510922214,1.537,1.64
11456753,0.02904313,0.022935101082069295,1.537,1.639
7505327,0.02907375,0.02296059627900922,1.536,1.639
13356845,0.02910621,0.022987981901373543,1.536,1.638
8760159,0.02914077,0.023017257949162272,1.535,1.638
11138591,0.02916865,0.023040964905835865,1.535,1.637
14662951,0.02920794,0.023074583822842817,1.534,1.637
16011663,0.02922944,0.023094050095456266,1.534,1.636
1425950,0.02927525,0.023133340288736426,1.533,1.636
662890,0.02929225,0.02314728856281378,1.533,1.635
3285462,0.0293427,0.02318974649599429,1.532,1.635
4370198,0.02935378,0.023200680307908405,1.532,1.634
10547241,0.0294104,0.023246101610673118,1.531,1.634
16190157,0.02942052,0.023254174238161108,1.531,1.633
18602219,0.02947814,0.023304091687881157,1.53,1.633
10928401,0.02948287,0.02330777035357189,1.53,1.632
8596257,0.02954617,0.023360651172876137,1.529,1.632
1476301,0.02954715,0.02336146865414074,1.529,1.631
14888629,0.02961275,0.02341532023244671,1.529,1.63
3986291,0.02961432,0.02341675082465977,1.528,1.63
2510306,0.02967684,0.02346932508848979,1.528,1.629
15159867,0.02968247,0.02347484308702589,1.527,1.629
13228870,0.02973797,0.02352343212969095,1.527,1.628
369808,0.02975103,0.023535592163501977,1.526,1.628
15696145,0.02980408,0.023577641356050182,1.526,1.627
13498807,0.02981948,0.02359128307465331,1.525,1.627
5714061,0.02986718,0.023632003860146533,1.525,1.626
19292411,0.02988822,0.02365218542886651,1.524,1.626
5808980,0.02992893,0.023686468549400954,1.524,1.625
10826951,0.02995715,0.02371022659865359,1.523,1.625
381325,0.02999582,0.023741086516392493,1.523,1.624
11369450,0.03002618,0.023767041546543757,1.522,1.624
4056909,0.03006301,0.023795806668542106,1.522,1.623
3732919,0.03009544,0.023821659513535293,1.521,1.623
4338012,0.03013053,0.02385068009842883,1.521,1.622
2642175,0.03016489,0.02387775916531893,1.52,1.622
7601805,0.03019758,0.023905655713473636,1.52,1.621
10684709,0.03023432,0.02393620907573831,1.519,1.621
14489133,0.03026361,0.023960733513676512,1.519,1.62
16242628,0.03030401,0.023993381671681743,1.518,1.62
4411835,0.0303335,0.024015964591616507,1.518,1.619
12647232,0.03037387,0.024052291415312465,1.517,1.619
6458813,0.0303981,0.02407134894729361,1.517,1.618
18795735,0.03044404,0.024111252251522226,1.516,1.618
11334386,0.03046052,0.024126835488128794,1.516,1.617
5556508,0.03051414,0.024173176457316186,1.515,1.617
8581060,0.03052647,0.024182475306701087,1.515,1.616
3270933,0.03058463,0.024232035108367873,1.514,1.616
13342667,0.03059219,0.02423821731043146,1.514,1.615
6224124,0.03065492,0.024288952241416115,1.513,1.615
5723261,0.03066095,0.024294061499319907,1.513,1.614
2294620,0.03072587,0.024343468023249576,1.512,1.614
16659430,0.03073204,0.024350058965945467,1.512,1.613
18697274,0.03079641,0.024405238951306422,1.511,1.613
7947844,0.03079774,0.024406209710308144,1.511,1.612
2140197,0.03086452,0.024462462639828892,1.511,1.611
9899289,0.03086742,0.02446471071330656,1.51,1.611
6528363,0.03093115,0.024518868847086758,1.51,1.61
3994898,0.03093859,0.024526021808152065,1.509,1.61
1770801,0.03099695,0.024575377239502698,1.509,1.609
4703606,0.03100995,0.024585800125626434,1.508,1.609
17865829,0.03106743,0.024632038909655752,1.508,1.608
6846011,0.03108156,0.02464312599930698,1.507,1.608
13891470,0.03113971,0.02468880276496688,1.507,1.607
6933159,0.03115303,0.024700043132355225,1.506,1.607
17525723,0.03120908,0.024745719898015123,1.506,1.606
7918460,0.03122488,0.024759514894355364,1.505,1.606
12062701,0.0312763,0.024802790308800483,1.505,1.605
16230996,0.03129682,0.02482000850793626,1.504,1.605
9150086,0.03134357,0.024859962904743915,1.504,1.604
8555028,0.03136901,0.02488101304730754,1.503,1.604
1664623,0.03141557,0.024917288778424463,1.503,1.603
10100057,0.03144129,0.024940791364781906,1.502,1.603
17850157,0.03148346,0.024974716837263086,1.502,1.602
4805718,0.03151386,0.02499745303493496,1.501,1.602
17156758,0.03155454,0.02503229817383882,1.501,1.601
8208996,0.03158654,0.02505958161104507,1.5,1.601
16394339,0.03162403,0.025089981695572635,1.5,1.6
2203863,0.03165928,0.02511935992851944,1.499,1.6
3741250,0.03169466,0.02514781849504356,1.499,1.599
8432747,0.0317322,0.025178320764729197,1.498,1.599
4560658,0.03176809,0.0252058085722516,1.498,1.598
18862143,0.03180538,0.025236617397411468,1.497,1.598
9571657,0.03183627,0.025263900834617714,1.497,1.597
10427822,0.03187867,0.02530170934310578,1.496,1.597
8002175,0.03190585,0.025322146374720945,1.496,1.596
8985792,0.03195218,0.025360516901578423,1.495,1.596
11358176,0.03197578,0.02538049409998225,1.495,1.595
79946,0.03202581,0.025424433717954862,1.494,1.595
7567385,0.03204459,0.025439046195559707,1.494,1.594
16664393,0.03209963,0.025486817756960163,1.493,1.594
13327552,0.03211287,0.025497649383716202,1.493,1.593
7410267,0.03217388,0.02554715809280395,1.492,1.593
2261673,0.0321849,0.02555645694218885,1.492,1.592
12419139,0.03224792,0.025609644316967325,1.491,1.592
12363398,0.03225411,0.025615366685819572,1.491,1.591
12266975,0.03232231,0.025672437096604928,1.49,1.591
3069156,0.03232479,0.025674429707187408,1.49,1.59
428095,0.03239356,0.02573359491371332,1.49,1.589
9549728,0.03239671,0.025736251727823293,1.489,1.589
8266344,0.03246541,0.025792913397976347,1.489,1.588
11450519,0.03247142,0.02579771610040591,1.488,1.588
14183838,0.03253326,0.025852385159976485,1.488,1.587
15323417,0.03254626,0.025863370064469638,1.487,1.587
18693456,0.03260361,0.025911959107134702,1.487,1.586
8048323,0.03262122,0.025926316121844355,1.486,1.586
1389549,0.03267418,0.02597168633203003,1.486,1.585
17159748,0.03269641,0.02599038621595791,1.485,1.585
2152419,0.03274473,0.026031566834662474,1.485,1.584
9686058,0.0327718,0.02605624455033779,1.484,1.584
5114485,0.03281165,0.02609160061503203,1.484,1.583
1240223,0.03284733,0.026123584569509768,1.483,1.583
6723491,0.03288077,0.02615173658055966,1.483,1.582
10247028,0.03292311,0.026186581719463524,1.482,1.582
16735710,0.03295375,0.026212025823824408,1.482,1.581
200911,0.03299896,0.02625111164678842,1.481,1.581
14418899,0.03302404,0.02627241725224723,1.481,1.58
12269948,0.03307502,0.026315948129587537,1.48,1.58
2543509,0.03309693,0.026333013050986204,1.48,1.579
4187085,0.03315126,0.026378740909225144,1.479,1.579
17342121,0.03316879,0.026393711034883253,1.479,1.578
9620016,0.0332277,0.02644638748387135,1.478,1.578
9046583,0.03323635,0.026454562296517416,1.478,1.577
2927595,0.03330434,0.026511326151828548,1.477,1.577
13177482,0.03330841,0.026515515743309657,1.477,1.576
6301037,0.03338108,0.026576571375259973,1.476,1.576
1721643,0.03338115,0.026576673560418047,1.476,1.575
15862399,0.03345547,0.026637933562684516,1.476,1.574
5858028,0.03345808,0.026640539284215448,1.475,1.574
18444177,0.03352532,0.026699346842688095,1.475,1.573
16739167,0.03353523,0.026707010729543783,1.474,1.573
14430003,0.03359845,0.026760862307849752,1.474,1.572
2440512,0.03361249,0.026772511415870396,1.473,1.572
16293281,0.03366941,0.02682258214332756,1.473,1.571
13386307,0.03368994,0.026840362360832756,1.472,1.571
6218787,0.03374164,0.026884404163963444,1.472,1.57
420852,0.03376763,0.026905454306527066,1.471,1.57
4347516,0.03381594,0.02694637946233644,1.471,1.569
7676398,0.03384547,0.0269715170112231,1.47,1.569
19148159,0.03388908,0.027008508038446552,1.47,1.568
18014199,0.03392351,0.027038397197183737,1.469,1.568
13056181,0.03396225,0.02707073879971474,1.469,1.567
8433444,0.03400169,0.027104562087037844,1.468,1.567
16636231,0.03403493,0.02713317393129908,1.468,1.566
11963999,0.03408007,0.027178186493431487,1.467,1.566
9308714,0.03410197,0.027195711248041494,1.467,1.565
3479431,0.03415861,0.027243891550074253,1.466,1.565
12344972,0.03417764,0.027258401842521023,1.466,1.564
2617163,0.03423737,0.027306735422290895,1.465,1.564
9231359,0.03425665,0.027321245714737666,1.465,1.563
12376181,0.03431639,0.027372338293775587,1.464,1.563
11132886,0.0343305,0.027384242864691422,1.464,1.562
15688476,0.03439548,0.027440240331316982,1.463,1.562
1657165,0.03440392,0.027447342199803253,1.463,1.561
16091660,0.0344748,0.027505996480538787,1.462,1.561
507763,0.03447939,0.027510645905231237,1.462,1.56
929522,0.03455417,0.027572008092655777,1.461,1.56
10472921,0.03455609,0.027574051795817296,1.461,1.559
16292227,0.03463076,0.02763761096414047,1.461,1.558
2771368,0.03463383,0.027640574333724667,1.46,1.558
17549485,0.03470716,0.027701323410200755,1.46,1.557
5467219,0.03471369,0.02770689250131589,1.459,1.557
15213679,0.0347821,0.027765189133998155,1.459,1.556
18290483,0.0347937,0.02777448798338306,1.458,1.556
10717261,0.03485622,0.027829157042953634,1.458,1.555
5363274,0.0348739,0.027843616242821365,1.457,1.555
14549704,0.03493318,0.027893329322225262,1.457,1.554
19544216,0.03495429,0.02790983222525451,1.456,1.554
9240034,0.03501039,0.027957654879234003,1.456,1.553
92508,0.03503485,0.027977529892479754,1.455,1.553
18754788,0.03508659,0.02802208262140082,1.455,1.552
10633410,0.03511569,0.028046862522234213,1.454,1.552
12405854,0.03516323,0.028086663641304754,1.454,1.551
11042226,0.03519655,0.02811726809614847,1.453,1.551
4933425,0.03523681,0.028151449031524837,1.453,1.55
18076951,0.03527771,0.028188031318115987,1.452,1.55
12329053,0.03531342,0.028216336606902995,1.452,1.549
6143256,0.03535906,0.0282535320044426,1.451,1.549
6925576,0.03539031,0.02828137746001827,1.451,1.548
11984954,0.03544055,0.028325163800253766,1.45,1.548
15539218,0.03546698,0.028346571590870655,1.45,1.547
19138775,0.03552226,0.02839306583779516,1.449,1.547
11456865,0.03554549,0.028411918999460155,1.449,1.546
9447685,0.03560414,0.028462143004654432,1.448,1.546
4007688,0.0356223,0.02847741968578677,1.448,1.545
7180215,0.03568618,0.028534285726255975,1.447,1.545
2911128,0.03569651,0.0285430736498505,1.447,1.544
18210454,0.03576855,0.028605151133381572,1.446,1.544
2723210,0.03577284,0.0286088297990723,1.446,1.543
2845200,0.03585091,0.028671418208393754,1.445,1.543
9641543,0.0358548,0.02867479031861026,1.445,1.542
298278,0.03593193,0.028740904115885327,1.445,1.541
17247099,0.03593361,0.028741466134254743,1.444,1.541
18834324,0.03601152,0.02880717119089751,1.444,1.54
12503659,0.03601644,0.028810900949167276,1.443,1.54
10664335,0.0360921,0.02887354045106777,1.443,1.539
15860948,0.03609957,0.028879824838289433,1.442,1.539
14195627,0.03617272,0.02894011408155418,1.442,1.538
13836304,0.03618264,0.028947318135198526,1.441,1.538
7729925,0.03625224,0.029006840989777703,1.441,1.537
18798844,0.03626605,0.029018336820061236,1.44,1.537
8392251,0.03633626,0.02907372117573834,1.44,1.536
8495533,0.03634978,0.029085370283758988,1.439,1.536
13159635,0.03641773,0.029140703546857057,1.439,1.535
8156608,0.03643343,0.02915485619125056,1.438,1.535
1041171,0.03649336,0.029207890288291922,1.438,1.534
10634272,0.0365175,0.029227969671853822,1.437,1.534
7883860,0.03657771,0.0292752303074639,1.437,1.533
14137720,0.03660162,0.029295514061341954,1.436,1.533
10685085,0.03665784,0.029342723604372994,1.436,1.532
892950,0.0366863,0.029364591228201224,1.435,1.532
13205729,0.03673908,0.0294103701790192,1.435,1.531
7340304,0.03677056,0.029436733949802767,1.434,1.531
8865343,0.03682012,0.02947817003140252,1.434,1.53
10617448,0.03685534,0.029507957004981628,1.433,1.53
19026958,0.03690104,0.029546123161522955,1.433,1.529
7801951,0.03694027,0.02957989535626702,1.432,1.529
2534873,0.03697865,0.029614229569380503,1.432,1.528
18885612,0.03702547,0.029655461280664104,1.431,1.528
14241958,0.03705951,0.029682489254975165,1.431,1.527
18816999,0.03711082,0.029730720649586963,1.43,1.527
16528131,0.03713605,0.02975090221830694,1.43,1.526
785153,0.03719646,0.029799951094183343,1.429,1.526
18696736,0.03721792,0.02981951955195487,1.429,1.525
487558,0.03728219,0.029871940538047776,1.428,1.525
14518620,0.03730136,0.029888239070760873,1.428,1.524
12094683,0.03736802,0.029943112500647597,1.427,1.524
17975340,0.03738364,0.029957162959883026,1.427,1.523
13104243,0.03745418,0.030020773220785238,1.426,1.523
403387,0.0374608,0.030026189034163257,1.426,1.522
13756078,0.03753951,0.03009541947875964,1.426,1.521
17247249,0.0375405,0.03009613477486617,1.425,1.521
12216431,0.03761882,0.030164803201093136,1.425,1.52
16658189,0.03762704,0.0301710875883148,1.424,1.52
7751158,0.03770221,0.030234340201163747,1.424,1.519
11940869,0.03771379,0.030242770476705004,1.423,1.519
7869504,0.03778697,0.03030403047897147,1.423,1.518
11910200,0.03780099,0.030316190512782493,1.422,1.518
14000666,0.03786875,0.03037387403451631,1.422,1.517
13794218,0.03788799,0.030390376937545555,1.421,1.517
9719191,0.03794918,0.030443921960377297,1.421,1.516
15869203,0.03797532,0.03046640269515398,1.42,1.516
18387409,0.03802871,0.03051407207139636,1.42,1.515
19304681,0.03806274,0.030541764249234913,1.419,1.515
2153525,0.03811119,0.030584426552731577,1.419,1.514
8550956,0.03815052,0.030618914043582173,1.418,1.514
2993599,0.03819116,0.030654934311803907,1.418,1.513
12389186,0.03823856,0.030694531060558295,1.417,1.513
14302061,0.03827669,0.03072559534861335,1.417,1.512
7594885,0.03832661,0.030770505725587684,1.416,1.512
3959177,0.03835632,0.03079640966315991,1.416,1.511
3546367,0.03841515,0.03084535635387824,1.415,1.511
12519534,0.03844173,0.03086742834802262,1.415,1.51
2558819,0.03850353,0.030920104797010715,1.414,1.51
6860181,0.03852655,0.030938600310622445,1.414,1.509
15097636,0.03859237,0.03099398466629955,1.413,1.509
19163564,0.03861249,0.031009874458380344,1.413,1.508
6287291,0.03868122,0.031067251424639928,1.412,1.508
6463731,0.03869649,0.03108140406903343,1.412,1.507
12088598,0.03877054,0.031146138366674476,1.411,1.507
19538468,0.03878003,0.031153035864844598,1.411,1.506
13958003,0.0388598,0.03121802562538083,1.41,1.506
4322877,0.0388678,0.031224872030971913,1.41,1.505
9477608,0.03894943,0.03129323390172465,1.409,1.505
18213985,0.03895378,0.031296810382257303,1.409,1.504
4021009,0.03903681,0.03136895310385885,1.409,1.503
16178231,0.03903925,0.03137048588122999,1.408,1.503
3862801,0.03912694,0.031441300195776546,1.408,1.502
8357278,0.03912915,0.03144334389893806,1.407,1.502
4354487,0.03920889,0.031513749472852313,1.407,1.501
14950066,0.03921934,0.0315235592480276,1.406,1.501
5240445,0.03928958,0.03158640312024424,1.406,1.5
752635,0.03930973,0.03160229291232503,1.405,1.5
7897343,0.03937546,0.031659210045373275,1.405,1.499
7713435,0.03940035,0.031680362373094975,1.404,1.499
3556814,0.03946007,0.03173222134081846,1.404,1.498
18495923,0.0394912,0.03175776763033743,1.403,1.498
14854126,0.03954661,0.03180538591400077,1.403,1.497
17262386,0.03958222,0.03183834062748023,1.402,1.497
7508082,0.03962866,0.031878703764920184,1.402,1.496
14622801,0.03967349,0.031919986568782824,1.401,1.496
15933250,0.03971015,0.03195217489357671,1.401,1.495
18038193,0.039765,0.03200009973271428,1.4,1.495
11937890,0.03979503,0.0320258503925494,1.4,1.494
13371183,0.03985658,0.03207699406416635,1.399,1.494
5204971,0.03988198,0.03209962807668015,1.399,1.493
16778447,0.03994848,0.03215792470936242,1.398,1.493
18132342,0.03996599,0.0321736612237061,1.398,1.492
2371907,0.04004062,0.032234461392761225,1.397,1.492
7765884,0.04005775,0.03224779655589012,1.397,1.491
3129072,0.04013288,0.03231299068674251,1.396,1.491
2213454,0.04014258,0.0323221362583903,1.396,1.49
16717617,0.04022537,0.032396629238627586,1.395,1.49
9879844,0.04022538,0.03239668033120662,1.395,1.489
18824918,0.04031361,0.032471326589181025,1.395,1.488
13651114,0.04031813,0.032475209625187906,1.394,1.488
4430850,0.0403998,0.032546228310050614,1.394,1.487
4231986,0.04041119,0.03255629354812108,1.393,1.487
9621357,0.04048817,0.03262123221607828,1.393,1.486
2418833,0.04050429,0.03263507830499756,1.392,1.486
19156549,0.04057911,0.0326964404924221,1.392,1.485
10043063,0.04059757,0.032712381377081934,1.391,1.485
13928395,0.04067001,0.03277180204650303,1.391,1.484
4694413,0.04069116,0.03279039974527284,1.39,1.484
14681441,0.0407543,0.03284736797090012,1.39,1.483
5271354,0.04078498,0.03287362955652561,1.389,1.483
14368059,0.04084428,0.03292308717303432,1.389,1.482
2906993,0.04087905,0.032954355831405525,1.388,1.482
16284390,0.04093164,0.03299895965290563,1.388,1.481
5381239,0.04097333,0.03303452008791602,1.387,1.481
4713266,0.0410178,0.0330750365030931,1.387,1.48
18743876,0.04106772,0.03311545073311209,1.386,1.48
19366246,0.04111039,0.033151266631017674,1.386,1.479
12600739,0.04116234,0.03319776087794218,1.385,1.479
5882593,0.04119804,0.0332277011292584,1.385,1.478
10721164,0.04125738,0.03328007102277227,1.384,1.478
11410304,0.04128311,0.03330428890523624,1.384,1.477
2927506,0.04135237,0.03336350520434119,1.383,1.477
12128160,0.04137275,0.03338108105153024,1.383,1.476
1102483,0.04144787,0.03344576425659224,1.382,1.476
9682949,0.04146442,0.03345802647556135,1.382,1.475
6491976,0.04154323,0.03352577523536563,1.381,1.475
14228434,0.04155433,0.03353517626990861,1.381,1.474
11104207,0.04163899,0.03360803428761668,1.38,1.474
7858370,0.0416438,0.03361247934199298,1.38,1.473
9329247,0.04173481,0.03368993569181447,1.38,1.472
18696115,0.04173496,0.0336902422472887,1.379,1.472
8938321,0.0418252,0.03376759641195211,1.379,1.471
1418201,0.04183119,0.033773420965962433,1.378,1.471
10041908,0.04191242,0.0338454615024059,1.378,1.47
11192528,0.04192762,0.03385736607332174,1.377,1.47
13812365,0.04200974,0.0339234798705968,1.377,1.469
13056335,0.04202432,0.033934669145406104,1.376,1.469
6693349,0.04210293,0.034001651516524824,1.376,1.468
3948778,0.04212114,0.034017490216026576,1.375,1.468
4186668,0.04219212,0.03408007862534803,1.375,1.467
17128948,0.04221823,0.03410163969370203,1.374,1.467
4092080,0.04228474,0.034158607919329315,1.374,1.466
10127632,0.04231557,0.03418451185690154,1.373,1.466
14633621,0.04237828,0.03423734158362675,1.373,1.465
3234728,0.0424131,0.03426835477910277,1.372,1.465
4604832,0.04246606,0.03431627961824034,1.372,1.464
13492862,0.04251089,0.03435567199667857,1.371,1.464
5213743,0.04255447,0.03439542202317008,1.371,1.463
1440146,0.04260891,0.034443193584570535,1.37,1.463
13934449,0.04264416,0.03447466661325789,1.37,1.462
12792089,0.04270724,0.03453010206151404,1.369,1.462
12962385,0.04273378,0.03455416666624089,1.369,1.461
9296649,0.0428058,0.03461598868687678,1.368,1.461
3057080,0.04282688,0.03463381999696101,1.368,1.46
14999367,0.04290424,0.03470325481187355,1.367,1.46
8830121,0.04291662,0.03471367769799728,1.367,1.459
19157573,0.04300327,0.034788272863392644,1.366,1.459
3713803,0.04300981,0.034793688676770664,1.366,1.458
19501958,0.04310021,0.0348739040258602,1.366,1.457
3661447,0.04310226,0.03487589663644268,1.365,1.457
5295141,0.04319658,0.03495427265268685,1.365,1.456
6416489,0.04320166,0.03495846224416796,1.364,1.456
13522902,0.04329276,0.03503484564982965,1.364,1.455
11593714,0.04330126,0.03504271390700149,1.363,1.455
6939560,0.04338611,0.03511562301728861,1.363,1.454
13480777,0.04340113,0.03512875381010135,1.362,1.454
17865458,0.04348062,0.03519655366248467,1.362,1.453
12430870,0.04350109,0.03521418060225275,1.361,1.453
12507588,0.04357356,0.03527768867799689,1.361,1.452
1998527,0.0436014,0.03530277513430451,1.36,1.452
14988052,0.04366515,0.03535902806382526,1.36,1.451
14799427,0.04370191,0.03539106311088203,1.359,1.451
11065619,0.04375795,0.03544052072739074,1.359,1.45
13814089,0.04380262,0.03548159916093723,1.358,1.45
4903788,0.04385092,0.03552221776127238,1.358,1.449
2897014,0.0439036,0.035565748638612685,1.357,1.449
1702719,0.04394936,0.03560411916547016,1.357,1.448
10719599,0.04400481,0.03565321913392561,1.356,1.448
7219560,0.04404129,0.0356862249399841,1.356,1.447
11037510,0.04410628,0.03574431720235022,1.355,1.447
14949144,0.04413328,0.03576848399223515,1.355,1.446
11249215,0.04420792,0.035832605178927744,1.354,1.446
4146568,0.04422951,0.03585089632222332,1.354,1.445
7035906,0.04430983,0.03591997348908259,1.353,1.445
19200104,0.04432683,0.035933564115106675,1.353,1.444
10916604,0.04441198,0.036008108187923,1.352,1.444
6763039,0.04442073,0.03601638518572715,1.352,1.443
3405280,0.04451452,0.0360986442379782,1.351,1.443
14609760,0.04451553,0.03609941062666377,1.351,1.442
16045213,0.04461064,0.03618264043791654,1.351,1.441
6113913,0.04461699,0.03618810734387359,1.35,1.441
7230502,0.04470362,0.036266074619485465,1.35,1.44
19022066,0.04471987,0.03627961415293051,1.349,1.44
339769,0.04480304,0.0363496620787915,1.349,1.439
9547519,0.04482307,0.036366982463085354,1.348,1.439
15660466,0.04489945,0.03643345390841369,1.348,1.438
3547515,0.04492624,0.036456445568980755,1.347,1.438
12757444,0.04499608,0.036517450108352036,1.347,1.437
3089106,0.04502985,0.036548105655774786,1.346,1.437
16667153,0.04509,0.03660159958602749,1.346,1.436
7576562,0.04513363,0.03663761985424922,1.345,1.436
8352942,0.04518985,0.036686004526598134,1.345,1.435
14706742,0.04523766,0.0367261122011429,1.344,1.435
3492233,0.04528956,0.036770562744905894,1.344,1.434
12746170,0.04534195,0.03681802775083212,1.343,1.434
12769919,0.04538375,0.0368553253335298,1.343,1.433
87695,0.04544646,0.03690866598604539,1.342,1.433
16427398,0.04548127,0.03694029229246986,1.342,1.432
5196424,0.04555123,0.0369989465732054,1.341,1.432
19504545,0.04558315,0.037025463621726075,1.341,1.431
4154636,0.04565629,0.03709142414126403,1.34,1.431
2333495,0.04567842,0.0371107882287194,1.34,1.43
2510965,0.04576156,0.03718114271005462,1.339,1.43
13465607,0.0457792,0.037196368298607924,1.339,1.429
4065565,0.04586697,0.037272649519111536,1.338,1.429
6332162,0.04587634,0.03728210164623355,1.338,1.428
17389674,0.04596976,0.037368039364175334,1.338,1.427
12419455,0.04597275,0.0373713603818128,1.337,1.427
8986492,0.04607238,0.03745418145243327,1.337,1.426
15250553,0.04607875,0.0374597505435484,1.336,1.426
8196451,0.04617557,0.03754052791100736,1.336,1.425
16840571,0.0461849,0.0375506953342359,1.335,1.425
2158904,0.04627695,0.03762707873989759,1.335,1.424
2585120,0.04629144,0.03763918768112958,1.334,1.424
4093620,0.04637574,0.03771378284652494,1.334,1.423
9530644,0.04639811,0.037732533823031864,1.333,1.423
10553281,0.04648014,0.037800742416047486,1.333,1.422
2831336,0.04650519,0.037823274243403204,1.332,1.422
16114569,0.04657863,0.03788785526330714,1.332,1.421
3962291,0.04661231,0.03791656929272645,1.331,1.421
17057463,0.04668029,0.03797522357346198,1.331,1.42
17424768,0.04671979,0.03800884249046894,1.33,1.42
14084839,0.04678195,0.03806274516135394,1.33,1.419
3100915,0.04682741,0.03810259737300352,1.329,1.419
18502429,0.04688156,0.03815052221214109,1.329,1.418
16822962,0.04693539,0.03819691427390752,1.328,1.418
19312476,0.04698305,0.03823845254066535,1.328,1.417
4964661,0.04704363,0.03828785906459502,1.327,1.417
67581,0.04708659,0.038326587239505765,1.327,1.416
2287251,0.04715208,0.03838687648277051,1.326,1.416
7597183,0.04718309,0.03841492630866233,1.326,1.415
2887275,0.04726078,0.03848058027272606,1.325,1.415
3706114,0.04728682,0.03850352084071408,1.325,1.414
10051556,0.04736969,0.03857964878348059,1.324,1.414
7617876,0.04738643,0.03859226865050295,1.324,1.413
14632460,0.04747885,0.0386707468519052,1.323,1.413
2486989,0.04749104,0.03868122083060797,1.323,1.412
17492058,0.0475883,0.0387680271223934,1.322,1.412
10035459,0.04759069,0.03877037738102914,1.322,1.411
1751022,0.04768901,0.0388597893943455,1.322,1.41
8713844,0.04769808,0.03886801529957061,1.321,1.41
6431857,0.04778967,0.03894935468539898,1.321,1.409
11264295,0.04780798,0.0389640693481619,1.32,1.409
6980363,0.04789335,0.0390391243467686,1.32,1.408
1272659,0.0479182,0.03906073650770164,1.319,1.408
8966105,0.04799744,0.03912914947103342,1.319,1.407
8416495,0.04802862,0.03915791459303177,1.318,1.407
3725695,0.04809906,0.03921932787303535,1.318,1.406
11014763,0.04813938,0.03925427519709729,1.317,1.406
18797286,0.04820411,0.03930976173793247,1.317,1.405
445855,0.04825034,0.039351402189848374,1.316,1.405
3619167,0.04830869,0.039400348880566705,1.316,1.404
13590558,0.04836155,0.039447047497807364,1.315,1.404
2856089,0.04841276,0.039491191486096124,1.315,1.403
9832130,0.04847305,0.03954264171318731,1.314,1.403
9450962,0.04851636,0.0395822384619417,1.314,1.402
15474054,0.04858478,0.039640841650098194,1.313,1.402
11085920,0.04862148,0.039673489808103424,1.313,1.401
1651964,0.04869688,0.039739603605378496,1.312,1.401
7106245,0.04872514,0.039764945524581305,1.312,1.4
5180959,0.04880916,0.03983974506029282,1.311,1.4
15084399,0.04882646,0.039856605611375336,1.311,1.399
13109155,0.04892183,0.03993968214489099,1.31,1.399
5633652,0.04893217,0.039948470068485516,1.31,1.398
8376559,0.0490344,0.040040538895911845,1.309,1.398
16650504,0.0490345,0.04004058998849089,1.309,1.397
14676200,0.04913516,0.04013286318623337,1.309,1.396
9574388,0.04914742,0.040144052461042676,1.308,1.396
4042962,0.04924301,0.040225391846871045,1.308,1.395
11103750,0.04926064,0.0402412305463728,1.307,1.395
7689063,0.0493472,0.04031812487782487,1.307,1.394
11932941,0.04937424,0.0403399925016531,1.306,1.394
3699393,0.04945433,0.04041106227909485,1.306,1.393
449507,0.04948808,0.04043962303077705,1.305,1.393
14458200,0.04956245,0.040504204050680975,1.305,1.392
13221218,0.04960222,0.040539202467321955,1.304,1.392
745236,0.04966674,0.040597601285162294,1.304,1.391
6986706,0.0497165,0.040642562754715665,1.303,1.391
9233360,0.04977102,0.04069120288995977,1.303,1.39
9262684,0.04983115,0.040741631265470195,1.302,1.39
5526597,0.04988103,0.04078495777249435,1.302,1.389
16530272,0.04994609,0.040842334738753934,1.301,1.389
10534846,0.04998904,0.040879019210503166,1.301,1.388
378471,0.05006112,0.04094380460072325,1.3,1.388
5519279,0.05009459,0.04097323392624909,1.3,1.387
4349229,0.05017649,0.04104404824079565,1.299,1.387
7378614,0.05020485,0.041067704104890204,1.299,1.386
7971194,0.05029213,0.041147306343031285,1.298,1.386
18214906,0.0503102,0.04116237865384747,1.298,1.385
17588620,0.05040823,0.04125005351947654,1.297,1.385
1362113,0.05041756,0.04125725757312089,1.297,1.384
3815137,0.05052431,0.04134999060407472,1.296,1.384
3953055,0.05052713,0.04135234086271046,1.296,1.383
2729069,0.05064016,0.04144767961519522,1.296,1.382
515738,0.05064084,0.04144834381872271,1.295,1.382
6595969,0.05075384,0.04154322273799613,1.295,1.381
2294258,0.05075752,0.041546543755633596,1.294,1.381
1757375,0.05086185,0.04163902132369223,1.294,1.38
3754979,0.0508745,0.041649699672711156,1.293,1.38
12446122,0.05097373,0.04173497318712545,1.293,1.379
5706853,0.05099182,0.04175086297920624,1.292,1.379
7838994,0.05108113,0.04183118051345385,1.292,1.378
17888424,0.05110934,0.04185555167365494,1.291,1.378
10794797,0.05119496,0.041927643302677446,1.291,1.377
6385850,0.0512272,0.041956204054359646,1.29,1.377
10284762,0.05130304,0.042024259369638155,1.29,1.376
16921771,0.05134528,0.042062783174232746,1.289,1.376
16208897,0.05140757,0.04212113089949405,1.289,1.375
17025045,0.05146366,0.04216920901636873,1.288,1.375
17258527,0.05151765,0.04221825789224514,1.288,1.374
5953147,0.05158225,0.04227680998782259,1.287,1.374
18498988,0.05162334,0.042315589255312376,1.287,1.373
12925502,0.05170117,0.042382878181905316,1.286,1.373
6895556,0.05173691,0.04241312498869577,1.286,1.372
4026678,0.05182031,0.042485574265771535,1.285,1.372
45049,0.05184835,0.042510916184974344,1.285,1.371
19494832,0.05193977,0.04259378834817385,1.284,1.371
3663107,0.05195745,0.04260891175156908,1.284,1.37
9369772,0.05205956,0.042696893172672376,1.283,1.37
13822848,0.05207211,0.04270711168847996,1.283,1.369
6471920,0.05217957,0.042803165737071255,1.282,1.369
4390680,0.05218264,0.042805567088286034,1.282,1.368
1788381,0.05229392,0.04290422685840826,1.282,1.367
5358836,0.05229988,0.04290959157920724,1.281,1.367
4251973,0.05240723,0.043003142091425674,1.281,1.366
11582302,0.05242037,0.04301596632876419,1.28,1.366
1013974,0.05251871,0.04310226169475924,1.28,1.365
12996645,0.05254121,0.04312177905995172,1.279,1.365
10106509,0.05263315,0.043201636760987996,1.279,1.364
13659036,0.05266235,0.04322830708724579,1.278,1.364
11203483,0.05274657,0.0433012161975329,1.278,1.363
9461041,0.05278376,0.0433338132629591,1.277,1.363
15994310,0.05285887,0.043401051096973,1.277,1.362
18301784,0.0529054,0.043441465326991995,1.276,1.362
12508501,0.05297471,0.04350109036672925,1.276,1.361
2445929,0.05302744,0.04354712478044241,1.275,1.361
14381915,0.05308608,0.043601385099380684,1.275,1.36
16807619,0.05314965,0.04365309078936706,1.274,1.36
9507631,0.05320784,0.04370188420234827,1.274,1.359
9772105,0.05327218,0.04375900570571267,1.273,1.359
493745,0.05332094,0.043802638768211055,1.273,1.358
14638581,0.05339495,0.04386762852874729,1.272,1.358
18244769,0.05343452,0.043903597704389986,1.272,1.357
3606093,0.05351807,0.043978397240101504,1.271,1.357
4449155,0.05354884,0.04400481210346411,1.271,1.356
15394310,0.05364146,0.0440886039330863,1.27,1.356
15225606,0.05366278,0.04410628196543342,1.27,1.355
19355107,0.05376524,0.04419155547984771,1.269,1.355
4146474,0.05378326,0.04420795619771888,1.269,1.354
738703,0.05388899,0.04430181326541154,1.268,1.354
11970481,0.05389783,0.0443098348003205,1.268,1.353
9879688,0.05401298,0.044411968865817296,1.268,1.352
7630715,0.0540134,0.04441232651387056,1.267,1.352
10956195,0.05412829,0.04451435839420929,1.267,1.351
2625609,0.05413776,0.04452217555880209,1.266,1.351
3503981,0.05424584,0.04461700338549647,1.266,1.35
8081420,0.0542626,0.044632893177577265,1.265,1.35
10764015,0.05436063,0.0447198527470998,1.265,1.349
17144898,0.05438766,0.04474371298151052,1.264,1.349
2095535,0.05447726,0.04482290647901929,1.264,1.348
3450485,0.05451299,0.044856474303447205,1.263,1.348
1126732,0.05459204,0.04492626676641301,1.263,1.347
5129284,0.05463867,0.04496576133000932,1.262,1.347
9368222,0.05470976,0.04502983142412287,1.262,1.346
3323709,0.05476473,0.04507678550425872,1.261,1.346
10087221,0.05482948,0.045133651544727926,1.261,1.345
10958400,0.05489092,0.04518750312303389,1.26,1.345
18599149,0.05494758,0.045237676035649134,1.26,1.344
17999329,0.05501748,0.04530062209302385,1.259,1.344
7226883,0.05506431,0.04534195598946553,1.259,1.343
16016599,0.05514424,0.04541215719306363,1.258,1.343
12304210,0.0551812,0.04544649140617711,1.258,1.342
1666657,0.05527143,0.04552507179273744,1.257,1.342
2167864,0.05530293,0.04555123119320485,1.257,1.341
2345024,0.05539876,0.045638139670148355,1.256,1.341
1593828,0.05541983,0.04565622644312778,1.256,1.34
13092601,0.05552649,0.04574819308539604,1.255,1.34
11904699,0.0555427,0.0457614771559459,1.255,1.339
7392664,0.05565455,0.04586126096280695,1.254,1.339
9390157,0.05566074,0.0458669833316592,1.254,1.338
2032403,0.05578036,0.045972744970267695,1.254,1.337
12907148,0.05578281,0.04597545287695671,1.253,1.337
11984178,0.05590166,0.04607871097919234,1.253,1.336
1563552,0.05591143,0.04608678360668034,1.252,1.336
12792008,0.05602144,0.04618493245101218,1.252,1.335
4888061,0.05604027,0.04620204846498988,1.251,1.335
11053508,0.05614329,0.046291409385727206,1.251,1.334
1828041,0.05616944,0.046315422897875026,1.25,1.334
8285790,0.05626824,0.046398090690758384,1.25,1.333
2084444,0.05629893,0.04642343260996119,1.249,1.333
10019940,0.05639267,0.04650507855126379,1.249,1.332
13332257,0.0564287,0.0465342013213154,1.248,1.332
5460143,0.05651728,0.046612270782085345,1.248,1.331
4651746,0.05655882,0.04664634953230364,1.247,1.331
8231618,0.05664016,0.04671971847580209,1.247,1.33
11619060,0.05668921,0.04676386246409086,1.246,1.33
2621008,0.05676118,0.04682742163241403,1.246,1.329
14631908,0.05681997,0.04687933169271656,1.245,1.329
13096016,0.05688533,0.046935380251921156,1.245,1.328
3028375,0.05695083,0.04699551621744879,1.244,1.328
14212133,0.05700548,0.04704354324174444,1.244,1.327
8254878,0.05708211,0.047109708131598545,1.243,1.327
721736,0.05712885,0.04715201278704194,1.243,1.326
13823651,0.0572137,0.04722650576727923,1.242,1.326
756848,0.05725193,0.0472606867026556,1.242,1.325
5881720,0.05734561,0.04734177062558878,1.241,1.325
7828593,0.05737647,0.04736966717374348,1.241,1.324
7434132,0.05747781,0.047458466076111386,1.24,1.324
17162292,0.0575022,0.04747885201514752,1.24,1.323
9740513,0.05761038,0.04757051210194155,1.239,1.323
12718398,0.05763009,0.047588292319446744,1.239,1.322
10929605,0.05774317,0.04768853595951914,1.238,1.322
4927165,0.05775365,0.04769798808664116,1.238,1.321
7498352,0.05787625,0.047807888224151725,1.237,1.321
12349397,0.05787639,0.04780793931673077,1.237,1.32
4659029,0.05800579,0.04791814600971556,1.237,1.319
16542748,0.05800969,0.04792121156445783,1.236,1.319
9250940,0.0581277,0.048028608165595545,1.236,1.318
17350901,0.05814353,0.04804240316193578,1.235,1.318
8281838,0.05825359,0.04813932578437072,1.235,1.317
19326117,0.0582774,0.04816114231561991,1.234,1.317
2004882,0.0583756,0.04825029886604108,1.234,1.316
14562878,0.05841175,0.0482827937463092,1.233,1.316
12858298,0.05849902,0.04836152741060663,1.233,1.315
17035669,0.05854647,0.04840556921373732,1.232,1.315
6850325,0.05862265,0.048473011418067376,1.232,1.314
5471252,0.05868151,0.048528140310849295,1.231,1.314
14645348,0.05874665,0.048584801981002346,1.231,1.313
1822701,0.05881671,0.04864682837195439,1.23,1.313
1687312,0.05887294,0.04869679691425347,1.23,1.312
5163574,0.05895239,0.04877190300543922,1.229,1.312
8632399,0.05899626,0.048809047310399784,1.229,1.311
7833997,0.05908811,0.04888956921496355,1.228,1.311
7753206,0.05912506,0.04892155316944128,1.228,1.31
16446797,0.05922447,0.049006520128381345,1.227,1.31
4061426,0.05925441,0.049034314491377975,1.227,1.309
7563623,0.05936084,0.049126843152015646,1.226,1.309
10982973,0.05938524,0.04914738236878889,1.226,1.308
8169366,0.05949779,0.04924670634243861,1.225,1.308
17758678,0.05951334,0.049260654616515964,1.225,1.307
18586197,0.05963494,0.049364576922279094,1.224,1.307
11342379,0.05964652,0.04937423341971726,1.224,1.306
4577715,0.05977231,0.049486228352968384,1.223,1.306
13658267,0.0597743,0.04948801659323471,1.223,1.305
3126774,0.05990222,0.049602106322226384,1.223,1.304
11898580,0.0599101,0.049609668023924,1.222,1.304
8660689,0.06003295,0.049716451514113254,1.222,1.303
13168677,0.06004828,0.0497289181033985,1.221,1.303
8355655,0.06016139,0.04983105216889531,1.221,1.302
4729108,0.06018666,0.04985399273688333,1.22,1.302
13393309,0.06028971,0.04994595937915159,1.22,1.301
14836044,0.06032539,0.049976001815625885,1.219,1.301
12644272,0.06042175,0.05006107095972403,1.219,1.3
8220516,0.06046445,0.05010046333816226,1.218,1.3
7970383,0.06055238,0.05017648909577069,1.218,1.299
17850081,0.06060388,0.05022134838016598,1.217,1.299
8150153,0.0606855,0.05029216269471254,1.217,1.298
17446793,0.06074356,0.05034463477338449,1.216,1.298
5162174,0.06081837,0.05040809175654958,1.216,1.297
12953209,0.06088359,0.05046551981538821,1.215,1.297
7540954,0.06095011,0.05052427628128182,1.215,1.296
7847833,0.06102391,0.050588550745711516,1.214,1.296
12176151,0.06108302,0.05064076736148827,1.214,1.295
8008329,0.0611646,0.050709333602557166,1.213,1.295
2000093,0.06122109,0.05075751390458992,1.213,1.294
17149692,0.06130561,0.050826539978870156,1.212,1.294
3067047,0.06136039,0.05087451591058676,1.212,1.293
2533600,0.06144699,0.05095008183498385,1.211,1.293
17959665,0.06149481,0.050991773379478786,1.211,1.292
18681135,0.06158877,0.051077097986472114,1.21,1.292
7138546,0.06162527,0.051109337403845045,1.21,1.291
17388314,0.06173068,0.051202376990273094,1.209,1.291
16762903,0.06175774,0.05122715689110649,1.209,1.29
8848046,0.06187293,0.051327809271811194,1.208,1.29
18730785,0.06189179,0.05134523184126312,1.208,1.289
3771502,0.06201554,0.05145017599860701,1.207,1.289
5553811,0.06203132,0.051463613346893984,1.207,1.288
8745440,0.06215851,0.051573002558614175,1.206,1.288
404383,0.06216805,0.051582250315420033,1.206,1.287
11371190,0.0622971,0.051701142746841275,1.206,1.286
9543819,0.06230176,0.05170553670863854,1.205,1.286
10960933,0.06243222,0.051820341733736744,1.205,1.285
12450732,0.06244545,0.05183112226791375,1.204,1.285
5828749,0.06256847,0.051939796183527405,1.204,1.284
1062783,0.06258929,0.05195885371550855,1.203,1.284
11944070,0.06270031,0.05205950609621325,1.203,1.283
9489043,0.06273359,0.052089241977213326,1.202,1.283
7032791,0.06283907,0.05217952256437333,1.202,1.282
10598021,0.06287827,0.05221217072237856,1.201,1.282
15348585,0.062974,0.05229984558800763,1.201,1.281
13172634,0.06302315,0.05234383629855928,1.2,1.281
8490618,0.06310838,0.052420372981958084,1.2,1.28
2305794,0.06316842,0.05247110791294274,1.199,1.28
10978521,0.0632461,0.05254120693138277,1.199,1.279
4291852,0.06331411,0.052600831971120025,1.198,1.279
4177253,0.06338156,0.052662347436281676,1.198,1.278
6244150,0.06346004,0.052733212843407276,1.197,1.278
4452598,0.06351411,0.05278374340407578,1.197,1.277
6251210,0.0636065,0.05286641119695913,1.196,1.277
13117778,0.06365163,0.05290544592734411,1.196,1.276
4768757,0.06375296,0.052996390718031604,1.195,1.276
6831525,0.06379056,0.053027403913507624,1.195,1.275
6926576,0.0638999,0.05312248720309719,1.194,1.275
902274,0.0639309,0.05314961736256633,1.194,1.274
6583130,0.06404719,0.05324894133621604,1.193,1.274
10520273,0.06407419,0.05327213736709926,1.193,1.273
7109753,0.06419493,0.05338249733782117,1.192,1.273
1433986,0.06420892,0.05339496392710642,1.192,1.272
17304275,0.06434292,0.0535157978765311,1.191,1.272
6082270,0.06434532,0.05351804595000877,1.191,1.271
13979690,0.06448706,0.05364143452838535,1.191,1.27
1941050,0.06449127,0.05364572630502454,1.19,1.27
2982245,0.06462978,0.05376507856965712,1.19,1.269
1143187,0.06463984,0.053773100104566075,1.189,1.269
12659170,0.06476942,0.05388902916640311,1.189,1.268
3972538,0.06478899,0.053905685347169476,1.188,1.268
5717381,0.06490985,0.0540132352260443,1.188,1.267
1134023,0.06493818,0.054041489422252266,1.187,1.267
18863336,0.06504907,0.05413774784115971,1.187,1.266
5222502,0.06508788,0.05417065146206013,1.186,1.266
8375250,0.06518703,0.05426256701174935,1.186,1.265
3987080,0.06523804,0.05430906125867386,1.185,1.265
14677426,0.06532479,0.05438764164523418,1.185,1.264
10403737,0.06538833,0.05444302600091129,1.184,1.264
3033520,0.06546463,0.05451302283419324,1.184,1.263
10233513,0.06553921,0.05457734839120198,1.183,1.263
2289036,0.06560658,0.054638659486047486,1.183,1.262
17830618,0.06569022,0.0547156049100786,1.182,1.262
9349758,0.06574364,0.054764653785955,1.182,1.261
6740431,0.06584155,0.05485299285511156,1.181,1.261
4026484,0.06588196,0.0548909035487577,1.181,1.26
14908831,0.06599341,0.05498849037472013,1.18,1.26
4701324,0.06602832,0.055017408774455594,1.18,1.259
18920664,0.06614547,0.05511862317352971,1.179,1.259
61642,0.06617406,0.05514422055562771,1.179,1.258
1823263,0.06629798,0.05525406960055924,1.178,1.258
19140662,0.06631693,0.05527138998485309,1.178,1.257
7767918,0.06645078,0.05539043569401145,1.177,1.257
10956188,0.0664607,0.05539876378439463,1.177,1.256
15932421,0.06660083,0.05552649523198943,1.177,1.255
5712041,0.06660398,0.0555291520460994,1.176,1.255
13936643,0.06673867,0.05565448214247942,1.176,1.254
11235328,0.0667575,0.05566960554587465,1.175,1.254
2940778,0.06688284,0.05578277560844364,1.175,1.253
18727785,0.06691141,0.05581056997144027,1.174,1.253
16042501,0.06702944,0.05591137562988209,1.174,1.252
557004,0.06706563,0.0559470893426296,1.173,1.252
2267059,0.06717147,0.05604028220679476,1.173,1.251
17030990,0.06722025,0.05608478384313679,1.172,1.251
17166642,0.06731387,0.056169444246602626,1.172,1.25
8789807,0.06737533,0.056220025899850166,1.171,1.25
11943903,0.06746499,0.056298912841884714,1.171,1.249
17145124,0.06753051,0.05635756712262025,1.17,1.249
563619,0.06761439,0.05642873908522007,1.17,1.248
14206578,0.06768621,0.05649556817860167,1.169,1.248
1318509,0.06776045,0.056558820791450616,1.169,1.247
9084247,0.06784232,0.056635970585797876,1.168,1.247
10985120,0.06790353,0.05668915796057635,1.168,1.246
14835381,0.06799865,0.056777088289100615,1.167,1.246
1988900,0.06804485,0.05681985277775536,1.167,1.245
2889394,0.06815536,0.05691902347366796,1.166,1.245
17436372,0.06818989,0.056950854150408584,1.166,1.244
7100793,0.06831248,0.05705773982575591,1.165,1.244
474472,0.06833952,0.057082110985957,1.165,1.243
13662213,0.06846996,0.05719921517711191,1.164,1.243
9644327,0.06848607,0.057213725469558684,1.164,1.242
13156458,0.06862781,0.05734063943588888,1.163,1.242
15749768,0.06863443,0.05734559541605556,1.163,1.241
16041706,0.06878484,0.057477823010605694,1.163,1.24
17183598,0.06878605,0.05747899813992357,1.162,1.24
5936420,0.06893823,0.05761030606805102,1.162,1.239
16236543,0.0689446,0.05761592625174519,1.161,1.239
283480,0.0690872,0.05774309568097058,1.161,1.238
9650071,0.06910364,0.057757401603101194,1.16,1.238
5240978,0.06923496,0.0578762429419434,1.16,1.237
7562235,0.06926287,0.05790194250919947,1.159,1.237
14014811,0.06938465,0.05800964566581141,1.159,1.236
6037958,0.06942253,0.058045001730505655,1.158,1.236
14056233,0.06953549,0.05814335494515365,1.158,1.235
12482116,0.0695825,0.05818560850801801,1.157,1.235
12536791,0.06968364,0.058277421872549154,1.157,1.234
6731287,0.06974308,0.05832984285864206,1.156,1.234
17890944,0.06983353,0.05841174426283985,1.156,1.233
4524871,0.06990384,0.0584713693025771,1.155,1.233
3432701,0.06998646,0.05854642430118381,1.155,1.232
1054732,0.07006493,0.05862020198531456,1.154,1.232
19543095,0.07013329,0.05868135980242295,1.154,1.231
18319316,0.07022639,0.05876315902146267,1.153,1.231
13296302,0.07028721,0.05881665295171537,1.153,1.23
14451144,0.07038825,0.05890637152050596,1.152,1.23
10714687,0.07044139,0.05895220156390297,1.152,1.229
17588344,0.07055049,0.059049328556654054,1.151,1.229
3595321,0.07059591,0.05908810782414384,1.151,1.228
5917234,0.07071313,0.05919647518428327,1.15,1.228
3361403,0.0707428,0.059224320639858934,1.15,1.227
16376447,0.07087625,0.05934004533137983,1.149,1.227
1312305,0.07089903,0.05936084001104826,1.149,1.226
7096972,0.07103955,0.05948673212579769,1.148,1.226
8512146,0.07105259,0.05949771703029085,1.148,1.225
10050846,0.0712033,0.059629995717420024,1.147,1.225
4601687,0.07120845,0.059634849512428624,1.147,1.224
7715852,0.07136745,0.059770091569142,1.146,1.224
5002926,0.07136997,0.059772339642619673,1.146,1.223
17285062,0.07152169,0.059910136328284944,1.146,1.222
8999945,0.07153199,0.05991917971477466,1.145,1.222
11589739,0.07168137,0.06004823956942444,1.145,1.221
17912101,0.07169704,0.0600615236399743,1.144,1.221
13157016,0.07183198,0.06018664936603817,1.144,1.22
15408542,0.07186215,0.06021459700677191,1.143,1.22
5214219,0.07198244,0.06032541681070516,1.143,1.219
16501868,0.07202788,0.06036593322588223,1.142,1.219
13231012,0.07213616,0.06046443971826734,1.142,1.218
14377555,0.07219384,0.060514714816040656,1.141,1.218
17159835,0.07229495,0.060603820273882794,1.141,1.217
4429954,0.07236028,0.06066288329525063,1.14,1.217
6385688,0.07244786,0.0607435584775515,1.14,1.216
8133679,0.07252717,0.06081452606983517,1.139,1.216
12945467,0.07260607,0.06088360323669444,1.139,1.215
8661102,0.07269426,0.0609588626056173,1.138,1.215
14195298,0.07276529,0.06102395455131161,1.138,1.214
11952328,0.07286184,0.06110994336183243,1.137,1.214
10804859,0.07292363,0.06116461242140301,1.137,1.213
11485880,0.07302979,0.06126398748763177,1.136,1.213
16263935,0.07307458,0.06130562793954767,1.136,1.212
3159561,0.07319814,0.061418900187274736,1.135,1.212
2404167,0.07322923,0.06144695001316656,1.135,1.211
10799650,0.07336698,0.0615751412939727,1.134,1.211
2439154,0.07338261,0.061588578642259674,1.134,1.21
12514118,0.07353601,0.06172566003181842,1.133,1.21
11214232,0.07354196,0.06173056491940605,1.133,1.209
7134669,0.07370012,0.061872857752026666,1.133,1.208
12564559,0.07370571,0.06187909104666929,1.132,1.208
3464036,0.0738575,0.062015508232700536,1.132,1.207
15807570,0.07387544,0.062029660877094044,1.131,1.207
4214272,0.07401204,0.06215846526884864,1.131,1.206
11856479,0.07404573,0.06218774131663737,1.13,1.206
8837692,0.07417447,0.062301728860470966,1.13,1.205
18095110,0.07421643,0.062337902406429814,1.129,1.205
16304410,0.07433528,0.06244535010014656,1.129,1.204
18491972,0.07438757,0.062492559643177605,1.128,1.204
5884884,0.0744955,0.06258932898787542,1.128,1.203
1553279,0.07455904,0.06264220980717967,1.127,1.203
12746853,0.0746629,0.06273361443107851,1.127,1.202
19454777,0.07473106,0.06279308619307865,1.126,1.202
19566423,0.07482514,0.06287820642975583,1.126,1.201
13035461,0.07490318,0.06294651720792953,1.125,1.201
5838482,0.07498672,0.06302315607648641,1.125,1.2
4444911,0.07507581,0.0631042399994196,1.124,1.2
15337137,0.07514442,0.06316846337127026,1.124,1.199
16146673,0.07524888,0.06326334229054367,1.123,1.199
3269633,0.07530378,0.06331407722152833,1.123,1.198
8349147,0.07542237,0.06342019650819009,1.122,1.198
463421,0.07546639,0.06345999762726062,1.122,1.197
3266490,0.07559628,0.06358062720636916,1.121,1.197
17491359,0.07562433,0.06360632677362524,1.121,1.196
9888578,0.07577056,0.06373395603606195,1.12,1.196
14685319,0.0757937,0.06375291138288502,1.12,1.195
15847419,0.07594515,0.06389086134628741,1.119,1.195
15509506,0.07595657,0.06389990473277712,1.119,1.194
2166966,0.07611371,0.06404720463814345,1.119,1.193
15765806,0.07612023,0.06405338684020703,1.118,1.193
2547256,0.07628449,0.06419486219156303,1.118,1.192
7222478,0.07629571,0.06420646020700466,1.117,1.192
18330967,0.07644664,0.06434282630045686,1.117,1.191
5178828,0.0764716,0.0643656646832868,1.116,1.191
14106606,0.07660491,0.06449114805740394,1.116,1.19
2264228,0.07664787,0.06453120463936968,1.115,1.19
8451166,0.07676867,0.06463982746240429,1.115,1.189
13325744,0.07682458,0.06469286155944565,1.114,1.189
15598025,0.07693046,0.06478881342287887,1.114,1.188
5223965,0.07700167,0.06485262805409724,1.113,1.188
9386981,0.07709515,0.06493820812398575,1.113,1.187
9592239,0.07717925,0.06501295656711822,1.112,1.187
4183098,0.07726084,0.06508790938056686,1.112,1.186
5549046,0.07735709,0.06517604407940727,1.111,1.186
15186577,0.0774261,0.06523791719262219,1.111,1.185
5888083,0.07753542,0.06533463544474097,1.11,1.185
19204385,0.07759461,0.06538833374530983,1.11,1.184
15575597,0.07771421,0.06549731421639772,1.109,1.184
9048981,0.07776531,0.0655390568534717,1.109,1.183
4910369,0.0778933,0.06565473045241355,1.108,1.183
5378543,0.07793121,0.06569013760968682,1.108,1.182
8699932,0.07807292,0.06581832889049297,1.107,1.182
1294858,0.07809951,0.06584157601395522,1.107,1.181
18523145,0.07825284,0.0659812631250449,1.106,1.181
1046168,0.07826571,0.06599337206627688,1.106,1.18
7827259,0.07843326,0.0661434820634903,1.105,1.18
11946046,0.07843564,0.06614547467407278,1.105,1.179
8288272,0.07860981,0.06629793492992193,1.105,1.178
5908989,0.07861404,0.06630222670656112,1.104,1.178
8706322,0.07877703,0.06645080392640339,1.104,1.177
8215623,0.07879533,0.06646613170011477,1.103,1.177
1627078,0.0789511,0.06660397947835907,1.103,1.176
11377174,0.07897693,0.06662748206471651,1.102,1.176
15010961,0.07912003,0.06675751267836802,1.102,1.175
12340434,0.07915912,0.06679128487311209,1.101,1.175
8122769,0.07929137,0.06691140352643024,1.101,1.174
3354570,0.07934143,0.06695723356982726,1.1,1.174
7610079,0.07945904,0.06706565202254572,1.1,1.173
11722635,0.07952436,0.0671236931923328,1.099,1.173
17268475,0.0796308,0.06722025816671447,1.099,1.172
9942715,0.07970766,0.06729250307347409,1.098,1.172
1428516,0.07979663,0.06737522195893648,1.098,1.171
951294,0.0798914,0.06746059765850886,1.097,1.171
11404340,0.07997085,0.06753054339921176,1.097,1.17
8893689,0.08007564,0.06762843678064842,1.096,1.17
12461805,0.0801365,0.0676862224875403,1.096,1.169
11006789,0.0802602,0.06780061877200622,1.095,1.169
14046866,0.08030638,0.06784225922392212,1.095,1.168
8216882,0.08044528,0.06797045050472826,1.094,1.168
14475373,0.08047492,0.06799865360835719,1.094,1.167
5361772,0.08063068,0.06813997568197608,1.093,1.167
3711263,0.08064584,0.06815540564084553,1.093,1.166
11875588,0.08081657,0.06831190221043869,1.092,1.166
9669471,0.08081739,0.06831251532138714,1.092,1.165
2917826,0.08099049,0.06846998264998201,1.092,1.164
6523752,0.08100299,0.0684806099064219,1.091,1.164
6892463,0.08116342,0.06862780762663015,1.091,1.163
11713077,0.08118955,0.06865100365751337,1.09,1.163
9479768,0.08134196,0.06878604134391059,1.09,1.162
15037978,0.0813767,0.06881771874291409,1.089,1.162
19139149,0.08151845,0.06894458161666525,1.089,1.161
7201742,0.08156428,0.06898422945799867,1.088,1.161
3782464,0.08168805,0.06910353063005223,1.088,1.16
13109042,0.08175232,0.06916244037368295,1.087,1.16
17912140,0.08186231,0.06926283729149246,1.087,1.159
15981349,0.08194084,0.06933395816151325,1.086,1.159
16987381,0.08203795,0.06942250160098597,1.086,1.158
16597786,0.0821298,0.06950506720871125,1.085,1.158
5712172,0.08221225,0.06958252355853273,1.085,1.157
16295696,0.08231907,0.06968235845797283,1.084,1.157
13323985,0.08238436,0.06974290316413276,1.084,1.156
14962934,0.08250875,0.06985438717159351,1.083,1.156
17966039,0.08256245,0.0699036915103651,1.083,1.155
4313795,0.08269896,0.07002437218205267,1.082,1.155
2247872,0.08274381,0.0700648375046507,1.082,1.154
1920826,0.08288963,0.07019328424835203,1.081,1.154
17957944,0.08292728,0.07022634114698957,1.081,1.153
12857126,0.08308068,0.07036643699871155,1.08,1.153
19552639,0.08310373,0.07038825352996074,1.08,1.152
18336499,0.08327229,0.07053872117522741,1.079,1.152
12176541,0.08328575,0.07055052356098518,1.079,1.151
1684831,0.08346417,0.07071274249943058,1.078,1.151
13836653,0.08346447,0.07071315124006287,1.078,1.15
1617398,0.08364341,0.07087613656719384,1.078,1.149
11634700,0.08365658,0.07088661054589662,1.077,1.149
15388791,0.08382773,0.07103953063495712,1.077,1.148
8449477,0.08384942,0.07105649337119771,1.076,1.148
12988043,0.08401349,0.07120328235077365,1.076,1.147
10168728,0.08404275,0.07123051469540086,1.075,1.147
13611113,0.08419488,0.07136744280722249,1.075,1.146
16647108,0.08423654,0.07140433164928786,1.074,1.146
19088719,0.08437813,0.07153196091172459,1.074,1.145
10239701,0.08443067,0.07158131634307523,1.073,1.145
13015833,0.08456033,0.071696887756859,1.073,1.144
14752035,0.08462534,0.07175702372238663,1.072,1.144
11378004,0.08473833,0.07186212115746764,1.072,1.143
1420584,0.08482035,0.07193528573064993,1.071,1.143
9209853,0.0849187,0.07202781439128761,1.071,1.142
1853422,0.08501589,0.07211559144207476,1.07,1.142
18918742,0.08509721,0.07219386527316085,1.07,1.141
2014399,0.08521189,0.07230366322551335,1.069,1.141
4222843,0.08527437,0.07236027380308736,1.069,1.14
1641984,0.0854083,0.07248039245640552,1.068,1.14
15959458,0.08545988,0.07252709107364617,1.068,1.139
12210857,0.0856052,0.0726599828717238,1.067,1.139
7189555,0.08564353,0.07269426599225824,1.067,1.138
9849378,0.08580252,0.07284069732378093,1.066,1.138
9034847,0.08582765,0.07286184965150262,1.066,1.137
9297628,0.08600036,0.07302156505357517,1.065,1.137
11927538,0.08601018,0.07302979095880027,1.065,1.136
13747672,0.08619491,0.07319814100673022,1.065,1.135
11923408,0.08619885,0.07320135983920961,1.064,1.135
18601131,0.08638773,0.07336689979529247,1.064,1.134
9213363,0.08639733,0.07337594318178219,1.063,1.134
2908165,0.08656995,0.07353601623190799,1.063,1.133
1638012,0.08659655,0.07356140924368984,1.062,1.133
7061080,0.08675356,0.0737055414091558,1.062,1.132
6196330,0.08679606,0.07374191932543081,1.061,1.132
4980805,0.08694147,0.07387547532703594,1.061,1.131
18960473,0.08699627,0.0739266189986529,1.06,1.131
3074006,0.08713168,0.07404576689296932,1.06,1.13
8381114,0.0871967,0.07410804874681655,1.059,1.13
9655164,0.08731821,0.07421646719953502,1.059,1.129
17402719,0.08739783,0.0742924418645644,1.058,1.129
4869781,0.08750458,0.07438752515415398,1.058,1.128
14176485,0.08759921,0.07447509783462497,1.057,1.128
13345064,0.08769216,0.07455899184940523,1.057,1.127
13714154,0.08780114,0.07465484152768037,1.056,1.127
17403770,0.08788458,0.0747308672852888,1.056,1.126
4497679,0.0880036,0.07484291331111896,1.055,1.126
3234732,0.0880684,0.07490315146180467,1.055,1.125
2961153,0.08820642,0.07502572255891664,1.054,1.125
11515369,0.08826354,0.07507584437895284,1.054,1.124
9014218,0.08840986,0.07520965584345315,1.053,1.124
14958893,0.08845314,0.07524889494415428,1.053,1.123
19527550,0.08861363,0.07539358912798967,1.052,1.123
15982344,0.08864416,0.07542235424998801,1.052,1.122
10384601,0.0888179,0.07558120107821692,1.051,1.122
10790737,0.0888336,0.07559622229645406,1.051,1.121
15123143,0.08902256,0.07576309065959191,1.05,1.121
7680153,0.08903212,0.0757704990835524,1.05,1.12
17910486,0.08921991,0.07594518461128306,1.05,1.119
9731357,0.08922785,0.07595249085008549,1.049,1.119
1528900,0.08941085,0.07612022778706698,1.049,1.118
10175941,0.08943348,0.07614035826320792,1.048,1.118
6122944,0.08960306,0.07629573079606224,1.048,1.117
6984989,0.08963989,0.0763280213060142,1.047,1.117
15333912,0.08979517,0.07647159145311076,1.047,1.116
88717,0.08984637,0.07651655292266413,1.046,1.116
13673640,0.08999194,0.07664786085079159,1.046,1.115
17436118,0.0900534,0.07670396050257522,1.045,1.115
1782941,0.09018194,0.07682459008168376,1.045,1.114
3903131,0.09026107,0.07689576204428357,1.044,1.114
14815541,0.09037912,0.07700167696062918,1.044,1.113
7372763,0.09046912,0.07708567316056752,1.043,1.113
9072936,0.09057241,0.07717917258020691,1.043,1.112
3973793,0.09067761,0.07727384712916419,1.042,1.112
2668680,0.09077092,0.07735707694041696,1.042,1.111
8088263,0.09088669,0.07746406480092237,1.041,1.111
5267723,0.09096389,0.07753544113383834,1.041,1.11
13413363,0.09109615,0.07766245728532661,1.04,1.11
6689837,0.09115078,0.07771416297531299,1.04,1.109
19265748,0.09130626,0.07785701782630301,1.039,1.109
4169743,0.09134453,0.07789329355741993,1.039,1.108
5844681,0.09151673,0.07805382644075708,1.038,1.108
8483633,0.09153558,0.07807288397273823,1.038,1.107
1301112,0.0917276,0.07824368646446199,1.037,1.107
17333703,0.0917381,0.07825283203610978,1.037,1.106
18582618,0.09193906,0.07843027656310848,1.036,1.106
14559509,0.09194125,0.07843323993269267,1.036,1.105
12609630,0.09214131,0.07861405656990789,1.036,1.104
14226655,0.09215111,0.07862376415992509,1.035,1.104
12459069,0.09234024,0.07879528194775538,1.035,1.103
10012724,0.09236346,0.0788146971277898,1.034,1.103
8101905,0.09254406,0.07897691606623519,1.034,1.102
18698100,0.09257642,0.07900583446597066,1.033,1.102
10240721,0.09274888,0.0791589589253473,1.033,1.101
430439,0.09278975,0.07919666524867729,1.032,1.101
7042756,0.09295124,0.07934146161767075,1.032,1.1
1946745,0.09300367,0.07938626980948701,1.031,1.1
3268017,0.09315124,0.07952437305062651,1.031,1.099
4800832,0.09321809,0.07958655271931567,1.03,1.099
8291449,0.09335019,0.07970769322421457,1.03,1.098
548589,0.09343306,0.0797845364630876,1.029,1.098
7390883,0.09354933,0.07989142213843493,1.029,1.097
3808789,0.09364834,0.0799837975213355,1.028,1.097
18676965,0.09375052,0.08007561088586664,1.028,1.096
16961381,0.09386426,0.0801787668029442,1.027,1.096
18536352,0.09395439,0.08026015728135161,1.027,1.095
13909095,0.09408069,0.08037930517566803,1.026,1.095
7199876,0.094152,0.08044521460262695,1.026,1.094
16038086,0.09429753,0.0805752963088575,1.025,1.094
6207895,0.09435983,0.08063062957195558,1.025,1.093
3507257,0.0945149,0.08077236038620676,1.024,1.093
13773355,0.09456595,0.08081650437449553,1.024,1.092
14187694,0.09473282,0.08096610344591855,1.023,1.092
18807160,0.09477576,0.08100283901024682,1.023,1.091
1294922,0.09495135,0.08115908011694478,1.022,1.091
11888282,0.09498344,0.08118953129405139,1.022,1.09
655580,0.09517,0.08136069143382842,1.021,1.09
5629545,0.09518729,0.08137673450364633,1.021,1.089
15477815,0.0953894,0.08156010576981342,1.02,1.089
8363377,0.09539487,0.08156429536129453,1.02,1.088
8801981,0.09560189,0.08175231605215408,1.02,1.087
9435988,0.0956093,0.08175931573548227,1.019,1.087
3909131,0.0958051,0.08194079657622497,1.019,1.086
7005668,0.09582973,0.08196475899579375,1.018,1.086
4871835,0.09600393,0.08212968584092815,1.018,1.085
797179,0.09605064,0.08217372764405885,1.017,1.085
16578840,0.09620709,0.08231898384626365,1.017,1.084
5208185,0.09627209,0.08237738266410399,1.016,1.084
1700183,0.09642263,0.08250879277738953,1.016,1.083
7882352,0.096494,0.08257388472308384,1.015,1.083
2345088,0.09662877,0.08269895935656867,1.015,1.082
1851054,0.09671639,0.08277953235371147,1.014,1.082
9385356,0.09683617,0.08288963686153819,1.014,1.081
4878307,0.09693934,0.08298870537229272,1.013,1.081
17370373,0.0970419,0.08308067201456097,1.013,1.08
3239504,0.09716285,0.08319041887433443,1.012,1.08
18287000,0.09725618,0.08327221809337414,1.012,1.079
16935937,0.09738678,0.08339054850642597,1.011,1.079
5414144,0.0974683,0.08346417291281961,1.011,1.078
10476702,0.09761131,0.08359016721272712,1.01,1.078
6511994,0.09768477,0.08365658756547642,1.01,1.077
2812517,0.09783636,0.0837941287882465,1.009,1.077
17642206,0.09789466,0.08384941095876552,1.009,1.076
18129284,0.09806204,0.08400529441741023,1.008,1.076
3157646,0.09810526,0.08404274527784503,1.008,1.075
6975964,0.09828789,0.0842126281031461,1.007,1.075
4276029,0.09831371,0.08423648833755681,1.007,1.074
17032253,0.09851456,0.0844205238072514,1.006,1.074
17016061,0.09852473,0.08443064013790091,1.006,1.073
2307646,0.09874159,0.08462458756792886,1.005,1.073
9922202,0.09874231,0.0846253028640354,1.005,1.072
10266363,0.0989572,0.08482037433080217,1.005,1.071
12572819,0.0989692,0.08483166579076955,1.004,1.071
7103729,0.09916969,0.08501590563078029,1.004,1.07
18087290,0.09919736,0.08504058334645562,1.003,1.07
787076,0.09938398,0.08521189676396976,1.003,1.069
13828697,0.09942626,0.08525134023498704,1.002,1.069
18278201,0.09959587,0.08540829663779152,1.002,1.068
9636218,0.09965525,0.08546572469663015,1.001,1.068
15485238,0.09980131,0.08560520743740367,1.001,1.067
6005478,0.09988494,0.08568179521338151,1.0,1.067
5486387,0.1000173,0.08580252697764812,1.0,1.066
17041063,0.1001152,0.08589336958317755,0.999,1.066
3322859,0.1002307,0.08600035744368295,0.999,1.065
13634110,0.100346,0.08610571034165915,0.998,1.065
14580289,0.1004502,0.08619859665035008,0.998,1.064
14689767,0.1005774,0.08631789782240362,0.997,1.064
10662729,0.1006682,0.08639729569022855,0.997,1.063
6967410,0.1008092,0.08652620226714122,0.996,1.063
5845390,0.1008876,0.08659645456331837,0.996,1.062
8253211,0.1010416,0.08673777663693726,0.995,1.062
16720851,0.1011028,0.08679607326961952,0.995,1.061
10600643,0.1012745,0.08695333622789825,0.994,1.061
19175671,0.1013207,0.08699615180913202,0.994,1.06
721672,0.101508,0.08716772068954136,0.993,1.06
2677231,0.1015399,0.08719669018185586,0.993,1.059
17510263,0.101742,0.08738138985507794,0.992,1.059
7891871,0.1017596,0.08739773948037008,0.992,1.058
15990595,0.1019765,0.087597051631197,0.991,1.058
10477106,0.1019778,0.0875991975195166,0.991,1.057
16975091,0.1021952,0.08780111539187446,0.991,1.056
10862284,0.1022116,0.08781516585110989,0.99,1.056
7544269,0.1024201,0.08800354419002271,0.99,1.055
369703,0.1024472,0.08802990796080627,0.989,1.055
17915876,0.1026409,0.08820638172880324,0.989,1.054
12863607,0.1026834,0.08824771562524493,0.988,1.054
9027891,0.1028658,0.08840973019337417,0.988,1.053
18174842,0.1029201,0.0884605673095169,0.987,1.053
5690838,0.1030882,0.08861353849115644,0.987,1.052
4115156,0.1031574,0.08867919245522017,0.986,1.052
5557051,0.1033129,0.08881780662215004,0.986,1.051
5022521,0.1033952,0.08889183976917599,0.985,1.051
9160628,0.1035335,0.08902258567893404,0.985,1.05
3884383,0.1036336,0.08911562526536208,0.984,1.05
10027764,0.1037543,0.08922777347635032,0.984,1.049
8279192,0.1038724,0.08933619192906879,0.983,1.049
14708621,0.1039798,0.08943347219955698,0.983,1.048
9517715,0.1041119,0.08955399959350745,0.982,1.048
14778683,0.1042008,0.089639630755975,0.982,1.047
9601645,0.1043519,0.08977630340490143,0.981,1.047
17963208,0.1044279,0.08984630023818338,0.981,1.046
7675999,0.1045924,0.08999896486434869,0.98,1.046
10706495,0.1046506,0.09005337846102408,0.98,1.045
18538699,0.1048336,0.09022198397184922,0.979,1.045
14326532,0.1048741,0.09026101870223419,0.979,1.044
342630,0.1050752,0.0904483240969872,0.978,1.044
18234952,0.1050958,0.0904690676840766,0.978,1.043
14065699,0.1053174,0.0906691462235891,0.977,1.043
1582347,0.1053258,0.09067762759170939,0.977,1.042
2818499,0.1055529,0.09088664733255353,0.977,1.041
13564760,0.1055602,0.09089400466393499,0.976,1.041
1002541,0.1057783,0.09109617799918804,0.976,1.04
14380889,0.1058035,0.09111962949296644,0.975,1.04
19112546,0.1060067,0.09130616849903389,0.975,1.039
13805861,0.1060474,0.09134602071068347,0.974,1.039
1833545,0.1062361,0.09151666992467013,0.974,1.038
7981665,0.106292,0.09156760922597093,0.973,1.038
12911389,0.1064647,0.09172763118351769,0.973,1.037
13996372,0.1065369,0.09179246766631682,0.972,1.037
2372424,0.1066954,0.09193905227557661,0.972,1.036
18674871,0.1067825,0.09201809249534827,0.971,1.036
4538973,0.1069319,0.09215103538600494,0.971,1.035
199853,0.1070287,0.0922389657145292,0.97,1.035
12964067,0.1071601,0.09236342723706559,0.97,1.034
9005274,0.1072754,0.09246581676545758,0.969,1.034
9970521,0.1073944,0.09257638110649563,0.969,1.033
99189,0.1075228,0.0927000251477674,0.968,1.033
5421744,0.1076209,0.09278979480913703,0.968,1.032
15253010,0.1077706,0.09292999284601708,0.967,1.032
15969193,0.1078502,0.09300366834498977,0.967,1.031
8170817,0.108019,0.09315934743331832,0.966,1.031
12158529,0.1080837,0.09321805280663288,0.966,1.03
912516,0.108268,0.09338129359665903,0.965,1.03
4196747,0.1083276,0.09343294819406638,0.965,1.029
11591423,0.1085176,0.09360722498116472,0.964,1.029
11593986,0.108566,0.09364835450729024,0.964,1.028
5442001,0.1087678,0.09383182795861542,0.963,1.028
1556394,0.1088013,0.09386422065372546,0.963,1.027
14718829,0.1090185,0.09406889752535137,0.962,1.027
12570240,0.1090311,0.09408059772595105,0.962,1.026
9722186,0.1092678,0.09429748572396703,0.962,1.025
19438927,0.1092698,0.09429896740875912,0.961,1.025
3389745,0.109505,0.09451488464777338,0.961,1.024
4150820,0.1095217,0.09452873073669266,0.96,1.024
6979662,0.1097419,0.09473274340479107,0.96,1.023
3745817,0.1097742,0.09476125306389423,0.959,1.023
3087436,0.1099777,0.09495111308759914,0.959,1.022
18636216,0.1100272,0.09499745405678654,0.958,1.022
12886411,0.1102179,0.0951699936961976,0.958,1.021
259669,0.1102809,0.0952294143656187,0.957,1.021
717772,0.1104514,0.09538938523058643,0.957,1.02
16778256,0.1105351,0.0954677612468306,0.956,1.02
15582453,0.1106906,0.09560928769076564,0.956,1.019
4805335,0.1107899,0.09569997701855795,0.955,1.019
6699769,0.1109338,0.09582970107673523,0.955,1.018
2782706,0.1110453,0.09593025127228186,0.954,1.018
10906641,0.1111758,0.0960506253884952,0.954,1.017
5612993,0.1113015,0.09616834269059857,0.953,1.017
4016230,0.111412,0.09627200953346651,0.953,1.016
457994,0.1115579,0.09640556553507164,0.952,1.016
9307154,0.1116583,0.09649395569680723,0.952,1.015
12150706,0.111815,0.09663997828769762,0.951,1.015
9602466,0.1119052,0.09671641278593834,0.951,1.014
18682081,0.1120729,0.09686412143193697,0.95,1.014
7209689,0.1121553,0.09693932970828079,0.95,1.013
757906,0.1123311,0.09710149755414715,0.949,1.013
1412889,0.1123973,0.09716280864899265,0.949,1.012
17091888,0.1125902,0.09733989552793809,0.948,1.012
6970910,0.11264,0.0973867985154949,0.948,1.011
4588314,0.1128496,0.09758335166705377,0.947,1.011
6449452,0.1128772,0.09761129930778752,0.947,1.01
17197701,0.1131098,0.097834267322709,0.946,1.01
14488757,0.1131118,0.09783631102587052,0.946,1.009
18999321,0.1133501,0.0980618336697439,0.946,1.008
9242936,0.1133706,0.09808022699819756,0.945,1.008
14466164,0.1135948,0.0982879183319867,0.945,1.007
5950062,0.113632,0.09832148615641462,0.944,1.007
3470003,0.113844,0.09851451392001988,0.944,1.006
1343342,0.1138938,0.09856151909273476,0.943,1.006
13907157,0.1140883,0.0987415693412644,0.943,1.005
4773679,0.1141564,0.098801654214213,0.942,1.005
11747463,0.1143359,0.09896918678087833,0.942,1.004
17316915,0.1144195,0.09904710296391117,0.941,1.004
6266427,0.1145832,0.09919736623886169,0.941,1.003
6192670,0.1146833,0.0992911722139753,0.94,1.003
4613850,0.1148279,0.09942605662263543,0.94,1.002
9545481,0.1149477,0.09953284011282468,0.939,1.002
10871487,0.1150818,0.09965525793219954,0.939,1.001
773417,0.1152127,0.09977353725267232,0.938,1.001
7925785,0.115336,0.09988497016755403,0.938,1.0
13090913,0.1154782,0.10001372346672958,0.937,1.0
4933397,0.1155922,0.10011524442127794,0.937,0.999
18584834,0.1157446,0.10025278564404802,0.936,0.999
9753602,0.1158444,0.10034602960079222,0.936,0.998
4111941,0.1160113,0.100502015244595,0.935,0.998
7560079,0.1160944,0.10057732570609688,0.935,0.997
18947437,0.1162787,0.10074797492008354,0.934,0.997
12332203,0.1163436,0.10080918382977097,0.934,0.996
3503574,0.1165468,0.10099112450372501,0.933,0.996
3564704,0.1166028,0.10104155287923544,0.933,0.995
16277095,0.1168154,0.10123887241947989,0.932,0.995
3343437,0.1168565,0.10127448394706931,0.932,0.994
1837955,0.1170847,0.10148513865044266,0.931,0.994
17490406,0.1171084,0.1015079770332726,0.931,0.993
4038702,0.1173546,0.1017339084177783,0.93,0.993
19103262,0.1173641,0.10174198104526629,0.93,0.992
19189255,0.1176125,0.10197649598305035,0.93,0.991
10279585,0.1176251,0.10198865601686137,0.929,0.991
6758639,0.1178603,0.10221157293920381,0.929,0.99
17968208,0.1178963,0.10224437437494616,0.928,0.99
1044116,0.1181168,0.1024472119137267,0.928,0.989
7625843,0.1181681,0.10249600532670793,0.927,0.989
4652019,0.1183695,0.10268336181403998,0.927,0.988
11958213,0.1184405,0.10275034418515869,0.926,0.988
10426580,0.1186188,0.10292007373272266,0.926,0.987
9025538,0.1187135,0.10300601145066444,0.925,0.987
8455869,0.1188769,0.10315734766977476,0.925,0.986
7441447,0.1189873,0.10325641618052929,0.924,0.986
1472147,0.1191318,0.10339513253261724,0.924,0.985
832753,0.1192615,0.10351596648204194,0.923,0.985
9666416,0.1193882,0.10363347941382915,0.923,0.984
7493154,0.1195365,0.10377245122881229,0.922,0.984
4006318,0.1196448,0.10387238831341046,0.922,0.983
16452684,0.119812,0.10403149060453455,0.921,0.983
18074441,0.1198973,0.1041118592313612,0.921,0.982
7209161,0.1200882,0.10428603383330147,0.92,0.982
10627581,0.1201604,0.10435184107510231,0.92,0.981
15239631,0.120365,0.10454144563591203,0.919,0.981
2668066,0.1204194,0.10459238493721285,0.919,0.98
7189343,0.1206425,0.10479552903146762,0.918,0.98
13055152,0.1206844,0.10483349081769279,0.918,0.979
17682315,0.1209206,0.10505737849903696,0.917,0.979
3657318,0.1209403,0.10507515871654215,0.917,0.978
3268487,0.121198,0.10531738863376093,0.917,0.977
5476926,0.1211993,0.10531887031855304,0.916,0.977
9739923,0.1214648,0.10556018056934913,0.916,0.976
1180621,0.1214788,0.10557239169573919,0.915,0.976
11761421,0.1217261,0.10580353452330675,0.915,0.975
6395009,0.1217587,0.10583429225588757,0.914,0.975
6458832,0.1219833,0.10604739940305474,0.914,0.974
8530096,0.1220395,0.106100280222359,0.913,0.974
16006679,0.1222482,0.10629187739375119,0.913,0.973
16092222,0.1223208,0.10636202750477027,0.912,0.973
11456742,0.1225071,0.10653691740281707,0.912,0.972
3056643,0.1226027,0.10662540974971074,0.911,0.972
7887475,0.1227751,0.10678251943025234,0.911,0.971
4135463,0.1228854,0.10688439803285396,0.91,0.971
14420566,0.1230417,0.10702868347605704,0.91,0.97
12940529,0.1231686,0.10714399942694564,0.909,0.97
15518954,0.1233119,0.10727540954023117,0.909,0.969
16962813,0.1234526,0.1074076371347813,0.908,0.969
3131559,0.1235795,0.10752269762277471,0.908,0.968
17238806,0.1237372,0.10767587317473039,0.907,0.968
13242954,0.1238348,0.10777054772368766,0.907,0.967
17467168,0.1240225,0.10794492669594408,0.906,0.967
10011938,0.1240996,0.10801901093554907,0.906,0.966
14301856,0.1243083,0.10821101684757357,0.905,0.966
8401471,0.1243703,0.10826798507320085,0.905,0.965
8312384,0.1245949,0.10847598296246422,0.904,0.965
14189698,0.1246384,0.10851757232180109,0.904,0.964
658531,0.1248821,0.10874590505752156,0.903,0.964
17234812,0.1249064,0.10876772158877075,0.903,0.963
16598525,0.12517,0.10901567387484178,0.902,0.963
15311944,0.125173,0.10901848396668887,0.902,0.962
6736956,0.1254435,0.1092698083629764,0.902,0.961
10972638,0.1254585,0.10928426756284412,0.901,0.961
14894973,0.1257171,0.10952169477763335,0.901,0.96
3552784,0.1257477,0.10955010225157844,0.9,0.96
1479530,0.1259842,0.10977414321065972,0.9,0.959
8779421,0.1260376,0.10982217023495536,0.899,0.959
12166200,0.1262569,0.11002720475463452,0.899,0.958
16425317,0.1263282,0.11009382947769998,0.898,0.958
5656877,0.1265308,0.11028082831697877,0.898,0.957
504368,0.1266194,0.11036272972117656,0.897,0.957
9309119,0.1268009,0.11053506499027146,0.897,0.956
12370455,0.1269114,0.11063837418508614,0.896,0.956
16254352,0.12707,0.11078986368193357,0.896,0.955
13687903,0.1272039,0.11091733966663318,0.895,0.955
19367889,0.1273421,0.11104527548454414,0.895,0.954
15699610,0.1274972,0.11118613772495169,0.894,0.954
17829955,0.1276196,0.11130124930552412,0.894,0.953
13184702,0.127791,0.11145600872742999,0.893,0.953
13893772,0.1279047,0.11155783623745255,0.893,0.952
15040197,0.1280856,0.11172506224864368,0.892,0.952
5291107,0.1281866,0.1118149851877504,0.892,0.951
18620157,0.1283808,0.11199580182496562,0.891,0.951
17841104,0.1284647,0.11207274724899673,0.891,0.95
13309360,0.1286768,0.11227047552987347,0.89,0.95
7131608,0.1287431,0.11233112242119149,0.89,0.949
1226868,0.1289734,0.11253896703271775,0.889,0.949
17175065,0.1290264,0.11259005961175567,0.889,0.948
4749481,0.1292707,0.11281808579200191,0.888,0.948
12126288,0.1293044,0.1128496099132683,0.888,0.947
3367797,0.1295687,0.1130932193301211,0.887,0.947
10844330,0.1295875,0.1131097733257294,0.887,0.946
8801243,0.1298675,0.11336804631276608,0.886,0.946
15122635,0.1298703,0.1133704987565599,0.886,0.945
6390000,0.130145,0.11363183729833887,0.886,0.944
6795085,0.1301668,0.11365125247837328,0.885,0.944
12292538,0.130432,0.11389378895106629,0.885,0.943
18225468,0.1304668,0.11392531307233268,0.884,0.943
16907267,0.1307065,0.11415635371474216,0.884,0.942
11175906,0.1307677,0.11421347521810656,0.883,0.942
10514145,0.1309932,0.11441953158936649,0.883,0.941
16677937,0.1310691,0.11448922186717421,0.882,0.941
7351712,0.1312792,0.11468327148236024,0.882,0.94
1222579,0.1313712,0.11476696112682434,0.881,0.94
16963364,0.1315662,0.11494762448630244,0.881,0.939
17610267,0.131674,0.11504245231299681,0.88,0.939
8911419,0.1318556,0.11521264169377213,0.88,0.938
9772069,0.1319776,0.11532918386655763,0.879,0.938
12009067,0.132139,0.11547822091961124,0.879,0.937
13256793,0.1322818,0.11561014195868716,0.878,0.937
7888118,0.1324307,0.11574441325639881,0.878,0.936
7051531,0.1325868,0.11589217299497648,0.877,0.936
14184515,0.1327142,0.11601126979671386,0.877,0.935
7357852,0.1328925,0.11617604336411116,0.876,0.935
19269338,0.1330045,0.11627868835539834,0.876,0.934
728521,0.1331988,0.11645368043860323,0.875,0.934
11547521,0.1332964,0.11654672002503128,0.875,0.933
11115078,0.1335058,0.11674444830590804,0.874,0.933
15693246,0.1335839,0.11681541589819171,0.874,0.932
4512666,0.1338136,0.11703444978452726,0.873,0.932
13097753,0.1338691,0.11708467378972154,0.873,0.931
5568179,0.134122,0.11732455344830459,0.872,0.931
6614598,0.1341532,0.11735459588477888,0.872,0.93
10314347,0.1344312,0.11762012401803895,0.871,0.93
8474536,0.1344366,0.11762513109078467,0.871,0.929
16073396,0.1347284,0.1178962794077389,0.871,0.928
16957811,0.1347411,0.11790925692281454,0.87,0.928
15490531,0.1350124,0.11816804083564161,0.87,0.927
9121207,0.1350517,0.11820487858512795,0.869,0.927
13453300,0.1353075,0.1184404664670718,0.869,0.926
2401449,0.1353631,0.11849252980511145,0.868,0.926
14007047,0.1355985,0.11871350520945045,0.868,0.925
5814944,0.1356751,0.11878554574589392,0.867,0.925
6814079,0.1358914,0.11898715706277756,0.867,0.924
5174394,0.1359879,0.11907876605699255,0.866,0.924
7946870,0.1361838,0.11926147311963214,0.866,0.923
7062391,0.1363014,0.11937019812782484,0.865,0.923
4088840,0.136477,0.1195364022874352,0.865,0.922
10503800,0.1366157,0.1196645424756623,0.864,0.922
7217739,0.1367737,0.11981194456618671,0.864,0.921
10991108,0.1369305,0.11995531034296711,0.863,0.921
13979795,0.1370721,0.12008815104846571,0.863,0.92
15082411,0.1372461,0.120252924615863,0.862,0.92
19293850,0.1373618,0.12036497064169316,0.862,0.919
5335442,0.1375625,0.12055575033182075,0.861,0.919
4272666,0.1376563,0.12064245443844811,0.861,0.918
18736711,0.1378797,0.12085581704851046,0.86,0.918
4213366,0.1379456,0.12092055134615151,0.86,0.917
4030941,0.1381975,0.12115598595035824,0.859,0.917
13862840,0.1382425,0.1211993124573824,0.859,0.916
190264,0.1385161,0.1214532936677799,0.858,0.916
14287581,0.1385444,0.12147868667956176,0.858,0.915
5895950,0.1388354,0.12175857182753148,0.857,0.915
13193605,0.1388356,0.1217587251052686,0.857,0.914
11122019,0.1391401,0.12203942773450294,0.857,0.913
2978810,0.1391554,0.12205322273084317,0.856,0.913
17568625,0.1394427,0.12232074347468572,0.856,0.912
13481079,0.1394762,0.12235124574437135,0.855,0.912
15672346,0.1397468,0.12260272341839601,0.855,0.911
11232982,0.1397977,0.12264962640595281,0.854,0.911
6361496,0.1400506,0.12288536756563379,0.854,0.91
18279491,0.14012,0.12295091934453943,0.853,0.91
10115290,0.1403512,0.12316862482382002,0.853,0.909
18640203,0.140443,0.12325343850502296,0.852,0.909
2351608,0.1406527,0.12345254628553375,0.852,0.908
4754536,0.1407668,0.12355641749871783,0.851,0.908
15146847,0.1409641,0.12373713195077496,0.851,0.907
19390118,0.1410913,0.12385520690093159,0.85,0.907
4898854,0.1412669,0.12402238181954367,0.85,0.906
3448548,0.1414165,0.12416533885569177,0.849,0.906
11647090,0.1415623,0.12430829589183987,0.849,0.905
18550739,0.1417425,0.12448211284572688,0.848,0.905
2459888,0.1418637,0.12459487416766357,0.848,0.904
6507330,0.1420693,0.12479331774464685,0.847,0.904
15917088,0.1421675,0.12488206555443572,0.847,0.903
3357721,0.1423968,0.12509813607118708,0.846,0.903
11990716,0.1424743,0.1251699722373144,0.846,0.902
17967258,0.1427251,0.12540545793410018,0.845,0.902
18221840,0.1427822,0.12545849203114154,0.845,0.901
6324483,0.1430541,0.12571574316659748,0.844,0.901
6820753,0.1430884,0.1257477271210752,0.844,0.9
17392410,0.1433838,0.12602720352841262,0.843,0.9
4434612,0.143395,0.12603757532195733,0.843,0.899
10429678,0.1436973,0.12632813881894597,0.843,0.898
7445482,0.1437144,0.12634264911139276,0.842,0.898
13382117,0.1440034,0.12661936651946212,0.842,0.897
8064116,0.1440457,0.12665921873111172,0.841,0.897
7026992,0.1443107,0.12691125842350579,0.841,0.896
12907009,0.1443777,0.12697497086956605,0.84,0.896
5579750,0.1446244,0.1272038145310769,0.84,0.895
11573634,0.1447105,0.12728454080595683,0.839,0.895
13199165,0.1449371,0.12749703484217553,0.839,0.894
6085373,0.1450441,0.1275978915931964,0.838,0.894
7865518,0.1452498,0.1277909704493807,0.838,0.893
1005185,0.1453785,0.12791292843554422,0.837,0.893
12364996,0.1455585,0.1280855191675343,0.837,0.892
13174513,0.1457136,0.1282268412411532,0.836,0.892
10861476,0.1458759,0.12838078318179444,0.836,0.891
8526358,0.1460496,0.1285442794347158,0.835,0.891
14561576,0.1461893,0.12867676249216112,0.835,0.89
11522427,0.1463863,0.12886677579360314,0.834,0.89
4192843,0.1465012,0.12897340600605528,0.834,0.889
690122,0.1467237,0.12918298776526885,0.833,0.889
14307523,0.1468154,0.12927071372347695,0.833,0.888
12347670,0.1470619,0.12950895841953078,0.832,0.888
3452009,0.1471244,0.1295686856444261,0.832,0.887
411796,0.1474009,0.12983145477841812,0.831,0.887
11728940,0.1474413,0.12986737286148178,0.831,0.886
19089473,0.1477407,0.13014572523208037,0.83,0.886
8563008,0.147762,0.130166775374644,0.83,0.885
16679809,0.1480813,0.13046040442637494,0.829,0.885
18041703,0.1480878,0.13046684209133372,0.829,0.884
4732592,0.1484025,0.1307675730115509,0.829,0.883
15317953,0.1484226,0.13078622180289975,0.828,0.883
1151866,0.1487289,0.13106901922787464,0.828,0.882
16859908,0.1487649,0.13110217831167026,0.827,0.882
1356198,0.1490515,0.1313711807403049,0.827,0.881
2042641,0.1491077,0.13142625854050777,0.826,0.881
10071513,0.1493712,0.13167400645626265,0.826,0.88
11893429,0.1494516,0.13174880599197417,0.825,0.88
13471537,0.1496969,0.13197754746832693,0.825,0.879
1780207,0.149796,0.13207283512823267,0.824,0.879
3689379,0.1500206,0.13228180377649776,0.824,0.878
2174142,0.1501413,0.13239165282142928,0.823,0.878
10350220,0.1503498,0.13258672428819607,0.823,0.877
4285138,0.1504874,0.1327147622912651,0.822,0.877
6331202,0.1506804,0.13289236009600092,0.822,0.876
18842917,0.1508343,0.13303833159431225,0.821,0.876
12223131,0.1510087,0.13319871119991228,0.821,0.875
256160,0.151182,0.13335760912072023,0.82,0.875
15672314,0.1513422,0.13350577759993018,0.82,0.874
231506,0.1515306,0.13368429507108867,0.819,0.874
16887708,0.1516708,0.13381355929605462,0.819,0.873
3809456,0.1518798,0.13401246270624925,0.818,0.873
3108288,0.1519978,0.13412200519570655,0.818,0.872
8144932,0.15223,0.1343423674890971,0.817,0.872
1317620,0.1523229,0.13443121748404405,0.817,0.871
10875877,0.152581,0.13467569547474048,0.816,0.871
13580667,0.1526531,0.13474109397590903,0.816,0.87
6977539,0.1529326,0.1350030967212155,0.815,0.87
18780493,0.1529866,0.13505168576388055,0.815,0.869
10313475,0.1532852,0.1353364247068589,0.814,0.869
13806047,0.1533117,0.13536304394053764,0.814,0.868
14103245,0.1536362,0.1356750663207222,0.814,0.867
13632998,0.1536385,0.135677467671937,0.813,0.867
3108328,0.1539641,0.13598785508959238,0.813,0.866
1025480,0.1539927,0.13601472978616633,0.812,0.866
11337836,0.1543045,0.13630130806199,0.812,0.865
6558045,0.1543477,0.13634248868069457,0.811,0.865
8026334,0.1546373,0.13661552742307323,0.811,0.864
8350046,0.1547036,0.13667648086986547,0.81,0.864
11004177,0.1549685,0.13693046208026297,0.81,0.863
1124289,0.1550601,0.13701604215015148,0.809,0.863
7750569,0.1553023,0.13724611203355924,0.809,0.862
140147,0.1554176,0.13735320207922272,0.808,0.862
8882686,0.1556386,0.1375625283755411,0.808,0.861
7722753,0.1557759,0.13769490924782835,0.807,0.861
970382,0.1559685,0.13787960892105042,0.807,0.86
12880048,0.1561351,0.13803896667506968,0.806,0.86
9718795,0.1563022,0.13819745585524532,0.806,0.859
18034760,0.1564949,0.13838113367688665,0.805,0.859
6584528,0.1566396,0.13851606917812578,0.805,0.858
16472296,0.1568556,0.13872115479038402,0.804,0.858
14863169,0.1569731,0.13883534670453376,0.804,0.857
6891795,0.1572172,0.13906710264304978,0.803,0.857
219371,0.1573061,0.13915539061962728,0.803,0.856
5047150,0.1575798,0.13941626932819493,0.802,0.856
1657702,0.1576424,0.1394762009234064,0.802,0.855
15719936,0.1579429,0.13976436306918028,0.801,0.855
3989998,0.1579774,0.13979772652329203,0.801,0.854
15314282,0.158307,0.14010836940384258,0.8,0.854
8953640,0.1583187,0.1401199674192842,0.8,0.853
2121946,0.158658,0.14044297470396194,0.8,0.852
11862581,0.1586719,0.14045574784872142,0.799,0.852
18942815,0.159006,0.14076674837732522,0.799,0.851
1648511,0.1590378,0.140797403924748,0.798,0.851
8983046,0.1593383,0.14109123734679507,0.798,0.85
12423447,0.1594043,0.1411520375158502,0.797,0.85
4147605,0.1596845,0.14141649270495046,0.797,0.849
3648068,0.1597718,0.14149834301656922,0.796,0.849
10800913,0.1600213,0.14174251445179145,0.796,0.848
17036216,0.1601401,0.1418575238472058,0.795,0.848
17475452,0.1603597,0.14206925149473895,0.795,0.847
11782578,0.1605093,0.1422110844941482,0.794,0.847
5809378,0.160699,0.14239675492637202,0.794,0.846
15033337,0.1608793,0.14257138936152364,0.793,0.846
4583097,0.1610398,0.14272502474669066,0.793,0.845
6516261,0.1612502,0.14292699371162756,0.792,0.845
1325029,0.1613847,0.14305400986311584,0.792,0.844
14338759,0.1616221,0.14327948141441016,0.791,0.844
16562204,0.1617331,0.14338381246080562,0.791,0.843
14176399,0.1619944,0.1436279328034488,0.79,0.843
17374785,0.1620852,0.1437143303546019,0.79,0.842
18654894,0.1623679,0.14398098252460081,0.789,0.842
12390282,0.1624357,0.1440456146370838,0.789,0.841
13366467,0.1627423,0.144338272929813,0.788,0.841
10204827,0.1627825,0.14437766530825125,0.788,0.84
5683877,0.1631173,0.1446930087060733,0.787,0.84
13869159,0.163137,0.1447105334606833,0.787,0.839
4214434,0.163487,0.14504411690922187,0.787,0.838
15581206,0.1634934,0.14505081003707584,0.786,0.838
17625054,0.1638307,0.14537846674644603,0.786,0.837
16320631,0.1638703,0.14541709273619868,0.785,0.837
10670463,0.1641842,0.14571358297235576,0.785,0.836
2922857,0.164248,0.1457748429746222,0.784,0.836
7172693,0.1645352,0.14604951667953006,0.784,0.835
4846165,0.1646266,0.14613744700805434,0.783,0.835
6141358,0.1648865,0.14638616568281093,0.783,0.834
16517053,0.1650062,0.14650582450291774,0.782,0.834
17098469,0.1652338,0.1467236321673564,0.782,0.833
568383,0.1653865,0.1468725159426729,0.781,0.833
17247935,0.1655816,0.14706186504058744,0.781,0.832
4156158,0.1657678,0.14723634619800194,0.78,0.832
6488994,0.1659367,0.14740086430250404,0.78,0.831
7564197,0.1661499,0.14760921983982067,0.779,0.831
11820331,0.1662883,0.14774068104568525,0.779,0.83
14899614,0.166533,0.14796865613335244,0.778,0.83
10876880,0.1666487,0.14808126417755202,0.778,0.829
15767555,0.1669168,0.14833269075899763,0.777,0.829
8855327,0.1670152,0.14842261369810436,0.777,0.828
4221420,0.1673016,0.1486922292376875,0.776,0.828
14838172,0.167376,0.14876478069992133,0.776,0.827
3891743,0.1676874,0.14905907395517975,0.775,0.827
15901869,0.1677381,0.14910771409042384,0.775,0.826
130984,0.1680738,0.1494221378218232,0.774,0.826
8570881,0.1681069,0.14945141386961194,0.774,0.825
17802375,0.1684613,0.14979158826084643,0.773,0.825
16272972,0.1684657,0.14979593113006465,0.773,0.824
13176607,0.1688301,0.15014126587178195,0.773,0.823
12531234,0.1688496,0.15016062995923732,0.772,0.823
18163669,0.1691989,0.15048736700218482,0.772,0.822
5845874,0.1692389,0.15052675938062307,0.771,0.822
4790668,0.1695598,0.15083428561385231,0.771,0.821
1885424,0.169629,0.15089835570796586,0.77,0.821
8835747,0.1699233,0.15118197061420535,0.77,0.82
3502543,0.17002,0.15127577658931898,0.769,0.82
7422149,0.1702864,0.15153052418840204,0.769,0.819
17918067,0.170412,0.15164941661982329,0.768,0.819
17518682,0.1706459,0.1518798441512843,0.768,0.818
9563949,0.1708049,0.1520315380184479,0.767,0.818
9101849,0.1710155,0.15222993050285213,0.767,0.817
14625377,0.1711988,0.15240323653094875,0.766,0.817
3243316,0.1713865,0.15258088542826362,0.766,0.816
1437925,0.1715932,0.15277493504344963,0.765,0.816
7145503,0.1717578,0.15293260674236067,0.765,0.815
6080619,0.1719888,0.15315046549937836,0.764,0.815
15490088,0.1721307,0.15328514553772232,0.764,0.814
2353239,0.1723853,0.15352921478778647,0.763,0.814
867299,0.1724994,0.15363850181434857,0.763,0.813
9225901,0.1727826,0.15390781079845745,0.762,0.813
1312261,0.1728673,0.15399267557223945,0.762,0.812
12719900,0.173181,0.15430311408247385,0.761,0.812
4600909,0.1732277,0.15434766681139492,0.761,0.811
10435088,0.1735802,0.15468855649873592,0.76,0.811
7099786,0.1735971,0.154703475531815,0.76,0.81
18506636,0.1739684,0.15506010173349968,0.76,0.809
17556499,0.1739803,0.1550707800825186,0.759,0.809
13126638,0.1743408,0.15541754541644898,0.759,0.808
6301396,0.1743814,0.15545525173977895,0.758,0.808
8553898,0.1747182,0.15577580658066287,0.758,0.807
17561804,0.1747834,0.155839314656407,0.757,0.807
8177090,0.1750946,0.1561349363187204,0.757,0.806
17489232,0.1751863,0.15622092512924124,0.756,0.806
11385695,0.1754714,0.15649483244546353,0.756,0.805
8338449,0.1755901,0.15660626536034522,0.755,0.805
11426848,0.1758549,0.1568555971460503,0.755,0.804
18129808,0.175995,0.15699308727624134,0.754,0.804
9666233,0.1762315,0.15721717932790163,0.754,0.803
4444957,0.1764006,0.15737847859992438,0.753,0.803
10253751,0.1766106,0.15757963008359666,0.753,0.802
11804420,0.1768073,0.1577677529596143,0.752,0.802
5287522,0.1769885,0.15794289832055627,0.752,0.801
14352040,0.1772149,0.1581570273193042,0.751,0.801
5037290,0.1773751,0.1583069840387805,0.751,0.8
5897155,0.1776234,0.1585472213454168,0.75,0.8
15314211,0.1777529,0.15867193833084836,0.75,0.799
2921791,0.1780328,0.1589399700004813,0.749,0.799
11232807,0.1781392,0.15903771010418083,0.749,0.798
1782178,0.1784432,0.15932536132416433,0.748,0.798
1248576,0.1785232,0.15940429935877792,0.748,0.797
7437201,0.1788546,0.15972061351560168,0.747,0.797
6212115,0.1789064,0.15977175718721864,0.747,0.796
5579251,0.1792669,0.16012220118683973,0.746,0.796
15642193,0.1792876,0.16014008358950302,0.746,0.795
18693879,0.1796735,0.160509227473052,0.746,0.794
4507706,0.1796802,0.16051535858253654,0.745,0.794
16389513,0.1800549,0.16087923993044462,0.745,0.793
12821808,0.1800944,0.16091725280924882,0.744,0.793
7217847,0.1804406,0.16125012096168087,0.744,0.792
5446538,0.1805095,0.1613140377780573,0.743,0.792
7466862,0.1808306,0.16162187056676078,0.743,0.791
10078158,0.1809256,0.16171680057861323,0.742,0.791
10781635,0.1812091,0.1619944376531053,0.742,0.79
9757970,0.1813427,0.16212753382149908,0.741,0.79
10148978,0.1815899,0.16236787331329347,0.741,0.789
15921014,0.1817608,0.16253857361985916,0.74,0.789
18293392,0.1819682,0.16274217754732526,0.74,0.788
16970265,0.1821798,0.1629463434931608,0.739,0.788
8110226,0.1823571,0.16311729926262167,0.739,0.787
5667217,0.1825997,0.16335263168167033,0.738,0.787
9890055,0.1827455,0.1634933406443408,0.738,0.786
19151998,0.1830207,0.1637618832397641,0.737,0.786
4883690,0.1831285,0.1638702505999035,0.737,0.785
10378554,0.1834426,0.16417358724165165,0.736,0.785
3011478,0.1835194,0.16424797803673086,0.736,0.784
13055946,0.1838654,0.16458426939195847,0.735,0.784
12504324,0.1839109,0.1646266251399809,0.735,0.783
19366523,0.1842893,0.1649979660044285,0.734,0.783
8606789,0.1842973,0.16500614081707457,0.734,0.782
7760348,0.1846979,0.16538652506801188,0.734,0.781
3957855,0.1847141,0.16540328343393632,0.733,0.781
11122024,0.1850963,0.16576777789279284,0.733,0.78
7038631,0.1851399,0.16581181969592354,0.732,0.78
18995465,0.1854908,0.16614989929141746,0.732,0.779
11629177,0.1855667,0.16622025377275268,0.731,0.779
12334885,0.1858894,0.1665328892638857,0.731,0.778
16484244,0.1859945,0.16663650501417462,0.73,0.778
12895536,0.1862865,0.16691679890277664,0.73,0.777
12504809,0.1864233,0.1670494352379591,0.729,0.777
6942367,0.1866845,0.16730157711551122,0.729,0.776
1545067,0.186853,0.16746154798047896,0.728,0.776
2421113,0.187085,0.16768727499466848,0.728,0.775
1032857,0.1872838,0.16787555114842323,0.727,0.775
5914472,0.1874943,0.1680738414476694,0.727,0.774
3208908,0.1877155,0.1682864376690462,0.726,0.774
16610312,0.1878947,0.16846127647451395,0.726,0.773
15972164,0.1881482,0.1687072361500025,0.725,0.773
12185280,0.188295,0.16884963116778118,0.725,0.772
7860247,0.188582,0.16912415159495192,0.724,0.772
14807423,0.1887039,0.16923885443489206,0.724,0.771
1992645,0.1890167,0.16954607411264708,0.723,0.771
2717489,0.1891012,0.16962899736842563,0.723,0.77
1082174,0.1894524,0.16997790859067557,0.722,0.77
12975980,0.1894953,0.17002000887580282,0.722,0.769
16172411,0.1898891,0.17039778740520922,0.721,0.769
13671914,0.1899047,0.17041194004960272,0.721,0.768
6054676,0.1903066,0.17080479088982528,0.721,0.767
7526366,0.1903269,0.17082507464370333,0.72,0.767
11319029,0.1907054,0.17119856139647055,0.72,0.766
5754748,0.1907656,0.17125869736199817,0.719,0.766
12838672,0.19111,0.17159320047695945,0.719,0.765
238023,0.1912055,0.17168399198990983,0.718,0.765
11089594,0.1915173,0.17198875922387102,0.718,0.764
16466342,0.1916463,0.17211506007925276,0.717,0.764
6970563,0.1919254,0.17238523763720529,0.717,0.763
17303425,0.1920879,0.1725400481516902,0.716,0.763
9596343,0.1923458,0.17278263571696223,0.716,0.762
6721865,0.1925308,0.17296396327996783,0.715,0.762
14608526,0.1927512,0.17318095346314186,0.715,0.761
6669504,0.1929746,0.17339436716578327,0.714,0.761
1716377,0.1931688,0.17358013978316514,0.714,0.76
3014265,0.1934194,0.1738264060141279,0.713,0.76
10860874,0.1935772,0.17398029686219013,0.713,0.759
551078,0.1938653,0.17425624788157393,0.712,0.759
19206340,0.1939975,0.1743813736076378,0.712,0.758
18102593,0.1943122,0.1746912500995028,0.711,0.758
11083572,0.1944128,0.17478337001950817,0.711,0.757
4745810,0.1947602,0.1751286025760674,0.71,0.757
15117642,0.1948189,0.1751862860978012,0.71,0.756
2507813,0.1952091,0.175565955052632,0.709,0.756
99171,0.1952338,0.17559012184251693,0.709,0.755
10537011,0.195649,0.17599487725365534,0.709,0.754
14440464,0.1956591,0.17600392064014506,0.708,0.754
3780456,0.1960702,0.17640060342379546,0.708,0.753
15200943,0.1961103,0.17644096656123542,0.707,0.753
15179186,0.1964953,0.1768072492603583,0.707,0.752
4559427,0.1965622,0.17687254557636875,0.706,0.752
15296668,0.1969195,0.17721481476334378,0.706,0.751
12344533,0.1970158,0.17731086881193506,0.705,0.751
3951127,0.1973415,0.17762335102533097,0.705,0.75
6322420,0.1974695,0.17774699506660274,0.704,0.75
2604322,0.1977585,0.17803280695374088,0.704,0.749
2402159,0.1979248,0.1781961499289251,0.703,0.749
12397058,0.1981852,0.1784432336411525,0.703,0.748
3450221,0.198381,0.17863355349806875,0.702,0.748
6463069,0.1986086,0.1788545799949868,0.702,0.747
6265141,0.1988383,0.17907484010321928,0.701,0.747
299176,0.1990391,0.17926689710782281,0.701,0.746
4133579,0.1992967,0.1795149004864729,0.7,0.746
9200120,0.1994576,0.1796801338870815,0.7,0.745
17885770,0.1997561,0.17997125940243958,0.699,0.745
13289714,0.1998816,0.18009434142534195,0.699,0.744
2884292,0.2002166,0.18041893257996985,0.698,0.744
11302349,0.2003073,0.1805095197226041,0.698,0.743
12423874,0.2006782,0.1808647153320757,0.697,0.743
19084895,0.2007411,0.1809256176862889,0.697,0.742
15604175,0.2011408,0.1813122863244479,0.696,0.742
18918191,0.201173,0.18134268640897547,0.696,0.741
16031836,0.2015965,0.18176072589066372,0.696,0.74
16722688,0.2016044,0.18176879851815173,0.695,0.74
14965729,0.2020381,0.18217973613135371,0.695,0.739
4807444,0.2020692,0.182211106974883,0.694,0.739
11690311,0.2024768,0.18259971713104542,0.694,0.738
584209,0.202535,0.1826564298937775,0.693,0.738
716688,0.2029079,0.1830206177971598,0.693,0.737
940817,0.2030019,0.1831130442726394,0.692,0.737
1508309,0.2033407,0.18344254031485496,0.692,0.736
5961719,0.20347,0.1835709870585563,0.691,0.736
13923736,0.2037793,0.18386543359155183,0.691,0.735
15389578,0.2039389,0.18401789384740097,0.69,0.735
4514560,0.204224,0.1842892976272504,0.69,0.734
530991,0.204409,0.18447077846799312,0.689,0.734
8483128,0.2046545,0.18471408132937167,0.689,0.733
7743764,0.2048803,0.18493204227154744,0.688,0.733
17255402,0.2050948,0.18513993797565276,0.688,0.732
17139334,0.2053526,0.1853933060751018,0.687,0.732
8851091,0.2055362,0.1855667142883565,0.687,0.731
11659663,0.2058259,0.18584470901090183,0.686,0.731
17608603,0.2059781,0.18599446136006198,0.686,0.73
1426636,0.2063004,0.1863162424228428,0.685,0.73
5692342,0.2064113,0.1864232302833482,0.685,0.729
6721796,0.206776,0.18678762255704665,0.684,0.729
5439119,0.2068465,0.18685296996563616,0.684,0.728
2393834,0.2072527,0.18724837543481063,0.683,0.728
16561313,0.2072853,0.18728373149950486,0.683,0.727
2586986,0.2077253,0.1877154637923753,0.683,0.726
13495765,0.2077304,0.18772036867996292,0.682,0.726
5459974,0.2081692,0.18814821793682648,0.682,0.725
8799919,0.2082093,0.18818694611173722,0.681,0.725
981079,0.2086229,0.18858194284027938,0.681,0.724
6970283,0.2086893,0.1886439181386524,0.68,0.724
3722756,0.2090751,0.189016638502734,0.68,0.723
410828,0.2091705,0.189110955403638,0.679,0.723
4797817,0.2095247,0.1894523560167694,0.679,0.722
6969519,0.2096525,0.18957717518735903,0.678,0.722
11450555,0.2099726,0.18988909538238555,0.678,0.721
19524814,0.2101359,0.19004865750672098,0.677,0.721
19435590,0.210428,0.19032685659958246,0.677,0.72
15821511,0.2106202,0.1905140598091774,0.676,0.72
4215952,0.2108817,0.19076558857578108,0.676,0.719
13397722,0.2111058,0.19098027959289843,0.675,0.719
6667147,0.2113368,0.19120534240356046,0.675,0.718
15783122,0.2115924,0.1914546741892655,0.674,0.718
3874310,0.2117915,0.1916461180829206,0.674,0.717
8428685,0.2120802,0.19191619345571503,0.673,0.717
4212271,0.2122541,0.1920879156138615,0.673,0.716
16818437,0.2125691,0.1923929894032969,0.672,0.716
12063888,0.2127122,0.19253073499638315,0.672,0.715
15188770,0.2130591,0.19287239107240972,0.671,0.715
15119350,0.2131603,0.19297457623048558,0.671,0.714
4234058,0.2135503,0.1933634929421222,0.67,0.714
4190330,0.2136104,0.1934193882235897,0.67,0.713
17857985,0.2140425,0.1938425880557608,0.669,0.713
12740152,0.2140661,0.19386527316085364,0.669,0.712
10524801,0.2145216,0.19431217994969832,0.669,0.711
5056405,0.214536,0.19432525964993205,0.668,0.711
6752060,0.2149808,0.19476010859012377,0.668,0.71
18310391,0.2150305,0.19480859544763077,0.667,0.71
12024704,0.2154483,0.19520911017470904,0.667,0.709
16938535,0.2155264,0.19528677089484667,0.666,0.709
9705544,0.215909,0.195659082518296,0.666,0.708
14146124,0.2160231,0.1957726613214973,0.665,0.708
15873798,0.2163692,0.19611012780604276,0.665,0.707
3383499,0.216521,0.19625911376651733,0.664,0.707
662866,0.216834,0.1965622460379493,0.664,0.706
7904194,0.2170202,0.19674898941433291,0.663,0.706
11709232,0.2172953,0.1970153350288576,0.663,0.705
12085352,0.2175205,0.19724172624657463,0.662,0.705
10784869,0.2177516,0.19746949696392568,0.662,0.704
14182520,0.2180219,0.1977288939877012,0.661,0.704
9773740,0.2182216,0.19792473184315354,0.661,0.703
12480984,0.2185245,0.1982205578757831,0.66,0.703
19048322,0.2186899,0.1983809885739622,0.66,0.702
6379189,0.2190282,0.19871477639281693,0.659,0.702
17321492,0.2191532,0.1988383182489306,0.659,0.701
17410996,0.2195331,0.19920337472615654,0.658,0.701
343815,0.2196266,0.1992966697754798,0.658,0.7
17983672,0.2200392,0.1996936080220254,0.657,0.7
465970,0.2201044,0.1997560942461888,0.657,0.699
19119406,0.2205466,0.20018803090937534,0.656,0.699
12911863,0.2205754,0.20021659166105754,0.656,0.698
14991532,0.2210419,0.2006781109275071,0.656,0.697
592441,0.2210549,0.20069073079452945,0.655,0.697
15218274,0.2215152,0.20114075423069547,0.655,0.696
9493878,0.2215645,0.20119113151362686,0.654,0.696
6908990,0.2219818,0.20160441938546458,0.654,0.695
13925148,0.2220752,0.20169439341715037,0.653,0.695
9677535,0.222459,0.20206915748439352,0.653,0.694
14479304,0.2225872,0.20219259715534912,0.652,0.694
19318428,0.2229408,0.20253496852748223,0.652,0.693
3394174,0.2231005,0.20269315115218364,0.651,0.693
1751609,0.2234135,0.20300185251473077,0.651,0.692
6292144,0.2236146,0.20319912096239617,0.65,0.692
14880077,0.223901,0.2034698605387181,0.65,0.691
1033252,0.2241301,0.20369226653527017,0.649,0.691
14068862,0.2243858,0.20393889041428623,0.649,0.69
13080739,0.2246467,0.2041893462367301,0.648,0.69
6156042,0.2248641,0.20440904432659315,0.648,0.689
2495419,0.2251646,0.20470231573027084,0.647,0.689
6949990,0.2253454,0.20488022009048087,0.647,0.688
18797122,0.2256836,0.20520542435605724,0.646,0.688
1669550,0.225835,0.20535251989110742,0.646,0.687
9365549,0.2262039,0.20571624796127835,0.645,0.687
14725604,0.2263167,0.20582589263589374,0.645,0.686
7183553,0.2267256,0.2062228819750184,0.644,0.686
9884658,0.2268047,0.2063003894174189,0.644,0.685
1345043,0.227248,0.20672685917464845,0.643,0.685
2175850,0.2272989,0.20677595914310387,0.643,0.684
2394529,0.2277719,0.20724984281368058,0.642,0.684
10483320,0.2277744,0.20725265290552766,0.642,0.683
846774,0.2282694,0.20773041961211128,0.642,0.682
15307404,0.2282969,0.2077568855680529,0.641,0.682
1239258,0.228769,0.20820925926285466,0.641,0.681
5569614,0.2288232,0.2082610671379991,0.64,0.681
1574940,0.2292634,0.2086892229503369,0.64,0.68
17054461,0.2293508,0.20877623361243847,0.639,0.68
6940040,0.2297588,0.20917031067455796,0.639,0.679
9135110,0.2298794,0.20928751705087095,0.638,0.679
14107621,0.2302503,0.20965252243551785,0.638,0.678
10012272,0.2304093,0.20980937665316426,0.637,0.678
18475108,0.2307405,0.21013580714063754,0.637,0.677
11443728,0.2309405,0.21033333105119814,0.636,0.677
12180440,0.2312392,0.21062021588249605,0.636,0.676
8777714,0.231473,0.21085519065349145,0.635,0.676
2332469,0.2317272,0.2111057486610934,0.635,0.675
1229649,0.2320067,0.211380064717948,0.634,0.675
14585503,0.232222,0.2115924054764296,0.634,0.674
16609455,0.2325413,0.21191122316962624,0.633,0.674
1869598,0.2327123,0.21208018632850464,0.633,0.673
12037529,0.2330774,0.21244166632519793,0.632,0.673
3980205,0.2332053,0.21256904012473946,0.632,0.672
3855127,0.2336147,0.2129677666115514,0.631,0.672
16708955,0.2337077,0.21305906905029215,0.631,0.671
1461942,0.2341532,0.2134988739706506,0.63,0.671
15024564,0.234206,0.2135502220125837,0.63,0.67
3172739,0.234693,0.21402844855237863,0.629,0.67
9856843,0.2347073,0.21404249901161407,0.629,0.669
4182801,0.2352062,0.2145359511399623,0.629,0.668
503008,0.235234,0.21456364331780084,0.628,0.668
10733822,0.2357073,0.21503047621247032,0.628,0.667
2276636,0.2357763,0.21509648782458732,0.627,0.667
18218562,0.2362171,0.21552617641429622,0.627,0.666
12248706,0.2363198,0.21562330340704733,0.626,0.666
10835446,0.2367317,0.21602305174544,0.626,0.665
16776940,0.2368646,0.2161488927676104,0.625,0.665
12225071,0.2372431,0.2165210000207436,0.625,0.664
10278209,0.2374106,0.21668694871745875,0.624,0.664
15572433,0.2377494,0.21702012342536503,0.624,0.663
14353702,0.2379579,0.21722750820367995,0.623,0.663
9583010,0.2382507,0.21752042195930435,0.623,0.662
14622651,0.2385064,0.2177674545789527,0.622,0.662
3115470,0.2387622,0.2180218445299825,0.622,0.661
74495,0.2390562,0.21831317441565673,0.621,0.661
4469264,0.2392712,0.21852444222997852,0.621,0.66
19025263,0.2396073,0.2188636458622113,0.62,0.66
5854909,0.239773,0.21902821505929243,0.62,0.659
9297574,0.2401597,0.21941002990244282,0.619,0.659
14835484,0.2402857,0.21953311192534516,0.619,0.658
19208943,0.2407134,0.21995779344230834,0.618,0.658
19461339,0.2408007,0.22003918392071575,0.618,0.657
17234116,0.2412682,0.2205044840380141,0.617,0.657
11986577,0.2413121,0.22054643104540425,0.617,0.656
17888739,0.2418244,0.2210443793207078,0.616,0.656
10571793,0.2418349,0.22105485329941058,0.616,0.655
1587936,0.2423512,0.2215644506827348,0.616,0.654
2706728,0.2423818,0.22159423765631392,0.615,0.654
18193879,0.2428662,0.22207517210279787,0.615,0.653
8292581,0.2429406,0.2221506869346159,0.614,0.653
5492881,0.2433843,0.2225871197447578,0.614,0.652
6935208,0.2435006,0.2227001365295897,0.613,0.652
15467520,0.2439133,0.22310024251603566,0.613,0.651
10836184,0.244062,0.22324222879318203,0.612,0.651
7000030,0.2444478,0.22361454041663137,0.612,0.65
2932320,0.2446246,0.22378559837125034,0.611,0.65
15227117,0.2449666,0.22413001344654496,0.611,0.649
4155566,0.2451885,0.2243444490007671,0.61,0.649
13303647,0.2454984,0.22464671269835546,0.61,0.648
19512029,0.2457537,0.22489895676106567,0.609,0.648
733073,0.2460239,0.2251645870794838,0.609,0.647
11577911,0.2463202,0.2254616904265893,0.608,0.647
19360651,0.2465458,0.22568363658993004,0.608,0.646
13598806,0.2468881,0.2260201323154738,0.607,0.646
14720640,0.2470711,0.22620386122969416,0.607,0.645
17375817,0.2474572,0.22658169085167956,0.606,0.645
4259540,0.2476008,0.22672531209135516,0.606,0.644
7480685,0.2480276,0.22714100131440768,0.605,0.644
8742121,0.2481361,0.2272479891749131,0.605,0.643
4991869,0.2485994,0.22769898337008082,0.604,0.643
216789,0.2486753,0.2277718413877889,0.604,0.642
12541592,0.2491725,0.22826151266528832,0.603,0.642
2413575,0.2492067,0.22829691982256162,0.603,0.641
15613279,0.2497469,0.22881918816548724,0.602,0.641
6882616,0.249752,0.22882317338665217,0.602,0.64
18497028,0.2502768,0.22935070426521872,0.602,0.639
18119492,0.2503226,0.22939566573477208,0.601,0.639
11917378,0.2508167,0.22987941027310313,0.601,0.638
4272753,0.2508997,0.22996085184408957,0.6,0.638
1622109,0.2513569,0.23040934250288442,0.6,0.637
13277096,0.2514781,0.23052849039720086,0.599,0.637
5703345,0.251895,0.23094044986198362,0.599,0.636
5611067,0.2520578,0.23109980761600288,0.598,0.636
19171034,0.2524387,0.23147283453555875,0.598,0.635
8361666,0.2526388,0.23166831474295782,0.597,0.635
3117550,0.2529873,0.2320064454310308,0.597,0.634
1128468,0.2532212,0.23223385850032857,0.596,0.634
19296444,0.2535335,0.23254128254839976,0.596,0.633
2110468,0.2538049,0.23280660631134367,0.595,0.633
17460468,0.2540788,0.2330773458876656,0.595,0.632
14162658,0.25439,0.23338395245447216,0.594,0.632
5745570,0.2546251,0.23361463544882838,0.594,0.631
7761656,0.2549766,0.23395894833896494,0.593,0.631
7015039,0.2551761,0.23415315123188807,0.593,0.63
2944317,0.2555642,0.23453062320582022,0.592,0.63
11601577,0.2557299,0.2346929443294237,0.592,0.629
4306679,0.2561534,0.23511021742242638,0.591,0.629
18793734,0.2562782,0.23523396364885624,0.591,0.628
7671711,0.2567439,0.23568761465813393,0.59,0.628
14130596,0.2568333,0.23577626028276472,0.59,0.627
18760766,0.2573357,0.2362767631870202,0.589,0.627
11003820,0.2573778,0.23631978313857013,0.589,0.626
19110196,0.2579289,0.23685605084815214,0.588,0.626
17336007,0.2579356,0.23686453221627243,0.588,0.625
129708,0.258482,0.2374105586084507,0.588,0.624
10526660,0.2585235,0.2374477540059903,0.587,0.624
17063895,0.2590519,0.2379578623151049,0.587,0.623
8043740,0.2591195,0.23802540670459302,0.586,0.623
7988949,0.2596064,0.23850639224365602,0.586,0.622
5495778,0.2597168,0.23861409540026796,0.585,0.622
11374273,0.2601682,0.23905619948668308,0.585,0.621
12898904,0.2603155,0.23919394507976932,0.584,0.621
13182493,0.2607328,0.23960728404418608,0.584,0.62
6100722,0.2609156,0.2397854438672913,0.583,0.62
9999941,0.2612951,0.24015964591616504,0.583,0.619
16734790,0.2615171,0.24037469458133565,0.582,0.619
10952475,0.2618628,0.24071328510261997,0.582,0.618
10791853,0.26212,0.24096455840632844,0.581,0.618
6907105,0.2624392,0.2412682016035508,0.581,0.617
2263115,0.2627242,0.24155334928716143,0.58,0.617
12860440,0.2629969,0.2418243443263786,0.58,0.616
13270837,0.2633298,0.24215935836713023,0.579,0.616
16925165,0.2635513,0.24238181545626133,0.579,0.615
14583983,0.2639369,0.2427649587064667,0.578,0.615
2847379,0.2641185,0.24294056390062002,0.578,0.614
14851433,0.2645453,0.24336202658510384,0.577,0.614
8958651,0.2646839,0.24350058965945467,0.577,0.613
6637011,0.2651552,0.24396486792517227,0.576,0.613
4318376,0.2652549,0.24406194382534432,0.576,0.612
1257487,0.2657664,0.24456714724687126,0.575,0.612
7410106,0.2658226,0.24462457530570988,0.575,0.611
4944071,0.2663791,0.2451657989954586,0.574,0.611
15897748,0.2664018,0.2451884841005514,0.574,0.61
10103861,0.2669793,0.2457536702098689,0.574,0.609
18565024,0.2669931,0.24576588133625896,0.573,0.609
14171068,0.2675623,0.24632018472624137,0.573,0.608
18272155,0.2676086,0.24636473745516244,0.572,0.608
3794263,0.2681462,0.2468880276496688,0.572,0.607
546824,0.2682255,0.2469598127232171,0.571,0.607
12112096,0.2687322,0.2474571478875722,0.571,0.606
7656602,0.2688439,0.24756755895087315,0.57,0.606
15876383,0.269308,0.2480275965325306,0.57,0.605
17221653,0.2694636,0.24818690319397083,0.569,0.605
8450095,0.2698844,0.24859937358454395,0.569,0.604
4340846,0.2700848,0.24879587564352382,0.568,0.604
11757024,0.2704624,0.2491724790436123,0.568,0.603
10954324,0.2707074,0.2494120010541421,0.567,0.603
13487703,0.2710469,0.24974686181715663,0.567,0.602
3315461,0.2713314,0.25002756444639096,0.566,0.602
15003734,0.2716332,0.2503225729977559,0.566,0.601
7392613,0.2719569,0.25063873387684255,0.565,0.601
18324438,0.2722255,0.2508996636779892,0.565,0.6
5123279,0.2725838,0.2512480639744488,0.564,0.6
3531295,0.2728123,0.2514780316726985,0.564,0.599
17729543,0.2732122,0.25186894099491763,0.563,0.599
4276223,0.2734022,0.25205772807446275,0.563,0.598
990076,0.273842,0.2524940076068675,0.562,0.598
1896603,0.2739911,0.252638803975861,0.562,0.597
5597949,0.2744733,0.2531124321835425,0.561,0.597
5709871,0.274583,0.25322120828431427,0.561,0.596
1134283,0.2751061,0.2537279955757914,0.56,0.596
8662151,0.2751887,0.2538049409998225,0.56,0.595
11430347,0.2757402,0.2543441209864097,0.559,0.595
14973583,0.2757867,0.2543900021223857,0.559,0.594
15835181,0.2763758,0.2549742457636844,0.558,0.594
19126763,0.276378,0.254976442744583,0.558,0.593
2093787,0.2769731,0.2555642117738352,0.558,0.592
1149279,0.277013,0.25560186700458615,0.557,0.592
9000863,0.277565,0.2561533603027215,0.557,0.591
6468734,0.2776515,0.25624088189061345,0.556,0.591
12806019,0.2781617,0.25674383723866273,0.556,0.59
8090322,0.2782916,0.25687514516679016,0.555,0.59
13761124,0.2787502,0.25733569367423803,0.555,0.589
14170183,0.2789331,0.25751564173760955,0.554,0.589
467784,0.2793591,0.2579289296094473,0.554,0.588
11309838,0.2795762,0.25814321188593237,0.553,0.588
6810880,0.2799572,0.2585234939517116,0.553,0.587
18663076,0.2802207,0.25878805132596994,0.552,0.587
8461036,0.280558,0.2591194888861889,0.552,0.586
274723,0.2808666,0.2594248692310986,0.551,0.586
7956678,0.2811627,0.25971681222772125,0.551,0.585
1183073,0.2815141,0.26006092074754167,0.55,0.585
5289330,0.2817712,0.2603155150688876,0.55,0.584
11071284,0.282163,0.26069916924488334,0.549,0.584
19500093,0.2823785,0.260915597409688,0.549,0.583
10527851,0.2828135,0.2613476873506117,0.548,0.583
8391909,0.2829822,0.2615170592501224,0.548,0.582
15016496,0.2834654,0.2619882350140101,0.547,0.582
15587963,0.2835989,0.26211995168276986,0.547,0.581
993088,0.284119,0.26263460723141885,0.546,0.581
2120827,0.28421,0.2627241725224723,0.546,0.58
19108479,0.2847738,0.2632777095237691,0.545,0.58
4727281,0.2848275,0.2633298239543878,0.545,0.579
11377662,0.2854303,0.2639261254443394,0.544,0.579
15201954,0.2854423,0.2639368548859374,0.544,0.578
15446118,0.2860553,0.26454531640969997,0.544,0.577
4372979,0.2860883,0.2645786798638117,0.543,0.577
1515288,0.2866751,0.2651551574330966,0.543,0.576
5355116,0.2867478,0.26522842419143694,0.542,0.576
3743196,0.2872963,0.26576637795612723,0.542,0.575
3903638,0.2874088,0.26587638027879584,0.541,0.575
16992867,0.2879108,0.2663790290713709,0.541,0.574
3464488,0.2880714,0.26654385373134726,0.54,0.574
14146638,0.2885331,0.2669931107788277,0.54,0.573
19517164,0.2887354,0.2671926783925498,0.539,0.573
7352890,0.2891555,0.2676085719859185,0.539,0.572
2167237,0.289401,0.26784809399644827,0.538,0.572
14680293,0.2897883,0.26822546378522233,0.538,0.571
13323068,0.2900682,0.2684997798420769,0.537,0.571
8910300,0.2904259,0.26884378617673926,0.537,0.57
15203238,0.290737,0.2691530495576558,0.536,0.57
14623798,0.2910426,0.2694635391604692,0.536,0.569
4029275,0.2914072,0.2698252746200577,0.535,0.569
3683342,0.2916725,0.27008472273641226,0.535,0.568
4563879,0.2920788,0.27048160989037884,0.534,0.568
2103732,0.292314,0.2707073369045684,0.534,0.567
1942538,0.2927521,0.27114198147444396,0.533,0.567
1962755,0.2929413,0.27133138166493753,0.533,0.566
3730495,0.293427,0.2718151772958476,0.532,0.566
2267540,0.2935741,0.27195685701751976,0.532,0.565
3555484,0.2941034,0.27247330080643506,0.531,0.565
13797496,0.2942174,0.27258381405489407,0.531,0.564
8942824,0.2947814,0.2731434310730964,0.53,0.564
1417206,0.2948479,0.2732121505919024,0.53,0.563
14125049,0.2954609,0.2738285825579949,0.529,0.563
7435022,0.295474,0.2738419688137029,0.529,0.562
6341614,0.2961091,0.2744732687202954,0.529,0.561
9199218,0.296142,0.2745060701560378,0.528,0.561
10010477,0.2967421,0.275105999219101,0.528,0.56
6563572,0.2968247,0.2751856014572421,0.527,0.56
12542688,0.297387,0.2757401603101197,0.527,0.559
9751756,0.297509,0.2758590016489619,0.526,0.559
2792574,0.2980191,0.27637580308593046,0.526,0.558
12971351,0.2981948,0.276552992150034,0.525,0.558
7584317,0.2986583,0.27701292754653334,0.525,0.557
12801886,0.2988822,0.2772423332264136,0.524,0.557
11839311,0.2992969,0.2776515336919283,0.524,0.556
14982091,0.2995712,0.277919207713508,0.523,0.556
10673185,0.2999529,0.27829157042953634,0.523,0.555
16765433,0.3002618,0.27859659312639273,0.522,0.555
14153347,0.3006034,0.27893308885193646,0.522,0.554
11007497,0.300954,0.27927571568696474,0.521,0.554
12427581,0.3012502,0.2795760889591287,0.521,0.553
19074040,0.3016479,0.2799718009837774,0.52,0.553
16420637,0.3018941,0.280220570751113,0.52,0.552
138754,0.3023431,0.2806645652629526,0.519,0.552
16307389,0.3025487,0.2808665853204685,0.519,0.551
332251,0.3030401,0.2813584535788666,0.518,0.551
14197058,0.3031973,0.28151403048203705,0.518,0.55
4525882,0.3037387,0.28205310828346614,0.517,0.55
9617356,0.3038478,0.2821630084209767,0.517,0.549
15001631,0.3044388,0.28275159493149354,0.516,0.549
11763572,0.3045019,0.2828134169521294,0.516,0.548
16486078,0.3051407,0.28345651924447973,0.515,0.548
121912,0.3051494,0.28346540935323233,0.515,0.547
15844552,0.3058064,0.2841188323465483,0.515,0.546
4428062,0.3058441,0.2841539840409264,0.514,0.546
11363733,0.3064741,0.2847737881172354,0.514,0.545
2337505,0.3065491,0.2848479234494194,0.513,0.545
7805853,0.3071466,0.28543027666529364,0.513,0.544
6749802,0.3072558,0.2855431401723884,0.512,0.544
14099766,0.3078006,0.286088246898144,0.512,0.543
16470597,0.3079641,0.2862514365955911,0.511,0.543
7188203,0.3084618,0.28674774990836543,0.511,0.542
6694988,0.308674,0.2869540106499415,0.51,0.542
9102768,0.3091304,0.28740878569595807,0.51,0.541
17575479,0.3093856,0.2876661901091511,0.509,0.541
7859590,0.3098005,0.28807135426092184,0.509,0.54
11664541,0.3100988,0.28837106332955825,0.508,0.54
3206531,0.3104639,0.2887354045106777,0.508,0.539
12533605,0.3108136,0.2890760387351235,0.507,0.539
13716239,0.3111403,0.2894009875378047,0.507,0.538
14756500,0.3115301,0.2897885247498073,0.506,0.538
12866544,0.3118092,0.2900681544348818,0.506,0.537
11541885,0.3122483,0.2905073462442918,0.505,0.537
11495409,0.3124805,0.2907368030167511,0.505,0.536
4892834,0.3129681,0.2912291822009396,0.504,0.536
19304689,0.3131452,0.29140703546857055,0.504,0.535
17412621,0.3136897,0.29194570452936736,0.503,0.535
805034,0.313823,0.29207880069776115,0.503,0.534
8409855,0.3144127,0.2926698396520718,0.502,0.534
8726440,0.3144909,0.29275209870432284,0.502,0.533
6769751,0.3151376,0.2933921354419309,0.501,0.533
91190,0.3151711,0.2934269805808347,0.501,0.532
5402651,0.3158479,0.2941033952347178,0.501,0.531
14146684,0.3158641,0.294119898137747,0.5,0.531
10841113,0.3165259,0.294781393758551,0.5,0.53
11062568,0.3165921,0.29484628133392915,0.499,0.53
14466240,0.3172063,0.29546092505975535,0.499,0.529
7812670,0.3173219,0.2955739418445872,0.498,0.529
961602,0.317896,0.29614204023090984,0.498,0.528
14063848,0.3180534,0.2962930188019669,0.497,0.528
5442815,0.3185878,0.2968246881794355,0.497,0.527
11274570,0.3187867,0.2970256863853707,0.496,0.527
17529455,0.3192688,0.29750897109049035,0.496,0.526
16028307,0.3195215,0.29776254356025555,0.495,0.526
1743946,0.3199594,0.29819478677891637,0.495,0.525
14542519,0.3202582,0.2984931163479188,0.494,0.525
7390300,0.3206433,0.2988821863372926,0.494,0.524
9510562,0.3209963,0.299237126483869,0.493,0.524
12659823,0.3213388,0.2995711697656189,0.493,0.523
15852884,0.3217363,0.29995870697762156,0.492,0.523
9563497,0.322042,0.3002617881564745,0.492,0.522
9853878,0.322478,0.30069602398571776,0.491,0.522
15492818,0.3227287,0.3009539393247012,0.491,0.521
6984844,0.3232214,0.3014428953060941,0.49,0.521
1102220,0.323424,0.30164772545545715,0.49,0.52
17516737,0.3239665,0.3021826136654051,0.489,0.52
3652890,0.3241258,0.3023430954561632,0.489,0.519
2335368,0.3247134,0.30293209070731236,0.488,0.519
4130984,0.324822,0.3030400493268195,0.488,0.518
8178454,0.3254618,0.3036813633789035,0.487,0.518
11481935,0.3255167,0.303738638160005,0.487,0.517
19297430,0.3262121,0.3044375335486647,0.486,0.517
16475818,0.3262132,0.3044388108631407,0.486,0.516
13382629,0.3269139,0.30514061852880553,0.486,0.515
719594,0.3269644,0.3051921198484758,0.485,0.515
7474844,0.3276239,0.30584406115699964,0.485,0.514
12625884,0.3277178,0.305937560576639,0.484,0.514
8239680,0.3283299,0.3065490876551439,0.484,0.513
9227955,0.3284734,0.3066916359506597,0.483,0.513
8928078,0.3290415,0.3072557491158174,0.483,0.512
5075343,0.3292305,0.30744218593672673,0.482,0.512
4096890,0.3297579,0.30796404553902007,0.482,0.511
3115705,0.3299895,0.30818997692352573,0.481,0.511
12853904,0.3304839,0.30867397692475196,0.481,0.51
18828108,0.3307502,0.308940833465067,0.48,0.51
18331680,0.3311887,0.3093855432730131,0.48,0.509
16201263,0.3315126,0.3097097767795877,0.479,0.509
9629420,0.3319088,0.31009874458380343,0.479,0.508
8791676,0.3322768,0.31046298357976476,0.478,0.508
2476396,0.332629,0.310813631949702,0.478,0.507
8841292,0.3330428,0.3112249272109573,0.477,0.507
17873582,0.3333458,0.3115301031855508,0.477,0.506
11082260,0.3338106,0.311996578432167,0.476,0.506
6605151,0.3340606,0.3122482604765078,0.476,0.505
8829772,0.3345801,0.3127709375600657,0.475,0.505
12986511,0.3347722,0.312968052729994,0.475,0.504
14001312,0.3353514,0.3135417713000108,0.474,0.504
1924489,0.3354963,0.3136895310385885,0.474,0.503
1687798,0.3361244,0.3143199623713374,0.473,0.503
7510901,0.3362159,0.31441264430971216,0.473,0.502
1838987,0.3368994,0.31509774470203167,0.472,0.502
6404335,0.3369394,0.3151374436359441,0.472,0.501
8932401,0.3376648,0.31586392901728433,0.472,0.5
7368465,0.3376759,0.31587568031046304,0.471,0.5
16939887,0.3384003,0.3165920493611537,0.471,0.499
4703968,0.3384543,0.3166500905309408,0.47,0.499
10839033,0.3391268,0.3173219068527104,0.47,0.498
9127708,0.3392346,0.31743052967574503,0.469,0.498
10748639,0.3398681,0.3180533993067963,0.469,0.497
11872304,0.3400167,0.3181995240828448,0.468,0.497
6705351,0.3406047,0.3187865778159905,0.468,0.496
3277377,0.3408005,0.3189884445957693,0.467,0.496
11793534,0.3413392,0.3195214423802929,0.467,0.495
14954864,0.341586,0.31976852609252027,0.466,0.495
10801023,0.3420703,0.3202580440922826,0.466,0.494
17291117,0.3423734,0.32056526377003763,0.465,0.494
15624967,0.3428073,0.32099628076680153,0.465,0.493
7472303,0.3431627,0.3213512209133779,0.464,0.493
16828392,0.3435454,0.32173625458900773,0.464,0.492
3384258,0.3439538,0.3221533233116943,0.463,0.492
4257208,0.3442736,0.32247796555890124,0.463,0.491
10467115,0.3447467,0.32294944787826313,0.462,0.491
1723927,0.3450134,0.32322136258390294,0.462,0.49
16414709,0.3455414,0.3237550756645331,0.461,0.49
13041867,0.3457476,0.32396644566401295,0.461,0.489
1567362,0.3463379,0.32455319284168443,0.46,0.489
15491646,0.3464913,0.3247132658918102,0.46,0.488
13649759,0.3471364,0.3253706230137121,0.459,0.488
8262746,0.3472268,0.32546182326729484,0.459,0.487
762985,0.3479367,0.3261671563209133,0.458,0.487
8890385,0.3479833,0.32621206669788766,0.458,0.486
10985820,0.3487289,0.32696404727616774,0.458,0.485
17632072,0.3487386,0.3269733461255527,0.457,0.485
7698848,0.3494695,0.3277178160947142,0.457,0.484
10806538,0.3495426,0.32779251344526766,0.456,0.484
4253526,0.3502153,0.32847327096836887,0.456,0.483
18554093,0.3503483,0.328604170155864,0.455,0.483
7550988,0.3509699,0.32923046298971087,0.455,0.482
17543209,0.351156,0.3294181771250962,0.454,0.482
8886793,0.3517189,0.3299894432513192,0.454,0.481
3544262,0.3519655,0.33023892831476137,0.453,0.481
16756544,0.3524797,0.3307501606606148,0.453,0.48
10803896,0.3527769,0.3310438918975038,0.452,0.48
18247541,0.3532363,0.3315126152175977,0.452,0.479
15208499,0.3535901,0.33186479636490607,0.451,0.479
8077559,0.354001,0.33227680692226785,0.451,0.478
9376015,0.3544052,0.33267849677866396,0.45,0.478
17557775,0.3547754,0.33304278686720434,0.45,0.477
5113789,0.3552222,0.3334971531725886,0.449,0.477
16548437,0.3555291,0.3338105550524072,0.449,0.476
7825260,0.356041,0.33433435617270396,0.448,0.476
4215102,0.3562876,0.3345800603852973,0.448,0.475
3390744,0.3568618,0.3351621070456973,0.447,0.475
18725969,0.3570492,0.3353513539584538,0.447,0.474
19329442,0.3576845,0.3359921570847474,0.446,0.474
11983246,0.3578141,0.3361243846792975,0.446,0.473
12436656,0.358509,0.336812244070885,0.445,0.473
19326489,0.358597,0.3368992547329866,0.445,0.472
552183,0.3593354,0.3376377468704007,0.444,0.472
14772870,0.3593707,0.337675861934363,0.444,0.471
13478626,0.360137,0.33845430846858476,0.444,0.47
16751722,0.3601638,0.3384811320725797,0.443,0.47
11166005,0.3609055,0.3392344921504938,0.443,0.469
17733940,0.3609941,0.3393239552563892,0.442,0.469
17997946,0.3616846,0.3400165151652482,0.442,0.468
16187852,0.3618262,0.3401610560713465,0.441,0.468
8104477,0.3624637,0.340800326420269,0.441,0.467
11958871,0.3626603,0.34099647083119555,0.44,0.467
5973794,0.363248,0.3415859770081351,0.44,0.466
9300625,0.3634965,0.34184062242206004,0.439,0.466
12130273,0.3640257,0.3423734158362675,0.439,0.465
14009921,0.3643344,0.3426891679747218,0.438,0.465
7012338,0.364816,0.34316264290466625,0.438,0.464
7387712,0.3651742,0.34352172155014477,0.437,0.464
6772092,0.3656013,0.3439537603984894,0.437,0.463
11956062,0.366016,0.3443656176781141,0.436,0.463
8535871,0.3663835,0.34474661503999987,0.436,0.462
12727165,0.3668597,0.34522509704269,0.435,0.462
6400130,0.3671802,0.3455413601069347,0.435,0.461
1420735,0.3677054,0.34606163583927785,0.434,0.461
15689539,0.3679777,0.3463378934141359,0.434,0.46
14022248,0.3685531,0.34691922477842935,0.433,0.46
10818414,0.3687697,0.3471363171467615,0.433,0.459
622743,0.3694027,0.34777451455152414,0.432,0.459
2240574,0.3695654,0.3479365291196534,0.432,0.458
8927160,0.3702543,0.3486335340828887,0.431,0.458
606334,0.3703565,0.34873863151796974,0.431,0.457
16186966,0.3711078,0.34949975766789765,0.43,0.457
818842,0.3711506,0.34954252215655235,0.43,0.456
10934850,0.3719473,0.35034830322055943,0.43,0.455
611859,0.3719633,0.3503647550310096,0.429,0.455
16402919,0.3727511,0.3511559747099909,0.429,0.454
15358879,0.3728207,0.3512293436534893,0.428,0.454
4063670,0.3735513,0.35196543443968864,0.428,0.453
17472486,0.3736802,0.3520961803494467,0.427,0.453
14794999,0.3743467,0.3527768356873899,0.427,0.452
13589549,0.3745416,0.3529743595979504,0.426,0.452
10955923,0.3751454,0.35359002517535737,0.426,0.451
2559751,0.375405,0.3538559620492498,0.425,0.451
10216351,0.3759547,0.3544051561813284,0.425,0.45
10487654,0.3762704,0.35472325857841847,0.424,0.45
9517473,0.3767644,0.35522212652014473,0.424,0.449
11523142,0.3771379,0.35559765697607343,0.423,0.449
14330763,0.3775807,0.35604103837696455,0.423,0.448
2732241,0.3780072,0.35647277066983496,0.422,0.448
12692182,0.378392,0.3568617895666297,0.422,0.447
4281683,0.3788786,0.3573448699014332,0.421,0.447
13036678,0.3792131,0.3576844311817192,0.421,0.446
14715745,0.379752,0.3582258592417841,0.42,0.446
2785983,0.3800258,0.3585089632222332,0.42,0.445
11572411,0.3806277,0.3591250886328515,0.419,0.445
10557217,0.3808285,0.3593354367807506,0.419,0.444
5523216,0.3815048,0.3600092968056817,0.418,0.444
17048116,0.3816549,0.3601638007646924,0.418,0.443
3787013,0.3823844,0.36091000788154126,0.417,0.443
14582077,0.3824676,0.36099405517405864,0.417,0.442
14496478,0.3832658,0.3618045878479162,0.416,0.442
9643824,0.3832881,0.36182620000884924,0.416,0.441
4558487,0.3841149,0.36266028636164327,0.416,0.44
19309097,0.3841494,0.36269487603765194,0.415,0.44
8842842,0.3849361,0.3634963142324408,0.415,0.439
17381959,0.3850349,0.3635924193736111,0.414,0.439
10657678,0.3857643,0.3643342836212417,0.414,0.438
8503098,0.3859225,0.3644913933017833,0.413,0.438
641960,0.3866029,0.36517414343546706,0.413,0.437
7438226,0.3868121,0.36538541124978885,0.412,0.437
4485022,0.3874255,0.36601594476769583,0.412,0.436
19401157,0.3877038,0.36630119463646454,0.411,0.436
15073603,0.3882625,0.3668597387105071,0.411,0.435
8530110,0.3885975,0.36720313193422094,0.41,0.435
14996269,0.3891017,0.36770542307874277,0.41,0.434
3813793,0.3894934,0.3680904056617935,0.409,0.434
7280959,0.389957,0.36855304896498187,0.409,0.433
17023143,0.3903912,0.3689997002909314,0.408,0.433
178801,0.3907853,0.36940266746180345,0.408,0.432
5570721,0.3912912,0.3699177828436638,0.407,0.432
12628777,0.3916121,0.37025422747662845,0.407,0.431
885520,0.3921933,0.37083259547133773,0.406,0.431
10625966,0.3924654,0.371107780102036,0.406,0.43
9642386,0.3930973,0.37174429145169036,0.405,0.43
12376407,0.3933168,0.3719632231528679,0.405,0.429
15776075,0.3940035,0.3726579800426255,0.404,0.429
9366600,0.3941654,0.3728207099068613,0.404,0.428
13998326,0.3949117,0.37357437654024966,0.403,0.428
12306762,0.3950168,0.37368013817885815,0.403,0.427
11357576,0.3958221,0.3744948093516178,0.402,0.427
14630588,0.3958695,0.3745415590614375,0.402,0.426
1957130,0.3967212,0.3754049725545993,0.402,0.425
8178321,0.3967346,0.37541789897709593,0.401,0.425
12046107,0.3975759,0.3762703786583436,0.401,0.424
3807021,0.3976492,0.37634563802726645,0.4,0.424
1045565,0.3984288,0.3771377773726704,0.4,0.423
16520866,0.3985661,0.3772743989290178,0.399,0.423
7318461,0.3992891,0.37800716869757967,0.399,0.422
3440167,0.3994846,0.3782058677374581,0.398,0.422
8097972,0.4001392,0.3788785526330714,0.398,0.421
2631361,0.4004055,0.37914622665465103,0.397,0.421
14600509,0.4009956,0.37975198027172463,0.397,0.42
15446759,0.4013285,0.380092001385222,0.396,0.42
12331384,0.4018608,0.3806274005209604,0.396,0.419
12161372,0.4022537,0.38102863054414515,0.395,0.419
17615449,0.4027233,0.3815048133807786,0.395,0.418
10683233,0.403181,0.3819711353496577,0.394,0.418
13823179,0.4035901,0.3823842699437583,0.394,0.417
16650851,0.4041104,0.3829197201720757,0.393,0.417
18406156,0.4044552,0.38326577020989955,0.393,0.416
3463722,0.4050421,0.3838651883471724,0.392,0.416
18683300,0.4053184,0.3841492630866233,0.392,0.415
15195807,0.4059757,0.3848318599425699,0.391,0.415
1613078,0.4061751,0.38503485075908755,0.391,0.414
6549524,0.4069116,0.3857709926378659,0.39,0.414
12949098,0.407059,0.3859224310421343,0.39,0.413
8642818,0.4078496,0.38671993510833724,0.389,0.413
4301443,0.407946,0.3868120550283426,0.389,0.412
12887066,0.4087899,0.3876824682048326,0.388,0.412
14904823,0.4088109,0.3877037738102914,0.388,0.411
7679606,0.4096843,0.3885975362954018,0.388,0.41
19131044,0.4097322,0.38864300869074553,0.387,0.41
12417602,0.4105825,0.3894933424836736,0.387,0.409
14876472,0.4106767,0.38959046947642473,0.386,0.409
11194932,0.4114726,0.390391192375107,0.386,0.408
18776284,0.4116235,0.39054079144653003,0.385,0.408
12403781,0.4123565,0.3912911370622809,0.385,0.407
893534,0.4125723,0.3915062368200306,0.384,0.407
14002474,0.4132466,0.3921931765451954,0.384,0.406
3479308,0.4135234,0.3924733682486394,0.383,0.406
3298774,0.4141324,0.3930972597312714,0.383,0.405
4150606,0.4144767,0.39344571112031007,0.382,0.405
11608858,0.4150199,0.394003437713088,0.382,0.404
14567582,0.4154321,0.39442244795377795,0.381,0.404
14267506,0.4159084,0.3949117104906451,0.381,0.403
9377846,0.4163898,0.39540919893273735,0.38,0.403
19151135,0.4168052,0.39582207806394276,0.38,0.402
4761013,0.4173496,0.3963669293268032,0.379,0.402
8803477,0.4177115,0.396734540432981,0.379,0.401
2846422,0.4183117,0.3973411115313192,0.378,0.401
14676766,0.4186178,0.3976490975977598,0.378,0.4
8794044,0.419276,0.3983143229768335,0.377,0.4
12793899,0.4195185,0.39856580065085817,0.377,0.399
6338768,0.4202426,0.399297242012365,0.376,0.399
1565249,0.4204289,0.3994845984996971,0.376,0.398
16965993,0.4212113,0.4002723949758828,0.375,0.398
11781804,0.421337,0.40040549114427654,0.375,0.397
6814731,0.4221823,0.40127452482113257,0.374,0.397
19178893,0.4222375,0.40132852967717564,0.374,0.396
16844349,0.423152,0.4022536630058153,0.374,0.395
8451378,0.4231556,0.4022568307457156,0.373,0.395
13539634,0.4240682,0.4031809933153535,0.373,0.394
13366099,0.424131,0.4032408227254069,0.372,0.394
4448585,0.424993,0.40411041842063233,0.372,0.393
4559658,0.4251089,0.4042262963898903,0.371,0.393
5632753,0.4259055,0.40504198941423075,0.371,0.392
9219617,0.4260887,0.4052235724401315,0.37,0.392
6693724,0.4268338,0.4059757062961487,0.37,0.391
11803519,0.427071,0.4062148706586252,0.369,0.391
10955002,0.4277552,0.4069115690663863,0.369,0.39
9264956,0.4280555,0.40721648957808465,0.368,0.39
5645391,0.4286795,0.4078495777249435,0.368,0.389
5549284,0.4290422,0.40821453201701136,0.367,0.389
5333588,0.4296051,0.4087897833643993,0.367,0.388
17299529,0.4300313,0.4092283109702818,0.366,0.388
13278897,0.4305337,0.40973213489217475,0.366,0.387
4369093,0.4310226,0.41022717089047317,0.365,0.387
6522296,0.431469,0.4106766834008488,0.365,0.386
15559838,0.4320163,0.4112402856402161,0.364,0.386
19500474,0.4323913,0.4116233777978424,0.364,0.385
3569650,0.4330121,0.4122585096478628,0.363,0.385
12314304,0.4333241,0.41257226917573464,0.363,0.384
14320616,0.4340104,0.4132687632131796,0.362,0.384
10617304,0.4342682,0.41352335753452557,0.362,0.383
13098677,0.4350108,0.4142862719247198,0.361,0.383
7802094,0.4352015,0.41447659178163604,0.361,0.382
16033640,0.4360136,0.4153031164327325,0.36,0.382
6986541,0.4361434,0.4154320741022242,0.36,0.381
6683676,0.4370187,0.41632128934780016,0.359,0.381
5300223,0.437086,0.416389753403711,0.359,0.38
16431392,0.4380262,0.41734027974413246,0.358,0.38
16596992,0.4380351,0.4173496296860964,0.358,0.379
14591238,0.4389763,0.4183117029493804,0.358,0.378
4921079,0.4390359,0.4183708170633273,0.357,0.378
4490479,0.4399215,0.41927602428614213,0.357,0.377
19211149,0.440048,0.4194043688446854,0.356,0.377
13515278,0.440875,0.4202425426038025,0.356,0.376
1478844,0.4410624,0.42043700095962083,0.355,0.376
275838,0.4418191,0.4212113089949405,0.355,0.375
9928255,0.4420792,0.42147438468440673,0.354,0.375
9311077,0.4427855,0.4221823234595562,0.354,0.374
10221686,0.4430984,0.42249971056053975,0.353,0.374
6250039,0.4437401,0.4231555349050705,0.353,0.373
3258813,0.4441197,0.42354010874748893,0.352,0.373
10686882,0.4447087,0.4241309944240625,0.352,0.372
6431951,0.4451435,0.42457115699247416,0.351,0.372
2030747,0.445677,0.42510875310911117,0.351,0.371
1232628,0.4461697,0.4256050664218855,0.35,0.371
4576304,0.4466423,0.4260887087750585,0.35,0.37
10498624,0.4471982,0.42664633318267836,0.349,0.37
12326830,0.4476128,0.4270709636070625,0.349,0.369
15886038,0.4482291,0.4276969498854351,0.348,0.369
33887,0.4485876,0.4280554665125442,0.348,0.368
7684973,0.4492625,0.4287427638857623,0.347,0.368
3054991,0.4495524,0.42904221749150356,0.347,0.367
19189659,0.450298,0.42979378932915135,0.346,0.367
6025166,0.4505356,0.4300312676365196,0.346,0.366
2208799,0.4513361,0.43084900436402157,0.345,0.366
11875733,0.4515074,0.43102256585501336,0.345,0.365
8419390,0.4523765,0.43189956997419926,0.344,0.365
13892963,0.4524936,0.4320162143321428,0.344,0.364
15667209,0.4534193,0.4329529967688031,0.343,0.364
1076736,0.4534771,0.43301211088275,0.343,0.363
1678011,0.4544563,0.43401030659941386,0.343,0.362
276999,0.4544646,0.43401894124527124,0.342,0.362
12546642,0.4554387,0.4350108014821344,0.342,0.361
9477660,0.4555122,0.43508590757332016,0.341,0.361
18641920,0.4564147,0.4360135955309117,0.341,0.36
14054941,0.4565623,0.43616278586170243,0.34,0.36
6178315,0.4574026,0.4370186887457457,0.34,0.359
9425106,0.4576148,0.43723440161444377,0.339,0.359
1362736,0.4583851,0.4380261322192154,0.339,0.358
5173801,0.4586697,0.4383162358829927,0.338,0.358
15929062,0.4593732,0.4390358748587418,0.338,0.357
5071191,0.459727,0.4393988876328062,0.337,0.357
13133585,0.4603606,0.44004796775690397,0.337,0.356
4587473,0.4607869,0.44049134915779503,0.336,0.356
5077976,0.4613437,0.44106241091370185,0.336,0.355
11465423,0.461849,0.4415836063124677,0.335,0.355
17476228,0.4623393,0.4420791532365565,0.335,0.354
13654204,0.4629137,0.4426636523407503,0.334,0.354
18461699,0.4633293,0.44309824581804685,0.334,0.353
3160613,0.4639808,0.4437669454924952,0.333,0.353
5334857,0.4643306,0.444119688658173,0.333,0.352
9709532,0.4650504,0.4448624214796472,0.332,0.352
14999107,0.4653206,0.4451434817569348,0.332,0.351
14958890,0.4661225,0.4459718457408766,0.331,0.351
11050872,0.4663159,0.4461696251143324,0.331,0.35
10522892,0.467197,0.4470637963400751,0.33,0.35
12914526,0.4673371,0.4471981698229448,0.33,0.349
12387324,0.468274,0.4481475210340484,0.329,0.349
6843094,0.4683531,0.4482290647901929,0.329,0.348
11668374,0.4693535,0.44924427433567643,0.328,0.348
13427539,0.4693717,0.4492623611086558,0.328,0.347
2641247,0.4703831,0.45029800768575445,0.328,0.346
9814541,0.4704355,0.450351297245691,0.327,0.346
13663694,0.4714042,0.4513360556140679,0.327,0.345
15851767,0.47152,0.4514564297302813,0.326,0.345
6416914,0.4724249,0.45237650489359615,0.326,0.344
15361309,0.4726069,0.4525614600297134,0.325,0.344
14628939,0.4734649,0.4534193044317601,0.325,0.343
10255631,0.4736964,0.4536593884606593,0.324,0.343
16749437,0.4744775,0.45446455641371786,0.324,0.342
13624407,0.4747883,0.4547875636983956,0.323,0.342
4853679,0.4754889,0.45551220974689044,0.323,0.341
7006249,0.4758828,0.4559103742153329,0.322,0.341
6044657,0.4765186,0.4565622644312778,0.322,0.34
1407069,0.4769799,0.45703435986158814,0.321,0.34
16907256,0.4775386,0.45761477155945895,0.321,0.339
14973539,0.4780795,0.4581612066922695,0.32,0.339
4415335,0.4785686,0.4586696800388549,0.32,0.338
13931811,0.4791815,0.45930097994544744,0.319,0.338
19003072,0.4795977,0.45972698986946564,0.319,0.337
16430573,0.4802861,0.46043528629266833,0.318,0.337
324624,0.4806321,0.4607868032364492,0.318,0.336
16909049,0.4813933,0.4615759281196899,0.317,0.336
14141817,0.4816548,0.46184901795464756,0.317,0.335
11852346,0.482503,0.4627190223905053,0.316,0.335
1835657,0.4826968,0.4629136851166398,0.316,0.334
9329305,0.4836153,0.46385496370025536,0.315,0.334
5601061,0.4837375,0.46398080472242575,0.315,0.333
3115824,0.4847302,0.4650018388219196,0.314,0.333
8926637,0.4847781,0.4650503767720056,0.314,0.332
18990248,0.4858252,0.4661224523579583,0.314,0.331
85070,0.4858476,0.4661445243521027,0.313,0.331
19492486,0.4868813,0.4671969803877048,0.313,0.33
11851720,0.4869676,0.467290224344449,0.312,0.33
16795960,0.4879143,0.4682739608612451,0.312,0.329
1848959,0.4880902,0.4684550329613555,0.311,0.329
17652067,0.4889702,0.4693534448711583,0.311,0.328
3162699,0.4892153,0.46960287884202145,0.31,0.328
5579513,0.4900257,0.47043543241744434,0.31,0.327
5301407,0.4903431,0.47076620577413586,0.309,0.327
12726702,0.4910807,0.47151987240752424,0.309,0.326
16522936,0.4914735,0.47191839452402,0.308,0.326
12284613,0.492152,0.47260686702655597,0.308,0.325
7340240,0.4926064,0.47306920377427014,0.307,0.325
17353956,0.493208,0.47369631408938156,0.307,0.324
17589668,0.4937421,0.47424601914725056,0.306,0.324
781986,0.4942766,0.47478831578115904,0.306,0.323
15409358,0.4948802,0.47540597396914847,0.305,0.323
17750375,0.4953443,0.4758828210093094,0.305,0.322
14507836,0.496021,0.47657614730685394,0.304,0.322
11042097,0.4964224,0.4769798297738326,0.304,0.321
13424063,0.4971644,0.4777419777753412,0.303,0.321
17370533,0.4974911,0.47807939316730763,0.303,0.32
13705123,0.4983105,0.4789079615215656,0.302,0.32
1677920,0.4985802,0.4791814600971556,0.302,0.319
5382844,0.4994592,0.48007900343311477,0.301,0.319
18097255,0.4996646,0.48028608165595543,0.301,0.318
11976088,0.5006106,0.48124473171644394,0.3,0.318
2815143,0.5007528,0.4813932578437072,0.3,0.317
14857277,0.5017646,0.4824309992165464,0.299,0.317
12134626,0.5018357,0.4825029886604108,0.299,0.316
9675193,0.5029179,0.48361527410606636,0.299,0.315
14090456,0.5029213,0.48361915714207326,0.298,0.315
12138218,0.5039909,0.4847301141806738,0.298,0.314
3415525,0.5040807,0.4848232559522599,0.297,0.314
10671172,0.5050883,0.48584755997681217,0.297,0.313
8876634,0.5052427,0.4860067644530943,0.296,0.313
18658432,0.5061596,0.4869675604019024,0.296,0.312
16134737,0.5064074,0.4872208774087724,0.295,0.312
7611438,0.5072556,0.48809011545594455,0.295,0.311
4333527,0.5075748,0.4884210931829522,0.294,0.311
10125952,0.5083401,0.4892152762315176,0.294,0.31
18856978,0.5087449,0.4896299436029894,0.293,0.31
14182135,0.5094502,0.49034304272862167,0.293,0.309
10475290,0.5099176,0.49081942993557126,0.292,0.309
10452444,0.5105514,0.4914734149472566,0.292,0.308
11528063,0.5110931,0.4920254191711823,0.291,0.308
477365,0.5116622,0.49260639288742253,0.291,0.307
2717392,0.5122713,0.4932298245368432,0.29,0.307
13583655,0.512764,0.4937419254565403,0.29,0.306
4016626,0.5134522,0.4944410763080952,0.289,0.306
16227653,0.5138812,0.49488011483976807,0.289,0.305
5923166,0.5146359,0.49564946689492106,0.288,0.305
12690211,0.5149958,0.4960209610371058,0.288,0.304
12826235,0.5158222,0.4968643462392847,0.287,0.304
16032640,0.5161149,0.49716441295597447,0.287,0.303
3050772,0.5170113,0.49808387500834084,0.286,0.303
8382045,0.5172293,0.49831047059637407,0.286,0.302
5818955,0.5182031,0.4992970682975963,0.285,0.302
10528300,0.5183566,0.4994591850508836,0.285,0.301
4813425,0.5193977,0.5005238522128758,0.284,0.301
8492070,0.51948,0.5006105563195031,0.284,0.3
13792493,0.5205951,0.5017542126086879,0.283,0.3
8905277,0.5206046,0.5017645844022327,0.283,0.299
12772351,0.5217407,0.5029212692990721,0.283,0.298
8266080,0.5217952,0.5029771134879606,0.282,0.298
9993640,0.5228754,0.5040806621026006,0.282,0.297
8748237,0.522998,0.5042041017735562,0.281,0.297
19225597,0.5240156,0.5052426606276601,0.281,0.296
3097444,0.5242037,0.5054362504096348,0.28,0.296
7236676,0.5251462,0.5064073670594085,0.28,0.295
5519367,0.5254122,0.5066746834329349,0.279,0.295
5533336,0.5262878,0.507574781397846,0.279,0.294
540694,0.5266233,0.507929159526053,0.278,0.294
10202955,0.5274257,0.5087448525503934,0.278,0.293
16754670,0.5278373,0.5091651911981383,0.277,0.293
19541504,0.5285763,0.5099176316096298,0.277,0.292
17071232,0.529054,0.5104018870737512,0.276,0.292
18568816,0.5297298,0.5110931185755553,0.276,0.291
18428741,0.5302736,0.5116512539089655,0.275,0.291
14771562,0.5308789,0.5122713134481697,0.275,0.29
865552,0.5314961,0.5129125253150956,0.274,0.29
8482732,0.5320236,0.5134522162274732,0.274,0.289
13827201,0.5327213,0.5141703224258511,0.273,0.289
11826205,0.5331703,0.5146358269134657,0.273,0.288
12175949,0.5339494,0.5154397175520483,0.272,0.288
7729532,0.5343316,0.5158221965987262,0.272,0.287
6651935,0.5351802,0.5166879092579446,0.271,0.287
3278221,0.5354967,0.5170112741906757,0.271,0.286
5660781,0.5364139,0.5179497426824442,0.27,0.286
16733642,0.5366591,0.5182031107818933,0.27,0.285
11050285,0.5376505,0.5192149482171602,0.269,0.285
9652033,0.5378296,0.5193977063723788,0.269,0.284
12628811,0.5388899,0.5204862848613608,0.268,0.284
18919865,0.538998,0.5205950098695535,0.268,0.283
13867344,0.5401322,0.521766664892051,0.267,0.283
3636310,0.540159,0.5217951234585753,0.267,0.282
11721603,0.5413179,0.5229979960468649,0.267,0.281
13442239,0.5413773,0.5230583363827087,0.266,0.281
5185824,0.5425019,0.5242036276344227,0.266,0.28
9351862,0.5426253,0.5243272205831155,0.265,0.28
19135922,0.5436845,0.5254120182212486,0.265,0.279
1461453,0.5438762,0.5256099508724416,0.264,0.279
11117838,0.5448692,0.5266232188999216,0.264,0.278
14596236,0.5451299,0.5268853238303861,0.263,0.278
2750617,0.5460662,0.5278372296704417,0.263,0.277
3766951,0.5463866,0.5281629448618084,0.262,0.277
9536499,0.5472431,0.5290539994402297,0.262,0.276
11850320,0.5476462,0.529465294701485,0.261,0.276
14165028,0.5484319,0.5302736303944439,0.261,0.275
17531921,0.5489086,0.530761411246519,0.26,0.275
15659072,0.5496402,0.5314960203479262,0.26,0.274
3493879,0.550174,0.5320330544461938,0.259,0.274
6406594,0.5508464,0.5327212714858345,0.259,0.273
3382434,0.5514423,0.5333352510081332,0.258,0.273
4730074,0.5520256,0.5339492816230109,0.258,0.272
8384373,0.5527135,0.5346538993805229,0.257,0.272
8444196,0.553224,0.5351802040371926,0.257,0.271
9308660,0.5539876,0.5359573732569384,0.256,0.271
19466750,0.55443,0.5364138854506422,0.256,0.27
16012285,0.5552647,0.5372698394272645,0.255,0.27
6037529,0.5556333,0.537650479141097,0.255,0.269
12968799,0.5565447,0.5385862397261765,0.254,0.269
18863987,0.5568473,0.5388898829233988,0.254,0.268
11742182,0.5578277,0.5399220552051229,0.253,0.268
9952908,0.5580278,0.5401321478901269,0.253,0.267
6963841,0.5591136,0.5412584327024388,0.252,0.267
14904668,0.5592342,0.541377274041281,0.252,0.266
15072207,0.5604025,0.5425813728514677,0.251,0.266
14159231,0.5604448,0.5426252613768612,0.251,0.265
17977440,0.5616605,0.5438761609894466,0.251,0.264
6017374,0.5616943,0.5439122323502474,0.25,0.264
16428829,0.562876,0.5451299217864581,0.25,0.263
7655875,0.5629892,0.5452416612568141,0.249,0.263
11352104,0.5640788,0.5463865948604748,0.249,0.262
6626396,0.564287,0.5466001618408534,0.248,0.262
14460736,0.5652836,0.5476461291189176,0.248,0.261
15681080,0.5655878,0.5479568230920473,0.247,0.261
16517439,0.5665129,0.5489085756543657,0.247,0.26
178458,0.5668916,0.5492999959023752,0.246,0.26
13112780,0.5677451,0.5501739344668188,0.246,0.259
1225556,0.5681984,0.5506401031579607,0.245,0.259
15457029,0.5689751,0.5514422055562771,0.245,0.258
15166144,0.5695083,0.5519940565024657,0.244,0.258
6735238,0.5702084,0.5527134400153196,0.244,0.257
11237511,0.5708211,0.5533446888293331,0.243,0.257
5387672,0.5714441,0.5539875867513673,0.243,0.256
15762676,0.572137,0.5546957298968328,0.242,0.256
12031972,0.5726939,0.5552646457644201,0.242,0.255
2988066,0.5734559,0.5560491212229683,0.241,0.255
9302849,0.5739454,0.5565446681470572,0.241,0.254
11869619,0.5747779,0.5574061912147945,0.24,0.254
12725204,0.5751831,0.5578276028066993,0.24,0.253
6849443,0.5761029,0.5587692390383682,0.239,0.253
6826018,0.5764381,0.5591135519285048,0.239,0.252
1849025,0.5774309,0.560147359172758,0.238,0.252
5249141,0.5776822,0.5604024644198944,0.238,0.251
11663120,0.578762,0.5615280339360997,0.237,0.251
7245078,0.578922,0.5616942891882891,0.237,0.25
479317,0.5800962,0.5629031907009053,0.236,0.25
19200457,0.5801813,0.5629891284188472,0.236,0.249
4456848,0.5814335,0.564283763279089,0.235,0.249
9600058,0.5814363,0.5642869821115684,0.235,0.248
9959287,0.582702,0.5655877991738739,0.235,0.247
18143154,0.5827738,0.5656611170247933,0.234,0.247
4502997,0.5839692,0.5668915796057635,0.234,0.246
6607351,0.5841173,0.5670414341400818,0.233,0.246
9532217,0.5852354,0.5681984255923954,0.233,0.245
5353139,0.5854638,0.5684340134743393,0.232,0.245
3928658,0.5865133,0.5695082349486116,0.232,0.244
938071,0.5868134,0.5698258264199113,0.231,0.244
19065371,0.5877882,0.57082110985957,0.231,0.243
11901355,0.5881662,0.5712149825513734,0.23,0.243
4696827,0.5890565,0.5721369992326917,0.23,0.242
14734117,0.589522,0.5726214079745502,0.229,0.242
10993889,0.590336,0.5734559030679766,0.229,0.241
18070546,0.590881,0.574015673363916,0.228,0.241
8612228,0.5916228,0.5747778213654247,0.228,0.24
11562493,0.5922431,0.5754119313638643,0.227,0.24
365958,0.5929113,0.5761028563101941,0.227,0.239
11355179,0.5936084,0.5768306190060102,0.226,0.239
6218969,0.5941973,0.5774309057171267,0.226,0.238
1140387,0.5949768,0.5782370444291871,0.225,0.238
6850573,0.5954832,0.5787620206788017,0.225,0.237
2979423,0.5963484,0.5796585421631801,0.224,0.237
6658513,0.5967751,0.5800962011952189,0.224,0.236
12277227,0.5977231,0.5810860177289205,0.223,0.236
797471,0.598058,0.5814334472663785,0.223,0.235
6226375,0.599101,0.5825143618685047,0.222,0.235
5768575,0.5993536,0.5827738099848592,0.222,0.234
13731136,0.6004821,0.5839475087105184,0.221,0.234
16081748,0.6006417,0.5841172382580823,0.221,0.233
6716320,0.6018663,0.5853903120499702,0.22,0.233
7487122,0.6019353,0.5854637831786267,0.22,0.232
2233072,0.6032368,0.5868133936539134,0.22,0.231
17562195,0.6032538,0.5868307651307862,0.219,0.231
10285789,0.6045422,0.5881661207765214,0.219,0.23
4676506,0.6046444,0.5882726488038155,0.218,0.23
8005562,0.6058642,0.5895220156390297,0.218,0.229
17445460,0.6060383,0.5896996134437655,0.217,0.229
13818116,0.6071811,0.5908809760562803,0.217,0.228
3381664,0.6074354,0.5911422635054803,0.216,0.228
13614930,0.6085012,0.5922431042134313,0.216,0.227
11072721,0.6088356,0.5925790379206056,0.215,0.227
17110601,0.6098445,0.5936083490179036,0.215,0.226
13247460,0.6102391,0.5940177538537345,0.214,0.226
10574272,0.6111593,0.5949767615622762,0.214,0.225
1531193,0.6116459,0.5954859502049681,0.213,0.225
15456074,0.6124875,0.5963483418465492,0.213,0.224
14702618,0.6130558,0.5969217027685128,0.212,0.224
7500340,0.6138217,0.5977230898707225,0.212,0.223
3703481,0.6144691,0.598398789228499,0.211,0.223
7033027,0.6151445,0.5991009545422171,0.211,0.222
10821480,0.6158856,0.5998766420771708,0.21,0.222
1912265,0.6164715,0.6004820380461912,0.21,0.221
8637109,0.6173053,0.601346779946408,0.209,0.221
210047,0.6178143,0.6018662892900656,0.209,0.22
3219675,0.6187284,0.602808589725262,0.208,0.22
3181128,0.619171,0.6032537082738403,0.208,0.219
631227,0.6201547,0.6042710637076434,0.207,0.219
17492379,0.6205249,0.6046443971826735,0.207,0.218
13307766,0.6215843,0.6057523397591108,0.206,0.218
9265028,0.6218631,0.6060382027388279,0.206,0.217
8618097,0.6230172,0.6072138429824905,0.205,0.217
8293670,0.623231,0.6074352782200408,0.205,0.216
17586892,0.6244534,0.608700790310231,0.204,0.216
15655374,0.6245845,0.6088355725337331,0.204,0.215
10145912,0.6258929,0.610200204227257,0.203,0.215
16996790,0.6259304,0.6102390856799048,0.203,0.214
15837432,0.6272896,0.6116458176585559,0.203,0.213
11912795,0.6273357,0.6116933337570611,0.202,0.213
10798277,0.6286558,0.6130558195622654,0.202,0.212
10859693,0.6287819,0.6131850837872312,0.201,0.212
13214603,0.6300255,0.6144690402984543,0.201,0.211
5605680,0.6302314,0.6146830160194651,0.2,0.211
9643266,0.6314009,0.6158855309597016,0.2,0.21
7226357,0.6316842,0.6161795176594858,0.199,0.21
4407768,0.6327712,0.6173053426385863,0.199,0.209
13731965,0.6331404,0.6176921134619033,0.198,0.209
1509933,0.6341528,0.6187283731499504,0.198,0.208
14969209,0.6346001,0.6191930090637213,0.197,0.208
4858133,0.6355366,0.6201546735863731,0.197,0.207
5898861,0.6360629,0.6206959994612798,0.196,0.207
12297567,0.6369188,0.6215842950404331,0.196,0.206
11372097,0.6375292,0.6222138067067594,0.195,0.206
11535951,0.6382983,0.6230171864195516,0.195,0.205
17367247,0.6389988,0.6237436718008919,0.194,0.205
724659,0.6396899,0.6244533988163076,0.194,0.204
10751438,0.6404718,0.6252631140089006,0.193,0.204
13369757,0.6410736,0.6258928811381219,0.193,0.203
3505764,0.6419483,0.6267964533984076,0.192,0.203
2366986,0.6424712,0.6273357355701528,0.192,0.202
11732381,0.6434281,0.6283324496020246,0.191,0.202
13605046,0.6438625,0.6287818599272421,0.191,0.201
2965541,0.6449114,0.6298666575653753,0.19,0.201
18961317,0.6452681,0.630231356394548,0.19,0.2
19390414,0.646398,0.6313992305661967,0.189,0.2
14091412,0.6466718,0.6316842249720702,0.189,0.199
2318274,0.6478881,0.6329374748432914,0.188,0.199
1218630,0.6480879,0.633140363474651,0.188,0.198
7817744,0.6493817,0.6344667779190545,0.187,0.198
7039047,0.6495086,0.6345999251800273,0.187,0.197
11149942,0.6508787,0.6360120218794773,0.186,0.197
890752,0.6509289,0.636062807903041,0.186,0.196
11630716,0.6523374,0.6375291138288502,0.186,0.195
15599129,0.6523791,0.637571827224926,0.185,0.195
5044262,0.6537612,0.638998740772297,0.185,0.194
12435916,0.653883,0.6391283626453163,0.184,0.194
16529207,0.6551646,0.6404717909185393,0.184,0.193
4204410,0.6553903,0.6407102399849093,0.183,0.193
6511606,0.6565824,0.6419482642675771,0.183,0.192
13770150,0.6569012,0.6422816433457996,0.182,0.192
16748919,0.6580051,0.6434281097268315,0.182,0.191
11176476,0.6584156,0.6438513606515817,0.181,0.191
4576581,0.6594368,0.6449113272963023,0.181,0.19
4270444,0.6599333,0.6454261361226884,0.18,0.19
5400853,0.6608689,0.6463980191611477,0.18,0.189
2961906,0.6614546,0.6470002473902677,0.179,0.189
11778268,0.6622993,0.6478881342287887,0.179,0.188
12244381,0.6629794,0.6486020508356856,0.178,0.188
2618807,0.6637238,0.6493816724992252,0.178,0.187
4550883,0.6645078,0.6501934824875587,0.177,0.187
8902834,0.6651663,0.6508786339724573,0.177,0.186
1423292,0.6660396,0.6517952348403975,0.176,0.186
5612867,0.6665975,0.6523790697410639,0.176,0.185
171154,0.667575,0.6533886591028532,0.175,0.185
14265085,0.6680537,0.6538829798050451,0.175,0.184
4014518,0.6691139,0.6549801929398844,0.174,0.184
12872854,0.6695165,0.6553903130718217,0.174,0.183
1339814,0.6706565,0.6565796972192455,0.173,0.183
19517428,0.6709655,0.6569011206339731,0.173,0.182
10479562,0.6722024,0.6581794058689228,0.172,0.182
3360800,0.6724315,0.658415453584078,0.172,0.181
9129044,0.6737519,0.6597907125340418,0.171,0.181
1139045,0.6738871,0.6599332608295575,0.171,0.18
13544168,0.6753051,0.6614065153461159,0.17,0.18
9718184,0.6753525,0.6614545423704116,0.17,0.179
18530005,0.6768226,0.6629793492992193,0.17,0.178
15338314,0.6768618,0.663019252603448,0.169,0.178
8419406,0.6783005,0.6645076816159806,0.169,0.177
5033136,0.6784222,0.6646327051568864,0.168,0.177
10055832,0.679765,0.6660395393206956,0.168,0.176
4479053,0.6799861,0.6662706310556841,0.167,0.176
3348069,0.681247,0.6675749224133641,0.167,0.175
14890898,0.6815538,0.6678969589390401,0.166,0.175
1044254,0.6827307,0.6691138308939862,0.166,0.174
8064418,0.6831248,0.669518892860599,0.165,0.174
1259816,0.6842146,0.6706563158551411,0.165,0.173
1806367,0.6846995,0.6711607528879825,0.164,0.173
1606291,0.6857044,0.6722023262042496,0.164,0.172
8847140,0.686278,0.6727983211387268,0.163,0.172
1606629,0.6871873,0.6737519130338906,0.163,0.171
7924999,0.68786,0.6744500931264438,0.162,0.171
19044393,0.688678,0.6753050763440643,0.162,0.17
6484818,0.6894456,0.6761100910193859,0.161,0.17
18185921,0.6901611,0.6768618161347708,0.161,0.169
12031469,0.691035,0.6777801030578193,0.16,0.169
5317235,0.691647,0.6784221324060098,0.16,0.168
6133710,0.692628,0.6794424512093971,0.159,0.168
8739751,0.6931554,0.6799860762503606,0.159,0.167
17741013,0.6942248,0.6811005075843357,0.158,0.167
12789553,0.6946583,0.681553596575244,0.158,0.166
16900474,0.695825,0.6827643885132846,0.157,0.166
11793396,0.696171,0.6831247444732391,0.157,0.165
6467525,0.6974291,0.6844301087750789,0.156,0.165
3821553,0.6976882,0.6846995199443459,0.156,0.164
184582,0.6990368,0.6861081934410004,0.155,0.164
2539122,0.6991959,0.6862779229885644,0.155,0.163
4148432,0.7006482,0.6878044159724803,0.154,0.163
1031067,0.7007012,0.6878599536058946,0.154,0.162
1837293,0.7022064,0.6894456117963363,0.154,0.161
7935224,0.7022634,0.6895067696134448,0.153,0.161
17276982,0.7037522,0.691034948652469,0.153,0.16
17458916,0.7038823,0.6911711103756051,0.152,0.16
19187089,0.7052882,0.6926279641742923,0.152,0.159
1049889,0.7055049,0.6928584427983324,0.151,0.159
3351582,0.7068001,0.6942246072692273,0.151,0.158
16370181,0.7071313,0.694573007565687,0.15,0.158
19558153,0.7083296,0.6958249801224321,0.15,0.157
3467574,0.7087614,0.6962687191713764,0.149,0.157
1841390,0.7098862,0.6974290316413276,0.149,0.156
1709388,0.7103952,0.6979585551304767,0.148,0.156
13697606,0.7114185,0.6990367618259139,0.148,0.155
18913211,0.7120328,0.6996790466369995,0.147,0.155
8747826,0.7129565,0.70064822176877,0.147,0.154
5255906,0.7136743,0.7014078151413267,0.146,0.154
4444530,0.7144815,0.7022633603773166,0.146,0.153
19374354,0.7153194,0.7031435322364029,0.145,0.153
17621960,0.7160283,0.7038822287441332,0.145,0.152
3340219,0.7169684,0.7048801689979018,0.144,0.152
9963808,0.7175598,0.7055048779617985,0.144,0.151
16701523,0.7186212,0.706619820221564,0.143,0.151
4722564,0.7191043,0.7071312058451545,0.143,0.15
265142,0.7202778,0.7083639164996024,0.142,0.15
3803160,0.7206522,0.7087613145793594,0.142,0.149
6417206,0.7219382,0.7101048961303196,0.141,0.149
9623771,0.7222077,0.710395204164413,0.141,0.148
1228246,0.7236025,0.7118425036508202,0.14,0.148
3000254,0.7237846,0.7120328235077364,0.14,0.147
15191844,0.7252705,0.7135846584108553,0.139,0.147
18628299,0.7253573,0.7136742237019087,0.139,0.146
5644029,0.7269424,0.7153162880996085,0.138,0.146
5602997,0.7269455,0.7153194047469298,0.138,0.145
2149110,0.7285384,0.7169684177353787,0.138,0.144
4418651,0.7286182,0.717048479806731,0.137,0.144
17053871,0.7301313,0.7186211604820973,0.137,0.143
11529556,0.7302979,0.7187935979363503,0.136,0.143
2175564,0.7317111,0.7202777862648229,0.136,0.142
15910845,0.7319814,0.7205575692276345,0.135,0.142
13341442,0.7333279,0.7219381928983972,0.135,0.141
18911739,0.7336688,0.7222937972485011,0.134,0.141
13218407,0.7349176,0.7236024314753994,0.134,0.14
17507697,0.73536,0.7240695198329641,0.133,0.14
5533181,0.7365035,0.7252705019958294,0.133,0.139
15857449,0.7370552,0.7258454978803222,0.132,0.139
10195575,0.7380941,0.7269424044596873,0.132,0.138
3316612,0.7387543,0.7276310813325394,0.131,0.138
18297328,0.7397032,0.7286181899595521,0.131,0.137
13081918,0.7404573,0.7294026654181003,0.13,0.137
4811119,0.7413136,0.7302978584954237,0.13,0.136
10874849,0.7421642,0.73116740309807,0.129,0.136
12088198,0.7429541,0.7319813589747232,0.129,0.135
2399561,0.7438751,0.7329447606450622,0.128,0.135
9356662,0.7445761,0.7336687424900296,0.128,0.134
2054879,0.7455899,0.734721658358843,0.127,0.134
16914875,0.7462138,0.7353600090413428,0.127,0.133
11860515,0.7473087,0.7364939066479314,0.126,0.133
16485815,0.7478553,0.7370552097212419,0.126,0.132
5871306,0.7490314,0.7382675855292328,0.125,0.132
3090035,0.7494969,0.738754293437148,0.125,0.131
7252053,0.7507581,0.7400653801078401,0.124,0.131
11595929,0.7511296,0.7404573112816399,0.124,0.13
11941312,0.7524888,0.7418689992404577,0.123,0.13
18185894,0.7527784,0.7421642121621388,0.123,0.129
7176517,0.7542234,0.7436556556368348,0.122,0.129
16604187,0.7544341,0.7438750982638026,0.122,0.128
4857964,0.7559621,0.7454728143028975,0.121,0.128
14018440,0.7560754,0.7455899184940523,0.121,0.127
12348292,0.7577048,0.7472775063796748,0.12,0.127
18232354,0.7577356,0.747308672852888,0.12,0.126
2660492,0.7593916,0.7490313613403096,0.12,0.125
15594312,0.7594515,0.7490924169722599,0.119,0.125
4451869,0.761042,0.7507580861414751,0.119,0.124
15387040,0.7612022,0.7509296039293054,0.118,0.124
682803,0.7626935,0.7524887450712267,0.118,0.123
2291972,0.7629569,0.7527589226291792,0.117,0.123
15563466,0.7643662,0.7542234403147221,0.117,0.122
7875005,0.7647157,0.7545823656824635,0.116,0.122
19318188,0.766038,0.7559620696868035,0.116,0.121
15264380,0.7664786,0.756419603732088,0.115,0.121
6592706,0.7677034,0.757704735372629,0.115,0.12
17043129,0.7682455,0.758273497962479,0.114,0.12
1579048,0.7693809,0.7594514373721983,0.114,0.119
15371702,0.7700165,0.7601188597321706,0.113,0.119
6178024,0.7710625,0.7612021756855117,0.113,0.118
13387183,0.7717916,0.761959878632644,0.112,0.118
16426650,0.7727377,0.76295689921999,0.112,0.117
18423665,0.7735707,0.7638267503781107,0.111,0.117
5995068,0.7744224,0.7647157101607914,0.111,0.116
18477338,0.7753541,0.7656827394042421,0.11,0.116
9693833,0.7761232,0.7664785574153368,0.11,0.115
4840599,0.7771414,0.767535100857262,0.109,0.115
11088975,0.777826,0.7682454920762052,0.109,0.114
3849884,0.778933,0.7694007463808317,0.108,0.114
8778750,0.779524,0.7700164630508176,0.108,0.113
12379507,0.7807285,0.7712683845149838,0.107,0.113
6156852,0.7812301,0.771791521431753,0.107,0.112
11346388,0.7825283,0.7731397524074057,0.106,0.112
6910143,0.782941,0.7735707183115905,0.106,0.111
397251,0.7843322,0.7750087700411918,0.105,0.111
16461798,0.7846648,0.7753539515051721,0.105,0.11
17857967,0.7861402,0.7768996042062273,0.104,0.11
6589438,0.7863711,0.7771413231976556,0.104,0.109
3016868,0.7879526,0.7787818548179842,0.103,0.109
5979935,0.788103,0.7789328333890413,0.103,0.108
7814135,0.7897689,0.7806749881490763,0.102,0.108
15246285,0.7898185,0.780728482079329,0.102,0.107
3430145,0.7915575,0.7825282181759398,0.102,0.106
17913937,0.7915895,0.7825606108710498,0.101,0.106
3720075,0.793293,0.7843321438640316,0.101,0.105
12705927,0.7934143,0.7844601818671006,0.1,0.105
3690814,0.7950187,0.7861402080510256,0.1,0.104
12981644,0.7952433,0.7863783505619213,0.099,0.104
18268306,0.7967539,0.7879524618295006,0.099,0.103
5338129,0.7970765,0.7882851256116165,0.098,0.103
13202089,0.7985106,0.7897688541068777,0.098,0.102
14589512,0.798914,0.7901837258486656,0.097,0.102
18898583,0.8002689,0.791589487068315,0.097,0.101
4745870,0.8007558,0.7921004128586941,0.096,0.101
11290471,0.8020305,0.7934142585286543,0.096,0.1
8454500,0.8026016,0.7940167933132485,0.095,0.1
16727219,0.8037931,0.7952432706730538,0.095,0.099
17261394,0.8044518,0.7959309256943251,0.094,0.099
18366109,0.8055608,0.7970765235015134,0.094,0.098
13544094,0.8063063,0.7978530796103108,0.093,0.098
15166115,0.8073194,0.7989139659214541,0.093,0.097
17475081,0.808165,0.7997898460039012,0.092,0.097
7784420,0.8090943,0.800755649025455,0.092,0.096
17164615,0.810028,0.8017163938816841,0.091,0.096
167802,0.8108766,0.8026015728135161,0.091,0.095
14074674,0.8118954,0.8036501969056904,0.09,0.095
18252496,0.8126572,0.8044517883782163,0.09,0.094
1223590,0.8137669,0.8056189472537586,0.089,0.094
18907658,0.8144157,0.8063062446269766,0.089,0.093
14113286,0.8156428,0.8075793184188645,0.088,0.093
9585114,0.816196,0.8081649415597971,0.088,0.092
1604903,0.8175231,0.8095384633620736,0.087,0.092
19258582,0.817999,0.810027981361836,0.087,0.091
4076771,0.8194077,0.8115010826006572,0.086,0.091
15476298,0.819782,0.8118952618479348,0.086,0.09
1950495,0.8212967,0.8134897079619712,0.085,0.09
6019321,0.8215641,0.8137668852032519,0.085,0.089
10930474,0.8231899,0.8154779756752318,0.084,0.089
157858,0.8233487,0.8156428003352082,0.084,0.088
16773572,0.8250875,0.8174472880416694,0.083,0.088
16398810,0.8251609,0.8175230583363827,0.083,0.087
5746118,0.8269546,0.8194076592067755,0.083,0.086
2601068,0.8269896,0.8194442414933666,0.082,0.086
13945581,0.8287643,0.8212966029463864,0.082,0.085
11626693,0.828896,0.8214359835020019,0.081,0.085
592893,0.8305885,0.8231898384626366,0.081,0.084
12658839,0.8308069,0.8234202659940976,0.08,0.084
6368428,0.8323962,0.825087519033263,0.08,0.083
15431741,0.832722,0.8254276934244975,0.079,0.083
6395974,0.8342265,0.8269895424731076,0.079,0.082
8887838,0.8346416,0.8274241870429833,0.078,0.082
8666424,0.8360475,0.8288959598747496,0.078,0.081
8520903,0.8365656,0.829424665882634,0.077,0.081
1942070,0.8379025,0.8308067201456097,0.077,0.08
10325895,0.8384941,0.831418655964747,0.076,0.08
6185926,0.8397412,0.8327219765634253,0.076,0.079
703137,0.8404271,0.8334342071152139,0.075,0.079
244952,0.8415876,0.834641575850459,0.075,0.078
13068793,0.8423644,0.8354375982318698,0.074,0.078
3464070,0.8434445,0.836565620191869,0.074,0.077
8078309,0.8443063,0.8374753235616391,0.073,0.077
10335404,0.8452971,0.8384941095876552,0.073,0.076
8071014,0.8462527,0.8394884222683122,0.072,0.076
5357535,0.8471521,0.8404270440378179,0.072,0.075
13959463,0.8482034,0.8415137831939545,0.071,0.075
11384195,0.8490154,0.8423644235423569,0.071,0.074
7936410,0.8501587,0.8435656100755383,0.07,0.074
10893775,0.8508706,0.8443062481012721,0.07,0.073
17901995,0.8521187,0.8456005764060397,0.069,0.073
8133785,0.8527569,0.8462526198997217,0.069,0.072
12865038,0.8540829,0.8476347763478554,0.068,0.072
11006195,0.8546259,0.8482033856599684,0.068,0.071
1930072,0.8560518,0.8496881870993894,0.067,0.071
11077921,0.8565008,0.8501586986597497,0.067,0.07
6460979,0.8580252,0.8517669397701263,0.066,0.07
9718137,0.8583612,0.8521185588990653,0.066,0.069
14445276,0.8600031,0.8538422181454886,0.065,0.069
4472289,0.8602417,0.8540828641927571,0.065,0.068
212358,0.8619857,0.8558780530498336,0.064,0.068
9608284,0.862153,0.8560517167259835,0.064,0.067
2610580,0.8639727,0.8579471492231322,0.063,0.067
2414276,0.8640444,0.8580251164987441,0.063,0.066
12532209,0.8659515,0.8600031146036181,0.063,0.065
12329719,0.8659644,0.8600166030444841,0.062,0.065
1085662,0.8678502,0.8619856088554475,0.062,0.064
6019209,0.8679606,0.8621004649731248,0.061,0.064
7413722,0.8697534,0.8639727014393903,0.061,0.063
478015,0.8699615,0.86418780119714,0.06,0.063
19051985,0.8716638,0.8659643412628676,0.06,0.062
2275613,0.871967,0.8662760059949989,0.059,0.062
340788,0.8735727,0.8679605794184582,0.059,0.061
5284040,0.873977,0.8683852609354213,0.058,0.061
10163803,0.8754851,0.8699614669987412,0.058,0.06
4407208,0.8759918,0.8704901730066256,0.057,0.06
3452383,0.8774048,0.8719669018185586,0.057,0.059
8887567,0.8780112,0.8725997345025223,0.056,0.059
3756752,0.8793266,0.8739770371556476,0.056,0.058
4073019,0.8800352,0.87470658809173,0.055,0.058
3386099,0.8812488,0.8759917197322707,0.055,0.057
4559752,0.8820639,0.8768418491548827,0.054,0.057
4149815,0.8831906,0.8780111028261656,0.054,0.056
7713023,0.8840972,0.8789502355214616,0.053,0.056
3811685,0.8851266,0.8800351353447528,0.053,0.055
378728,0.8861353,0.8810959194707381,0.052,0.055
17886818,0.8870646,0.8820638172880325,0.052,0.054
4431981,0.888178,0.8832120208167517,0.051,0.054
422601,0.8890212,0.8840971997485836,0.051,0.053
7419134,0.8902255,0.8853490701201707,0.05,0.053
14265064,0.8909716,0.8861352316338272,0.05,0.052
12523184,0.8922777,0.8874989436609284,0.049,0.052
15577126,0.8929334,0.8881780151289214,0.049,0.051
9795657,0.8943346,0.8896253146153286,0.048,0.051
14670318,0.8949133,0.890225448048708,0.048,0.05
10939896,0.8963962,0.8917756990818766,0.047,0.05
13468561,0.8968774,0.8922776325783451,0.047,0.049
3738273,0.8984626,0.8939419733405054,0.046,0.049
17837025,0.8988359,0.8943345687178328,0.046,0.048
16395824,0.9005338,0.8961081454139761,0.045,0.048
174066,0.9008075,0.8963962053745919,0.045,0.047
8674498,0.9026098,0.8982675221744347,0.044,0.047
10828701,0.9027943,0.8984625936412015,0.044,0.046
3617493,0.9046905,0.9004498905954605,0.043,0.046
19076456,0.9047678,0.9005337846102408,0.043,0.045
660151,0.9067586,0.9026097271891306,0.043,0.044
5583121,0.906776,0.9026263322773178,0.042,0.044
16857296,0.9087688,0.9046904724704499,0.042,0.043
2479863,0.9088663,0.9047880592964123,0.041,0.043
1592517,0.9107818,0.9067759693616196,0.041,0.042
12692661,0.9109615,0.9069629682008985,0.04,0.042
17301180,0.9127842,0.9088663200477981,0.04,0.041
422178,0.9130615,0.9091559638783641,0.039,0.041
10828827,0.9147943,0.9109614734364061,0.039,0.04
15301768,0.9151663,0.911346609297194,0.038,0.04
12080904,0.9168093,0.9130614806200228,0.038,0.039
1506922,0.917276,0.9135507431568899,0.037,0.039
14246115,0.9188248,0.9151662905060689,0.037,0.038
17548001,0.9193905,0.9157560010533247,0.036,0.038
4975301,0.9208437,0.9172759541871237,0.036,0.037
2321639,0.9215099,0.917978272778579,0.035,0.037
8730270,0.9228721,0.9193905227557662,0.035,0.036
9550613,0.9236342,0.9201921653208711,0.034,0.036
5441423,0.9248779,0.9215098940268381,0.034,0.035
4978389,0.9257634,0.9224316552452613,0.033,0.035
14668973,0.9269153,0.9236342212780768,0.033,0.034
10530896,0.9278975,0.924659802617105,0.032,0.034
7530842,0.9289623,0.9257634023243241,0.032,0.033
11547679,0.9300366,0.9268755855848215,0.031,0.033
6415247,0.9310103,0.9278975393507379,0.031,0.032
6537553,0.9321805,0.9291218197296447,0.03,0.032
16291694,0.933055,0.9300365301721605,0.03,0.031
15891817,0.9343294,0.9313687180779953,0.029,0.031
448000,0.935113,0.9321804769737497,0.029,0.03
15468956,0.9364835,0.9336221562764627,0.028,0.03
4804403,0.9371666,0.9343293797555057,0.028,0.029
8941094,0.9386421,0.9358629746079079,0.027,0.029
18249825,0.9392329,0.9364832385174282,0.027,0.028
2730157,0.9408059,0.9381224417307018,0.026,0.028
18205470,0.9413071,0.9386420532595176,0.026,0.027
15769760,0.9429748,0.9403579975265061,0.025,0.027
18520778,0.9434108,0.9408058750743524,0.025,0.026
15042821,0.9451484,0.9426065308373859,0.024,0.026
13068559,0.9454982,0.9429746528693541,0.024,0.025
16900070,0.9473272,0.9448740705876678,0.023,0.025
4118230,0.9475867,0.9451484377371016,0.023,0.024
18755193,0.949511,0.9471880023997162,0.022,0.024
18433790,0.9496425,0.9473272296775946,0.022,0.023
2172728,0.9516999,0.9494784316254072,0.021,0.023
14202998,0.9517307,0.9495110286908334,0.021,0.022
7008761,0.9538419,0.9516998858693969,0.021,0.021
6281612,0.9538938,0.9517518470222786,0.02,0.021
5909869,0.95596,0.9538937501207062,0.02,0.02
8320788,0.9560928,0.9540338970650072,0.019,0.02
10327981,0.9580764,0.9560927236299193,0.019,0.019
4849865,0.9582968,0.9563143632377857,0.018,0.019
7778826,0.9601916,0.9582967553044571,0.018,0.018
16595821,0.9605059,0.958621448644243,0.017,0.018
13817209,0.9622976,0.9605058451443197,0.017,0.017
11917358,0.9627202,0.9609398255106678,0.016,0.017
2562212,0.9644269,0.962720044242086,0.016,0.016
5415132,0.9649394,0.9632609102837815,0.015,0.016
3336203,0.9665439,0.9649393525977562,0.015,0.015
15931524,0.9671638,0.9655934908871787,0.014,0.015
15291981,0.9686447,0.9671637702113302,0.014,0.014
1091558,0.9693933,0.9679483478550365,0.013,0.014
19329865,0.970774,0.9693932970828079,0.013,0.013
16838585,0.971628,0.9702862931792327,0.012,0.013
18848083,0.9729107,0.9716279843047685,0.012,0.012
14898130,0.9738678,0.9726201000045268,0.011,0.012
2040164,0.9750467,0.9738678318772118,0.011,0.011
6104754,0.9761129,0.9749698477144808,0.01,0.011
12261679,0.9772054,0.976112788707559,0.01,0.01
4283053,0.978363,0.9773182670173798,0.009,0.01
17438815,0.9793741,0.9783629569809681,0.009,0.009
16552555,0.9806185,0.9796608617662684,0.008,0.009
710974,0.9815283,0.980618336697439,0.008,0.008
724319,0.9828789,0.9820116824203822,0.007,0.008
3912340,0.9837062,0.9828788767643928,0.007,0.007
15770228,0.9851447,0.9843963263618191,0.006,0.007
8899235,0.9858559,0.9851446793669875,0.006,0.006
17116344,0.9874157,0.9867942543738057,0.005,0.006
18694256,0.9880144,0.987415642320065,0.005,0.005
1248957,0.9896919,0.989184773961832,0.004,0.005
16585995,0.9901829,0.9896918678087834,0.004,0.004
4794916,0.9919734,0.9915537324815042,0.003,0.004
17323670,0.9923765,0.9919733558331427,0.003,0.003
13014878,0.9942601,0.9939565653810786,0.002,0.003
3806488,0.9945495,0.9942601063931429,0.002,0.002
18208927,0.9965521,0.9963562816333317,0.001,0.002
18444526,0.996736,0.996552119488784,0.001,0.001
6981422,0.9988494,0.9987926312647549,0.0,0.001
8392430,0.9989045,0.998849395120066,0.0,0.0
