,P,Exp P,Log P,Log Exp P
17241070,5.63e-10,5.779933204779912e-08,9.249,7.238
17241071,5.83e-10,1.1559866409559824e-07,9.234,6.937
17241073,9.68e-10,1.7339799614339737e-07,9.014,6.761
17241188,4.34e-09,2.3119732819119649e-07,8.363,6.636
7973604,1.91e-07,2.889966602389956e-07,6.719,6.539
7973545,2.05e-07,3.4679599228679474e-07,6.688,6.46
5670880,2.9e-07,4.045953243345939e-07,6.538,6.393
5772876,3.61e-07,4.6239465638239297e-07,6.442,6.335
7973357,3.82e-07,5.201939884301921e-07,6.418,6.284
7973308,4.04e-07,5.779933204779912e-07,6.394,6.238
7973141,4.16e-07,6.357926525257903e-07,6.381,6.197
16194148,4.22e-07,6.935919845735895e-07,6.375,6.159
5772790,5.54e-07,7.513913166213886e-07,6.256,6.124
16193547,5.71e-07,8.091906486691878e-07,6.243,6.092
1187672,6.21e-07,8.669899807169868e-07,6.207,6.062
13891708,6.77e-07,9.247893127647859e-07,6.169,6.034
8655736,8.01e-07,9.825886448125852e-07,6.096,6.008
4118343,8.32e-07,1.0403879768603841e-06,6.08,5.983
3404685,8.65e-07,1.0981873089081833e-06,6.063,5.959
4118527,8.72e-07,1.1559866409559824e-06,6.059,5.937
4118666,9.98e-07,1.2137859730037815e-06,6.001,5.916
3405093,1.11e-06,1.2715853050515807e-06,5.955,5.896
16195178,1.13e-06,1.3293846370993798e-06,5.947,5.876
4118623,1.15e-06,1.387183969147179e-06,5.939,5.858
2790533,1.16e-06,1.4449833011949781e-06,5.936,5.84
16195082,1.19e-06,1.5027826332427773e-06,5.924,5.823
16195100,1.2e-06,1.5605819652905764e-06,5.921,5.807
4118606,1.21e-06,1.6183812973383755e-06,5.917,5.791
15107044,1.23e-06,1.6761806293861745e-06,5.91,5.776
8082322,1.28e-06,1.7339799614339736e-06,5.893,5.761
3404948,1.34e-06,1.7917792934817728e-06,5.873,5.747
5493652,1.37e-06,1.8495786255295719e-06,5.863,5.733
3401014,1.42e-06,1.9073779575773712e-06,5.848,5.72
11503502,1.42e-06,1.9651772896251704e-06,5.848,5.707
5772760,1.43e-06,2.022976621672969e-06,5.845,5.694
5772708,1.45e-06,2.0807759537207682e-06,5.839,5.682
5772677,1.46e-06,2.1385752857685674e-06,5.836,5.67
4118447,1.56e-06,2.1963746178163665e-06,5.807,5.658
4118434,1.64e-06,2.2541739498641657e-06,5.785,5.647
7973060,1.73e-06,2.311973281911965e-06,5.762,5.636
5271930,1.73e-06,2.369772613959764e-06,5.762,5.625
12560685,1.78e-06,2.427571946007563e-06,5.75,5.615
4179820,2.02e-06,2.4853712780553622e-06,5.695,5.605
13890973,2.11e-06,2.5431706101031614e-06,5.676,5.595
12517300,2.13e-06,2.6009699421509605e-06,5.672,5.585
10523758,2.55e-06,2.6587692741987597e-06,5.593,5.575
16195140,2.61e-06,2.716568606246559e-06,5.583,5.566
4118315,2.64e-06,2.774367938294358e-06,5.578,5.557
10379707,2.74e-06,2.832167270342157e-06,5.562,5.548
14538291,2.85e-06,2.8899666023899562e-06,5.545,5.539
14893200,2.87e-06,2.9477659344377554e-06,5.542,5.531
3404315,2.88e-06,3.0055652664855545e-06,5.541,5.522
4179426,2.89e-06,3.0633645985333537e-06,5.539,5.514
16194939,3.15e-06,3.121163930581153e-06,5.502,5.506
16194965,3.34e-06,3.178963262628952e-06,5.476,5.498
16194947,3.4e-06,3.236762594676751e-06,5.469,5.49
12559510,3.53e-06,3.29456192672455e-06,5.452,5.482
12559598,3.61e-06,3.352361258772349e-06,5.442,5.475
16194080,3.62e-06,3.410160590820148e-06,5.441,5.467
3719044,3.63e-06,3.4679599228679472e-06,5.44,5.46
2522486,3.7e-06,3.5257592549157464e-06,5.432,5.453
2440257,3.73e-06,3.5835585869635455e-06,5.428,5.446
10094007,3.88e-06,3.6413579190113446e-06,5.411,5.439
5772718,3.89e-06,3.6991572510591438e-06,5.41,5.432
12992116,4.02e-06,3.756956583106943e-06,5.396,5.425
8211855,4.13e-06,3.8147559151547425e-06,5.384,5.419
12560816,4.51e-06,3.872555247202542e-06,5.346,5.412
12560767,4.52e-06,3.930354579250341e-06,5.345,5.406
14893201,4.59e-06,3.988153911298139e-06,5.338,5.399
12561249,4.62e-06,4.045953243345938e-06,5.335,5.393
14538206,4.71e-06,4.103752575393737e-06,5.327,5.387
7973156,4.74e-06,4.1615519074415365e-06,5.324,5.381
2083594,4.82e-06,4.219351239489336e-06,5.317,5.375
5025810,4.85e-06,4.277150571537135e-06,5.314,5.369
7973197,4.96e-06,4.334949903584934e-06,5.305,5.363
12108200,4.98e-06,4.392749235632733e-06,5.303,5.357
1188892,5.01e-06,4.450548567680532e-06,5.3,5.352
12108199,5.05e-06,4.508347899728331e-06,5.297,5.346
12560243,5.13e-06,4.5661472317761305e-06,5.29,5.34
8349436,5.15e-06,4.62394656382393e-06,5.288,5.335
16195055,5.41e-06,4.681745895871729e-06,5.267,5.33
3977572,5.44e-06,4.739545227919528e-06,5.264,5.324
8655606,5.45e-06,4.797344559967327e-06,5.264,5.319
16194525,5.49e-06,4.855143892015126e-06,5.26,5.314
12560328,5.58e-06,4.912943224062925e-06,5.253,5.309
12108236,5.64e-06,4.9707425561107245e-06,5.249,5.304
10295150,5.73e-06,5.028541888158524e-06,5.242,5.299
14121154,5.78e-06,5.086341220206323e-06,5.238,5.294
7973027,5.94e-06,5.144140552254122e-06,5.226,5.289
5272361,6e-06,5.201939884301921e-06,5.222,5.284
2088267,6.03e-06,5.25973921634972e-06,5.22,5.279
7973069,6.09e-06,5.317538548397519e-06,5.215,5.274
7973142,6.09e-06,5.3753378804453185e-06,5.215,5.27
14893198,6.13e-06,5.433137212493118e-06,5.213,5.265
7973010,6.15e-06,5.490936544540917e-06,5.211,5.26
2500809,6.29e-06,5.548735876588716e-06,5.201,5.256
14538122,6.35e-06,5.606535208636515e-06,5.197,5.251
8490438,6.35e-06,5.664334540684314e-06,5.197,5.247
16194898,6.44e-06,5.722133872732113e-06,5.191,5.242
5493925,6.55e-06,5.7799332047799125e-06,5.184,5.238
15106422,6.65e-06,5.837732536827712e-06,5.177,5.234
10966794,7.07e-06,5.895531868875511e-06,5.151,5.229
10568774,7.46e-06,5.95333120092331e-06,5.127,5.225
10938734,7.67e-06,6.011130532971109e-06,5.115,5.221
1266072,7.73e-06,6.068929865018908e-06,5.112,5.217
4159303,7.84e-06,6.126729197066707e-06,5.106,5.213
10568509,7.85e-06,6.1845285291145064e-06,5.105,5.209
4118853,7.9e-06,6.242327861162306e-06,5.102,5.205
16031403,7.9e-06,6.300127193210105e-06,5.102,5.201
4179905,7.92e-06,6.357926525257904e-06,5.101,5.197
5025809,8.06e-06,6.415725857305703e-06,5.094,5.193
10965817,8.11e-06,6.473525189353502e-06,5.091,5.189
1999007,8.25e-06,6.531324521401301e-06,5.084,5.185
419898,8.31e-06,6.5891238534491e-06,5.08,5.181
10568705,8.41e-06,6.646923185496899e-06,5.075,5.177
10698841,8.43e-06,6.704722517544698e-06,5.074,5.174
17241116,8.48e-06,6.762521849592497e-06,5.072,5.17
17241117,8.54e-06,6.820321181640296e-06,5.069,5.166
2523226,8.64e-06,6.878120513688095e-06,5.063,5.163
14121217,8.81e-06,6.9359198457358944e-06,5.055,5.159
15578874,8.83e-06,6.9937191777836936e-06,5.054,5.155
419885,8.84e-06,7.051518509831493e-06,5.054,5.152
14747792,8.9e-06,7.109317841879292e-06,5.051,5.148
8212277,8.98e-06,7.167117173927091e-06,5.047,5.145
12518952,9.01e-06,7.22491650597489e-06,5.045,5.141
1251840,9.25e-06,7.282715838022689e-06,5.034,5.138
770976,9.26e-06,7.3405151700704884e-06,5.033,5.134
17241124,9.32e-06,7.3983145021182876e-06,5.031,5.131
12560456,9.33e-06,7.456113834166087e-06,5.03,5.127
419830,9.46e-06,7.513913166213886e-06,5.024,5.124
419854,9.49e-06,7.571712498261685e-06,5.023,5.121
4118952,9.66e-06,7.629511830309485e-06,5.015,5.118
2500760,9.69e-06,7.687311162357283e-06,5.014,5.114
15106841,9.85e-06,7.745110494405083e-06,5.007,5.111
17241076,9.93e-06,7.802909826452882e-06,5.003,5.108
1047295,1.02e-05,7.860709158500682e-06,4.991,5.105
16441074,1.05e-05,7.91850849054848e-06,4.979,5.101
8054768,1.06e-05,7.976307822596278e-06,4.975,5.098
10567350,1.06e-05,8.034107154644078e-06,4.975,5.095
12561965,1.06e-05,8.091906486691876e-06,4.975,5.092
7781637,1.08e-05,8.149705818739676e-06,4.967,5.089
1045933,1.09e-05,8.207505150787475e-06,4.963,5.086
17241084,1.12e-05,8.265304482835275e-06,4.951,5.083
2994934,1.12e-05,8.323103814883073e-06,4.951,5.08
17241077,1.12e-05,8.380903146930873e-06,4.951,5.077
12560124,1.13e-05,8.438702478978671e-06,4.947,5.074
16441080,1.13e-05,8.496501811026471e-06,4.947,5.071
12108248,1.14e-05,8.55430114307427e-06,4.943,5.068
15937169,1.14e-05,8.61210047512207e-06,4.943,5.065
16193791,1.14e-05,8.669899807169868e-06,4.943,5.062
5272384,1.15e-05,8.727699139217668e-06,4.939,5.059
14603916,1.16e-05,8.785498471265466e-06,4.936,5.056
5272453,1.16e-05,8.843297803313266e-06,4.936,5.053
14951914,1.16e-05,8.901097135361064e-06,4.936,5.051
12108226,1.18e-05,8.958896467408864e-06,4.928,5.048
17277138,1.19e-05,9.016695799456663e-06,4.924,5.045
5272452,1.19e-05,9.074495131504463e-06,4.924,5.042
5272292,1.2e-05,9.132294463552261e-06,4.921,5.039
17241083,1.21e-05,9.190093795600061e-06,4.917,5.037
17241133,1.21e-05,9.24789312764786e-06,4.917,5.034
11382445,1.23e-05,9.30569245969566e-06,4.91,5.031
5272392,1.24e-05,9.363491791743458e-06,4.907,5.029
2523478,1.25e-05,9.421291123791258e-06,4.903,5.026
17241086,1.25e-05,9.479090455839056e-06,4.903,5.023
17241078,1.26e-05,9.536889787886856e-06,4.9,5.021
1251772,1.27e-05,9.594689119934654e-06,4.896,5.018
13395775,1.27e-05,9.652488451982454e-06,4.896,5.015
17241184,1.27e-05,9.710287784030252e-06,4.896,5.013
17241110,1.28e-05,9.768087116078052e-06,4.893,5.01
6330622,1.28e-05,9.82588644812585e-06,4.893,5.008
5750588,1.3e-05,9.88368578017365e-06,4.886,5.005
5750595,1.3e-05,9.941485112221449e-06,4.886,5.003
5750570,1.3e-05,9.999284444269249e-06,4.886,5.0
5750567,1.3e-05,1.0057083776317047e-05,4.886,4.998
11520291,1.31e-05,1.0114883108364847e-05,4.883,4.995
14940429,1.31e-05,1.0172682440412646e-05,4.883,4.993
17241104,1.32e-05,1.0230481772460445e-05,4.879,4.99
17241094,1.33e-05,1.0288281104508244e-05,4.876,4.988
11782032,1.33e-05,1.0346080436556044e-05,4.876,4.985
10567759,1.33e-05,1.0403879768603842e-05,4.876,4.983
17241135,1.34e-05,1.0461679100651642e-05,4.873,4.98
17241107,1.36e-05,1.051947843269944e-05,4.866,4.978
323331,1.37e-05,1.0577277764747239e-05,4.863,4.976
5750676,1.37e-05,1.0635077096795039e-05,4.863,4.973
12561017,1.37e-05,1.0692876428842837e-05,4.863,4.971
12108247,1.38e-05,1.0750675760890637e-05,4.86,4.969
5750706,1.38e-05,1.0808475092938435e-05,4.86,4.966
17241382,1.38e-05,1.0866274424986235e-05,4.86,4.964
12561216,1.39e-05,1.0924073757034034e-05,4.857,4.962
5750593,1.4e-05,1.0981873089081833e-05,4.854,4.959
5750590,1.4e-05,1.1039672421129632e-05,4.854,4.957
14716483,1.42e-05,1.1097471753177432e-05,4.848,4.955
1635427,1.42e-05,1.115527108522523e-05,4.848,4.953
12561069,1.42e-05,1.121307041727303e-05,4.848,4.95
1813621,1.43e-05,1.1270869749320828e-05,4.845,4.948
8790492,1.44e-05,1.1328669081368628e-05,4.842,4.946
14893245,1.45e-05,1.1386468413416427e-05,4.839,4.944
3958816,1.45e-05,1.1444267745464227e-05,4.839,4.941
16441097,1.45e-05,1.1502067077512025e-05,4.839,4.939
17241132,1.47e-05,1.1559866409559825e-05,4.833,4.937
8655810,1.5e-05,1.1617665741607623e-05,4.824,4.935
7620757,1.5e-05,1.1675465073655423e-05,4.824,4.933
12560454,1.5e-05,1.1733264405703221e-05,4.824,4.931
5750727,1.51e-05,1.1791063737751021e-05,4.821,4.928
17277175,1.53e-05,1.184886306979882e-05,4.815,4.926
10680062,1.54e-05,1.190666240184662e-05,4.812,4.924
1251561,1.54e-05,1.1964461733894418e-05,4.812,4.922
17241126,1.55e-05,1.2022261065942218e-05,4.81,4.92
17241127,1.55e-05,1.2080060397990016e-05,4.81,4.918
17241136,1.55e-05,1.2137859730037816e-05,4.81,4.916
12560948,1.56e-05,1.2195659062085615e-05,4.807,4.914
17241172,1.56e-05,1.2253458394133415e-05,4.807,4.912
17241189,1.56e-05,1.2311257726181213e-05,4.807,4.91
14537957,1.57e-05,1.2369057058229013e-05,4.804,4.908
16441079,1.59e-05,1.2426856390276811e-05,4.799,4.906
9454149,1.59e-05,1.2484655722324611e-05,4.799,4.904
1635396,1.59e-05,1.254245505437241e-05,4.799,4.902
11264566,1.6e-05,1.260025438642021e-05,4.796,4.9
17241129,1.6e-05,1.2658053718468008e-05,4.796,4.898
17241139,1.61e-05,1.2715853050515808e-05,4.793,4.896
17241194,1.61e-05,1.2773652382563606e-05,4.793,4.894
16041561,1.62e-05,1.2831451714611406e-05,4.79,4.892
4306652,1.62e-05,1.2889251046659204e-05,4.79,4.89
17241096,1.62e-05,1.2947050378707004e-05,4.79,4.888
17241211,1.63e-05,1.3004849710754803e-05,4.788,4.886
17241209,1.63e-05,1.3062649042802603e-05,4.788,4.884
1046561,1.63e-05,1.3120448374850401e-05,4.788,4.882
17241093,1.64e-05,1.31782477068982e-05,4.785,4.88
14537956,1.64e-05,1.3236047038946e-05,4.785,4.878
17241197,1.66e-05,1.3293846370993797e-05,4.78,4.876
17241196,1.66e-05,1.3351645703041597e-05,4.78,4.874
12108160,1.66e-05,1.3409445035089396e-05,4.78,4.873
17241148,1.67e-05,1.3467244367137196e-05,4.777,4.871
14942742,1.67e-05,1.3525043699184994e-05,4.777,4.869
17241145,1.7e-05,1.3582843031232794e-05,4.77,4.867
1813921,1.7e-05,1.3640642363280592e-05,4.77,4.865
17241191,1.71e-05,1.3698441695328392e-05,4.767,4.863
12108181,1.71e-05,1.375624102737619e-05,4.767,4.862
1046864,1.71e-05,1.381404035942399e-05,4.767,4.86
17241187,1.72e-05,1.3871839691471789e-05,4.764,4.858
15106312,1.73e-05,1.3929639023519589e-05,4.762,4.856
4413318,1.74e-05,1.3987438355567387e-05,4.759,4.854
12361421,1.74e-05,1.4045237687615187e-05,4.759,4.852
8082082,1.76e-05,1.4103037019662985e-05,4.754,4.851
2393908,1.76e-05,1.4160836351710785e-05,4.754,4.849
17241140,1.79e-05,1.4218635683758584e-05,4.747,4.847
16193685,1.79e-05,1.4276435015806384e-05,4.747,4.845
6330727,1.8e-05,1.4334234347854182e-05,4.745,4.844
5766835,1.81e-05,1.4392033679901982e-05,4.742,4.842
17241147,1.83e-05,1.444983301194978e-05,4.738,4.84
12108148,1.84e-05,1.450763234399758e-05,4.735,4.838
17241143,1.85e-05,1.4565431676045379e-05,4.733,4.837
17241141,1.85e-05,1.4623231008093179e-05,4.733,4.835
12623134,1.87e-05,1.4681030340140977e-05,4.728,4.833
17277122,1.88e-05,1.4738829672188777e-05,4.726,4.832
2664019,1.88e-05,1.4796629004236575e-05,4.726,4.83
17241190,1.88e-05,1.4854428336284375e-05,4.726,4.828
11413509,1.89e-05,1.4912227668332173e-05,4.724,4.826
15039769,1.89e-05,1.4970027000379973e-05,4.724,4.825
5013044,1.9e-05,1.5027826332427772e-05,4.721,4.823
5838951,1.91e-05,1.5085625664475572e-05,4.719,4.821
17241158,1.91e-05,1.514342499652337e-05,4.719,4.82
14893247,1.92e-05,1.520122432857117e-05,4.717,4.818
5883336,1.92e-05,1.525902366061897e-05,4.717,4.816
16193828,1.94e-05,1.5316822992666767e-05,4.712,4.815
8490426,1.95e-05,1.5374622324714567e-05,4.71,4.813
7972974,1.97e-05,1.5432421656762367e-05,4.706,4.812
5750531,1.98e-05,1.5490220988810167e-05,4.703,4.81
17241294,1.98e-05,1.5548020320857963e-05,4.703,4.808
17241161,1.99e-05,1.5605819652905763e-05,4.701,4.807
2051491,1.99e-05,1.5663618984953563e-05,4.701,4.805
4902557,2e-05,1.5721418317001363e-05,4.699,4.804
17241157,2e-05,1.577921764904916e-05,4.699,4.802
5750583,2e-05,1.583701698109696e-05,4.699,4.8
5753247,2.01e-05,1.589481631314476e-05,4.697,4.799
1046220,2.01e-05,1.5952615645192556e-05,4.697,4.797
16194370,2.01e-05,1.6010414977240356e-05,4.697,4.796
17241168,2.02e-05,1.6068214309288156e-05,4.695,4.794
5750477,2.02e-05,1.6126013641335956e-05,4.695,4.792
16193933,2.03e-05,1.6183812973383753e-05,4.693,4.791
6827523,2.03e-05,1.6241612305431553e-05,4.693,4.789
17241149,2.04e-05,1.6299411637479353e-05,4.69,4.788
17241150,2.04e-05,1.6357210969527153e-05,4.69,4.786
987715,2.04e-05,1.641501030157495e-05,4.69,4.785
17241151,2.06e-05,1.647280963362275e-05,4.686,4.783
17241338,2.06e-05,1.653060896567055e-05,4.686,4.782
17241159,2.07e-05,1.658840829771835e-05,4.684,4.78
17241156,2.08e-05,1.6646207629766146e-05,4.682,4.779
17241169,2.09e-05,1.6704006961813946e-05,4.68,4.777
7973215,2.09e-05,1.6761806293861746e-05,4.68,4.776
5750532,2.09e-05,1.6819605625909546e-05,4.68,4.774
5272432,2.1e-05,1.6877404957957343e-05,4.678,4.773
9618686,2.12e-05,1.6935204290005143e-05,4.674,4.771
5882115,2.14e-05,1.6993003622052943e-05,4.67,4.77
3018996,2.15e-05,1.7050802954100742e-05,4.668,4.768
15106593,2.15e-05,1.710860228614854e-05,4.668,4.767
5883765,2.16e-05,1.716640161819634e-05,4.666,4.765
17241259,2.16e-05,1.722420095024414e-05,4.666,4.764
12108154,2.18e-05,1.728200028229194e-05,4.662,4.762
2122348,2.2e-05,1.7339799614339736e-05,4.658,4.761
3823897,2.2e-05,1.7397598946387536e-05,4.658,4.76
647214,2.2e-05,1.7455398278435336e-05,4.658,4.758
17241215,2.21e-05,1.7513197610483136e-05,4.656,4.757
17241174,2.24e-05,1.7570996942530932e-05,4.65,4.755
12108162,2.25e-05,1.7628796274578732e-05,4.648,4.754
11413159,2.25e-05,1.7686595606626532e-05,4.648,4.752
2433377,2.26e-05,1.7744394938674332e-05,4.646,4.751
13853858,2.26e-05,1.780219427072213e-05,4.646,4.75
12559294,2.27e-05,1.785999360276993e-05,4.644,4.748
7749744,2.28e-05,1.791779293481773e-05,4.642,4.747
14753793,2.28e-05,1.797559226686553e-05,4.642,4.745
17241154,2.28e-05,1.8033391598913325e-05,4.642,4.744
12561381,2.29e-05,1.8091190930961125e-05,4.64,4.743
323332,2.31e-05,1.8148990263008925e-05,4.636,4.741
12108166,2.33e-05,1.8206789595056725e-05,4.633,4.74
10680066,2.34e-05,1.8264588927104522e-05,4.631,4.738
7973549,2.35e-05,1.8322388259152322e-05,4.629,4.737
1396451,2.38e-05,1.8380187591200122e-05,4.623,4.736
12108161,2.39e-05,1.843798692324792e-05,4.622,4.734
3824080,2.4e-05,1.849578625529572e-05,4.62,4.733
6135873,2.41e-05,1.855358558734352e-05,4.618,4.732
5839114,2.42e-05,1.861138491939132e-05,4.616,4.73
17241230,2.42e-05,1.8669184251439115e-05,4.616,4.729
3824263,2.42e-05,1.8726983583486915e-05,4.616,4.728
17241166,2.42e-05,1.8784782915534715e-05,4.616,4.726
4229798,2.43e-05,1.8842582247582515e-05,4.614,4.725
13195505,2.45e-05,1.890038157963031e-05,4.611,4.724
13195506,2.48e-05,1.895818091167811e-05,4.606,4.722
12632166,2.49e-05,1.901598024372591e-05,4.604,4.721
8609531,2.5e-05,1.907377957577371e-05,4.602,4.72
8657149,2.51e-05,1.9131578907821508e-05,4.6,4.718
8082162,2.51e-05,1.9189378239869308e-05,4.6,4.717
13130844,2.52e-05,1.9247177571917108e-05,4.599,4.716
8081790,2.52e-05,1.9304976903964908e-05,4.599,4.714
12528540,2.53e-05,1.9362776236012705e-05,4.597,4.713
14542265,2.54e-05,1.9420575568060505e-05,4.595,4.712
3447451,2.55e-05,1.9478374900108305e-05,4.593,4.71
1635656,2.55e-05,1.9536174232156105e-05,4.593,4.709
1373108,2.56e-05,1.95939735642039e-05,4.592,4.708
5272495,2.57e-05,1.96517728962517e-05,4.59,4.707
12082456,2.57e-05,1.97095722282995e-05,4.59,4.705
13195493,2.58e-05,1.97673715603473e-05,4.588,4.704
13195481,2.63e-05,1.9825170892395098e-05,4.58,4.703
4902483,2.64e-05,1.9882970224442898e-05,4.578,4.702
4902723,2.66e-05,1.9940769556490698e-05,4.575,4.7
8211744,2.67e-05,1.9998568888538498e-05,4.573,4.699
5766939,2.68e-05,2.0056368220586294e-05,4.572,4.698
12827852,2.68e-05,2.0114167552634094e-05,4.572,4.696
16441078,2.69e-05,2.0171966884681894e-05,4.57,4.695
2790482,2.7e-05,2.0229766216729694e-05,4.569,4.694
13853849,2.7e-05,2.028756554877749e-05,4.569,4.693
12108149,2.7e-05,2.034536488082529e-05,4.569,4.692
8152811,2.7e-05,2.040316421287309e-05,4.569,4.69
17241255,2.8e-05,2.046096354492089e-05,4.553,4.689
13130869,2.81e-05,2.0518762876968688e-05,4.551,4.688
11025940,2.81e-05,2.0576562209016488e-05,4.551,4.687
3979104,2.81e-05,2.0634361541064288e-05,4.551,4.685
2616487,2.84e-05,2.0692160873112088e-05,4.547,4.684
13860860,2.86e-05,2.0749960205159884e-05,4.544,4.683
14952176,2.87e-05,2.0807759537207684e-05,4.542,4.682
6729283,2.87e-05,2.0865558869255484e-05,4.542,4.681
12108151,2.9e-05,2.0923358201303284e-05,4.538,4.679
12081991,2.91e-05,2.098115753335108e-05,4.536,4.678
14014089,2.91e-05,2.103895686539888e-05,4.536,4.677
1045817,2.93e-05,2.109675619744668e-05,4.533,4.676
5882624,2.93e-05,2.1154555529494477e-05,4.533,4.675
10197338,2.93e-05,2.1212354861542277e-05,4.533,4.673
2790550,2.93e-05,2.1270154193590077e-05,4.533,4.672
10314559,2.94e-05,2.1327953525637877e-05,4.532,4.671
8789570,2.97e-05,2.1385752857685674e-05,4.527,4.67
986477,2.98e-05,2.1443552189733474e-05,4.526,4.669
4180602,2.98e-05,2.1501351521781274e-05,4.526,4.668
1645001,3e-05,2.1559150853829074e-05,4.523,4.666
16372494,3.02e-05,2.161695018587687e-05,4.52,4.665
7973077,3.03e-05,2.167474951792467e-05,4.519,4.664
8116421,3.04e-05,2.173254884997247e-05,4.517,4.663
2396926,3.05e-05,2.179034818202027e-05,4.516,4.662
16441077,3.05e-05,2.1848147514068067e-05,4.516,4.661
3064779,3.08e-05,2.1905946846115867e-05,4.511,4.659
4902800,3.09e-05,2.1963746178163667e-05,4.51,4.658
6406875,3.09e-05,2.2021545510211467e-05,4.51,4.657
13864259,3.09e-05,2.2079344842259264e-05,4.51,4.656
17241142,3.09e-05,2.2137144174307064e-05,4.51,4.655
13195525,3.1e-05,2.2194943506354864e-05,4.509,4.654
8838001,3.1e-05,2.2252742838402664e-05,4.509,4.653
11413066,3.11e-05,2.231054217045046e-05,4.507,4.651
1921797,3.13e-05,2.236834150249826e-05,4.504,4.65
3259498,3.14e-05,2.242614083454606e-05,4.503,4.649
4153337,3.15e-05,2.248394016659386e-05,4.502,4.648
14014178,3.19e-05,2.2541739498641657e-05,4.496,4.647
15423161,3.2e-05,2.2599538830689457e-05,4.495,4.646
3979118,3.21e-05,2.2657338162737257e-05,4.493,4.645
1743281,3.23e-05,2.2715137494785057e-05,4.491,4.644
5429009,3.24e-05,2.2772936826832853e-05,4.489,4.643
1644713,3.26e-05,2.2830736158880653e-05,4.487,4.641
15106716,3.26e-05,2.2888535490928453e-05,4.487,4.64
14816573,3.26e-05,2.2946334822976253e-05,4.487,4.639
14863847,3.27e-05,2.300413415502405e-05,4.485,4.638
13195467,3.27e-05,2.306193348707185e-05,4.485,4.637
13195445,3.29e-05,2.311973281911965e-05,4.483,4.636
2790513,3.29e-05,2.317753215116745e-05,4.483,4.635
13195632,3.29e-05,2.3235331483215246e-05,4.483,4.634
16441086,3.32e-05,2.3293130815263046e-05,4.479,4.633
6085527,3.38e-05,2.3350930147310846e-05,4.471,4.632
6085528,3.38e-05,2.3408729479358646e-05,4.471,4.631
2068715,3.38e-05,2.3466528811406443e-05,4.471,4.63
10184817,3.38e-05,2.3524328143454243e-05,4.471,4.628
2357324,3.4e-05,2.3582127475502043e-05,4.469,4.627
3912170,3.43e-05,2.363992680754984e-05,4.465,4.626
9533570,3.43e-05,2.369772613959764e-05,4.465,4.625
1921748,3.45e-05,2.375552547164544e-05,4.462,4.624
17059172,3.45e-05,2.381332480369324e-05,4.462,4.623
3912092,3.47e-05,2.3871124135741036e-05,4.46,4.622
17139456,3.47e-05,2.3928923467788836e-05,4.46,4.621
10184811,3.47e-05,2.3986722799836636e-05,4.46,4.62
17139451,3.49e-05,2.4044522131884436e-05,4.457,4.619
11170655,3.51e-05,2.4102321463932233e-05,4.455,4.618
5271538,3.54e-05,2.4160120795980033e-05,4.451,4.617
2985027,3.56e-05,2.4217920128027833e-05,4.449,4.616
4902783,3.59e-05,2.4275719460075633e-05,4.445,4.615
1921860,3.59e-05,2.433351879212343e-05,4.445,4.614
3065278,3.61e-05,2.439131812417123e-05,4.442,4.613
8656620,3.62e-05,2.444911745621903e-05,4.441,4.612
8490446,3.62e-05,2.450691678826683e-05,4.441,4.611
5537699,3.64e-05,2.4564716120314626e-05,4.439,4.61
16441090,3.65e-05,2.4622515452362426e-05,4.438,4.609
13195624,3.65e-05,2.4680314784410226e-05,4.438,4.608
4902678,3.67e-05,2.4738114116458026e-05,4.435,4.607
1049202,3.68e-05,2.4795913448505822e-05,4.434,4.606
13706183,3.72e-05,2.4853712780553622e-05,4.429,4.605
16441091,3.73e-05,2.4911512112601422e-05,4.428,4.604
4902810,3.76e-05,2.4969311444649222e-05,4.425,4.603
6815219,3.76e-05,2.502711077669702e-05,4.425,4.602
898254,3.76e-05,2.508491010874482e-05,4.425,4.601
12147469,3.76e-05,2.514270944079262e-05,4.425,4.6
4902660,3.78e-05,2.520050877284042e-05,4.423,4.599
13195580,3.78e-05,2.5258308104888216e-05,4.423,4.598
10905649,3.78e-05,2.5316107436936015e-05,4.423,4.597
11025902,3.78e-05,2.5373906768983815e-05,4.423,4.596
4902677,3.79e-05,2.5431706101031615e-05,4.421,4.595
4902624,3.79e-05,2.5489505433079412e-05,4.421,4.594
11025913,3.8e-05,2.5547304765127212e-05,4.42,4.593
13195583,3.8e-05,2.5605104097175012e-05,4.42,4.592
1543430,3.8e-05,2.5662903429222812e-05,4.42,4.591
12108182,3.84e-05,2.572070276127061e-05,4.416,4.59
4902770,3.84e-05,2.577850209331841e-05,4.416,4.589
1921833,3.85e-05,2.583630142536621e-05,4.415,4.588
4902667,3.85e-05,2.589410075741401e-05,4.415,4.587
4902592,3.86e-05,2.5951900089461805e-05,4.413,4.586
985900,3.86e-05,2.6009699421509605e-05,4.413,4.585
12782617,3.87e-05,2.6067498753557405e-05,4.412,4.584
6729197,3.87e-05,2.6125298085605205e-05,4.412,4.583
4902792,3.87e-05,2.6183097417653002e-05,4.412,4.582
2357316,3.88e-05,2.6240896749700802e-05,4.411,4.581
4902663,3.88e-05,2.6298696081748602e-05,4.411,4.58
3733027,3.88e-05,2.63564954137964e-05,4.411,4.579
1188682,3.88e-05,2.64142947458442e-05,4.411,4.578
16195391,3.89e-05,2.6472094077892e-05,4.41,4.577
8655830,3.9e-05,2.65298934099398e-05,4.409,4.576
14951800,3.92e-05,2.6587692741987595e-05,4.407,4.575
9851550,3.93e-05,2.6645492074035395e-05,4.406,4.574
8490357,3.95e-05,2.6703291406083195e-05,4.403,4.573
13034725,3.98e-05,2.6761090738130995e-05,4.4,4.572
1921814,3.99e-05,2.687668940222659e-05,4.399,4.571
4902794,3.99e-05,2.693448873427439e-05,4.399,4.57
4153360,3.99e-05,2.699228806632219e-05,4.399,4.569
6405992,4e-05,2.7050087398369988e-05,4.398,4.568
4902802,4.01e-05,2.7107886730417788e-05,4.397,4.567
10905590,4.03e-05,2.7165686062465588e-05,4.395,4.566
4902803,4.04e-05,2.7223485394513388e-05,4.394,4.565
3718828,4.05e-05,2.7281284726561185e-05,4.393,4.564
984117,4.07e-05,2.7339084058608985e-05,4.39,4.563
13195496,4.07e-05,2.7396883390656785e-05,4.39,4.562
8837834,4.08e-05,2.7454682722704585e-05,4.389,4.561
4902772,4.08e-05,2.751248205475238e-05,4.389,4.56
8837885,4.09e-05,2.757028138680018e-05,4.388,4.56
2031531,4.1e-05,2.762808071884798e-05,4.387,4.559
4902804,4.11e-05,2.768588005089578e-05,4.386,4.558
10501654,4.11e-05,2.7743679382943578e-05,4.386,4.557
8054532,4.13e-05,2.7801478714991378e-05,4.384,4.556
4902827,4.13e-05,2.7859278047039178e-05,4.384,4.555
4902816,4.13e-05,2.7917077379086978e-05,4.384,4.554
4902825,4.15e-05,2.7974876711134774e-05,4.382,4.553
4902818,4.16e-05,2.8032676043182574e-05,4.381,4.552
1251594,4.16e-05,2.8090475375230374e-05,4.381,4.551
8533216,4.17e-05,2.820607403932597e-05,4.38,4.55
4902771,4.17e-05,2.826387337137377e-05,4.38,4.549
14616371,4.17e-05,2.832167270342157e-05,4.38,4.548
4902796,4.18e-05,2.837947203546937e-05,4.379,4.547
12147981,4.18e-05,2.8437271367517167e-05,4.379,4.546
4902834,4.18e-05,2.8495070699564967e-05,4.379,4.545
11768879,4.19e-05,2.8552870031612767e-05,4.378,4.544
8838096,4.2e-05,2.8610669363660567e-05,4.377,4.543
14340461,4.22e-05,2.8726268027756164e-05,4.375,4.542
4902739,4.25e-05,2.8784067359803964e-05,4.372,4.541
7346572,4.26e-05,2.8841866691851764e-05,4.371,4.54
6980575,4.26e-05,2.889966602389956e-05,4.371,4.539
7244644,4.28e-05,2.895746535594736e-05,4.369,4.538
4902760,4.29e-05,2.901526468799516e-05,4.368,4.537
16350090,4.3e-05,2.9130863352090757e-05,4.367,4.536
8479906,4.32e-05,2.9188662684138557e-05,4.365,4.535
5681304,4.34e-05,2.9246462016186357e-05,4.363,4.534
1188513,4.34e-05,2.9304261348234154e-05,4.363,4.533
12934574,4.35e-05,2.9362060680281954e-05,4.362,4.532
8081517,4.38e-05,2.9419860012329754e-05,4.359,4.531
3706038,4.39e-05,2.9477659344377554e-05,4.358,4.531
5261171,4.39e-05,2.953545867642535e-05,4.358,4.53
10609630,4.4e-05,2.959325800847315e-05,4.357,4.529
4902710,4.41e-05,2.965105734052095e-05,4.356,4.528
6323664,4.41e-05,2.970885667256875e-05,4.356,4.527
10184800,4.43e-05,2.9766656004616547e-05,4.354,4.526
15643569,4.43e-05,2.9824455336664347e-05,4.354,4.525
15925522,4.44e-05,2.9882254668712147e-05,4.353,4.525
15643568,4.45e-05,2.9940054000759947e-05,4.352,4.524
4902735,4.46e-05,2.9997853332807743e-05,4.351,4.523
4902743,4.47e-05,3.0055652664855543e-05,4.35,4.522
8710641,4.48e-05,3.0113451996903343e-05,4.349,4.521
266962,4.49e-05,3.0171251328951143e-05,4.348,4.52
4902763,4.49e-05,3.028684999304674e-05,4.348,4.519
1921892,4.49e-05,3.034464932509454e-05,4.348,4.518
4902811,4.49e-05,3.040244865714234e-05,4.348,4.517
12821198,4.51e-05,3.0460247989190137e-05,4.346,4.516
15235778,4.51e-05,3.051804732123794e-05,4.346,4.515
17241246,4.52e-05,3.057584665328573e-05,4.345,4.515
8747474,4.53e-05,3.063364598533353e-05,4.344,4.514
8078120,4.54e-05,3.069144531738133e-05,4.343,4.513
5559412,4.54e-05,3.074924464942913e-05,4.343,4.512
1921769,4.55e-05,3.080704398147693e-05,4.342,4.511
4902727,4.57e-05,3.092264264557253e-05,4.34,4.51
16194714,4.58e-05,3.098044197762033e-05,4.339,4.509
12660862,4.58e-05,3.1038241309668126e-05,4.339,4.508
4902722,4.59e-05,3.1096040641715926e-05,4.338,4.507
4902714,4.59e-05,3.1153839973763726e-05,4.338,4.506
14340464,4.6e-05,3.1211639305811526e-05,4.337,4.506
4902698,4.6e-05,3.1269438637859326e-05,4.337,4.505
4902700,4.61e-05,3.1327237969907126e-05,4.336,4.504
4902716,4.62e-05,3.1385037301954926e-05,4.335,4.503
11407576,4.63e-05,3.1442836634002726e-05,4.334,4.502
4902704,4.65e-05,3.155843529809832e-05,4.333,4.501
9469287,4.66e-05,3.161623463014612e-05,4.332,4.5
4902729,4.66e-05,3.167403396219392e-05,4.332,4.499
4902733,4.66e-05,3.178963262628952e-05,4.332,4.498
13130863,4.7e-05,3.184743195833732e-05,4.328,4.497
15241149,4.7e-05,3.190523129038511e-05,4.328,4.496
1921761,4.7e-05,3.196303062243291e-05,4.328,4.495
4902730,4.71e-05,3.202082995448071e-05,4.327,4.495
14953003,4.72e-05,3.207862928652851e-05,4.326,4.494
524267,4.73e-05,3.213642861857631e-05,4.325,4.493
9471599,4.75e-05,3.219422795062411e-05,4.323,4.492
5838987,4.75e-05,3.225202728267191e-05,4.323,4.491
8054566,4.78e-05,3.230982661471971e-05,4.321,4.491
1921738,4.8e-05,3.2367625946767506e-05,4.319,4.49
1251687,4.85e-05,3.2425425278815306e-05,4.314,4.489
4902711,4.86e-05,3.2483224610863106e-05,4.313,4.488
1853958,4.89e-05,3.2541023942910906e-05,4.311,4.488
9406074,4.89e-05,3.2598823274958706e-05,4.311,4.487
10765951,4.9e-05,3.2656622607006506e-05,4.31,4.486
10189826,4.91e-05,3.2714421939054306e-05,4.309,4.485
12911899,4.92e-05,3.2772221271102106e-05,4.308,4.484
7762539,4.95e-05,3.28300206031499e-05,4.305,4.484
7859461,4.96e-05,3.28878199351977e-05,4.305,4.483
4414043,4.97e-05,3.29456192672455e-05,4.304,4.482
9471592,4.97e-05,3.30034185992933e-05,4.304,4.481
9602902,4.98e-05,3.30612179313411e-05,4.303,4.481
10966124,4.99e-05,3.31190172633889e-05,4.302,4.48
1251601,4.99e-05,3.31768165954367e-05,4.302,4.479
1829378,5.01e-05,3.32346159274845e-05,4.3,4.478
1635087,5.03e-05,3.329241525953229e-05,4.298,4.478
15109392,5.04e-05,3.335021459158009e-05,4.298,4.477
4353547,5.08e-05,3.340801392362789e-05,4.294,4.476
35795,5.09e-05,3.346581325567569e-05,4.293,4.475
9589125,5.12e-05,3.358141191977129e-05,4.291,4.474
6980593,5.12e-05,3.363921125181909e-05,4.291,4.473
1921775,5.12e-05,3.369701058386689e-05,4.291,4.472
4902754,5.14e-05,3.3812609247962485e-05,4.289,4.471
5803398,5.16e-05,3.3870408580010285e-05,4.287,4.47
7762448,5.17e-05,3.3928207912058085e-05,4.287,4.469
1921753,5.18e-05,3.4043806576153685e-05,4.286,4.468
13195500,5.18e-05,3.4101605908201485e-05,4.286,4.467
7478938,5.2e-05,3.415940524024928e-05,4.284,4.466
13195503,5.24e-05,3.427500390434488e-05,4.281,4.465
4902956,5.25e-05,3.433280323639268e-05,4.28,4.464
16672637,5.27e-05,3.439060256844048e-05,4.278,4.464
16672638,5.27e-05,3.444840190048828e-05,4.278,4.463
15796281,5.28e-05,3.450620123253608e-05,4.277,4.462
4902746,5.29e-05,3.456400056458388e-05,4.277,4.461
1635501,5.3e-05,3.462179989663167e-05,4.276,4.461
14340468,5.32e-05,3.467959922867947e-05,4.274,4.46
12136943,5.33e-05,3.473739856072727e-05,4.273,4.459
4615025,5.35e-05,3.479519789277507e-05,4.272,4.458
8181509,5.36e-05,3.485299722482287e-05,4.271,4.458
13503756,5.36e-05,3.491079655687067e-05,4.271,4.457
6601886,5.37e-05,3.496859588891847e-05,4.27,4.456
2829087,5.38e-05,3.5084194553014064e-05,4.269,4.455
1921784,5.39e-05,3.5141993885061864e-05,4.268,4.454
1921765,5.39e-05,3.5199793217109664e-05,4.268,4.453
8533281,5.42e-05,3.5315391881205264e-05,4.266,4.452
1251617,5.46e-05,3.5373191213253064e-05,4.263,4.451
6570657,5.47e-05,3.5430990545300864e-05,4.262,4.451
15522455,5.47e-05,3.5488789877348664e-05,4.262,4.45
6444687,5.49e-05,3.554658920939646e-05,4.26,4.449
5582531,5.52e-05,3.560438854144426e-05,4.258,4.448
2357726,5.53e-05,3.571998720553986e-05,4.257,4.447
5803438,5.54e-05,3.577778653758766e-05,4.256,4.446
1921881,5.57e-05,3.589338520168326e-05,4.254,4.445
13762372,5.58e-05,3.595118453373106e-05,4.253,4.444
3732958,5.62e-05,3.600898386577885e-05,4.25,4.444
6191838,5.62e-05,3.606678319782665e-05,4.25,4.443
8054678,5.67e-05,3.612458252987445e-05,4.246,4.442
8054757,5.75e-05,3.624018119397005e-05,4.24,4.441
8418031,5.75e-05,3.629798052601785e-05,4.24,4.44
1921861,5.75e-05,3.635577985806565e-05,4.24,4.439
4136551,5.77e-05,3.6471378522161244e-05,4.239,4.438
200197,5.79e-05,3.6529177854209044e-05,4.237,4.437
1251678,5.81e-05,3.6644776518304644e-05,4.236,4.436
1463307,5.81e-05,3.6702575850352444e-05,4.236,4.435
2357439,5.83e-05,3.6760375182400244e-05,4.234,4.435
2357271,5.83e-05,3.6818174514448044e-05,4.234,4.434
1018895,5.84e-05,3.687597384649584e-05,4.234,4.433
14922230,5.85e-05,3.699157251059144e-05,4.233,4.432
8054561,5.86e-05,3.704937184263924e-05,4.232,4.431
14390531,5.89e-05,3.710717117468704e-05,4.23,4.431
8054564,5.9e-05,3.716497050673484e-05,4.229,4.43
6980705,5.91e-05,3.722276983878264e-05,4.228,4.429
8054565,5.93e-05,3.733836850287823e-05,4.227,4.428
8054563,5.94e-05,3.739616783492603e-05,4.226,4.427
15522459,5.95e-05,3.745396716697383e-05,4.225,4.427
13149133,5.95e-05,3.751176649902163e-05,4.225,4.426
17295717,5.96e-05,3.756956583106943e-05,4.225,4.425
7690253,5.98e-05,3.762736516311723e-05,4.223,4.424
2438211,5.98e-05,3.774296382721283e-05,4.223,4.423
7690254,5.98e-05,3.780076315926062e-05,4.223,4.422
562144,6e-05,3.791636182335622e-05,4.222,4.421
8085363,6.01e-05,3.797416115540402e-05,4.221,4.421
6980649,6.01e-05,3.803196048745182e-05,4.221,4.42
5075250,6.04e-05,3.808975981949962e-05,4.219,4.419
14844981,6.06e-05,3.820535848359522e-05,4.218,4.418
15235682,6.08e-05,3.8263157815643016e-05,4.216,4.417
14340542,6.09e-05,3.8320957147690816e-05,4.215,4.417
5242600,6.12e-05,3.8378756479738616e-05,4.213,4.416
529109,6.13e-05,3.8436555811786416e-05,4.213,4.415
3149172,6.14e-05,3.8494355143834216e-05,4.212,4.415
16833142,6.14e-05,3.8552154475882016e-05,4.212,4.414
17241525,6.14e-05,3.8609953807929816e-05,4.212,4.413
8054576,6.15e-05,3.8667753139977616e-05,4.211,4.413
4458547,6.15e-05,3.872555247202541e-05,4.211,4.412
7512459,6.15e-05,3.878335180407321e-05,4.211,4.411
8054569,6.15e-05,3.889895046816881e-05,4.211,4.41
8054571,6.15e-05,3.895674980021661e-05,4.211,4.409
1373309,6.16e-05,3.901454913226441e-05,4.21,4.409
10184883,6.21e-05,3.907234846431221e-05,4.207,4.408
17241568,6.24e-05,3.913014779636001e-05,4.205,4.407
2966741,6.25e-05,3.91879471284078e-05,4.204,4.407
3718798,6.25e-05,3.92457464604556e-05,4.204,4.406
3718827,6.26e-05,3.93613451245512e-05,4.203,4.405
3718805,6.26e-05,3.9419144456599e-05,4.203,4.404
5680436,6.28e-05,3.95347431206946e-05,4.202,4.403
5261222,6.29e-05,3.9592542452742396e-05,4.201,4.402
8838149,6.31e-05,3.9708141116837996e-05,4.2,4.401
16178009,6.33e-05,3.9765940448885796e-05,4.199,4.4
2253836,6.34e-05,3.9881539112981396e-05,4.198,4.399
22278,6.35e-05,3.9939338445029196e-05,4.197,4.399
6508412,6.35e-05,3.9997137777076996e-05,4.197,4.398
2828989,6.35e-05,4.005493710912479e-05,4.197,4.397
2253843,6.37e-05,4.017053577322039e-05,4.196,4.396
15063479,6.41e-05,4.022833510526819e-05,4.193,4.395
8877174,6.43e-05,4.028613443731599e-05,4.192,4.395
852881,6.45e-05,4.034393376936379e-05,4.19,4.394
14616161,6.46e-05,4.045953243345939e-05,4.19,4.393
2828988,6.5e-05,4.051733176550718e-05,4.187,4.392
4242452,6.51e-05,4.057513109755498e-05,4.186,4.392
2828990,6.51e-05,4.063293042960278e-05,4.186,4.391
7368145,6.52e-05,4.074852909369838e-05,4.186,4.39
4136561,6.54e-05,4.080632842574618e-05,4.184,4.389
4617914,6.56e-05,4.092192708984178e-05,4.183,4.388
9851646,6.57e-05,4.0979726421889575e-05,4.182,4.387
9445114,6.6e-05,4.1095325085985175e-05,4.18,4.386
14011866,6.6e-05,4.1210923750080775e-05,4.18,4.385
4531185,6.61e-05,4.1268723082128575e-05,4.18,4.384
10197262,6.62e-05,4.1326522414176375e-05,4.179,4.384
12827901,6.62e-05,4.1384321746224175e-05,4.179,4.383
13784216,6.64e-05,4.144212107827197e-05,4.178,4.383
13195463,6.65e-05,4.149992041031977e-05,4.177,4.382
5753558,6.65e-05,4.155771974236757e-05,4.177,4.381
14046725,6.69e-05,4.167331840646317e-05,4.175,4.38
17071741,6.7e-05,4.178891707055877e-05,4.174,4.379
1482634,6.73e-05,4.184671640260657e-05,4.172,4.378
1977165,6.74e-05,4.190451573465436e-05,4.171,4.378
2122367,6.74e-05,4.196231506670216e-05,4.171,4.377
2437740,6.75e-05,4.207791373079776e-05,4.171,4.376
16506730,6.76e-05,4.213571306284556e-05,4.17,4.375
14668179,6.78e-05,4.225131172694116e-05,4.169,4.374
5049215,6.79e-05,4.2366910391036755e-05,4.168,4.373
2438764,6.8e-05,4.2424709723084555e-05,4.167,4.372
2357578,6.82e-05,4.2540308387180155e-05,4.166,4.371
8479713,6.84e-05,4.2598107719227955e-05,4.165,4.371
15110324,6.86e-05,4.2655907051275755e-05,4.164,4.37
10765235,6.91e-05,4.2713706383323555e-05,4.161,4.369
2125072,6.92e-05,4.282930504741915e-05,4.16,4.368
1251879,6.95e-05,4.294490371151475e-05,4.158,4.367
14445709,6.98e-05,4.300270304356255e-05,4.156,4.367
3607212,6.99e-05,4.306050237561035e-05,4.156,4.366
6909240,7e-05,4.311830170765815e-05,4.155,4.365
14893669,7e-05,4.323390037175374e-05,4.155,4.364
10743047,7.02e-05,4.329169970380154e-05,4.154,4.364
14893291,7.04e-05,4.334949903584934e-05,4.152,4.363
8655679,7.04e-05,4.340729836789714e-05,4.152,4.362
1921888,7.04e-05,4.352289703199274e-05,4.152,4.361
7257759,7.05e-05,4.363849569608834e-05,4.152,4.36
7693790,7.06e-05,4.3754094360183934e-05,4.151,4.359
16685175,7.06e-05,4.3811893692231734e-05,4.151,4.358
1018892,7.07e-05,4.3927492356327334e-05,4.151,4.357
13553436,7.09e-05,4.3985291688375134e-05,4.149,4.357
14844957,7.1e-05,4.4043091020422934e-05,4.149,4.356
5803596,7.12e-05,4.415868968451853e-05,4.148,4.355
11283145,7.13e-05,4.421648901656633e-05,4.147,4.354
9445265,7.13e-05,4.433208768066193e-05,4.147,4.353
12217859,7.13e-05,4.444768634475753e-05,4.147,4.352
17241412,7.14e-05,4.450548567680533e-05,4.146,4.352
5494696,7.15e-05,4.456328500885313e-05,4.146,4.351
8533279,7.15e-05,4.462108434090092e-05,4.146,4.35
8479970,7.18e-05,4.467888367294872e-05,4.144,4.35
5151813,7.2e-05,4.473668300499652e-05,4.143,4.349
3718778,7.2e-05,4.485228166909212e-05,4.143,4.348
14444762,7.21e-05,4.491008100113992e-05,4.142,4.348
14893676,7.22e-05,4.496788033318772e-05,4.141,4.347
2880481,7.22e-05,4.5083478997283313e-05,4.141,4.346
10595892,7.23e-05,4.5141278329331113e-05,4.141,4.345
13553406,7.24e-05,4.525687699342671e-05,4.14,4.344
17241092,7.25e-05,4.537247565752231e-05,4.14,4.343
5753579,7.28e-05,4.543027498957011e-05,4.138,4.343
5537714,7.28e-05,4.5488074321617907e-05,4.138,4.342
4833534,7.29e-05,4.5545873653665707e-05,4.137,4.342
13258524,7.31e-05,4.5603672985713507e-05,4.136,4.341
788637,7.31e-05,4.5661472317761307e-05,4.136,4.34
8838093,7.31e-05,4.5777070981856906e-05,4.136,4.339
2054978,7.32e-05,4.5834870313904706e-05,4.135,4.339
3718782,7.32e-05,4.5892669645952506e-05,4.135,4.338
1097633,7.36e-05,4.59504689780003e-05,4.133,4.338
14616242,7.38e-05,4.60082683100481e-05,4.132,4.337
8479925,7.39e-05,4.60660676420959e-05,4.131,4.337
123785,7.41e-05,4.61238669741437e-05,4.13,4.336
8479947,7.42e-05,4.62394656382393e-05,4.13,4.335
1018906,7.42e-05,4.62972649702871e-05,4.13,4.334
17277135,7.44e-05,4.63550643023349e-05,4.128,4.334
1251633,7.45e-05,4.641286363438269e-05,4.128,4.333
2749865,7.46e-05,4.647066296643049e-05,4.127,4.333
12913252,7.46e-05,4.652846229847829e-05,4.127,4.332
3718776,7.48e-05,4.658626163052609e-05,4.126,4.332
14908115,7.5e-05,4.664406096257389e-05,4.125,4.331
15522443,7.52e-05,4.675965962666949e-05,4.124,4.33
447230,7.54e-05,4.6875258290765086e-05,4.123,4.329
17241114,7.55e-05,4.6933057622812886e-05,4.122,4.329
10938676,7.56e-05,4.6990856954860686e-05,4.121,4.328
14905180,7.56e-05,4.7048656286908486e-05,4.121,4.327
14616121,7.58e-05,4.7164254951004086e-05,4.12,4.326
805266,7.59e-05,4.727985361509968e-05,4.12,4.325
5753665,7.61e-05,4.739545227919528e-05,4.119,4.324
14538073,7.62e-05,4.745325161124308e-05,4.118,4.324
6549216,7.62e-05,4.751105094329088e-05,4.118,4.323
13783655,7.64e-05,4.756885027533868e-05,4.117,4.323
10302790,7.69e-05,4.762664960738648e-05,4.114,4.322
6508411,7.7e-05,4.774224827148207e-05,4.114,4.321
358771,7.72e-05,4.780004760352987e-05,4.112,4.321
7619633,7.72e-05,4.785784693557767e-05,4.112,4.32
1251651,7.74e-05,4.797344559967327e-05,4.111,4.319
17060942,7.75e-05,4.803124493172107e-05,4.111,4.318
8420841,7.76e-05,4.808904426376887e-05,4.11,4.318
10302755,7.77e-05,4.814684359581667e-05,4.11,4.317
10501647,7.79e-05,4.8204642927864465e-05,4.108,4.317
10501646,7.79e-05,4.8262442259912265e-05,4.108,4.316
15107897,7.81e-05,4.8378040924007865e-05,4.107,4.315
15143807,7.83e-05,4.8493639588103465e-05,4.106,4.314
15522420,7.85e-05,4.8609238252199065e-05,4.105,4.313
2441218,7.86e-05,4.872483691629466e-05,4.105,4.312
9603235,7.87e-05,4.878263624834246e-05,4.104,4.312
2498399,7.89e-05,4.884043558039026e-05,4.103,4.311
16194341,7.9e-05,4.895603424448586e-05,4.102,4.31
5859942,7.92e-05,4.907163290858146e-05,4.101,4.309
14434541,7.94e-05,4.918723157267705e-05,4.1,4.308
10939150,7.96e-05,4.924503090472485e-05,4.099,4.308
8479825,7.98e-05,4.930283023677265e-05,4.098,4.307
16194712,7.99e-05,4.941842890086825e-05,4.097,4.306
14944097,8.02e-05,4.947622823291605e-05,4.096,4.306
14951738,8.05e-05,4.953402756496385e-05,4.094,4.305
2880486,8.07e-05,4.9591826897011645e-05,4.093,4.305
9445076,8.07e-05,4.9649626229059445e-05,4.093,4.304
8768514,8.11e-05,4.9707425561107245e-05,4.091,4.304
8479824,8.12e-05,4.9765224893155045e-05,4.09,4.303
9820350,8.14e-05,4.9823024225202845e-05,4.089,4.303
7690167,8.14e-05,4.9880823557250645e-05,4.089,4.302
14893673,8.16e-05,4.999642222134624e-05,4.088,4.301
10197435,8.17e-05,5.011202088544184e-05,4.088,4.3
3281450,8.2e-05,5.016982021748964e-05,4.086,4.3
1527242,8.21e-05,5.022761954953744e-05,4.086,4.299
1815065,8.23e-05,5.028541888158524e-05,4.085,4.299
9285224,8.23e-05,5.034321821363304e-05,4.085,4.298
14926781,8.24e-05,5.040101754568084e-05,4.084,4.298
5560410,8.25e-05,5.045881687772863e-05,4.084,4.297
9536228,8.27e-05,5.051661620977643e-05,4.082,4.297
5803451,8.28e-05,5.057441554182423e-05,4.082,4.296
10565348,8.37e-05,5.063221487387203e-05,4.077,4.296
9445007,8.41e-05,5.069001420591983e-05,4.075,4.295
17060845,8.43e-05,5.080561287001543e-05,4.074,4.294
13783547,8.46e-05,5.086341220206323e-05,4.073,4.294
2441307,8.47e-05,5.0921211534111024e-05,4.072,4.293
8645366,8.49e-05,5.0979010866158824e-05,4.071,4.293
11220805,8.5e-05,5.1036810198206624e-05,4.071,4.292
5537766,8.51e-05,5.1094609530254424e-05,4.07,4.292
6369031,8.51e-05,5.1152408862302224e-05,4.07,4.291
2055596,8.54e-05,5.1210208194350024e-05,4.069,4.291
1251602,8.56e-05,5.1268007526397824e-05,4.068,4.29
5399281,8.57e-05,5.138360619049342e-05,4.067,4.289
6544367,8.59e-05,5.144140552254122e-05,4.066,4.289
14981931,8.59e-05,5.149920485458902e-05,4.066,4.288
12561768,8.6e-05,5.161480351868462e-05,4.066,4.287
8054710,8.61e-05,5.167260285073242e-05,4.065,4.287
2880491,8.61e-05,5.173040218278022e-05,4.065,4.286
5537765,8.62e-05,5.178820151482802e-05,4.064,4.286
14904668,8.63e-05,5.184600084687581e-05,4.064,4.285
17241285,8.64e-05,5.196159951097141e-05,4.063,4.284
5671969,8.65e-05,5.207719817506701e-05,4.063,4.283
35727,8.66e-05,5.213499750711481e-05,4.062,4.283
4180329,8.67e-05,5.219279683916261e-05,4.062,4.282
4531194,8.69e-05,5.225059617121041e-05,4.061,4.282
15391261,8.69e-05,5.2308395503258204e-05,4.061,4.281
1589104,8.7e-05,5.2423994167353804e-05,4.06,4.28
35725,8.72e-05,5.2539592831449403e-05,4.059,4.28
17241566,8.72e-05,5.2597392163497203e-05,4.059,4.279
12995065,8.74e-05,5.27129908275928e-05,4.058,4.278
9471485,8.75e-05,5.28285894916884e-05,4.058,4.277
9520264,8.76e-05,5.2944188155784e-05,4.057,4.276
4531246,8.79e-05,5.30019874878318e-05,4.056,4.276
8710702,8.79e-05,5.30597868198796e-05,4.056,4.275
1643055,8.8e-05,5.317538548397519e-05,4.056,4.274
15254126,8.8e-05,5.329098414807079e-05,4.056,4.273
3907127,8.81e-05,5.334878348011859e-05,4.055,4.273
12051483,8.81e-05,5.340658281216639e-05,4.055,4.272
11265233,8.82e-05,5.352218147626199e-05,4.055,4.271
2306377,8.84e-05,5.357998080830979e-05,4.054,4.271
1104016,8.84e-05,5.369557947240538e-05,4.054,4.27
4531222,8.87e-05,5.381117813650098e-05,4.052,4.269
4531208,8.89e-05,5.392677680059658e-05,4.051,4.268
4903169,8.92e-05,5.404237546469218e-05,4.05,4.267
4458519,8.95e-05,5.4100174796739976e-05,4.048,4.267
4531212,8.95e-05,5.4157974128787776e-05,4.048,4.266
14389237,8.96e-05,5.4273572792883376e-05,4.048,4.265
8002812,8.99e-05,5.4331372124931176e-05,4.046,4.265
14503877,8.99e-05,5.4389171456978976e-05,4.046,4.264
10632434,9.01e-05,5.4446970789026776e-05,4.045,4.264
228631,9.04e-05,5.456256945312237e-05,4.044,4.263
3018728,9.07e-05,5.462036878517017e-05,4.042,4.263
17252011,9.07e-05,5.467816811721797e-05,4.042,4.262
5537758,9.09e-05,5.479376678131357e-05,4.041,4.261
10501518,9.1e-05,5.490936544540917e-05,4.041,4.26
3842661,9.11e-05,5.502496410950476e-05,4.04,4.259
7340020,9.13e-05,5.519836210564816e-05,4.04,4.258
17241278,9.15e-05,5.531396076974376e-05,4.039,4.257
7636630,9.17e-05,5.5429559433839355e-05,4.038,4.256
6909340,9.18e-05,5.5487358765887155e-05,4.037,4.256
2357410,9.19e-05,5.5545158097934955e-05,4.037,4.255
1018907,9.2e-05,5.5602957429982755e-05,4.036,4.255
8054741,9.21e-05,5.5660756762030555e-05,4.036,4.254
7187587,9.22e-05,5.5776355426126155e-05,4.035,4.254
8838097,9.24e-05,5.5834154758173955e-05,4.034,4.253
10302775,9.25e-05,5.594975342226955e-05,4.034,4.252
14816373,9.26e-05,5.600755275431735e-05,4.033,4.252
12353220,9.28e-05,5.606535208636515e-05,4.032,4.251
12134389,9.29e-05,5.618095075046075e-05,4.032,4.25
8054240,9.31e-05,5.629654941455635e-05,4.031,4.25
2393595,9.33e-05,5.635434874660414e-05,4.03,4.249
3842660,9.36e-05,5.646994741069974e-05,4.029,4.248
4531225,9.37e-05,5.652774674274754e-05,4.028,4.248
8479676,9.37e-05,5.658554607479534e-05,4.028,4.247
5537755,9.37e-05,5.670114473889094e-05,4.028,4.246
11136411,9.4e-05,5.6874542735034335e-05,4.027,4.245
10196377,9.41e-05,5.6932342067082135e-05,4.026,4.245
5537760,9.41e-05,5.6990141399129935e-05,4.026,4.244
16378129,9.46e-05,5.7105740063225535e-05,4.024,4.243
17241505,9.48e-05,5.7163539395273335e-05,4.023,4.243
1527244,9.49e-05,5.7221338727321135e-05,4.023,4.242
8655662,9.5e-05,5.727913805936893e-05,4.022,4.242
6199146,9.54e-05,5.739473672346453e-05,4.02,4.241
8490344,9.58e-05,5.751033538756013e-05,4.019,4.24
2966756,9.59e-05,5.756813471960793e-05,4.018,4.24
3729275,9.63e-05,5.762593405165573e-05,4.016,4.239
12353009,9.66e-05,5.774153271575132e-05,4.015,4.239
14981932,9.68e-05,5.779933204779912e-05,4.014,4.238
1060627,9.7e-05,5.785713137984692e-05,4.013,4.238
11219179,9.7e-05,5.791493071189472e-05,4.013,4.237
265926,9.73e-05,5.797273004394252e-05,4.012,4.237
13603956,9.74e-05,5.803052937599032e-05,4.011,4.236
10184779,9.75e-05,5.8146128040085914e-05,4.011,4.235
2012854,9.77e-05,5.8203927372133714e-05,4.01,4.235
10196318,9.79e-05,5.8261726704181514e-05,4.009,4.235
5358302,9.79e-05,5.8319526036229314e-05,4.009,4.234
12136886,9.8e-05,5.8435124700324914e-05,4.009,4.233
5560425,9.82e-05,5.8492924032372714e-05,4.008,4.233
8768583,9.82e-05,5.8550723364420514e-05,4.008,4.232
15625505,9.83e-05,5.866632202851611e-05,4.007,4.232
2012855,9.83e-05,5.872412136056391e-05,4.007,4.231
17277100,9.85e-05,5.883972002465951e-05,4.007,4.23
7415609,9.86e-05,5.895531868875511e-05,4.006,4.229
5537754,9.88e-05,5.90709173528507e-05,4.005,4.229
1097703,9.91e-05,5.91287166848985e-05,4.004,4.228
17277225,9.92e-05,5.91865160169463e-05,4.003,4.228
6581015,9.92e-05,5.92443153489941e-05,4.003,4.227
8655686,9.95e-05,5.93599140130897e-05,4.002,4.227
14893743,9.96e-05,5.94177133451375e-05,4.002,4.226
17026573,0.000101,5.94755126771853e-05,3.996,4.226
13853901,0.000101,5.9533312009233094e-05,3.996,4.225
16524725,0.000101,5.9648910673328694e-05,3.996,4.224
3447227,0.000101,5.9822308669472094e-05,3.996,4.223
12353371,0.000102,5.9937907333567694e-05,3.991,4.222
17236631,0.000102,6.005350599766329e-05,3.991,4.221
17277108,0.000102,6.022690399380669e-05,3.991,4.22
15643594,0.000102,6.034250265790229e-05,3.991,4.219
3942842,0.000102,6.051590065404568e-05,3.991,4.218
15106065,0.000102,6.063149931814128e-05,3.991,4.217
8479433,0.000103,6.074709798223688e-05,3.987,4.216
14616144,0.000103,6.092049597838027e-05,3.987,4.215
12009412,0.000104,6.097829531042807e-05,3.983,4.215
15412145,0.000104,6.103609464247588e-05,3.983,4.214
8212126,0.000104,6.120949263861927e-05,3.983,4.213
3530259,0.000104,6.132509130271487e-05,3.983,4.212
4773161,0.000104,6.149848929885827e-05,3.983,4.211
1458368,0.000104,6.161408796295387e-05,3.983,4.21
8656245,0.000104,6.178748595909726e-05,3.983,4.209
7512452,0.000104,6.190308462319286e-05,3.983,4.208
15643618,0.000105,6.201868328728846e-05,3.979,4.207
17277117,0.000105,6.219208128343185e-05,3.979,4.206
17241349,0.000105,6.230767994752745e-05,3.979,4.205
12604113,0.000105,6.248107794367085e-05,3.979,4.204
5660440,0.000105,6.259667660776645e-05,3.979,4.203
9471481,0.000106,6.265447593981425e-05,3.975,4.203
3018522,0.000106,6.277007460390985e-05,3.975,4.202
5750747,0.000106,6.288567326800545e-05,3.975,4.201
8710709,0.000106,6.305907126414885e-05,3.975,4.2
14993043,0.000107,6.311687059619664e-05,3.971,4.2
12828029,0.000107,6.317466992824445e-05,3.971,4.199
13712866,0.000107,6.334806792438784e-05,3.971,4.198
2764568,0.000107,6.346366658848344e-05,3.971,4.197
4136749,0.000108,6.357926525257904e-05,3.967,4.197
1782454,0.000108,6.363706458462683e-05,3.967,4.196
1115561,0.000108,6.381046258077023e-05,3.967,4.195
2393598,0.000108,6.392606124486583e-05,3.967,4.194
1018885,0.000109,6.409945924100923e-05,3.963,4.193
6702739,0.000109,6.421505790510483e-05,3.963,4.192
6450433,0.000109,6.438845590124822e-05,3.963,4.191
15724581,0.000109,6.450405456534382e-05,3.963,4.19
15643574,0.00011,6.456185389739162e-05,3.959,4.19
15643579,0.00011,6.467745256148722e-05,3.959,4.189
1643347,0.00011,6.479305122558282e-05,3.959,4.188
15643617,0.00011,6.496644922172621e-05,3.959,4.187
8054260,0.00011,6.513984721786962e-05,3.959,4.186
14893666,0.00011,6.52554458819652e-05,3.959,4.185
8627584,0.00011,6.542884387810861e-05,3.959,4.184
15643596,0.00011,6.554444254220421e-05,3.959,4.183
10745181,0.000111,6.57178405383476e-05,3.955,4.182
1890488,0.000111,6.5891238534491e-05,3.955,4.181
5683469,0.000111,6.60068371985866e-05,3.955,4.18
4530714,0.000111,6.618023519472999e-05,3.955,4.179
8054238,0.000112,6.629583385882559e-05,3.951,4.179
8054319,0.000112,6.63536331908734e-05,3.951,4.178
15178025,0.000112,6.6469231854969e-05,3.951,4.177
15643621,0.000112,6.664262985111239e-05,3.951,4.176
6440945,0.000112,6.675822851520799e-05,3.951,4.175
15643578,0.000112,6.693162651135138e-05,3.951,4.174
2222814,0.000112,6.710502450749478e-05,3.951,4.173
8054325,0.000112,6.722062317159038e-05,3.951,4.172
12352970,0.000113,6.739402116773378e-05,3.947,4.171
10632431,0.000113,6.756741916387718e-05,3.947,4.17
6909493,0.000113,6.774081716002057e-05,3.947,4.169
15643591,0.000114,6.785641582411617e-05,3.943,4.168
7432924,0.000114,6.802981382025956e-05,3.943,4.167
15643619,0.000114,6.820321181640297e-05,3.943,4.166
1635434,0.000114,6.831881048049856e-05,3.943,4.165
15071641,0.000114,6.849220847664196e-05,3.943,4.164
7195307,0.000115,6.860780714073756e-05,3.939,4.164
9530558,0.000115,6.866560647278536e-05,3.939,4.163
8656231,0.000115,6.883900446892875e-05,3.939,4.162
15043415,0.000115,6.895460313302435e-05,3.939,4.161
9156877,0.000115,6.912800112916776e-05,3.939,4.16
14981937,0.000116,6.924359979326334e-05,3.936,4.16
2306536,0.000116,6.930139912531115e-05,3.936,4.159
16471127,0.000116,6.947479712145454e-05,3.936,4.158
11754227,0.000117,6.953259645350235e-05,3.932,4.158
12117754,0.000117,6.959039578555014e-05,3.932,4.157
1544333,0.000117,6.976379378169354e-05,3.932,4.156
16193564,0.000117,6.993719177783694e-05,3.932,4.155
10567553,0.000118,7.005279044193254e-05,3.928,4.155
11257687,0.000118,7.011058977398034e-05,3.928,4.154
12352928,0.000118,7.028398777012373e-05,3.928,4.153
13209484,0.000118,7.039958643421933e-05,3.928,4.152
14893664,0.000118,7.057298443036274e-05,3.928,4.151
4902694,0.000119,7.068858309445832e-05,3.924,4.151
7353845,0.000119,7.074638242650613e-05,3.924,4.15
2037148,0.000119,7.091978042264952e-05,3.924,4.149
6909376,0.000119,7.109317841879292e-05,3.924,4.148
4458542,0.00012,7.120877708288852e-05,3.921,4.147
562188,0.00012,7.138217507903192e-05,3.921,4.146
8054279,0.000121,7.149777374312751e-05,3.917,4.146
562180,0.000121,7.155557307517532e-05,3.917,4.145
12472018,0.000121,7.172897107131871e-05,3.917,4.144
10196357,0.000121,7.190236906746212e-05,3.917,4.143
768250,0.000122,7.20179677315577e-05,3.914,4.143
14368360,0.000122,7.207576706360551e-05,3.914,4.142
9530833,0.000122,7.22491650597489e-05,3.914,4.141
3018622,0.000122,7.23647637238445e-05,3.914,4.14
7142082,0.000122,7.25381617199879e-05,3.914,4.139
8710715,0.000123,7.26537603840835e-05,3.91,4.139
12933014,0.000123,7.27115597161313e-05,3.91,4.138
14907618,0.000123,7.28849577122747e-05,3.91,4.137
10196358,0.000124,7.30005563763703e-05,3.907,4.137
3643361,0.000124,7.305835570841809e-05,3.907,4.136
8655695,0.000124,7.32317537045615e-05,3.907,4.135
15533687,0.000124,7.340515170070489e-05,3.907,4.134
3889299,0.000124,7.357854969684828e-05,3.907,4.133
5679972,0.000124,7.375194769299167e-05,3.907,4.132
1251697,0.000125,7.380974702503948e-05,3.903,4.132
4902866,0.000125,7.392534568913508e-05,3.903,4.131
4458550,0.000126,7.409874368527847e-05,3.9,4.13
14893710,0.000126,7.427214168142187e-05,3.9,4.129
7187715,0.000126,7.438774034551747e-05,3.9,4.128
11544022,0.000126,7.456113834166087e-05,3.9,4.127
983625,0.000126,7.473453633780427e-05,3.9,4.126
8773077,0.000126,7.490793433394766e-05,3.9,4.125
14616361,0.000127,7.496573366599547e-05,3.896,4.125
7246823,0.000127,7.508133233009107e-05,3.896,4.124
3776033,0.000127,7.525473032623446e-05,3.896,4.123
17241308,0.000127,7.542812832237785e-05,3.896,4.122
6336495,0.000128,7.548592765442566e-05,3.893,4.122
7278267,0.000128,7.560152631852125e-05,3.893,4.121
14909093,0.000128,7.577492431466465e-05,3.893,4.12
8352308,0.000129,7.589052297876025e-05,3.889,4.12
562169,0.000129,7.594832231080805e-05,3.889,4.119
1635446,0.000129,7.612172030695144e-05,3.889,4.118
86461,0.000129,7.635291763514264e-05,3.889,4.117
5310685,0.00013,7.646851629923824e-05,3.886,4.117
5537747,0.00013,7.652631563128603e-05,3.886,4.116
12353120,0.00013,7.669971362742944e-05,3.886,4.115
4903111,0.00013,7.687311162357283e-05,3.886,4.114
15139390,0.00013,7.704650961971623e-05,3.886,4.113
15643562,0.00013,7.721990761585963e-05,3.886,4.112
6265929,0.000131,7.727770694790743e-05,3.883,4.112
17036808,0.000131,7.739330561200303e-05,3.883,4.111
9577048,0.000131,7.756670360814642e-05,3.883,4.11
10680126,0.000131,7.774010160428983e-05,3.883,4.109
15643616,0.000132,7.779790093633762e-05,3.879,4.109
13853859,0.000132,7.791349960043322e-05,3.879,4.108
15314686,0.000132,7.808689759657661e-05,3.879,4.107
562136,0.000133,7.826029559272002e-05,3.876,4.106
14814644,0.000133,7.843369358886341e-05,3.876,4.105
8710693,0.000134,7.866489091705461e-05,3.873,4.104
10932949,0.000134,7.8838288913198e-05,3.873,4.103
562170,0.000134,7.90116869093414e-05,3.873,4.102
17241339,0.000135,7.90694862413892e-05,3.87,4.102
8710690,0.000135,7.918508490548479e-05,3.87,4.101
6570575,0.000135,7.93584829016282e-05,3.87,4.1
9536223,0.000135,7.953188089777159e-05,3.87,4.099
8054572,0.000136,7.95896802298194e-05,3.866,4.099
1164513,0.000136,7.976307822596279e-05,3.866,4.098
669277,0.000136,7.993647622210618e-05,3.866,4.097
1921891,0.000137,8.005207488620178e-05,3.863,4.097
562241,0.000137,8.010987421824958e-05,3.863,4.096
16754574,0.000137,8.028327221439298e-05,3.863,4.095
14907698,0.000137,8.045667021053638e-05,3.863,4.094
11220854,0.000137,8.068786753872758e-05,3.863,4.093
10858259,0.000138,8.074566687077537e-05,3.86,4.093
6570535,0.000138,8.086126553487097e-05,3.86,4.092
12218336,0.000139,8.103466353101436e-05,3.857,4.091
15236772,0.000139,8.120806152715777e-05,3.857,4.09
5750195,0.000139,8.138145952330116e-05,3.857,4.089
9445064,0.00014,8.161265685149236e-05,3.854,4.088
3907475,0.00014,8.178605484763576e-05,3.854,4.087
13379009,0.00014,8.195945284377915e-05,3.854,4.086
13502800,0.00014,8.213285083992256e-05,3.854,4.085
6508417,0.000141,8.230624883606595e-05,3.851,4.085
12308183,0.000141,8.236404816811374e-05,3.851,4.084
1060494,0.000141,8.253744616425715e-05,3.851,4.083
8479221,0.000142,8.259524549630494e-05,3.848,4.083
8054577,0.000142,8.271084416040054e-05,3.848,4.082
2816992,0.000142,8.294204148859174e-05,3.848,4.081
14816450,0.000143,8.305764015268734e-05,3.845,4.081
2054669,0.000143,8.311543948473514e-05,3.845,4.08
12009175,0.000143,8.328883748087853e-05,3.845,4.079
8054580,0.000144,8.352003480906973e-05,3.842,4.078
8202392,0.000144,8.369343280521314e-05,3.842,4.077
8054582,0.000144,8.386683080135653e-05,3.842,4.076
4902920,0.000144,8.409802812954773e-05,3.842,4.075
5849055,0.000145,8.427142612569112e-05,3.839,4.074
16457702,0.000145,8.444482412183452e-05,3.839,4.073
2351511,0.000145,8.467602145002572e-05,3.839,4.072
5750491,0.000146,8.479162011412132e-05,3.836,4.072
17241368,0.000146,8.484941944616911e-05,3.836,4.071
15823277,0.000146,8.502281744231252e-05,3.836,4.07
12352327,0.000146,8.52540147705037e-05,3.836,4.069
4902912,0.000146,8.542741276664711e-05,3.836,4.068
5838315,0.000147,8.55430114307427e-05,3.833,4.068
9176987,0.000147,8.56586100948383e-05,3.833,4.067
9520274,0.000147,8.58320080909817e-05,3.833,4.066
15716120,0.000148,8.60054060871251e-05,3.83,4.065
11219198,0.000148,8.62366034153163e-05,3.83,4.064
6570631,0.000148,8.641000141145969e-05,3.83,4.063
8352294,0.000149,8.664119873965089e-05,3.827,4.062
9782942,0.000149,8.681459673579428e-05,3.827,4.061
1418481,0.000149,8.704579406398548e-05,3.827,4.06
10189752,0.000149,8.721919206012887e-05,3.827,4.059
3365570,0.00015,8.727699139217668e-05,3.824,4.059
13406219,0.00015,8.745038938832007e-05,3.824,4.058
11219582,0.00015,8.762378738446347e-05,3.824,4.057
5838281,0.000151,8.785498471265467e-05,3.821,4.056
2495023,0.000151,8.802838270879806e-05,3.821,4.055
4458500,0.000152,8.814398137289366e-05,3.818,4.055
2218788,0.000152,8.825958003698926e-05,3.818,4.054
15314669,0.000152,8.843297803313265e-05,3.818,4.053
8479550,0.000153,8.866417536132385e-05,3.815,4.052
15896195,0.000153,8.883757335746725e-05,3.815,4.051
3844182,0.000153,8.906877068565845e-05,3.815,4.05
6909457,0.000153,8.924216868180184e-05,3.815,4.049
5268094,0.000154,8.947336600999304e-05,3.812,4.048
14908122,0.000154,8.964676400613643e-05,3.812,4.047
16350195,0.000154,8.987796133432763e-05,3.812,4.046
5075335,0.000155,8.999355999842323e-05,3.81,4.046
11219620,0.000155,9.010915866251883e-05,3.81,4.045
14907761,0.000155,9.028255665866223e-05,3.81,4.044
3942875,0.000155,9.051375398685343e-05,3.81,4.043
3776914,0.000155,9.068715198299682e-05,3.81,4.042
11220833,0.000156,9.080275064709242e-05,3.807,4.042
5750834,0.000156,9.091834931118802e-05,3.807,4.041
4902887,0.000157,9.114954663937922e-05,3.804,4.04
10680117,0.000157,9.132294463552261e-05,3.804,4.039
10866484,0.000157,9.155414196371381e-05,3.804,4.038
1018913,0.000158,9.178533929190501e-05,3.801,4.037
16754671,0.000158,9.19587372880484e-05,3.801,4.036
7368502,0.000158,9.21899346162396e-05,3.801,4.035
16754703,0.000158,9.242113194443079e-05,3.801,4.034
10767865,0.000159,9.24789312764786e-05,3.799,4.034
12351075,0.000159,9.25945299405742e-05,3.799,4.033
391696,0.000159,9.282572726876539e-05,3.799,4.032
15643767,0.000159,9.305692459695659e-05,3.799,4.031
4225437,0.00016,9.311472392900439e-05,3.796,4.031
11219185,0.00016,9.323032259309998e-05,3.796,4.03
13439268,0.000161,9.346151992129118e-05,3.793,4.029
5358748,0.000161,9.369271724948238e-05,3.793,4.028
2768385,0.000161,9.386611524562577e-05,3.793,4.027
3567271,0.000162,9.392391457767358e-05,3.79,4.027
12352837,0.000162,9.409731257381697e-05,3.79,4.026
14510713,0.000162,9.432850990200817e-05,3.79,4.025
1303083,0.000163,9.438630923405596e-05,3.788,4.025
5673731,0.000163,9.455970723019936e-05,3.788,4.024
10692050,0.000163,9.473310522634276e-05,3.788,4.023
2352267,0.000163,9.496430255453396e-05,3.788,4.022
13379199,0.000164,9.502210188658176e-05,3.785,4.022
16754729,0.000164,9.519549988272515e-05,3.785,4.021
16754649,0.000164,9.542669721091635e-05,3.785,4.02
12295693,0.000164,9.565789453910755e-05,3.785,4.019
8054961,0.000165,9.583129253525094e-05,3.783,4.018
12623054,0.000165,9.606248986344214e-05,3.783,4.017
12102650,0.000166,9.623588785958554e-05,3.78,4.017
2764856,0.000166,9.629368719163334e-05,3.78,4.016
2556678,0.000166,9.652488451982453e-05,3.78,4.015
4903139,0.000166,9.675608184801573e-05,3.78,4.014
562190,0.000167,9.687168051211133e-05,3.777,4.014
11041323,0.000167,9.698727917620693e-05,3.777,4.013
16003773,0.000167,9.721847650439813e-05,3.777,4.012
4462246,0.000168,9.739187450054152e-05,3.775,4.011
12191727,0.000168,9.762307182873272e-05,3.775,4.01
15049677,0.000168,9.785426915692391e-05,3.775,4.009
2347335,0.000169,9.808546648511511e-05,3.772,4.008
14893525,0.000169,9.831666381330631e-05,3.772,4.007
12721341,0.000169,9.854786114149751e-05,3.772,4.006
12721339,0.000169,9.87790584696887e-05,3.772,4.005
11001480,0.00017,9.88946571337843e-05,3.77,4.005
984385,0.00017,9.90102557978799e-05,3.77,4.004
12519658,0.00017,9.92414531260711e-05,3.77,4.003
12721357,0.000171,9.941485112221449e-05,3.767,4.003
6508484,0.000171,9.94726504542623e-05,3.767,4.002
13195543,0.000171,9.970384778245348e-05,3.767,4.001
12352892,0.000172,9.976164711450129e-05,3.764,4.001
2037225,0.000172,9.993504511064468e-05,3.764,4.0
8720245,0.000172,0.00010016624243883588,3.764,3.999
8054497,0.000172,0.00010039743976702708,3.764,3.998
1663759,0.000173,0.00010051303843112267,3.762,3.998
5075317,0.000173,0.00010062863709521827,3.762,3.997
5671918,0.000174,0.00010080203509136168,3.759,3.997
8490333,0.000174,0.00010085983442340947,3.759,3.996
7771663,0.000174,0.00010109103175160067,3.759,3.995
2555823,0.000175,0.00010120663041569627,3.757,3.995
16115726,0.000175,0.00010132222907979187,3.757,3.994
10501551,0.000175,0.00010155342640798306,3.757,3.993
2306208,0.000176,0.00010166902507207866,3.754,3.993
1605014,0.000176,0.00010178462373617426,3.754,3.992
1921818,0.000176,0.00010201582106436546,3.754,3.991
1124499,0.000176,0.00010224701839255665,3.754,3.99
13195307,0.000177,0.00010242041638870005,3.752,3.99
11892384,0.000177,0.00010247821572074784,3.752,3.989
3863149,0.000178,0.00010265161371689125,3.75,3.989
4924307,0.000178,0.00010270941304893904,3.75,3.988
562193,0.000178,0.00010294061037713024,3.75,3.987
13130950,0.000179,0.00010311400837327363,3.747,3.987
15643775,0.000179,0.00010317180770532143,3.747,3.986
3642039,0.000179,0.00010340300503351263,3.747,3.985
985157,0.000179,0.00010363420236170383,3.747,3.984
4902448,0.00018,0.00010380760035784722,3.745,3.984
2055326,0.00018,0.00010392319902194282,3.745,3.983
7278256,0.00018,0.00010415439635013402,3.745,3.982
8684057,0.00018,0.00010438559367832522,3.745,3.981
3697711,0.00018,0.00010461679100651641,3.745,3.98
4458458,0.000181,0.00010467459033856421,3.742,3.98
11026625,0.000181,0.00010484798833470761,3.742,3.979
12353047,0.000181,0.00010507918566289881,3.742,3.978
12353057,0.000181,0.0001053681823231378,3.742,3.977
2556021,0.000182,0.0001055415803192812,3.74,3.977
12353055,0.000182,0.000105599379651329,3.74,3.976
16383166,0.000182,0.0001058305769795202,3.74,3.975
11219622,0.000182,0.00010606177430771139,3.74,3.974
13835202,0.000182,0.00010629297163590259,3.74,3.973
8768518,0.000183,0.00010640857029999819,3.738,3.973
4924192,0.000183,0.00010658196829614158,3.738,3.972
2493688,0.000183,0.00010681316562433278,3.738,3.971
4180065,0.000184,0.00010692876428842838,3.735,3.971
3294770,0.000184,0.00010704436295252398,3.735,3.97
13835186,0.000184,0.00010727556028071517,3.735,3.969
13835187,0.000185,0.00010744895827685857,3.733,3.969
9568491,0.000185,0.00010756455694095417,3.733,3.968
8352589,0.000185,0.00010779575426914536,3.733,3.967
13663738,0.000186,0.00010796915226528877,3.73,3.967
12827826,0.000186,0.00010802695159733656,3.73,3.966
805305,0.000186,0.00010831594825757555,3.73,3.965
15508980,0.000187,0.00010854714558576675,3.728,3.964
8533210,0.000187,0.00010877834291395795,3.728,3.963
14450115,0.000187,0.00010906733957419695,3.728,3.962
6660037,0.000188,0.00010924073757034034,3.726,3.962
5673663,0.000188,0.00010929853690238815,3.726,3.961
2218780,0.000188,0.00010952973423057933,3.726,3.96
3718750,0.000189,0.00010964533289467493,3.724,3.96
3718752,0.000189,0.00010981873089081834,3.724,3.959
16194314,0.000189,0.00011004992821900952,3.724,3.958
7543106,0.00019,0.00011010772755105733,3.721,3.958
4254899,0.00019,0.00011028112554720072,3.721,3.957
11782138,0.00019,0.00011057012220743972,3.721,3.956
8823017,0.000191,0.00011062792153948752,3.719,3.956
1284118,0.000191,0.00011080131953563092,3.719,3.955
6508490,0.000191,0.00011109031619586991,3.719,3.954
12352906,0.000192,0.00011114811552791772,3.717,3.954
6091043,0.000192,0.00011132151352406111,3.717,3.953
7061932,0.000193,0.0001114949115202045,3.714,3.953
13107375,0.000193,0.0001116105101843001,3.714,3.952
4902265,0.000194,0.0001118417075124913,3.712,3.951
13462741,0.000194,0.0001120729048406825,3.712,3.95
14224713,0.000194,0.0001123619015009215,3.712,3.949
12353098,0.000195,0.0001125930988291127,3.71,3.948
1370532,0.000195,0.00011288209548935169,3.71,3.947
7317833,0.000196,0.00011299769415344729,3.708,3.947
4409401,0.000196,0.00011311329281754288,3.708,3.946
2357494,0.000196,0.00011340228947778188,3.708,3.945
5491295,0.000197,0.00011346008880982968,3.706,3.945
10949862,0.000197,0.00011363348680597307,3.706,3.944
8249526,0.000198,0.00011392248346621208,3.703,3.943
11924584,0.000198,0.00011421148012645107,3.703,3.942
3162092,0.000199,0.00011438487812259446,3.701,3.942
13034867,0.000199,0.00011444267745464227,3.701,3.941
2439197,0.000199,0.00011473167411488126,3.701,3.94
16311269,0.0002,0.00011496287144307245,3.699,3.939
5621791,0.0002,0.00011525186810331146,3.699,3.938
14503878,0.000201,0.00011542526609945485,3.697,3.938
14615589,0.000201,0.00011548306543150264,3.697,3.937
6356195,0.000201,0.00011577206209174165,3.697,3.936
10189767,0.000202,0.00011594546008788504,3.695,3.936
8054346,0.000202,0.00011606105875198064,3.695,3.935
6956794,0.000202,0.00011629225608017183,3.695,3.934
2882051,0.000203,0.00011646565407631524,3.693,3.934
3039948,0.000203,0.00011658125274041084,3.693,3.933
3777231,0.000203,0.00011687024940064983,3.693,3.932
1921730,0.000204,0.00011692804873269762,3.69,3.932
1811525,0.000204,0.00011710144672884103,3.69,3.931
6956870,0.000204,0.00011739044338908002,3.69,3.93
1464130,0.000205,0.00011750604205317562,3.688,3.93
12352904,0.000205,0.00011767944004931901,3.688,3.929
6421925,0.000206,0.00011785283804546241,3.686,3.929
9677143,0.000206,0.00011791063737751021,3.686,3.928
4531258,0.000206,0.00011819963403774921,3.686,3.927
5075432,0.000207,0.00011843083136594041,3.684,3.927
11699400,0.000207,0.0001184886306979882,3.684,3.926
16713916,0.000207,0.0001187198280261794,3.684,3.925
7700444,0.000208,0.0001190088246864184,3.682,3.924
4154329,0.000208,0.00011929782134665739,3.682,3.923
16039268,0.000208,0.00011958681800689638,3.682,3.922
4902839,0.000209,0.00011964461733894419,3.68,3.922
5075435,0.000209,0.00011981801533508758,3.68,3.921
5752171,0.00021,0.00011993361399918318,3.678,3.921
11738224,0.00021,0.00012010701199532657,3.678,3.92
11445067,0.00021,0.00012039600865556557,3.678,3.919
11283945,0.000211,0.00012068500531580457,3.676,3.918
6541206,0.000211,0.00012097400197604357,3.676,3.917
2200453,0.000211,0.00012120519930423477,3.676,3.916
2555908,0.000212,0.00012137859730037816,3.674,3.916
562186,0.000212,0.00012149419596447376,3.674,3.915
11283947,0.000213,0.00012172539329266495,3.672,3.915
7168011,0.000213,0.00012178319262471275,3.672,3.914
9285216,0.000214,0.00012201438995290395,3.67,3.914
17277056,0.000214,0.00012207218928495176,3.67,3.913
2001190,0.000214,0.00012236118594519075,3.67,3.912
8768615,0.000214,0.00012265018260542975,3.67,3.911
2055561,0.000215,0.00012288137993362095,3.668,3.911
8054519,0.000215,0.00012293917926566874,3.668,3.91
12084453,0.000215,0.00012317037659385994,3.668,3.909
3607413,0.000215,0.00012345937325409893,3.668,3.908
2306111,0.000215,0.00012374836991433793,3.668,3.907
13873717,0.000216,0.00012397956724252913,3.666,3.907
5033068,0.000216,0.00012403736657457692,3.666,3.906
14825264,0.000216,0.0001243263632348159,3.666,3.905
3040057,0.000216,0.0001246153598950549,3.666,3.904
4514710,0.000217,0.00012473095855915052,3.664,3.904
11219851,0.000217,0.0001249043565552939,3.664,3.903
8007458,0.000217,0.0001251933532155329,3.664,3.902
5102194,0.000218,0.0001252511525475807,3.662,3.902
3980071,0.000218,0.00012548234987577188,3.662,3.901
5075326,0.000218,0.0001257713465360109,3.662,3.9
11011766,0.000219,0.00012594474453215428,3.66,3.9
2413761,0.000219,0.0001260603431962499,3.66,3.899
4448833,0.00022,0.0001263493398564889,3.658,3.898
7903679,0.00022,0.00012663833651672788,3.658,3.897
1846192,0.00022,0.00012692733317696688,3.658,3.896
6974272,0.00022,0.00012721632983720587,3.658,3.895
12933529,0.000221,0.00012727412916925366,3.656,3.895
8420796,0.000221,0.00012750532649744486,3.656,3.894
8352581,0.000221,0.00012779432315768386,3.656,3.893
17277043,0.000222,0.00012808331981792285,3.654,3.893
5753816,0.000222,0.00012814111914997064,3.654,3.892
10680109,0.000222,0.00012843011581020966,3.654,3.891
8339157,0.000223,0.00012854571447430525,3.652,3.891
14844907,0.000223,0.00012871911247044866,3.652,3.89
14909562,0.000224,0.00012889251046659204,3.65,3.89
10945871,0.000224,0.00012900810913068765,3.65,3.889
5338661,0.000225,0.00012918150712683103,3.648,3.889
16306935,0.000225,0.00012929710579092664,3.648,3.888
11219142,0.000225,0.00012958610245116564,3.648,3.887
7484781,0.000226,0.00012987509911140463,3.646,3.886
3029808,0.000226,0.00013022189510369142,3.646,3.885
13403414,0.000227,0.00013027969443573924,3.644,3.885
5355362,0.000227,0.0001305108917639304,3.644,3.884
3040023,0.000228,0.00013068428976007382,3.642,3.884
7589295,0.000228,0.0001307998884241694,3.642,3.883
1994322,0.000228,0.00013108888508440842,3.642,3.882
16383143,0.000229,0.0001313200824125996,3.64,3.882
1906489,0.000229,0.00013137788174464742,3.64,3.881
8442962,0.00023,0.0001316668784048864,3.638,3.881
12004525,0.00023,0.0001317246777369342,3.638,3.88
1781657,0.00023,0.0001320136743971732,3.638,3.879
4347311,0.000231,0.00013212927306126878,3.636,3.879
15823567,0.000231,0.0001323026710574122,3.636,3.878
6811785,0.000232,0.0001325338683856034,3.635,3.878
8054553,0.000232,0.00013259166771765118,3.635,3.877
13154993,0.000233,0.00013288066437789017,3.633,3.877
15254033,0.000233,0.000132938463709938,3.633,3.876
11219821,0.000233,0.000133227460370177,3.633,3.875
16970470,0.000234,0.00013328525970222478,3.631,3.875
14844962,0.000234,0.00013351645703041598,3.631,3.874
5679943,0.000235,0.00013357425636246377,3.629,3.874
15516664,0.000235,0.00013386325302270277,3.629,3.873
6356165,0.000236,0.00013403665101884617,3.627,3.873
11769644,0.000236,0.00013415224968294176,3.627,3.872
6570546,0.000236,0.00013444124634318075,3.627,3.871
11251836,0.000237,0.00013478804233546757,3.625,3.87
2357403,0.000237,0.00013507703899570656,3.625,3.869
11133782,0.000237,0.00013536603565594555,3.625,3.868
7398047,0.000238,0.00013542383498799335,3.623,3.868
6628883,0.000238,0.00013571283164823234,3.623,3.867
13528881,0.000238,0.00013600182830847133,3.623,3.866
8773148,0.000238,0.00013634862430075812,3.623,3.865
3294649,0.000239,0.00013657982162894932,3.622,3.865
11219823,0.000239,0.0001366376209609971,3.622,3.864
3714678,0.00024,0.00013698441695328393,3.62,3.863
3699041,0.000241,0.00013721561428147513,3.618,3.863
852835,0.000241,0.00013727341361352292,3.618,3.862
2306169,0.000241,0.0001376202096058097,3.618,3.861
16358833,0.000241,0.0001379092062660487,3.618,3.86
14844950,0.000242,0.0001381404035942399,3.616,3.86
7455416,0.000242,0.0001381982029262877,3.616,3.859
13379383,0.000242,0.0001385449989185745,3.616,3.858
11251445,0.000242,0.0001388917949108613,3.616,3.857
6909237,0.000243,0.00013894959424290909,3.614,3.857
12812791,0.000243,0.00013918079157110029,3.614,3.856
16559579,0.000244,0.00013952758756338707,3.613,3.855
11922856,0.000244,0.00013981658422362606,3.613,3.854
11219837,0.000244,0.00014016338021591288,3.613,3.853
9147303,0.000245,0.00014039457754410408,3.611,3.853
3278945,0.000245,0.00014045237687615187,3.611,3.852
3909510,0.000245,0.00014079917286843866,3.611,3.851
8263238,0.000246,0.00014103037019662986,3.609,3.851
7455452,0.000246,0.00014114596886072547,3.609,3.85
8417852,0.000246,0.00014143496552096446,3.609,3.849
8558482,0.000246,0.00014178176151325125,3.609,3.848
150093,0.000247,0.00014183956084529904,3.607,3.848
856749,0.000247,0.00014207075817349024,3.607,3.847
7629150,0.000247,0.00014241755416577703,3.607,3.846
16043725,0.000248,0.00014264875149396823,3.606,3.846
14844856,0.000248,0.00014276435015806384,3.606,3.845
8352558,0.000248,0.00014311114615035063,3.606,3.844
12178826,0.000248,0.00014340014281058962,3.606,3.843
14825474,0.000249,0.00014357354080673303,3.604,3.843
8054435,0.000249,0.0001437469388028764,3.604,3.842
8054445,0.00025,0.0001440359354631154,3.602,3.842
14154625,0.00025,0.00014409373479516322,3.602,3.841
11958648,0.00025,0.00014438273145540222,3.602,3.84
13528889,0.000251,0.000144729527447689,3.6,3.839
16559571,0.000251,0.0001450763234399758,3.6,3.838
13396721,0.000252,0.0001451919221040714,3.599,3.838
13712875,0.000252,0.0001454231194322626,3.599,3.837
12084592,0.000252,0.0001457699154245494,3.599,3.836
2926899,0.000253,0.00014605891208478838,3.597,3.835
14845084,0.000253,0.00014640570807707517,3.597,3.834
7370439,0.000254,0.00014669470473731416,3.595,3.834
2224102,0.000254,0.00014675250406936198,3.595,3.833
8533287,0.000254,0.00014709930006164877,3.595,3.832
1994331,0.000255,0.00014733049738983997,3.593,3.832
16948936,0.000255,0.00014744609605393555,3.593,3.831
3039998,0.000255,0.00014779289204622237,3.593,3.83
8768600,0.000256,0.00014808188870646136,3.592,3.829
7455436,0.000256,0.00014842868469874815,3.592,3.828
7455329,0.000257,0.00014877548069103493,3.59,3.827
12821235,0.000257,0.00014912227668332175,3.59,3.826
13828886,0.000258,0.00014929567467946513,3.588,3.826
1921804,0.000258,0.00014946907267560853,3.588,3.825
2371099,0.000258,0.00014981586866789532,3.588,3.824
3643259,0.000259,0.00014993146733199093,3.587,3.824
2831176,0.000259,0.00015016266466018213,3.587,3.823
15509738,0.00026,0.00015050946065246892,3.585,3.822
5884003,0.00026,0.0001508562566447557,3.585,3.821
3713204,0.00026,0.0001512030526370425,3.585,3.82
1868779,0.000261,0.0001513186513011381,3.583,3.82
5633085,0.000261,0.0001515498486293293,3.583,3.819
13991621,0.000261,0.0001518966446216161,3.583,3.818
7433036,0.000262,0.00015195444395366389,3.582,3.818
16726553,0.000262,0.00015224344061390288,3.582,3.817
1060690,0.000263,0.0001523012399459507,3.58,3.817
1723920,0.000263,0.0001525902366061897,3.58,3.816
4153341,0.000264,0.0001528214339343809,3.578,3.816
14845092,0.000264,0.00015293703259847648,3.578,3.815
14825432,0.000265,0.00015322602925871547,3.577,3.815
6570716,0.000265,0.00015334162792281109,3.577,3.814
16754817,0.000266,0.00015368842391509787,3.575,3.813
15714941,0.000266,0.00015403521990738466,3.575,3.812
16946749,0.000267,0.00015438201589967145,3.573,3.811
1688483,0.000268,0.00015467101255991047,3.572,3.811
3522622,0.000268,0.00015472881189195826,3.572,3.81
3111792,0.000268,0.00015507560788424504,3.572,3.809
16754735,0.000269,0.00015524900588038845,3.57,3.809
3696133,0.000269,0.00015542240387653183,3.57,3.808
5075287,0.000269,0.00015582699920086644,3.57,3.807
4762305,0.00027,0.00015605819652905764,3.569,3.807
5075520,0.00027,0.00015617379519315322,3.569,3.806
4153240,0.000271,0.00015646279185339222,3.567,3.806
7455459,0.000271,0.00015652059118544004,3.567,3.805
15424059,0.000271,0.00015686738717772682,3.567,3.804
7455345,0.000271,0.0001572719825020614,3.567,3.803
13528905,0.000272,0.0001575031798302526,3.565,3.803
11181988,0.000272,0.00015761877849434822,3.565,3.802
7510934,0.000272,0.000157965574486635,3.565,3.801
8054937,0.000273,0.0001580233738186828,3.564,3.801
1815812,0.000273,0.0001583123704789218,3.564,3.8
16483940,0.000274,0.00015837016981096958,3.562,3.8
4641366,0.000274,0.0001587169658032564,3.562,3.799
12519898,0.000275,0.0001590059624634954,3.561,3.799
3977451,0.000275,0.00015906376179554318,3.561,3.798
3718694,0.000276,0.0001592371597916866,3.559,3.798
1833537,0.000276,0.00015941055778782997,3.559,3.797
16942408,0.000277,0.000159699554448069,3.558,3.797
13130900,0.000277,0.00015981515311216458,3.558,3.796
6570660,0.000278,0.00016004635044035578,3.556,3.796
13528899,0.000278,0.00016016194910445136,3.556,3.795
7455387,0.000279,0.00016033534710059477,3.554,3.795
9366429,0.000279,0.00016056654442878597,3.554,3.794
13528823,0.000279,0.00016091334042107276,3.554,3.793
11178428,0.00028,0.00016114453774926396,3.553,3.793
853030,0.00028,0.00016126013641335954,3.553,3.792
10206377,0.000281,0.00016166473173769415,3.551,3.791
12516043,0.000281,0.00016201152772998094,3.551,3.79
1790895,0.000282,0.00016206932706202873,3.55,3.79
13403406,0.000282,0.00016241612305431554,3.55,3.789
13107651,0.000283,0.00016264732038250674,3.548,3.789
8352575,0.000283,0.00016276291904660233,3.548,3.788
3111774,0.000284,0.00016305191570684132,3.547,3.788
3300828,0.000284,0.00016316751437093693,3.547,3.787
1868784,0.000284,0.00016351431036322372,3.547,3.786
8630183,0.000285,0.00016380330702346271,3.545,3.786
8822489,0.000285,0.0001639189056875583,3.545,3.785
8352595,0.000285,0.00016426570167984511,3.545,3.784
16930806,0.000286,0.0001644390996759885,3.544,3.784
9034049,0.000286,0.0001646702970041797,3.544,3.783
13528824,0.000287,0.0001649592936644187,3.542,3.783
3734939,0.000287,0.0001650170929964665,3.542,3.782
6315268,0.000288,0.0001653060896567055,3.541,3.782
14603847,0.000288,0.0001654216883208011,3.541,3.781
11135390,0.000288,0.00016576848431308787,3.541,3.78
2357694,0.000288,0.00016617307963742248,3.541,3.779
8352611,0.000289,0.00016628867830151807,3.539,3.779
10505767,0.000289,0.00016657767496175706,3.539,3.778
13379898,0.00029,0.00016675107295790047,3.538,3.778
3714667,0.00029,0.00016692447095404387,3.538,3.777
7058981,0.00029,0.00016732906627837845,3.538,3.776
3734774,0.000291,0.00016761806293861745,3.536,3.776
14574507,0.000291,0.00016773366160271306,3.536,3.775
10944481,0.000291,0.00016808045759499985,3.536,3.774
2831208,0.000292,0.00016831165492319105,3.535,3.774
4071022,0.000292,0.00016848505291933445,3.535,3.773
8839090,0.000293,0.00016877404957957345,3.533,3.773
13528816,0.000293,0.00016888964824366903,3.533,3.772
2253658,0.000293,0.00016929424356800364,3.533,3.771
7455354,0.000294,0.00016946764156414702,3.532,3.771
7245096,0.000294,0.00016964103956029043,3.532,3.77
12747988,0.000295,0.0001699878355525772,3.53,3.77
13528865,0.000295,0.00017004563488462503,3.53,3.769
5126466,0.000295,0.0001704502302089596,3.53,3.768
5440318,0.000296,0.00017056582887305522,3.529,3.768
3994908,0.000296,0.00017085482553329422,3.529,3.767
2364549,0.000297,0.0001710282235294376,3.527,3.767
8352513,0.000297,0.000171201621525581,3.527,3.766
2152788,0.000297,0.00017160621684991558,3.527,3.765
560949,0.000298,0.0001716640161819634,3.526,3.765
15178085,0.000298,0.0001720108121742502,3.526,3.764
17263083,0.000299,0.00017235760816653698,3.524,3.764
2088200,0.000299,0.00017241540749858477,3.524,3.763
13528849,0.000299,0.00017282000282291938,3.524,3.762
11361978,0.0003,0.00017299340081906278,3.523,3.762
1868629,0.0003,0.00017322459814725398,3.523,3.761
1868778,0.000301,0.00017339799614339736,3.521,3.761
10764479,0.000301,0.00017362919347158856,3.521,3.76
16559751,0.000302,0.00017380259146773197,3.52,3.76
8352605,0.000303,0.00017397598946387535,3.519,3.76
10519474,0.000303,0.00017403378879592317,3.519,3.759
8679378,0.000303,0.00017443838412025775,3.519,3.758
10945342,0.000304,0.00017466958144844895,3.517,3.758
852766,0.000304,0.00017478518011254454,3.517,3.757
12735367,0.000304,0.00017518977543687914,3.517,3.756
3018988,0.000305,0.00017524757476892694,3.516,3.756
5552562,0.000305,0.00017559437076121372,3.516,3.755
5379519,0.000306,0.00017582556808940492,3.514,3.755
4001490,0.000306,0.00017599896608554833,3.514,3.754
13602872,0.000307,0.00017628796274578732,3.513,3.754
16039420,0.000307,0.00017640356140988294,3.513,3.753
7405335,0.000308,0.00017657695940602632,3.511,3.753
5783025,0.000308,0.00017680815673421752,3.511,3.752
3039969,0.000308,0.00017727055139059992,3.511,3.751
6614948,0.000309,0.0001773283507226477,3.51,3.751
4934104,0.000309,0.0001776751467149345,3.51,3.75
14735860,0.000309,0.0001780797420392691,3.51,3.749
6909186,0.00031,0.0001781375413713169,3.509,3.749
6735743,0.00031,0.00017848433736360368,3.509,3.748
15304377,0.000311,0.0001788311333558905,3.507,3.748
12735282,0.000311,0.0001788889326879383,3.507,3.747
4258230,0.000311,0.00017929352801227287,3.507,3.746
9646841,0.000312,0.00017952472534046407,3.506,3.746
10432318,0.000312,0.00017969812333660747,3.506,3.745
6365915,0.000312,0.00018010271866094205,3.506,3.744
1193797,0.000313,0.00018021831732503767,3.504,3.744
6544459,0.000313,0.00018056511331732445,3.504,3.743
5075338,0.000314,0.00018068071198142007,3.503,3.743
2433156,0.000314,0.00018096970864165906,3.503,3.742
12659202,0.000315,0.00018137430396599364,3.502,3.741
3714686,0.000315,0.00018177889929032825,3.502,3.74
14981933,0.000316,0.00018206789595056724,3.5,3.74
1433472,0.000316,0.00018218349461466283,3.5,3.739
13528843,0.000316,0.00018264588927104523,3.5,3.738
14886938,0.000317,0.00018281928726718863,3.499,3.738
11402284,0.000317,0.00018305048459537983,3.499,3.737
12943869,0.000317,0.0001834550799197144,3.499,3.736
805675,0.000318,0.0001838018759120012,3.498,3.736
9917355,0.000318,0.0001839174745760968,3.498,3.735
7955351,0.000319,0.000184148671904288,3.496,3.735
1192893,0.000319,0.0001843220699004314,3.496,3.734
6295094,0.000319,0.000184726665224766,3.496,3.733
13902670,0.00032,0.00018484226388886158,3.495,3.733
9643398,0.00032,0.0001851890598811484,3.495,3.732
15731650,0.000321,0.00018536245787729178,3.493,3.732
13528857,0.000321,0.00018559365520548298,3.493,3.731
7455335,0.000322,0.00018582485253367418,3.492,3.731
8054234,0.000322,0.00018599825052981758,3.492,3.73
9081758,0.000323,0.00018622944785800878,3.491,3.73
9218517,0.000323,0.00018646064518619996,3.491,3.729
7836397,0.000324,0.00018686524051053456,3.489,3.728
16080427,0.000324,0.00018732763516691696,3.489,3.727
15035613,0.000324,0.00018773223049125154,3.489,3.726
11362005,0.000325,0.00018779002982329934,3.488,3.726
3111746,0.000325,0.00018819462514763394,3.488,3.725
2079256,0.000326,0.00018859922047196855,3.487,3.724
3018997,0.000327,0.00018906161512835092,3.485,3.723
1046515,0.000328,0.00018946621045268553,3.484,3.722
2994491,0.000328,0.00018992860510906793,3.484,3.721
17217544,0.000329,0.0001901020031052113,3.483,3.721
12832233,0.000329,0.0001903332004334025,3.483,3.72
3355474,0.00033,0.00019050659842954592,3.481,3.72
16669184,0.00033,0.0001907955950897849,3.481,3.719
11113933,0.000331,0.0001910845917500239,3.48,3.719
1828702,0.000331,0.0001912579897461673,3.48,3.718
15300039,0.000331,0.0001916625850705019,3.48,3.717
8657606,0.000332,0.0001917781837345975,3.479,3.717
6925578,0.000333,0.0001921249797268843,3.478,3.716
11362158,0.000334,0.00019252957505121887,3.476,3.716
8339106,0.000334,0.0001925873743832667,3.476,3.715
11768548,0.000335,0.00019276077237941007,3.475,3.715
13997426,0.000335,0.00019299196970760127,3.475,3.714
10764473,0.000335,0.00019345436436398367,3.475,3.713
16466426,0.000336,0.00019362776236012707,3.474,3.713
103108,0.000336,0.00019391675902036607,3.474,3.712
2270568,0.000337,0.00019414795634855724,3.472,3.712
11354822,0.000337,0.00019432135434470065,3.472,3.711
7904454,0.000338,0.00019466815033698743,3.471,3.711
3355484,0.000338,0.00019478374900108305,3.471,3.71
7455403,0.000338,0.00019524614365746545,3.471,3.709
1939534,0.000338,0.00019570853831384782,3.471,3.708
4059272,0.000339,0.00019576633764589564,3.47,3.708
4247937,0.000339,0.00019611313363818243,3.47,3.707
17263091,0.000339,0.00019657552829456483,3.47,3.706
8709427,0.00034,0.0001967489262907082,3.469,3.706
3040112,0.00034,0.0001970379229509472,3.469,3.705
15754984,0.000341,0.0001975003176073296,3.467,3.704
15300393,0.000341,0.000197962712263712,3.467,3.703
16716047,0.000342,0.0001981939095919032,3.466,3.703
8085507,0.000342,0.0001984251069200944,3.466,3.702
15490662,0.000342,0.00019888750157647677,3.466,3.701
16452986,0.000343,0.0001989453009085246,3.465,3.701
6584219,0.000343,0.00019934989623285917,3.465,3.7
7170182,0.000344,0.00019969669222514596,3.463,3.7
7280241,0.000344,0.00019981229088924157,3.463,3.699
16702719,0.000344,0.00020021688621357615,3.463,3.698
6925611,0.000345,0.00020039028420971956,3.462,3.698
2357507,0.000345,0.00020067928086995855,3.462,3.697
195585,0.000346,0.00020085267886610196,3.461,3.697
4239028,0.000346,0.00020114167552634095,3.461,3.696
2289007,0.000347,0.00020125727419043654,3.46,3.696
2139586,0.000348,0.00020154627085067553,3.458,3.696
3443805,0.000348,0.00020166186951477114,3.458,3.695
13528985,0.000348,0.00020212426417115354,3.458,3.694
12867078,0.000349,0.00020218206350320134,3.457,3.694
6923548,0.000349,0.00020258665882753592,3.457,3.693
7278476,0.00035,0.00020276005682367932,3.456,3.693
5039194,0.00035,0.00020304905348391832,3.456,3.692
3303519,0.000351,0.00020351144814030072,3.455,3.691
3291367,0.000351,0.00020397384279668312,3.455,3.69
9977929,0.000352,0.0002040894414607787,3.453,3.69
4414579,0.000352,0.0002044362374530655,3.453,3.689
2877542,0.000352,0.0002048986321094479,3.453,3.688
16032411,0.000353,0.00020524542810173468,3.452,3.688
13835360,0.000353,0.0002053610267658303,3.452,3.687
1906491,0.000354,0.0002058234214222127,3.451,3.687
6544466,0.000354,0.00020588122075426048,3.451,3.686
2079931,0.000355,0.00020628581607859506,3.45,3.686
8339131,0.000355,0.00020634361541064286,3.45,3.685
9486283,0.000355,0.00020680601006702526,3.45,3.684
14018085,0.000356,0.00020703720739521646,3.449,3.684
2688114,0.000356,0.00020726840472340766,3.449,3.683
3355953,0.000357,0.00020761520071569444,3.447,3.683
3291316,0.000357,0.00020773079937979006,3.447,3.682
15234423,0.000357,0.00020825099336822025,3.447,3.681
10968296,0.000357,0.00020871338802460262,3.447,3.68
14158094,0.000358,0.00020882898668869823,3.446,3.68
2306180,0.000358,0.00020917578268098502,3.446,3.679
2697347,0.000359,0.00020934918067712843,3.445,3.679
6356855,0.000359,0.00020969597666941521,3.445,3.678
5987926,0.00036,0.00020992717399760641,3.444,3.678
5075441,0.00036,0.00021015837132579761,3.444,3.677
12659245,0.000361,0.0002105629666501322,3.442,3.677
4458548,0.000361,0.00021062076598218001,3.442,3.676
1415763,0.000362,0.0002108519633103712,3.441,3.676
9582024,0.000363,0.0002110253613065146,3.44,3.676
6410453,0.000363,0.0002111409599706102,3.44,3.675
1868763,0.000364,0.00021160335462699258,3.439,3.674
6571469,0.000365,0.0002120079499513272,3.438,3.674
3121387,0.000365,0.00021212354861542277,3.438,3.673
8212062,0.000366,0.00021252814393975738,3.437,3.673
5999520,0.000366,0.00021258594327180517,3.437,3.672
8533295,0.000366,0.00021310613726023537,3.437,3.671
7769674,0.000367,0.00021345293325252215,3.435,3.671
2152935,0.000367,0.00021356853191661777,3.435,3.67
13711819,0.000367,0.00021408872590504796,3.435,3.669
15923055,0.000368,0.00021431992323323916,3.434,3.669
12913111,0.000368,0.00021455112056143033,3.434,3.668
3696458,0.000369,0.00021507131454986052,3.433,3.667
10611625,0.000369,0.00021553370920624292,3.433,3.666
12352903,0.00037,0.00021582270586648192,3.432,3.666
254417,0.00037,0.00021605390319467312,3.432,3.665
14444852,0.000371,0.00021628510052286432,3.431,3.665
17131104,0.000371,0.0002165740971831033,3.431,3.664
770607,0.000372,0.00021697869250743792,3.429,3.664
9471650,0.000372,0.0002170364918394857,3.429,3.663
8352535,0.000372,0.0002175566858279159,3.429,3.662
14240929,0.000373,0.0002176144851599637,3.428,3.662
5987964,0.000373,0.0002180768798163461,3.428,3.661
14158334,0.000374,0.0002183080771445373,3.427,3.661
1527618,0.000374,0.00021853927447272847,3.427,3.66
13528981,0.000375,0.00021894386979706308,3.426,3.66
6356778,0.000375,0.00021905946846115866,3.426,3.659
9695536,0.000375,0.00021957966244958886,3.426,3.658
8271724,0.000376,0.00021969526111368447,3.425,3.658
907973,0.000376,0.00022004205710597126,3.425,3.657
6712651,0.000377,0.00022009985643801905,3.424,3.657
14893561,0.000377,0.00022056225109440145,3.424,3.656
6356865,0.000378,0.00022062005042644924,3.423,3.656
8339128,0.000378,0.00022108244508283164,3.423,3.655
14224503,0.000379,0.00022148704040716625,3.421,3.655
8247099,0.000379,0.00022160263907126184,3.421,3.654
3219752,0.00038,0.00022200723439559644,3.42,3.654
14906764,0.00038,0.00022212283305969203,3.42,3.653
13139970,0.000381,0.00022252742838402664,3.419,3.653
1876637,0.000381,0.00022264302704812222,3.419,3.652
16378293,0.000381,0.00022310542170450462,3.419,3.651
7368564,0.000382,0.00022316322103655241,3.418,3.651
2438496,0.000383,0.000223567816360887,3.417,3.651
9841181,0.000383,0.00022362561569293481,3.417,3.65
7981077,0.000384,0.0002237412143570304,3.416,3.65
499867,0.000384,0.000224145809681365,3.416,3.649
3607343,0.000385,0.0002242614083454606,3.415,3.649
3843324,0.000385,0.0002246660036697952,3.415,3.648
6526060,0.000386,0.00022483940166593858,3.413,3.648
6667607,0.000386,0.0002251861976582254,3.413,3.647
8339044,0.000387,0.00022541739498641657,3.412,3.647
13853737,0.000387,0.0002257063916466556,3.412,3.646
8304104,0.000388,0.00022622658563508575,3.411,3.645
1868320,0.000388,0.00022674677962351595,3.411,3.644
11168071,0.000389,0.00022697797695170715,3.41,3.644
8352525,0.000389,0.00022726697361194614,3.41,3.643
8271584,0.00039,0.00022755597027218516,3.409,3.643
13888401,0.00039,0.00022778716760037633,3.409,3.642
9702737,0.000391,0.00022796056559651974,3.408,3.642
15300922,0.000391,0.00022830736158880653,3.408,3.641
3366440,0.000392,0.00022859635824904552,3.407,3.641
8212151,0.000392,0.00022882755557723672,3.407,3.64
15533634,0.000393,0.00022923215090157133,3.406,3.64
7371670,0.000393,0.0002294055488977147,3.406,3.639
3872784,0.000394,0.00022975234489000152,3.405,3.639
2162387,0.000394,0.0002299257428861449,3.405,3.638
5075213,0.000394,0.0002304459368745751,3.405,3.637
7278310,0.000395,0.0002305037362066229,3.403,3.637
4633341,0.000395,0.00023096613086300528,3.403,3.636
16581919,0.000396,0.00023125512752324428,3.402,3.636
9366475,0.000396,0.00023148632485143548,3.402,3.635
10933459,0.000397,0.0002315441241834833,3.401,3.635
8479650,0.000398,0.00023200651883986567,3.4,3.634
10293105,0.000399,0.00023229551550010466,3.399,3.634
8479674,0.000399,0.00023258451216034366,3.399,3.633
3910054,0.0004,0.00023270011082443927,3.398,3.633
8654664,0.0004,0.00023310470614877385,3.398,3.632
14158477,0.000401,0.00023333590347696505,3.397,3.632
3669264,0.000401,0.00023362490013720404,3.397,3.631
3019149,0.000402,0.00023391389679744304,3.396,3.631
8212106,0.000402,0.00023420289345768206,3.396,3.63
7665459,0.000403,0.00023472308744611225,3.395,3.629
8212091,0.000403,0.00023524328143454244,3.395,3.628
1003043,0.000404,0.00023541667943068582,3.394,3.628
2055638,0.000404,0.00023582127475502043,3.394,3.627
9851540,0.000405,0.00023616807074730722,3.393,3.627
7511080,0.000405,0.00023634146874345062,3.393,3.626
805227,0.000406,0.0002367460640677852,3.391,3.626
12946531,0.000406,0.0002369194620639286,3.391,3.625
4414289,0.000407,0.0002373240573882632,3.39,3.625
2676358,0.000407,0.0002374396560523588,3.39,3.624
15300597,0.000408,0.0002379020507087412,3.389,3.624
11220863,0.000408,0.000237959850040789,3.389,3.623
14735850,0.000408,0.00023853784336126698,3.389,3.622
13528888,0.000409,0.00023865344202536257,3.388,3.622
8489730,0.000409,0.00023905803734969717,3.388,3.621
4058834,0.00041,0.00023923143534584058,3.387,3.621
4610827,0.00041,0.00023963603067017516,3.387,3.62
805377,0.000411,0.00024004062599450977,3.386,3.62
7901760,0.000411,0.00024021402399065315,3.386,3.619
2055705,0.000412,0.00024067641864703555,3.385,3.619
1180400,0.000412,0.00024073421797908334,3.385,3.618
13872300,0.000413,0.00024131221129956133,3.384,3.617
14529855,0.000413,0.00024183240528799152,3.384,3.616
647725,0.000414,0.00024194800395208713,3.383,3.616
11917036,0.000414,0.00024241039860846953,3.383,3.615
3732713,0.000415,0.00024275719460075632,3.382,3.615
159586,0.000415,0.00024298839192894752,3.382,3.614
8212094,0.000415,0.0002435085859173777,3.382,3.613
8054507,0.000416,0.0002436241845814733,3.381,3.613
8246727,0.000416,0.0002440865792378557,3.381,3.612
6683078,0.000417,0.0002442599772339991,3.38,3.612
14538736,0.000417,0.0002446645725583337,3.38,3.611
14634395,0.000418,0.00024512696721471606,3.379,3.611
3040115,0.000418,0.0002452425658788117,3.379,3.61
3111789,0.000419,0.0002457627598672419,3.378,3.609
16284404,0.000419,0.0002463407531877199,3.378,3.608
8212173,0.00042,0.00024639855251976767,3.377,3.608
4902536,0.00042,0.00024691874650819786,3.377,3.607
13899499,0.000421,0.00024714994383638904,3.376,3.607
1527637,0.000422,0.00024738114116458026,3.375,3.607
7648683,0.000422,0.00024749673982867585,3.375,3.606
10932895,0.000423,0.000247727937156867,3.374,3.606
3435463,0.000423,0.00024807473314915384,3.374,3.605
2695450,0.000424,0.000248305930477345,3.373,3.605
5536920,0.000424,0.0002486527264696318,3.373,3.604
14771174,0.000425,0.00024894172312987084,3.372,3.604
2033289,0.000425,0.000249172920458062,3.372,3.603
10294940,0.000426,0.0002494041177862532,3.371,3.603
5633506,0.000426,0.00024975091377854,3.371,3.602
9978554,0.000427,0.0002498665124426356,3.37,3.602
2831290,0.000428,0.0002500977097708268,3.369,3.602
9643497,0.000428,0.000250328907099018,3.369,3.601
9741054,0.000429,0.0002505023050951614,3.368,3.601
15406345,0.000429,0.000250906900419496,3.368,3.6
9366495,0.00043,0.0002510802984156394,3.367,3.6
8152839,0.00043,0.00025148489373997396,3.367,3.599
8444025,0.000431,0.0002516004924040696,3.366,3.599
13962389,0.000431,0.00025206288706045195,3.366,3.598
1201506,0.000432,0.00025240968305273876,3.365,3.598
7166710,0.000432,0.00025264088038093,3.365,3.597
8490319,0.000433,0.00025292987704116895,3.364,3.597
11220700,0.000433,0.00025327667303345577,3.364,3.596
1614950,0.000434,0.0002536812683577904,3.363,3.596
14922573,0.000434,0.00025385466635393375,3.363,3.595
6043050,0.000435,0.00025443265967441174,3.362,3.594
2204084,0.000436,0.00025501065299488973,3.361,3.593
7368254,0.000437,0.0002555308469833199,3.36,3.593
3443958,0.000437,0.0002555886463153677,3.36,3.592
12008896,0.000438,0.0002561666396358457,3.359,3.591
2270645,0.000439,0.0002566868336242759,3.358,3.591
9954555,0.000439,0.0002567446329563237,3.358,3.59
8212159,0.00044,0.0002569758302845149,3.357,3.59
12982079,0.00044,0.0002573804256088495,3.357,3.589
8420890,0.000441,0.0002574382249408973,3.356,3.589
12350568,0.000441,0.0002579584189293275,3.356,3.588
13106280,0.000442,0.0002580740175934231,3.355,3.588
3018992,0.000442,0.0002585364122498055,3.355,3.587
1351341,0.000443,0.00025876760957799667,3.354,3.587
7595153,0.000444,0.00025917220490233127,3.353,3.586
8114361,0.000445,0.00025975019822280926,3.352,3.585
14922585,0.000446,0.00026032819154328725,3.351,3.584
13891199,0.000447,0.000260963984195813,3.35,3.583
10945295,0.000448,0.00026136857952014763,3.349,3.583
8635988,0.000448,0.000261541977516291,3.349,3.582
1811099,0.000449,0.00026177317484448224,3.348,3.582
15305747,0.00045,0.0002620621715047212,3.347,3.582
13013952,0.00045,0.000262119970836769,3.347,3.581
1686376,0.000451,0.0002625823654931514,3.346,3.581
3737977,0.000451,0.00026275576348929483,3.346,3.58
5075532,0.000451,0.0002633337568097728,3.346,3.579
17026038,0.000452,0.000263564954137964,3.345,3.579
13632005,0.000452,0.0002639695494622986,3.345,3.578
15643554,0.000453,0.0002645475427827766,3.344,3.577
2874630,0.000454,0.0002648365394430156,3.343,3.577
15730381,0.000454,0.00026518333543530236,3.343,3.576
2776452,0.000455,0.0002654145327634936,3.342,3.576
3023002,0.000456,0.0002654723320955414,3.341,3.576
3356205,0.000456,0.00026581912808782814,3.341,3.575
13872230,0.000457,0.00026605032541601937,3.34,3.575
7368253,0.000457,0.0002663971214083062,3.34,3.574
16844539,0.000458,0.00026680171673264074,3.339,3.574
13528735,0.000458,0.00026703291406083196,3.339,3.573
3366742,0.000459,0.0002673797100531187,3.338,3.573
6909171,0.000459,0.00026761090738130995,3.338,3.572
3356207,0.00046,0.0002678421047095011,3.337,3.572
8246249,0.00046,0.00026824670003383573,3.337,3.571
6909181,0.000461,0.00026865129535817033,3.336,3.571
13929193,0.000461,0.0002688824926863615,3.336,3.57
7728476,0.000462,0.0002692292886786483,3.335,3.57
7737331,0.000462,0.0002695182853388873,3.335,3.569
8212083,0.000462,0.00027009627865936533,3.335,3.568
15237282,0.000463,0.0002702118773234609,3.334,3.568
12585217,0.000463,0.0002707320713118911,3.334,3.567
2784319,0.000464,0.0002710210679721301,3.333,3.567
14922639,0.000464,0.0002713678639644169,3.333,3.566
3355929,0.000466,0.0002717146599567037,3.332,3.566
13646380,0.000466,0.00027200365661694267,3.332,3.565
3607358,0.000467,0.0002724082519412773,3.331,3.565
6820106,0.000467,0.00027263944926946845,3.331,3.564
8444061,0.000468,0.0002728706465976597,3.33,3.564
102921,0.000468,0.00027321744258994643,3.33,3.563
7455217,0.000469,0.00027367983724632883,3.329,3.563
8247445,0.000469,0.00027385323524247227,3.329,3.562
2018485,0.00047,0.000274200031234759,3.328,3.562
13662482,0.00047,0.00027448902789499805,3.328,3.561
11362398,0.00047,0.0002751248205475238,3.328,3.56
14092362,0.000471,0.0002752404192116194,3.327,3.56
3281265,0.000471,0.0002757606132000496,3.327,3.559
8053611,0.000472,0.0002761652085243842,3.326,3.559
3964536,0.000472,0.0002763964058525754,3.326,3.558
8085258,0.000473,0.00027680100117691,3.325,3.558
3862815,0.000473,0.0002770321985051012,3.325,3.557
4485934,0.000474,0.0002775523924935314,3.324,3.557
17025604,0.000474,0.000277667991157627,3.324,3.556
16382921,0.000475,0.0002783037838101528,3.323,3.555
9741068,0.000476,0.0002786505798024396,3.322,3.555
13962504,0.000476,0.00027893957646267856,3.322,3.554
366225,0.000477,0.00027951756978315654,3.321,3.554
12088925,0.000477,0.00027963316844725213,3.321,3.553
12066081,0.000477,0.00028026896109977796,3.321,3.552
13012609,0.000478,0.00028090475375230374,3.321,3.551
8114333,0.000479,0.00028142494774073394,3.32,3.551
15157425,0.000479,0.0002815405464048295,3.32,3.55
12659251,0.00048,0.0002820607403932597,3.319,3.55
15473359,0.00048,0.0002821763390573553,3.319,3.549
13378285,0.000481,0.0002826387337137377,3.318,3.549
12102599,0.000481,0.00028286993104192893,3.318,3.548
2753325,0.000481,0.0002835057236944547,3.318,3.547
7621162,0.000482,0.0002835635230265025,3.317,3.547
1140941,0.000483,0.0002841415163469805,3.316,3.546
2878239,0.000484,0.0002846039110033629,3.315,3.546
8114386,0.000484,0.00028477730899950627,3.315,3.545
14158022,0.000485,0.0002849507069956497,3.314,3.545
9741077,0.000485,0.0002854709009840799,3.314,3.544
8255280,0.000486,0.00028575989764431886,3.313,3.544
954831,0.000486,0.0002861066936366057,3.313,3.543
13013813,0.000487,0.00028633789096479685,3.312,3.543
10602301,0.000487,0.00028680028562117925,3.312,3.542
4902836,0.000489,0.00028737827894165723,3.311,3.542
6229275,0.000489,0.000287436078273705,3.311,3.541
8054500,0.00049,0.0002878984729300874,3.31,3.541
12660635,0.00049,0.0002880718709262308,3.31,3.54
5979266,0.000491,0.0002885342655826132,3.309,3.54
8114330,0.000491,0.00028876546291080443,3.309,3.539
13646093,0.000492,0.0002890544595710434,3.308,3.539
7741165,0.000492,0.0002894012555633302,3.308,3.538
5566348,0.000493,0.0002895168542274258,3.307,3.538
12102636,0.000493,0.0002900948475479038,3.307,3.537
13155015,0.000494,0.0002901526468799516,3.306,3.537
15403102,0.000495,0.00029073064020042956,3.305,3.537
4106549,0.000495,0.0002907884395324774,3.305,3.536
446583,0.000495,0.0002914242321850032,3.305,3.535
10764386,0.000496,0.00029211782416957676,3.305,3.534
14985510,0.000497,0.00029229122216572014,3.304,3.534
13439883,0.000498,0.00029275361682210254,3.303,3.533
13646305,0.000499,0.00029344720880667617,3.302,3.532
1406211,0.0005,0.00029408300145920195,3.301,3.532
2099054,0.0005,0.00029414080079124974,3.301,3.531
12532360,0.000501,0.00029460319544763214,3.3,3.531
3289630,0.000501,0.0002948343927758233,3.3,3.53
1724251,0.000502,0.0002948921921078711,3.299,3.53
15643835,0.000502,0.0002954701854283491,3.299,3.529
352669,0.000503,0.0002958169814206359,3.298,3.529
2074981,0.000503,0.0002961637774129227,3.298,3.528
2395141,0.000504,0.0002968573693974963,3.298,3.527
2521015,0.000505,0.00029708856672568747,3.297,3.527
15759733,0.000505,0.00029755096138206987,3.297,3.526
3072641,0.000506,0.0002977821587102611,3.296,3.526
16262839,0.000506,0.0002982445533666435,3.296,3.525
13593529,0.000507,0.00029864914869097805,3.295,3.525
10013744,0.000507,0.00029893814535121707,3.295,3.524
14145807,0.000508,0.00029922714201145603,3.294,3.524
8352598,0.000508,0.00029957393800374285,3.294,3.523
13211428,0.000509,0.00030003633266012525,3.293,3.523
8761611,0.000509,0.0003002675299883164,3.293,3.522
3443918,0.00051,0.00030061432598060323,3.292,3.522
10534443,0.00051,0.00030096112197289005,3.292,3.521
16685149,0.000511,0.0003016547139574636,3.292,3.52
14260436,0.000512,0.0003018859112856548,3.291,3.52
14244085,0.000512,0.0003023483059420372,3.291,3.519
5509518,0.000513,0.0003025217039381806,3.29,3.519
13035017,0.000514,0.0003028107005984196,3.289,3.519
9520261,0.000514,0.0003030418979266108,3.289,3.518
14596033,0.000515,0.0003031574965907064,3.288,3.518
16077510,0.000515,0.0003037932892432322,3.288,3.517
4449204,0.000516,0.0003040822859034712,3.287,3.517
9851536,0.000516,0.00030448688122780576,3.287,3.516
8255340,0.000517,0.0003051804732123794,3.287,3.515
14814944,0.000518,0.00030535387120852277,3.286,3.515
14940447,0.000518,0.00030587406519695296,3.286,3.514
1546337,0.000519,0.00030593186452900075,3.285,3.514
13930840,0.00052,0.00030622086118923977,3.284,3.514
524854,0.00052,0.00030656765718152653,3.284,3.513
3924500,0.000521,0.00030668325584562217,3.283,3.513
5075273,0.000522,0.00030726124916610016,3.282,3.512
8114398,0.000523,0.00030778144315453035,3.281,3.512
3355915,0.000523,0.0003080126404827215,3.281,3.511
1829146,0.000524,0.0003087062324672951,3.281,3.51
1829186,0.000525,0.0003091686271236775,3.28,3.51
14255694,0.000525,0.0003093998244518687,3.28,3.509
1504160,0.000526,0.0003096310217800599,3.279,3.509
16148626,0.000526,0.0003101512157684901,3.279,3.508
1829188,0.000527,0.00031038241309668126,3.278,3.508
6016835,0.000527,0.00031084480775306366,3.278,3.507
9841298,0.000528,0.00031136500174149386,3.277,3.507
9841195,0.000528,0.0003115383997376373,3.277,3.506
13602288,0.000529,0.00031228979105425866,3.277,3.505
15696358,0.00053,0.00031275218571064106,3.276,3.505
15322427,0.00053,0.00031298338303883223,3.276,3.504
740700,0.000531,0.00031344577769521463,3.275,3.504
1309647,0.000531,0.00031373477435545365,3.275,3.503
3374217,0.000532,0.00031385037301954923,3.274,3.503
13712685,0.000532,0.0003144283663400272,3.274,3.502
7826692,0.000533,0.0003150063596605052,3.273,3.502
7826693,0.000533,0.00031517975765664864,3.273,3.501
6060836,0.000534,0.0003154109549848398,3.272,3.501
9811503,0.000534,0.0003158733496412222,3.272,3.5
5509535,0.000535,0.0003166247409578436,3.272,3.499
9526110,0.000536,0.0003166825402898914,3.271,3.499
6712997,0.000537,0.0003170293362821782,3.27,3.499
17178732,0.000537,0.000317376132274465,3.27,3.498
10005702,0.000538,0.00031766512893470397,3.269,3.498
5269600,0.000538,0.0003180697242590386,3.269,3.497
8802447,0.000539,0.00031864771757951656,3.268,3.497
14769127,0.00054,0.00031882111557565994,3.268,3.496
8114332,0.000541,0.00031928351023204234,3.267,3.496
15643651,0.000541,0.00031957250689228136,3.267,3.495
10764406,0.000542,0.00032003490154866376,3.266,3.495
12102694,0.000542,0.00032026609887685493,3.266,3.494
11220800,0.000543,0.00032067069420118954,3.265,3.494
16999629,0.000543,0.00032101749019347635,3.265,3.493
13872872,0.000544,0.00032107528952552415,3.264,3.493
4925785,0.000545,0.0003217688815100977,3.264,3.492
17241494,0.000546,0.0003223468748305757,3.263,3.492
1482624,0.000546,0.0003225202728267191,3.263,3.491
15229686,0.000547,0.0003228670688190059,3.262,3.491
8365127,0.000547,0.0003232716641433405,3.262,3.49
8472150,0.000548,0.0003233294634753883,3.261,3.49
195422,0.000548,0.00032402305545996187,3.261,3.489
17241225,0.000549,0.00032408085479200966,3.26,3.489
11454044,0.000551,0.0003247166474445355,3.259,3.488
8768594,0.000552,0.00032517904210091784,3.258,3.488
8246682,0.000552,0.00032546803876115686,3.258,3.487
8575489,0.000553,0.00032552583809320466,3.257,3.487
3355901,0.000554,0.0003258148347534437,3.256,3.487
948501,0.000555,0.00032621943007777823,3.256,3.486
11740348,0.000556,0.00032668182473416063,3.255,3.486
4502327,0.000556,0.00032697082139439965,3.255,3.485
10862119,0.000557,0.0003272598180546386,3.254,3.485
14596103,0.000557,0.000327722212711021,3.254,3.484
6667453,0.000558,0.00032789561070716445,3.253,3.484
3245237,0.000558,0.00032847360402764244,3.253,3.483
7981057,0.00056,0.0003292249953442638,3.252,3.483
8806573,0.00056,0.0003292827946763116,3.252,3.482
8655643,0.000561,0.00032997638666088517,3.251,3.482
8420495,0.000561,0.000330034185992933,3.251,3.481
2867157,0.000562,0.00033043878131726757,3.25,3.481
15792803,0.000563,0.0003307277779775066,3.249,3.481
3889503,0.000563,0.0003307855773095544,3.249,3.48
4173255,0.000564,0.00033153696862617575,3.249,3.479
2570486,0.000565,0.00033205716261460594,3.248,3.479
4008451,0.000565,0.00033228835994279717,3.248,3.478
7637080,0.000566,0.0003326929552671318,3.247,3.478
2201388,0.000566,0.0003330975505914663,3.247,3.477
8472171,0.000567,0.00033332874791965755,3.246,3.477
11219080,0.000567,0.00033384894190808775,3.246,3.476
5720432,0.000568,0.0003346003332247091,3.246,3.475
1349560,0.000569,0.00033477373122085255,3.245,3.475
4742527,0.00057,0.00033535172454133053,3.244,3.474
9284623,0.000571,0.0003359875171938563,3.243,3.474
17131002,0.000571,0.0003361609151899997,3.243,3.473
3901671,0.000572,0.0003369123065066211,3.243,3.472
562174,0.000573,0.00033737470116300346,3.242,3.472
16708283,0.000573,0.00033772149715529027,3.242,3.471
10406485,0.000574,0.0003379526944834815,3.241,3.471
14399459,0.000574,0.00033847288847191164,3.241,3.47
10083117,0.000575,0.00033864628646805507,3.24,3.47
1180563,0.000576,0.00033928207912058085,3.24,3.469
2028542,0.000577,0.0003399756711051544,3.239,3.469
13039383,0.000577,0.0003400334704372022,3.239,3.468
8367370,0.000578,0.00034026466776539344,3.238,3.468
1303106,0.000579,0.00034066926308972805,3.237,3.468
6981106,0.000579,0.00034084266108587143,3.237,3.467
11519430,0.00058,0.0003415940524024928,3.237,3.466
9961460,0.000581,0.00034176745039863623,3.236,3.466
6667442,0.000582,0.0003422876443870664,3.235,3.466
2033228,0.000582,0.000342403243051162,3.235,3.465
8560661,0.000583,0.0003431546343677834,3.234,3.465
7459513,0.000583,0.00034321243369983117,3.234,3.464
1907240,0.000584,0.0003439638250164526,3.234,3.463
5797867,0.000585,0.0003443684203407872,3.233,3.463
17022348,0.000585,0.00034477301566512175,3.233,3.462
6147857,0.000586,0.00034517761098945635,3.232,3.462
16790256,0.000587,0.00034558220631379096,3.231,3.461
14914892,0.000588,0.0003463913969624601,3.231,3.46
7195612,0.000589,0.00034650699562655576,3.23,3.46
13646694,0.00059,0.0003469115909508903,3.229,3.46
10567422,0.00059,0.00034714278827908154,3.229,3.459
8184361,0.000591,0.0003478363802636551,3.228,3.459
1688533,0.000591,0.0003479519789277507,3.228,3.458
7724486,0.000592,0.0003487611695764199,3.228,3.457
4036272,0.000593,0.0003488189689084677,3.227,3.457
14773449,0.000594,0.0003492813635648501,3.226,3.457
14588803,0.000594,0.00034957036022508907,3.226,3.456
14224467,0.000595,0.00035009055421351927,3.225,3.456
12745966,0.000596,0.0003503795508737583,3.225,3.455
2957330,0.000597,0.00035113094219037965,3.224,3.455
9535994,0.000597,0.00035118874152242744,3.224,3.454
2033288,0.000598,0.0003517667348429055,3.223,3.454
10522749,0.000598,0.00035199793217109666,3.223,3.453
14844320,0.0006,0.000352749323487718,3.222,3.453
16418580,0.0006,0.00035280712281976587,3.222,3.452
13253634,0.000601,0.00035350071480433944,3.221,3.452
5848410,0.000601,0.00035361631346843503,3.221,3.451
12902464,0.000602,0.0003542521061209608,3.22,3.451
9643281,0.000602,0.00035442550411710424,3.22,3.45
4902252,0.000603,0.0003552346947657734,3.22,3.449
9484718,0.000604,0.000355350293429869,3.219,3.449
4721165,0.000605,0.0003559860860823948,3.218,3.449
9984091,0.000605,0.0003560438854144426,3.218,3.448
12232712,0.000606,0.00035691087539515957,3.218,3.447
8654435,0.000607,0.0003572576713874464,3.217,3.447
16666017,0.000607,0.0003577200660438288,3.217,3.446
13834706,0.000608,0.00035795126337201996,3.216,3.446
16660345,0.000609,0.00035829805936430677,3.215,3.446
2775542,0.000609,0.00035852925669249794,3.215,3.445
2544927,0.00061,0.00035933844734116715,3.215,3.444
13195370,0.000611,0.00035945404600526274,3.214,3.444
2444104,0.000612,0.0003602054373218841,3.213,3.443
15360789,0.000613,0.0003610146279705533,3.213,3.442
14915744,0.000614,0.0003616504206230791,3.212,3.442
10448737,0.000614,0.00036188161795127033,3.212,3.441
2817143,0.000615,0.0003622862132756049,3.211,3.441
517617,0.000616,0.0003625752099358439,3.21,3.441
3356228,0.000616,0.0003626908085999395,3.21,3.44
10669270,0.000617,0.0003634999992486087,3.21,3.439
13205322,0.000618,0.00036390459457294325,3.209,3.439
4053474,0.000619,0.00036436698922932565,3.208,3.438
5670230,0.000621,0.00036511838054594707,3.207,3.438
11997179,0.000621,0.00036517617987799487,3.207,3.437
15778219,0.000622,0.00036558077520232947,3.206,3.437
8262922,0.000622,0.0003660431698587118,3.206,3.436
4157289,0.000623,0.0003669101598394288,3.206,3.435
2033295,0.000624,0.00036725695583171564,3.205,3.435
12941026,0.000624,0.00036771935048809804,3.205,3.434
11182623,0.000625,0.0003680661464803848,3.204,3.434
14789364,0.000626,0.0003685285411367672,3.203,3.434
9946487,0.000626,0.000368586340468815,3.203,3.433
7781328,0.000627,0.000369453330449532,3.203,3.432
15462642,0.000628,0.0003700891231020578,3.202,3.432
13885867,0.000628,0.00037026252109820116,3.202,3.431
15142118,0.000629,0.0003708405144186792,3.201,3.431
3029208,0.000629,0.00037112951107891816,3.201,3.43
6667414,0.000631,0.00037159190573530056,3.2,3.43
1527706,0.000631,0.00037199650105963517,3.2,3.429
16734872,0.000632,0.00037216989905577855,3.199,3.429
11997047,0.000632,0.0003728634910403521,3.199,3.428
16692758,0.000634,0.0003733836850287823,3.198,3.428
6667371,0.000634,0.00037373048102106913,3.198,3.427
14791930,0.000635,0.00037401947768130815,3.197,3.427
5490237,0.000636,0.00037459747100178614,3.197,3.426
14791941,0.000637,0.0003750020663261207,3.196,3.426
7455443,0.000637,0.0003754066616504553,3.196,3.425
8650430,0.000638,0.0003759846549709333,3.195,3.425
10302836,0.000638,0.0003762736516311723,3.195,3.424
9525801,0.000639,0.00037656264829141127,3.194,3.424
2349342,0.000641,0.00037708284227984146,3.193,3.424
15982075,0.000641,0.00037714064161188925,3.193,3.423
649305,0.000642,0.0003778920329285107,3.192,3.423
8006539,0.000642,0.00037800763159260626,3.192,3.422
2032999,0.000643,0.00037893242090537106,3.192,3.421
15030912,0.000644,0.00037904801956946665,3.191,3.421
6684139,0.000645,0.00037945261489380125,3.19,3.421
16125214,0.000645,0.000379799410886088,3.19,3.42
3844259,0.000646,0.000380666400866805,3.19,3.419
14906678,0.000647,0.0003807242001988528,3.189,3.419
8773140,0.000648,0.0003811865948552352,3.188,3.419
2438049,0.000648,0.000381533390847522,3.188,3.418
2055367,0.000649,0.000382400380828239,3.188,3.417
8709343,0.00065,0.0003826315781564302,3.187,3.417
10764087,0.000651,0.0003830939728128126,3.186,3.417
10089431,0.000651,0.000383267370808956,3.186,3.416
2385340,0.000653,0.00038401876212557735,3.185,3.416
2526457,0.000653,0.0003841921601217208,3.185,3.415
3588355,0.000654,0.0003846545547781032,3.184,3.415
1060802,0.000655,0.00038505915010243774,3.184,3.414
13035328,0.000656,0.00038546374542677234,3.183,3.414
10764045,0.000656,0.00038592614008315474,3.183,3.413
9741097,0.000657,0.00038650413340363273,3.182,3.413
4347472,0.000657,0.00038685092939591954,3.182,3.412
10567443,0.000659,0.0003874867220484453,3.181,3.412
16383017,0.000659,0.0003877179193766365,3.181,3.411
1523920,0.00066,0.0003877757187086843,3.18,3.411
9128445,0.000661,0.0003886427086894013,3.18,3.41
1374462,0.000662,0.0003887005080214491,3.179,3.41
8357080,0.000663,0.0003892785013419271,3.178,3.41
1349138,0.000663,0.0003895096986701183,3.178,3.409
1688387,0.000664,0.0003904344879828831,3.178,3.408
9741091,0.000665,0.0003905500866469787,3.177,3.408
6674813,0.000666,0.00039130147796360005,3.177,3.407
12104934,0.000667,0.00039182167195203025,3.176,3.407
6832782,0.000667,0.00039222626727636485,3.176,3.406
12515688,0.000668,0.000392457464604556,3.175,3.406
16559707,0.000669,0.00039315105658912965,3.175,3.405
6958098,0.00067,0.000393902447905751,3.174,3.405
3332060,0.00067,0.0003940180465698466,3.174,3.404
11144895,0.000671,0.00039471163855442023,3.173,3.404
7455581,0.000672,0.0003949428358826114,3.173,3.403
15404421,0.000673,0.0003954052305389938,3.172,3.403
2910803,0.000673,0.0003958676251953762,3.172,3.402
9741267,0.000674,0.00039615662185561517,3.171,3.402
3356152,0.000675,0.00039673461517609316,3.171,3.401
3716600,0.000676,0.00039725480916452335,3.17,3.401
3910070,0.000676,0.00039765940448885796,3.17,3.4
813994,0.000677,0.00039800620048114477,3.169,3.4
14769340,0.000677,0.00039858419380162276,3.169,3.399
7185101,0.000679,0.00039921998645414854,3.168,3.399
8533406,0.000679,0.00039950898311438756,3.168,3.398
11488841,0.00068,0.0003999713777707699,3.167,3.398
8551530,0.00068,0.0004004337724271523,3.167,3.397
9588763,0.000681,0.0004013585617399171,3.167,3.396
12238813,0.000682,0.0004018209563962995,3.166,3.396
12625515,0.000683,0.0004022833510526819,3.166,3.395
11540,0.000684,0.0004026879463770165,3.165,3.395
10604601,0.000684,0.0004032081403654467,3.165,3.394
9946570,0.000685,0.00040367053502182905,3.164,3.394
4717971,0.000685,0.00040413292967821145,3.164,3.393
3066477,0.000687,0.0004048265216627851,3.163,3.393
15927800,0.000687,0.00040505771899097625,3.163,3.392
16166624,0.000688,0.0004052889163191675,3.162,3.392
14039916,0.000689,0.00040598250830374105,3.162,3.391
3588036,0.00069,0.00040644490296012345,3.161,3.391
14242996,0.00069,0.00040696509694855364,3.161,3.39
546245,0.000692,0.0004073696922728882,3.16,3.39
15551302,0.000692,0.0004078898862613184,3.16,3.389
9741051,0.000693,0.00040794768559336623,3.159,3.389
9504836,0.000694,0.0004088146755740832,3.159,3.388
10764041,0.000695,0.0004092192708984178,3.158,3.388
5773381,0.000696,0.000409739464886848,3.157,3.387
6365904,0.000697,0.0004107220535316606,3.157,3.386
7367127,0.000698,0.00041077985286370837,3.156,3.386
10537627,0.000699,0.0004116468428444254,3.156,3.385
7483187,0.0007,0.00041228263549695116,3.155,3.385
7901458,0.000701,0.00041251383282514233,3.154,3.385
15109405,0.000701,0.0004126294314892379,3.154,3.384
1525625,0.000702,0.0004135542208020027,3.154,3.383
8032189,0.000703,0.0004136698194660983,3.153,3.383
7185120,0.000704,0.00041430561211862414,3.152,3.383
3111655,0.000704,0.0004144790101147675,3.152,3.382
9284942,0.000705,0.0004154615987595801,3.152,3.381
13929124,0.000706,0.00041586619408391466,3.151,3.381
10119250,0.000707,0.0004164441874043927,3.151,3.38
15422534,0.000708,0.00041684878272872726,3.15,3.38
3880294,0.000708,0.00041736897671715745,3.15,3.379
5508742,0.000709,0.00041742677604920524,3.149,3.379
2209301,0.00071,0.00041835156536197004,3.149,3.378
6667526,0.000711,0.00041887175935040024,3.148,3.378
10205037,0.000711,0.00041927635467473484,3.148,3.377
14791756,0.000713,0.0004199699466593084,3.147,3.377
5750907,0.000713,0.00042025894331954743,3.147,3.376
16483859,0.000714,0.00042077913730797763,3.146,3.376
14548759,0.000714,0.00042124153196436003,3.146,3.375
12948266,0.000716,0.0004216461272886946,3.145,3.375
13384765,0.000717,0.0004219351239489336,3.144,3.375
8655878,0.000717,0.00042222412060917257,3.144,3.374
13754662,0.000719,0.0004230911105898896,3.143,3.374
11744105,0.000719,0.00042320670925398516,3.143,3.373
7185254,0.00072,0.00042413149856674996,3.143,3.372
4249238,0.000721,0.000424420495226989,3.142,3.372
7864061,0.000722,0.00042499848854746697,3.141,3.372
5672535,0.000722,0.00042511408721156255,3.141,3.371
15794848,0.000723,0.00042609667585637515,3.141,3.37
4458617,0.000724,0.00042655907051275755,3.14,3.37
12585200,0.000724,0.00042707926450118774,3.14,3.369
10194807,0.000726,0.0004279462544819047,3.139,3.369
15229678,0.000726,0.0004280618531460003,3.139,3.368
13528998,0.000727,0.0004287554451305739,3.138,3.368
16708261,0.000727,0.00042904444179081287,3.138,3.367
8656370,0.000729,0.00042996923110357767,3.137,3.367
12827952,0.000729,0.00043008482976767326,3.137,3.366
9740269,0.00073,0.00043106741841248585,3.137,3.365
5022068,0.000731,0.00043141421440477266,3.136,3.365
9536203,0.000732,0.0004317610103970594,3.135,3.365
14758437,0.000732,0.00043205000705729844,3.135,3.364
649869,0.000734,0.000432743599041872,3.134,3.364
4184979,0.000734,0.00043303259570211104,3.134,3.363
11362132,0.000736,0.000433899585682828,3.133,3.363
11755797,0.000736,0.00043401518434692363,3.133,3.362
12075261,0.000737,0.000435055572323784,3.133,3.361
5015084,0.000738,0.0004355179669801664,3.132,3.361
6982474,0.000738,0.0004360381609685966,3.132,3.36
6407387,0.000739,0.0004360959603006444,3.131,3.36
9536279,0.00074,0.00043702074961340915,3.131,3.359
9526119,0.000741,0.00043707854894545694,3.13,3.359
6929228,0.000742,0.00043806113759026953,3.13,3.358
12821231,0.000743,0.0004385813315786997,3.129,3.358
11362329,0.000743,0.0004390437262350821,3.129,3.357
16905232,0.000744,0.00043939052222736894,3.128,3.357
3899438,0.000745,0.0004400841142119425,3.128,3.356
12632239,0.000746,0.0004408933048606117,3.127,3.356
947519,0.000746,0.0004410667028567551,3.127,3.355
2773649,0.000748,0.0004418758935054243,3.126,3.355
14145754,0.000748,0.0004421070908336155,3.126,3.354
646439,0.00075,0.0004430896794784281,3.125,3.354
2016031,0.00075,0.0004431474788104759,3.125,3.353
10913144,0.000751,0.00044343647547071484,3.124,3.353
17171472,0.000752,0.00044413006745528847,3.124,3.352
16378981,0.000753,0.00044482365943986204,3.123,3.352
13955351,0.000753,0.00044517045543214886,3.123,3.351
15805335,0.000755,0.0004460374454128658,3.122,3.351
3220017,0.000755,0.00044621084340900924,3.122,3.35
12123958,0.000756,0.0004464998400692482,3.121,3.35
11306756,0.000756,0.00044725123138586963,3.121,3.349
9285092,0.000757,0.0004482338200306822,3.121,3.348
9285034,0.000758,0.0004486384153550168,3.12,3.348
5508918,0.000759,0.00044927420800754255,3.12,3.347
2780668,0.00076,0.00044967880333187716,3.119,3.347
4449438,0.00076,0.00045031459598440294,3.119,3.346
4449393,0.000762,0.00045100818796897657,3.118,3.346
8211874,0.000762,0.00045135498396126333,3.118,3.345
7368471,0.000763,0.00045193297728174137,3.117,3.345
3271061,0.000764,0.0004523953719381237,3.117,3.344
5093687,0.000765,0.00045268436859836273,3.116,3.344
3249521,0.000765,0.0004534357599149841,3.116,3.343
2033043,0.000767,0.0004543027498957011,3.115,3.343
11926043,0.000767,0.0004544761478918445,3.115,3.342
11283861,0.000768,0.00045551653586870487,3.115,3.341
9642883,0.000769,0.00045557433520075267,3.114,3.341
17263113,0.00077,0.00045661472317761305,3.114,3.34
11413409,0.000771,0.00045719271649809104,3.113,3.34
10647401,0.000771,0.00045765511115447344,3.113,3.339
13635927,0.000772,0.00045794410781471246,3.112,3.339
16615342,0.000773,0.0004586954991313338,3.112,3.338
13590506,0.000774,0.00045904229512362064,3.111,3.338
13528991,0.000775,0.0004597358871081942,3.111,3.337
9741116,0.000776,0.0004603138804286722,3.11,3.337
718013,0.000776,0.0004608340744171024,3.11,3.336
8656365,0.000778,0.0004614698670696282,3.109,3.336
6571613,0.000778,0.0004618744623939628,3.109,3.335
5987994,0.000779,0.0004621634590542018,3.108,3.335
4074043,0.00078,0.00046291485037082316,3.108,3.334
7905030,0.000781,0.00046337724502720556,3.107,3.334
14097129,0.000781,0.00046401303767973134,3.107,3.333
2392237,0.000783,0.00046482222832840056,3.106,3.333
1419732,0.000783,0.00046505342565659173,3.106,3.332
6476968,0.000785,0.0004656892183091175,3.105,3.332
4359430,0.000786,0.0004661516129654999,3.105,3.331
9501888,0.000787,0.0004666140076218823,3.104,3.331
4449471,0.000788,0.0004671342016103125,3.103,3.331
7129914,0.000788,0.0004672498002744081,3.103,3.33
14158703,0.000789,0.0004682901882512685,3.103,3.329
14628461,0.00079,0.0004684635862474119,3.102,3.329
2421489,0.000791,0.00046938837556017665,3.102,3.328
12609025,0.000792,0.0004699663688806547,3.101,3.328
524300,0.000792,0.0004704865628690849,3.101,3.327
9643062,0.000793,0.0004715269508459452,3.101,3.326
4846910,0.000794,0.00047170034884208865,3.1,3.326
6971626,0.000795,0.00047262513815485345,3.1,3.325
8747593,0.000796,0.00047314533214328364,3.099,3.325
12608778,0.000796,0.00047372332546376163,3.099,3.324
8277585,0.000798,0.0004745903154444786,3.098,3.324
4448893,0.000798,0.0004748215127726698,3.098,3.323
8900256,0.000799,0.0004753995060931478,3.097,3.323
4448886,0.000799,0.000475919700081578,3.097,3.322
15364087,0.000801,0.0004763242954059126,3.096,3.322
4615348,0.000801,0.00047701788739048617,3.096,3.321
13864381,0.000803,0.00047811607469939435,3.095,3.32
4754735,0.000805,0.00047904086401215915,3.094,3.32
6407370,0.000805,0.00047921426200830253,3.094,3.319
13593180,0.000807,0.00048002345265697174,3.093,3.319
8518912,0.000807,0.0004803124493172107,3.093,3.318
10168038,0.000808,0.0004814106366261189,3.093,3.317
16747355,0.000809,0.00048158403462226227,3.092,3.317
13593144,0.00081,0.00048250882393502707,3.092,3.316
16716063,0.000811,0.00048314461658755285,3.091,3.316
8357136,0.000812,0.00048354921191188745,3.09,3.316
15236510,0.000812,0.00048366481057598304,3.09,3.315
5270648,0.000813,0.0004847629978848912,3.09,3.314
9285350,0.000814,0.0004851675932092258,3.089,3.314
9243860,0.000815,0.00048586118519379945,3.089,3.313
9643429,0.000816,0.0004863813791822296,3.088,3.313
5795287,0.000817,0.0004870171718347554,3.088,3.312
9574503,0.000818,0.0004873639678270422,3.087,3.312
10609916,0.000819,0.0004881153591436636,3.087,3.311
5429033,0.00082,0.0004886355531320938,3.086,3.311
651010,0.000821,0.0004892713457846196,3.086,3.31
10568009,0.000822,0.0004899649377691932,3.085,3.31
6667506,0.000822,0.0004903695330935278,3.085,3.309
11283917,0.000823,0.0004915255197344838,3.085,3.308
4184899,0.000824,0.0004916989177306271,3.084,3.308
9344307,0.000825,0.0004926237070433919,3.084,3.307
9967890,0.000826,0.0004932594996959177,3.083,3.307
2737103,0.000826,0.0004937796936843479,3.083,3.306
10567977,0.000827,0.0004940686903445869,3.082,3.306
17241589,0.000828,0.0004949356803253039,3.082,3.305
15364117,0.000829,0.0004959182689701165,3.081,3.305
5987987,0.000829,0.0004960338676342121,3.081,3.304
12159553,0.00083,0.0004971898542751681,3.081,3.303
7714974,0.000831,0.0004976522489315504,3.08,3.303
13391374,0.000831,0.000498345840916124,3.08,3.302
2203961,0.000833,0.0004994440282250323,3.079,3.302
10632256,0.000833,0.00049950182755708,3.079,3.301
5377970,0.000835,0.0005002532188737014,3.078,3.301
13815929,0.000836,0.000500657814198036,3.078,3.3
15627962,0.000837,0.0005011780081864662,3.077,3.3
9001901,0.000837,0.000501813800838992,3.077,3.299
8246452,0.000839,0.0005026229914876612,3.076,3.299
7981467,0.000839,0.0005029697874799479,3.076,3.298
12829478,0.000841,0.000503836777460665,3.075,3.298
8369874,0.000841,0.0005041257741209039,3.075,3.297
10903451,0.000843,0.0005047615667734298,3.074,3.297
4389002,0.000843,0.00050528176076186,3.074,3.296
954877,0.000844,0.000506437747402816,3.074,3.295
9740716,0.000845,0.0005065533460669115,3.073,3.295
13087272,0.000847,0.0005075937340437719,3.072,3.294
16734328,0.000848,0.0005087497206847279,3.072,3.293
14653681,0.000849,0.0005089809180129191,3.071,3.293
10172857,0.00085,0.0005099635066577316,3.071,3.292
13647152,0.000851,0.0005100791053218273,3.07,3.292
15404461,0.000852,0.0005111194932986877,3.07,3.291
10567806,0.000853,0.0005115240886230222,3.069,3.291
83785,0.000854,0.0005122754799396437,3.069,3.29
3291432,0.000855,0.0005130846705883128,3.068,3.29
7455376,0.000855,0.0005134892659126474,3.068,3.289
739629,0.000857,0.0005144140552254122,3.067,3.289
12599659,0.000857,0.0005146452525536033,3.067,3.288
8656295,0.000859,0.000515627841198416,3.066,3.288
10045275,0.000859,0.0005158590385266072,3.066,3.287
1390882,0.000861,0.0005167260285073241,3.065,3.287
6570936,0.000861,0.0005170150251675631,3.065,3.286
9702560,0.000862,0.0005174774198239456,3.064,3.286
8648359,0.000863,0.000518228811140567,3.064,3.285
12903828,0.000864,0.0005186334064649016,3.063,3.285
16782878,0.000865,0.0005194425971135707,3.063,3.284
15016935,0.000866,0.0005200205904340487,3.062,3.284
11413300,0.000866,0.0005205985837545268,3.062,3.283
10567828,0.000868,0.0005212921757391003,3.061,3.283
9366918,0.000868,0.0005218123697275305,3.061,3.282
1319820,0.00087,0.0005226215603761997,3.06,3.282
10207022,0.00087,0.0005230261557005343,3.06,3.281
10012951,0.000872,0.0005241821423414903,3.059,3.281
9026613,0.000872,0.000524239941673538,3.059,3.28
9734959,0.000873,0.0005254537276465418,3.059,3.279
9740371,0.000874,0.0005257427243067808,3.058,3.279
2773313,0.000875,0.0005266675136195456,3.058,3.278
3379785,0.000876,0.0005267253129515934,3.057,3.278
1406658,0.000878,0.0005278812995925493,3.057,3.277
15419963,0.000879,0.0005287482895732664,3.056,3.277
2398689,0.000879,0.0005290950855655532,3.056,3.276
12948906,0.000881,0.000530019874878318,3.055,3.276
2493986,0.000881,0.000530308871538557,3.055,3.275
5863546,0.000883,0.0005308290655269872,3.054,3.275
7185161,0.000883,0.0005315226575115607,3.054,3.274
7825909,0.000885,0.0005319850521679432,3.053,3.274
7701478,0.000886,0.0005327364434845645,3.053,3.273
16619904,0.000887,0.0005334878348011859,3.052,3.273
4184804,0.000887,0.0005339502294575683,3.052,3.272
4184943,0.000889,0.000534875018770333,3.051,3.272
8707778,0.000889,0.0005352218147626199,3.051,3.271
13529023,0.00089,0.0005364356007356236,3.051,3.27
14895374,0.000891,0.0005364934000676715,3.05,3.27
16466403,0.000892,0.0005377071860406753,3.05,3.269
6798623,0.000893,0.0005379961827009142,3.049,3.269
4185026,0.000894,0.000538920972013679,3.049,3.268
9591481,0.000895,0.000539498965334157,3.048,3.268
12071549,0.000896,0.0005401347579866828,3.048,3.267
2203964,0.000897,0.0005407705506392086,3.047,3.267
4184957,0.000898,0.0005414063432917344,3.047,3.266
16453006,0.000899,0.0005416375406199255,3.046,3.266
1165046,0.0009,0.0005426779285967859,3.046,3.265
8252762,0.000901,0.0005427357279288338,3.045,3.265
11504818,0.000902,0.0005438917145697897,3.045,3.264
2210970,0.000903,0.0005439495139018376,3.044,3.264
12038340,0.000905,0.0005450477012107457,3.043,3.264
13135673,0.000905,0.0005451632998748413,3.043,3.263
16795079,0.000907,0.0005464348851798929,3.042,3.262
3642596,0.000908,0.0005476486711528967,3.042,3.261
17113835,0.000909,0.0005478798684810879,3.041,3.261
9446658,0.00091,0.0005489202564579482,3.041,3.26
5238649,0.000911,0.0005494404504463784,3.04,3.26
288525,0.000912,0.0005501918417629998,3.04,3.259
10743856,0.000914,0.0005513478284039559,3.039,3.259
3843370,0.000914,0.0005514634270680515,3.039,3.258
14985445,0.000916,0.0005523304170487684,3.038,3.258
6053609,0.000916,0.000552735012373103,3.038,3.257
9595464,0.000918,0.0005538331996820112,3.037,3.257
8054410,0.000918,0.0005540065976781546,3.037,3.256
2865639,0.00092,0.0005549891863229671,3.036,3.256
14720633,0.00092,0.0005552781829832061,3.036,3.255
6053780,0.000922,0.0005559717749677798,3.035,3.255
8656274,0.000922,0.0005565497682882577,3.035,3.254
7636543,0.000924,0.0005576479555971659,3.034,3.254
1018962,0.000924,0.0005578791529253571,3.034,3.253
378586,0.000926,0.0005590351395663131,3.033,3.253
11283943,0.000926,0.0005591507382304087,3.033,3.252
12130379,0.000928,0.0005597287315508867,3.032,3.252
16983937,0.000928,0.0005604223235354603,3.032,3.251
9506416,0.000931,0.0005616939088405119,3.031,3.251
1964180,0.000931,0.0005617517081725596,3.031,3.25
12040612,0.000933,0.0005628498954814679,3.03,3.25
11563644,0.000933,0.0005630232934776113,3.03,3.249
3249405,0.000935,0.0005641792801185673,3.029,3.249
17017948,0.000935,0.0005642948787826629,3.029,3.248
4184712,0.000936,0.0005656242634197622,3.029,3.247
2012277,0.000937,0.0005660866580761446,3.028,3.247
8859234,0.000938,0.0005668958487248138,3.028,3.246
5724563,0.000939,0.0005674738420452918,3.027,3.246
7288105,0.000939,0.0005682252333619131,3.027,3.245
12608807,0.000941,0.0005691500226746779,3.026,3.245
17200107,0.000941,0.0005695546179990125,3.026,3.244
9740322,0.000943,0.0005704216079797296,3.025,3.244
14608838,0.000944,0.0005708262033040641,3.025,3.243
9984491,0.000946,0.0005719243906129723,3.024,3.243
14179160,0.000946,0.0005721555879411635,3.024,3.242
11996809,0.000948,0.0005727913805936893,3.023,3.242
1018935,0.000949,0.0005734849725782629,3.023,3.241
15364105,0.00095,0.0005739473672346453,3.022,3.241
446529,0.000951,0.0005748143572153623,3.022,3.24
5969470,0.000952,0.0005749299558794579,3.021,3.24
7187464,0.000954,0.0005761437418524616,3.02,3.239
1233335,0.000955,0.000577473126489561,3.02,3.238
1018964,0.000956,0.0005788025111266604,3.02,3.237
3239582,0.000957,0.000578918109790756,3.019,3.237
3079294,0.000958,0.0005801318957637598,3.019,3.236
1419276,0.000959,0.0005804786917560466,3.018,3.236
8227693,0.00096,0.0005814612804008591,3.018,3.235
16149066,0.000961,0.0005816924777290504,3.017,3.235
16708383,0.000963,0.000582675066373863,3.016,3.235
13405565,0.000963,0.0005827906650379585,3.016,3.234
11800789,0.000965,0.0005839466516789145,3.015,3.234
423900,0.000965,0.0005841200496750579,3.015,3.233
7633354,0.000967,0.0005855072336442051,3.015,3.232
2210627,0.000968,0.0005861430262967309,3.014,3.232
2914980,0.000968,0.0005868366182813045,3.014,3.231
7728800,0.00097,0.0005876458089299737,3.013,3.231
3899321,0.00097,0.0005882238022504516,3.013,3.23
10902801,0.000972,0.0005890329928991209,3.012,3.23
11230369,0.000973,0.000589553186887551,3.012,3.229
15035860,0.000974,0.0005903623775362203,3.011,3.229
6593610,0.000974,0.0005908825715246505,3.011,3.228
11970402,0.000976,0.0005922697554937976,3.011,3.227
9529719,0.000977,0.0005926165514860844,3.01,3.227
14798132,0.000978,0.0005936569394629447,3.01,3.226
6060825,0.000979,0.0005940615347872794,3.009,3.226
5688514,0.00098,0.0005949863241000442,3.009,3.225
8151613,0.000981,0.0005956221167525699,3.008,3.225
6001516,0.000982,0.0005963735080691913,3.008,3.224
3927789,0.000983,0.0005971826987178605,3.007,3.224
16983520,0.000984,0.0005977606920383385,3.007,3.223
6156991,0.000986,0.0005988588793472467,3.006,3.223
4072124,0.000986,0.0005991478760074857,3.006,3.222
9595752,0.000988,0.0005997258693279637,3.005,3.222
3284044,0.000989,0.0006005350599766328,3.005,3.221
4302098,0.00099,0.0006008240566368719,3.004,3.221
14771921,0.000991,0.0006019222439457801,3.004,3.22
3843330,0.000992,0.0006021534412739713,3.003,3.22
9543861,0.000994,0.0006033094279149272,3.003,3.219
7953756,0.000995,0.0006035406252431184,3.002,3.219
10745065,0.000996,0.0006046966118840744,3.002,3.218
8151607,0.000997,0.0006052168058725046,3.001,3.218
15061647,0.000998,0.0006060837958532216,3.001,3.217
8548934,0.000999,0.000606257193849365,3.0,3.217
4940589,0.001,0.0006074709798223688,3.0,3.216
12885122,0.001002,0.0006083957691351336,2.999,3.216
7313460,0.001002,0.0006088581637915159,2.999,3.215
1701351,0.001004,0.0006098407524363286,2.998,3.215
2036720,0.001004,0.0006102453477606632,2.998,3.214
714351,0.001006,0.0006113435350695713,2.997,3.214
8656313,0.001006,0.0006116903310618581,2.997,3.213
10936643,0.001008,0.0006130775150310053,2.997,3.212
8656321,0.001009,0.0006132509130271486,2.996,3.212
5169325,0.00101,0.0006145224983322003,2.996,3.211
8151612,0.001011,0.0006146380969962959,2.995,3.211
5751009,0.001012,0.0006159096823013475,2.995,3.21
111866,0.001013,0.0006163720769577298,2.994,3.21
10568236,0.001014,0.0006173546656025425,2.994,3.209
11219740,0.001016,0.0006182216555832594,2.993,3.209
7724534,0.001016,0.0006187418495716896,2.993,3.208
7325170,0.001018,0.0006195510402203588,2.992,3.208
2109820,0.001018,0.0006201868328728846,2.992,3.207
16935753,0.00102,0.000621516217509984,2.991,3.207
15832247,0.00102,0.0006216318161740796,2.991,3.206
10567966,0.001021,0.0006230190001432267,2.991,3.205
10963147,0.001023,0.0006239437894559915,2.99,3.205
7129827,0.001024,0.0006244639834444217,2.99,3.204
16862134,0.001025,0.0006253309734251387,2.989,3.204
4270126,0.001025,0.0006259089667456167,2.989,3.203
16970416,0.001027,0.0006273539500468117,2.988,3.202
729862,0.001029,0.0006287989333480067,2.988,3.201
1348171,0.00103,0.0006289145320121023,2.987,3.201
10010240,0.001032,0.000630128317985106,2.986,3.201
1503717,0.001032,0.0006302439166492016,2.986,3.2
4380121,0.001033,0.0006316888999503966,2.986,3.199
8228860,0.001034,0.0006318044986144922,2.985,3.199
14758608,0.001036,0.0006331916825836394,2.985,3.198
11306993,0.001037,0.0006338274752361652,2.984,3.198
14900307,0.001039,0.0006345210672207387,2.983,3.198
10072896,0.001039,0.0006346366658848344,2.983,3.197
15295850,0.001042,0.0006360816491860293,2.982,3.196
8568803,0.001044,0.000637064237830842,2.981,3.196
3156276,0.001044,0.0006375844318192721,2.981,3.195
14804903,0.001046,0.0006381046258077023,2.98,3.195
2767959,0.001048,0.0006390294151204671,2.98,3.194
9664907,0.001049,0.0006398964051011841,2.979,3.194
15178267,0.001049,0.0006404743984216621,2.979,3.193
2570744,0.001051,0.0006415725857305703,2.978,3.193
7636498,0.001051,0.0006419771810549049,2.978,3.192
9595376,0.001054,0.0006427863717035741,2.977,3.192
4098777,0.001056,0.0006434221643560998,2.976,3.192
7188110,0.001056,0.0006434799636881476,2.976,3.191
11552237,0.001058,0.0006449249469893426,2.976,3.19
15301787,0.001059,0.0006450405456534382,2.975,3.19
13141159,0.00106,0.0006464277296225854,2.975,3.189
16655828,0.001061,0.0006466589269507766,2.974,3.189
4305133,0.001062,0.0006479305122558282,2.974,3.188
6148128,0.001063,0.0006482773082481149,2.973,3.188
12903728,0.001065,0.000649433294889071,2.973,3.187
14604670,0.001066,0.0006494910942211187,2.972,3.187
14804862,0.001068,0.0006503580842018357,2.971,3.187
4184634,0.001068,0.0006509360775223137,2.971,3.186
4184633,0.00107,0.0006523810608235087,2.971,3.185
15766681,0.001071,0.0006530168534760345,2.97,3.185
15903874,0.001072,0.0006538838434567515,2.97,3.184
2908408,0.001073,0.0006544040374451816,2.969,3.184
17192044,0.001074,0.000655444425422042,2.969,3.183
17190539,0.001076,0.0006561380174066157,2.968,3.183
6947308,0.001077,0.0006569472080552849,2.968,3.182
6474257,0.001078,0.0006575830007078107,2.967,3.182
6421915,0.001079,0.0006584499906885276,2.967,3.181
16664304,0.00108,0.0006599527733217703,2.967,3.18
3740970,0.001081,0.0006602995693140572,2.966,3.18
13518010,0.001083,0.0006611665592947742,2.965,3.18
17031902,0.001083,0.0006614555559550132,2.965,3.179
8054414,0.001086,0.0006630161379203038,2.964,3.178
8859173,0.001088,0.0006642877232253553,2.963,3.178
3510251,0.001088,0.0006645189205535465,2.963,3.177
3328875,0.00109,0.0006660795025188371,2.963,3.176
10903501,0.001091,0.0006661951011829327,2.962,3.176
16685558,0.001093,0.0006675822851520799,2.961,3.175
9907609,0.001095,0.0006691428671173705,2.961,3.174
13864383,0.001096,0.000669836459101944,2.96,3.174
1163862,0.001097,0.0006707034490826611,2.96,3.173
6151820,0.001098,0.0006708768470788044,2.959,3.173
4954931,0.001099,0.0006722062317159038,2.959,3.172
5726718,0.001101,0.0006728420243684296,2.958,3.172
12102806,0.001102,0.0006737668136811944,2.958,3.171
15361243,0.001103,0.000674171409005529,2.957,3.171
2036711,0.001104,0.000675327395646485,2.957,3.17
8814995,0.001106,0.00067677237894768,2.956,3.17
15037506,0.001106,0.0006768879776117755,2.956,3.169
10183729,0.001108,0.0006774081716002057,2.955,3.169
4385336,0.001109,0.0006784485595770661,2.955,3.168
11474641,0.001111,0.0006796623455500699,2.954,3.168
3880295,0.001111,0.0006800091415423567,2.954,3.167
5701837,0.001113,0.0006815697235076473,2.954,3.166
14039877,0.001114,0.000681627522839695,2.953,3.166
4668726,0.001116,0.0006825523121524598,2.952,3.166
10625142,0.001117,0.0006831303054729379,2.952,3.165
2036729,0.001119,0.0006841128941177504,2.951,3.165
16018864,0.00112,0.0006847486867702762,2.951,3.164
3305013,0.001121,0.0006851532820946108,2.95,3.164
12619553,0.001123,0.0006863092687355667,2.95,3.163
11164796,0.001124,0.0006870028607201404,2.949,3.163
10642140,0.001125,0.0006878698507008573,2.949,3.162
10632491,0.001126,0.0006885056433533831,2.948,3.162
14991938,0.001127,0.0006894882319981958,2.948,3.161
3252480,0.001129,0.0006902396233148171,2.947,3.161
1689243,0.00113,0.0006910488139634863,2.947,3.16
12350565,0.001132,0.0006918580046121555,2.946,3.16
315109,0.001133,0.0006926671952608247,2.946,3.159
1445283,0.001134,0.0006931295899172071,2.945,3.159
5376262,0.001135,0.0006942277772261152,2.945,3.158
872865,0.001137,0.0006952681652029756,2.944,3.158
8004619,0.001138,0.0006958461585234537,2.944,3.157
1846358,0.001139,0.0006964241518439316,2.943,3.157
12088276,0.001141,0.000697464539820792,2.943,3.156
3042042,0.001142,0.0006984471284656046,2.942,3.156
1466028,0.001143,0.0006990829211181304,2.942,3.155
1522503,0.001145,0.0007000655097629429,2.941,3.155
10730451,0.001145,0.0007007013024154687,2.941,3.154
4184764,0.001147,0.00070093249974366,2.94,3.154
485192,0.001148,0.0007023196837128072,2.94,3.153
15664217,0.00115,0.0007031866736935241,2.939,3.153
7185246,0.00115,0.0007039380650101455,2.939,3.152
16835811,0.001153,0.0007052096503151971,2.938,3.152
11307099,0.001154,0.0007055564463074839,2.938,3.151
4925307,0.001155,0.0007062500382920575,2.937,3.151
2053367,0.001156,0.0007071748276048222,2.937,3.15
11514037,0.001158,0.0007078684195893958,2.936,3.15
8378415,0.001159,0.0007087932089021606,2.936,3.149
9691963,0.001161,0.0007098913962110689,2.935,3.149
7512146,0.001161,0.0007104115901994991,2.935,3.148
10589413,0.001163,0.0007108161855238336,2.934,3.148
4184595,0.001164,0.0007120877708288852,2.934,3.147
10122913,0.001166,0.0007131859581377934,2.933,3.147
13821272,0.001166,0.0007137061521262236,2.933,3.146
15781734,0.001169,0.000715324533423562,2.932,3.145
7981112,0.001171,0.0007165383193965657,2.931,3.145
16475554,0.001171,0.0007170007140529481,2.931,3.144
6061022,0.001174,0.0007183300986900476,2.93,3.144
12882017,0.001175,0.0007186768946823343,2.93,3.143
12812435,0.001177,0.0007195438846630513,2.929,3.143
12444088,0.001177,0.0007202952759796726,2.929,3.142
3017939,0.001179,0.0007209310686321984,2.928,3.142
2850607,0.00118,0.0007219714566090588,2.928,3.141
4299932,0.001182,0.000722780647257728,2.927,3.141
9911778,0.001183,0.0007236476372384451,2.927,3.14
14758610,0.001185,0.0007251504198716878,2.926,3.14
7633340,0.001186,0.0007253238178678312,2.926,3.139
2970291,0.001188,0.0007267688011690261,2.925,3.139
13109826,0.001188,0.0007269999984972174,2.925,3.138
2893685,0.00119,0.0007275779918176953,2.924,3.138
17072688,0.001191,0.0007286183797945557,2.924,3.137
3205991,0.001193,0.0007294275704432249,2.923,3.137
14145435,0.001194,0.0007303523597559897,2.923,3.136
1546401,0.001196,0.0007311615504046589,2.922,3.136
13891197,0.001196,0.0007320285403853759,2.922,3.135
12918759,0.001199,0.000733415724354523,2.921,3.135
14013917,0.001199,0.0007337047210147621,2.921,3.134
1724117,0.001201,0.000734860707655718,2.92,3.134
2789339,0.001201,0.0007353809016441482,2.92,3.133
15361234,0.001204,0.0007364212896210086,2.919,3.133
13891177,0.001204,0.0007370570822735344,2.919,3.132
5064893,0.001206,0.0007387910622349684,2.919,3.131
13837738,0.001207,0.0007388488615670161,2.918,3.131
10119048,0.00121,0.0007401204468720678,2.917,3.131
6780986,0.001211,0.0007404672428643546,2.917,3.13
11513434,0.001212,0.0007407562395245936,2.916,3.13
17209242,0.001214,0.0007422012228257886,2.916,3.129
14320840,0.001215,0.0007426058181501231,2.915,3.129
12882019,0.001216,0.0007438774034551748,2.915,3.128
853726,0.001218,0.0007449755907640829,2.914,3.128
3631888,0.001218,0.0007456113834166087,2.914,3.127
6584264,0.001221,0.0007470563667178037,2.913,3.127
11692820,0.001221,0.0007473453633780427,2.913,3.126
12102768,0.001224,0.0007489059453433332,2.912,3.126
2072563,0.001224,0.0007490793433394767,2.912,3.125
3111695,0.001227,0.0007505821259727194,2.911,3.125
2798751,0.001227,0.0007508133233009106,2.911,3.124
3373877,0.001229,0.00075214270793801,2.91,3.124
5714171,0.001229,0.0007524895039302968,2.91,3.123
15404813,0.001231,0.0007542234838917308,2.91,3.122
11395198,0.001232,0.0007542812832237785,2.909,3.122
1386145,0.001234,0.0007560152631852125,2.909,3.121
8326321,0.001235,0.0007562464605134037,2.908,3.121
5272338,0.001237,0.0007577492431466465,2.908,3.12
5678957,0.001238,0.0007587318317914591,2.907,3.12
1621030,0.001239,0.0007594832231080804,2.907,3.119
12615846,0.001241,0.0007601190157606062,2.906,3.119
16936785,0.001243,0.0007612172030695145,2.906,3.118
2195425,0.001244,0.0007613906010656579,2.905,3.118
7634423,0.001246,0.0007624309890425183,2.904,3.118
9595779,0.001246,0.0007630089823629962,2.904,3.117
9446640,0.001249,0.0007644539656641912,2.903,3.117
14981565,0.001249,0.0007647429623244302,2.903,3.116
1876122,0.001252,0.0007663613436217685,2.902,3.116
205696,0.001252,0.000766534741617912,2.902,3.115
17120360,0.001255,0.0007682109222472981,2.901,3.115
15759525,0.001255,0.000768268721579346,2.901,3.114
17108376,0.001258,0.0007700605008728277,2.9,3.113
6416764,0.00126,0.0007717944808342616,2.9,3.112
2351642,0.001261,0.0007722568754906441,2.899,3.112
16163735,0.001263,0.0007735862601277435,2.899,3.111
648029,0.001264,0.0007739908554520781,2.898,3.111
6266153,0.001265,0.0007753780394212253,2.898,3.11
7542699,0.001267,0.0007765340260621812,2.897,3.11
16484001,0.001269,0.000777169818714707,2.897,3.109
9599511,0.00127,0.0007779212100313284,2.896,3.109
7483110,0.001271,0.0007789615980081888,2.896,3.108
12552073,0.001273,0.000779770788656858,2.895,3.108
8368351,0.001274,0.0007807533773016705,2.895,3.107
8255620,0.001275,0.0007811579726260051,2.894,3.107
9330711,0.001277,0.0007825451565951524,2.894,3.106
11662877,0.001278,0.0007830653505835826,2.893,3.106
13906342,0.00128,0.0007843369358886341,2.893,3.105
4530822,0.001281,0.0007847993305450165,2.892,3.105
10191718,0.001283,0.0007861865145141637,2.892,3.104
3924626,0.001284,0.0007867067085025939,2.891,3.104
9974715,0.001286,0.0007879782938076455,2.891,3.103
7722530,0.001287,0.0007884984877960757,2.89,3.103
16614503,0.001289,0.0007897700731011272,2.89,3.102
7792614,0.00129,0.0007906370630818442,2.889,3.102
11307155,0.001291,0.0007916196517266568,2.889,3.101
9362991,0.001293,0.0007930646350278518,2.888,3.101
2351564,0.001293,0.0007934692303521863,2.888,3.1
4449119,0.001296,0.0007949142136533813,2.887,3.1
9752205,0.001296,0.0007952610096456682,2.887,3.099
5064851,0.001299,0.0007965903942827675,2.886,3.099
13394944,0.0013,0.0007971105882711977,2.886,3.098
12606205,0.001302,0.000798150976248058,2.885,3.098
4902809,0.001302,0.0007989601668967273,2.885,3.097
8151525,0.001305,0.0008008097455222569,2.884,3.096
1212140,0.001307,0.0008026593241477865,2.884,3.095
3014311,0.001308,0.0008027171234798342,2.883,3.095
7280227,0.001311,0.000804508902773316,2.882,3.094
10352868,0.001314,0.0008063584813988456,2.881,3.093
953625,0.001316,0.0008082080600243752,2.881,3.092
112254,0.001317,0.0008082658593564229,2.88,3.092
13789840,0.00132,0.0008097686419896657,2.879,3.092
7760703,0.00132,0.0008100576386499048,2.879,3.091
12745906,0.001323,0.0008113870232870041,2.878,3.091
3531855,0.001324,0.0008119072172754342,2.878,3.09
6544071,0.001326,0.0008130632039163902,2.877,3.09
5014047,0.001327,0.0008138145952330117,2.877,3.089
4740903,0.001329,0.0008147393845457764,2.876,3.089
14629332,0.00133,0.0008156641738585412,2.876,3.088
16891647,0.001332,0.000816588963171306,2.875,3.088
11391552,0.001333,0.0008175715518161186,2.875,3.087
15643669,0.001336,0.0008188431371211702,2.874,3.087
9224,0.001337,0.0008194211304416481,2.874,3.086
14295866,0.001339,0.0008209817124069387,2.873,3.086
5616349,0.001339,0.0008213285083992256,2.873,3.085
562267,0.001342,0.000822368896376086,2.872,3.085
4384551,0.001343,0.0008232358863568029,2.872,3.084
16782980,0.001345,0.0008239294783413765,2.871,3.084
14940617,0.001346,0.0008251432643143802,2.871,3.083
10946105,0.001348,0.0008262414516232885,2.87,3.083
12707951,0.001349,0.0008269928429399098,2.87,3.082
15975204,0.001351,0.0008280332309167702,2.869,3.082
7981329,0.001352,0.0008289002208974872,2.869,3.081
14586801,0.001354,0.0008295938128820608,2.868,3.081
315115,0.001356,0.0008308075988550646,2.868,3.08
9575585,0.001357,0.000831269993511447,2.867,3.08
5261293,0.001359,0.0008327727761446897,2.867,3.079
9832469,0.00136,0.000833003973472881,2.866,3.079
8852100,0.001364,0.0008346801541022672,2.865,3.078
9416668,0.001367,0.0008363563347316533,2.864,3.078
11306973,0.001367,0.0008365875320598445,2.864,3.077
14772444,0.00137,0.0008379747160289916,2.863,3.077
13790166,0.00137,0.0008384949100174218,2.863,3.076
5359269,0.001373,0.0008400554919827124,2.862,3.076
6251628,0.001373,0.000840460087307047,2.862,3.075
6416576,0.001376,0.0008418472712761943,2.861,3.075
8350832,0.001377,0.0008423674652646245,2.861,3.074
8237269,0.001379,0.0008438124485658194,2.86,3.074
12885108,0.00138,0.0008443326425542495,2.86,3.073
15167210,0.001382,0.000845084033870871,2.859,3.073
8715760,0.001384,0.0008462978198438747,2.859,3.072
524901,0.001386,0.0008467602145002572,2.858,3.072
7509437,0.001388,0.0008482051978014522,2.858,3.071
14258620,0.001389,0.0008484363951296434,2.857,3.071
2734456,0.001392,0.0008501125757590295,2.856,3.071
9741142,0.001392,0.0008501703750910773,2.856,3.07
3216136,0.001394,0.0008521355523807024,2.856,3.069
16378990,0.001395,0.0008523089503768459,2.855,3.069
12295249,0.001396,0.0008541007296703276,2.855,3.068
7792752,0.001398,0.0008550833183151403,2.854,3.068
6327873,0.001399,0.0008560659069599528,2.854,3.067
8326134,0.001402,0.0008576264889252434,2.853,3.067
5046855,0.001403,0.000858031084249578,2.853,3.066
7549344,0.001405,0.0008592448702225817,2.852,3.066
7210854,0.001406,0.0008600540608712509,2.852,3.065
524272,0.001408,0.0008610366495160636,2.851,3.065
6819736,0.00141,0.0008620192381608761,2.851,3.064
11740207,0.001411,0.0008624816328172585,2.85,3.064
1587545,0.001413,0.0008639844154505013,2.85,3.063
14729068,0.001415,0.0008647358067671227,2.849,3.063
6029395,0.001417,0.0008660073920721742,2.849,3.062
12991501,0.001418,0.0008664697867285567,2.848,3.062
7981407,0.001421,0.0008678569706977038,2.847,3.062
15280513,0.001421,0.0008679725693617994,2.847,3.061
16524337,0.001424,0.0008697065493232334,2.846,3.061
470233,0.001424,0.0008699955459834724,2.846,3.06
15470267,0.001427,0.0008720185226051454,2.846,3.059
8306934,0.001428,0.0008720763219371932,2.845,3.059
7384752,0.001431,0.0008736369039024838,2.844,3.059
7175220,0.001431,0.0008739836998947706,2.844,3.058
5464247,0.001434,0.0008757754791882523,2.843,3.058
4888632,0.001434,0.0008760066765164435,2.843,3.057
2358754,0.001438,0.0008776828571458296,2.842,3.057
151280,0.001439,0.0008780296531381165,2.842,3.056
10632585,0.001441,0.0008792434391111202,2.841,3.056
16549866,0.001442,0.0008800526297597894,2.841,3.055
10861834,0.001444,0.0008808618204084587,2.84,3.055
7118369,0.001445,0.0008820756063814624,2.84,3.054
16206349,0.001448,0.000883058195026275,2.839,3.054
15401207,0.00145,0.0008840985830031354,2.839,3.053
6743711,0.001451,0.0008844453789954222,2.838,3.053
2718447,0.001453,0.0008861793589568562,2.838,3.052
7018506,0.001454,0.0008864105562850473,2.837,3.052
9661194,0.001457,0.0008882023355785291,2.837,3.051
3653472,0.001458,0.0008883757335746725,2.836,3.051
5577435,0.001461,0.0008899363155399631,2.835,3.051
447017,0.001461,0.0008902831115322499,2.835,3.05
6667899,0.001463,0.0008923060881539229,2.835,3.049
14442385,0.001464,0.0008925950848141618,2.834,3.049
12270450,0.001466,0.0008943868641076437,2.834,3.048
2578445,0.001468,0.000895138255424265,2.833,3.048
15470642,0.001469,0.0008964098407293166,2.833,3.047
15361171,0.001471,0.000897739225366416,2.832,3.047
2656976,0.001471,0.0008984906166830374,2.832,3.046
13759968,0.001474,0.0009005713926367581,2.832,3.045
1396537,0.001475,0.0009007447906329016,2.831,3.045
2460097,0.001477,0.0009026521685904789,2.831,3.044
13930926,0.001478,0.0009028833659186701,2.83,3.044
1433475,0.001481,0.0009044439478839607,2.829,3.044
6659494,0.001481,0.0009047329445441997,2.829,3.043
15954588,0.001485,0.0009068137204979205,2.828,3.042
5317950,0.001488,0.0009088944964516412,2.827,3.041
2951276,0.001491,0.000910975272405362,2.827,3.04
11544010,0.001492,0.0009115532657258399,2.826,3.04
11544007,0.001494,0.0009131138476911305,2.826,3.039
9505852,0.001495,0.0009135184430154651,2.825,3.039
14862563,0.001497,0.0009151946236448513,2.825,3.038
12295187,0.001498,0.0009162350116217117,2.824,3.038
8246905,0.001499,0.0009173331989306199,2.824,3.037
7906355,0.001502,0.0009187203828997671,2.823,3.037
7010973,0.001504,0.0009194139748843407,2.823,3.036
16783589,0.001505,0.0009197607708766274,2.822,3.036
9643085,0.001508,0.0009215525501701092,2.822,3.035
11526709,0.001509,0.0009220727441585394,2.821,3.035
10364443,0.00151,0.0009236911254558778,2.821,3.034
11132900,0.001512,0.0009246737141006904,2.82,3.034
1860117,0.001513,0.0009257719014095986,2.82,3.033
10939652,0.001516,0.0009273902827069369,2.819,3.033
1074295,0.001516,0.0009279104766953671,2.819,3.032
6183921,0.001519,0.0009291820620004187,2.818,3.032
3712516,0.00152,0.0009300490519811357,2.818,3.031
16484032,0.001523,0.0009320720286028086,2.817,3.031
11715855,0.001523,0.0009321876272669042,2.817,3.03
8151541,0.001525,0.0009343840018847206,2.817,3.029
13403460,0.001526,0.0009346151992129119,2.816,3.029
11046963,0.001529,0.0009365225771704892,2.816,3.028
13789705,0.00153,0.0009373895671512062,2.815,3.028
13891119,0.001532,0.0009386611524562577,2.815,3.027
12078244,0.001533,0.0009394125437728792,2.814,3.027
7032929,0.001535,0.0009408575270740741,2.814,3.026
13962335,0.001537,0.0009414355203945521,2.813,3.026
8453499,0.001539,0.0009429961023598427,2.813,3.025
4359800,0.00154,0.0009436896943444163,2.812,3.025
6015429,0.001542,0.0009451924769776591,2.812,3.024
15628429,0.001544,0.000946637460278854,2.811,3.024
6871374,0.001545,0.0009473310522634277,2.811,3.023
9889966,0.001547,0.000949527426881244,2.811,3.022
1325612,0.001548,0.0009500476208696742,2.81,3.022
12072800,0.00155,0.0009517238014990604,2.81,3.021
17017969,0.001551,0.0009522439954874906,2.809,3.021
10198117,0.001553,0.0009539201761168768,2.809,3.02
3723255,0.001555,0.0009547293667655459,2.808,3.02
4359852,0.001556,0.0009561165507346931,2.808,3.019
6896911,0.001558,0.0009573303367076968,2.807,3.019
6541064,0.001559,0.0009583129253525095,2.807,3.018
10266704,0.001562,0.000959584510657561,2.806,3.018
8608805,0.001563,0.0009605092999703258,2.806,3.017
14894530,0.001565,0.0009623588785958554,2.805,3.017
13458238,0.001566,0.00096276347392019,2.805,3.016
6927375,0.001569,0.0009641506578893372,2.804,3.016
2348127,0.001569,0.0009649598485380064,2.804,3.015
4044996,0.001573,0.0009670984238237749,2.803,3.015
16944666,0.001573,0.0009672140224878705,2.803,3.014
6510931,0.001576,0.0009691791997774957,2.802,3.014
15692834,0.001576,0.0009694103971056869,2.802,3.013
14547579,0.00158,0.0009715489723914555,2.801,3.013
4012257,0.00158,0.0009716645710555511,2.801,3.012
11563469,0.001583,0.0009739187450054153,2.801,3.011
5138201,0.001584,0.0009747857349861322,2.8,3.011
5177020,0.001586,0.0009761151196232316,2.8,3.01
657945,0.001587,0.0009763463169514228,2.799,3.01
16713825,0.00159,0.0009783692935730957,2.799,3.009
16424197,0.001591,0.0009786582902333348,2.798,3.009
6896888,0.001594,0.00098062346752296,2.798,3.008
1502382,0.001595,0.0009814326581716291,2.797,3.008
13692294,0.001596,0.0009829354408048719,2.797,3.007
6290271,0.001598,0.00098403362811378,2.796,3.007
3248155,0.001599,0.000985189614754736,2.796,3.006
4154848,0.001602,0.0009862878020636442,2.795,3.006
2122346,0.001603,0.0009874437887046003,2.795,3.005
11065932,0.001605,0.0009896979626544643,2.795,3.004
6552124,0.001606,0.0009897557619865122,2.794,3.004
15306637,0.001609,0.0009913163439518027,2.793,3.004
9536070,0.00161,0.0009920099359363764,2.793,3.003
13995911,0.001613,0.0009939751132260015,2.792,3.003
323379,0.001613,0.0009942641098862404,2.792,3.002
13334401,0.001617,0.0009962870865079135,2.791,3.002
2834292,0.001617,0.0009965760831681524,2.791,3.001
12878499,0.00162,0.0009977320698091085,2.79,3.001
15830429,0.001621,0.0009988880564500645,2.79,3.0
10827646,0.001624,0.001000737635075594,2.789,3.0
10095043,0.001624,0.0010012000297319765,2.789,2.999
3303450,0.001628,0.001003338605017745,2.788,2.999
11624517,0.001628,0.0010035120030138884,2.788,2.998
2411169,0.001631,0.0010058239762958004,2.788,2.997
11507596,0.001632,0.0010060551736239915,2.787,2.997
2236305,0.001635,0.0010081359495777123,2.786,2.996
14538427,0.001639,0.001010216725531433,2.785,2.996
16313237,0.00164,0.0010104479228596243,2.785,2.995
5560530,0.001643,0.001011661708832628,2.784,2.995
9961996,0.001644,0.0010127598961415362,2.784,2.994
14603209,0.001647,0.0010144938761029701,2.783,2.994
3195901,0.001647,0.0010151296687554959,2.783,2.993
4502260,0.001651,0.0010166902507207866,2.782,2.993
3568470,0.001652,0.001017441642037408,2.782,2.992
3375769,0.001654,0.0010184242306822205,2.781,2.992
11473695,0.001656,0.0010198114146513677,2.781,2.991
12103316,0.001658,0.001020620605300037,2.78,2.991
12294527,0.00166,0.0010221233879332797,2.78,2.99
4306992,0.001662,0.0010231059765780923,2.779,2.99
2643100,0.001664,0.0010244931605472394,2.779,2.989
2079361,0.001666,0.001025186752531813,2.778,2.989
15306462,0.001668,0.0010268629331611993,2.778,2.988
10388644,0.00167,0.0010281923177982986,2.777,2.988
5480490,0.001671,0.001029232705775159,2.777,2.987
2346773,0.001674,0.0010313134817288797,2.776,2.987
4003072,0.001674,0.0010316024783891186,2.776,2.986
11707447,0.001677,0.001033278659018505,2.775,2.986
2244356,0.001678,0.0010339722510030785,2.775,2.985
6642697,0.001681,0.0010356484316324647,2.774,2.985
1873761,0.001682,0.0010363420236170382,2.774,2.984
11502056,0.001685,0.0010381916022425678,2.773,2.984
3880381,0.001685,0.0010387695955630459,2.773,2.983
11306493,0.001689,0.0010410815688449578,2.772,2.983
11845394,0.001689,0.0010411393681770055,2.772,2.982
1440820,0.001693,0.0010432201441307263,2.771,2.982
8660270,0.001693,0.0010435669401230132,2.771,2.981
1617068,0.001697,0.0010458789134049251,2.77,2.981
14384464,0.001697,0.0010459367127369729,2.77,2.98
3355705,0.0017,0.0010483642846829805,2.77,2.979
15027513,0.001701,0.001048479883347076,2.769,2.979
8346775,0.001705,0.0010503294619726056,2.768,2.979
15954098,0.001705,0.0010507918566289882,2.768,2.978
13435877,0.001709,0.0010526414352545175,2.767,2.978
10466768,0.00171,0.0010532194285749956,2.767,2.977
3286947,0.001712,0.0010543176158839037,2.766,2.977
11306916,0.001713,0.0010556470005210032,2.766,2.976
6571551,0.001716,0.0010566295891658159,2.765,2.976
10745229,0.001718,0.0010580745724670106,2.765,2.975
7916890,0.00172,0.0010595773551002536,2.764,2.975
1440905,0.001721,0.0010605021444130183,2.764,2.974
9946765,0.001724,0.0010623517230385479,2.763,2.974
4038891,0.001725,0.001062929716359026,2.763,2.973
2351704,0.001728,0.0010650682916447944,2.762,2.973
2567058,0.001728,0.0010654150876370813,2.762,2.972
9441730,0.001732,0.0010674380642587541,2.761,2.972
12468099,0.001732,0.0010678426595830887,2.761,2.971
7516429,0.001736,0.0010702124321970486,2.76,2.971
6432947,0.001736,0.001070328030861144,2.76,2.97
10119336,0.00174,0.0010727556028071517,2.759,2.969
5359381,0.001744,0.0010750675760890637,2.758,2.969
14941267,0.001744,0.0010752409740852071,2.758,2.968
3029334,0.001748,0.001076974954046641,2.757,2.968
10523915,0.001749,0.0010777263453632625,2.757,2.967
16185638,0.001752,0.0010794025259926487,2.756,2.967
9323944,0.001753,0.0010802117166413179,2.756,2.966
11429094,0.001756,0.0010820612952668475,2.755,2.966
4785748,0.001757,0.0010826970879193733,2.755,2.965
16965464,0.00176,0.0010836796765641857,2.754,2.965
5374215,0.001761,0.0010851824591974286,2.754,2.964
4804611,0.001765,0.0010869164391588625,2.753,2.964
2080414,0.001766,0.0010877256298075318,2.753,2.963
14451777,0.001769,0.0010892862117728222,2.752,2.963
10764196,0.00177,0.0010902110010855871,2.752,2.962
12320726,0.001773,0.0010923495763713556,2.751,2.962
4925775,0.001774,0.0010927541716956903,2.751,2.961
256,0.001777,0.0010947771483173633,2.75,2.961
6174349,0.001778,0.0010952395429737456,2.75,2.96
195650,0.001781,0.0010972047202633707,2.749,2.96
3880412,0.001781,0.0010977827135838487,2.749,2.959
2834245,0.001785,0.0010998056902055218,2.748,2.959
12102539,0.001785,0.0011003258841939519,2.748,2.958
10381781,0.001789,0.0011026378574758638,2.747,2.958
10195110,0.001789,0.0011028112554720072,2.747,2.957
2080349,0.001793,0.0011052388274180149,2.746,2.957
15643590,0.001793,0.0011053544260821104,2.746,2.956
9481872,0.001797,0.001107493001367879,2.745,2.956
1690263,0.001797,0.0011079553960242614,2.745,2.955
4672914,0.001801,0.0011103829679702689,2.744,2.955
879308,0.001801,0.0011104985666343646,2.744,2.954
9219528,0.001805,0.0011130417372444677,2.744,2.953
14529490,0.001806,0.00111350413190085,2.743,2.953
8226171,0.001809,0.0011155849078545708,2.743,2.952
1000589,0.00181,0.0011159317038468577,2.742,2.952
16002314,0.001813,0.0011181858777967219,2.742,2.951
13109878,0.001814,0.0011188216704492476,2.741,2.951
10846798,0.001817,0.001120729048406825,2.741,2.95
14313394,0.001818,0.0011211336437311596,2.74,2.95
111422,0.001822,0.0011231566203528326,2.739,2.95
2728076,0.001822,0.001123330018348976,2.739,2.949
15437896,0.001826,0.0011257575902949835,2.738,2.949
3333046,0.001826,0.001125930988291127,2.738,2.948
1189985,0.001831,0.00112847415890123,2.737,2.948
14941254,0.001831,0.0011285319582332778,2.737,2.947
13059069,0.001835,0.0011303237375267596,2.736,2.947
3759843,0.001835,0.0011311329281754288,2.736,2.946
13888953,0.001839,0.0011329825068009584,2.735,2.946
6480539,0.00184,0.0011337338981175797,2.735,2.945
8859164,0.001843,0.0011361614700635873,2.734,2.945
16280396,0.001843,0.0011363348680597308,2.734,2.944
9366698,0.001848,0.0011389358380018816,2.733,2.944
4306952,0.001848,0.0011389936373339296,2.733,2.943
14572156,0.001851,0.0011415946072760804,2.733,2.942
4320194,0.001852,0.0011420570019324628,2.732,2.942
9911656,0.001854,0.0011441955772182315,2.732,2.941
10452809,0.001856,0.0011446579718746139,2.731,2.941
2438014,0.001859,0.0011468543464924301,2.731,2.94
12082669,0.00186,0.0011474323398129082,2.73,2.94
8541319,0.001863,0.001149513115766629,2.73,2.939
10081917,0.001865,0.0011502645070832504,2.729,2.939
3855894,0.001868,0.0011521718850408277,2.729,2.938
5960108,0.001869,0.0011527498783613058,2.728,2.938
9382505,0.001872,0.0011548306543150266,2.728,2.937
14241376,0.001873,0.0011556976442957435,2.727,2.937
1886438,0.001875,0.0011574894235892252,2.727,2.936
12103306,0.001878,0.0011588188082263247,2.726,2.936
2109766,0.00188,0.001160148192863424,2.726,2.935
1503733,0.001882,0.0011610729821761889,2.725,2.935
13972172,0.001884,0.0011628069621376228,2.725,2.934
6595267,0.001886,0.0011635005541221963,2.724,2.934
10466750,0.001888,0.0011655235307438693,2.724,2.933
5687234,0.001891,0.001166795116048921,2.723,2.933
10647866,0.001892,0.0011681823000180681,2.723,2.932
11768891,0.001895,0.0011698584806474543,2.722,2.932
10985143,0.001896,0.0011708988686243147,2.722,2.931
814341,0.001899,0.0011728640459139398,2.721,2.931
3040418,0.001899,0.0011735576378985133,2.721,2.93
4639949,0.001903,0.0011762742065047598,2.721,2.929
12321201,0.001904,0.0011765054038329512,2.72,2.929
8085565,0.001906,0.0011789907751110066,2.72,2.928
8859162,0.001908,0.0011799155644237713,2.719,2.928
17241347,0.001911,0.0011817073437172532,2.719,2.927
7552539,0.001913,0.0011829211296902568,2.718,2.927
2986176,0.001915,0.0011844239123234997,2.718,2.926
1105292,0.001917,0.0011858688956246945,2.717,2.926
6980401,0.001919,0.0011871404809297463,2.717,2.925
12025473,0.001921,0.0011880074709104632,2.716,2.925
72359,0.001923,0.0011899148488680406,2.716,2.924
6405847,0.001926,0.0011914176315012833,2.715,2.924
14568952,0.001928,0.0011926314174742871,2.715,2.923
5307837,0.00193,0.0011936140061190998,2.714,2.923
2025468,0.001932,0.0011954057854125814,2.714,2.922
11845574,0.001935,0.0011971975647060633,2.713,2.922
14241615,0.001936,0.001198122354018828,2.713,2.921
2053274,0.001939,0.001200145330640501,2.712,2.921
6416578,0.001939,0.0012008967219571225,2.712,2.92
8281597,0.001943,0.0012036710898954168,2.712,2.919
6661948,0.001944,0.001204133484551799,2.711,2.919
4984264,0.001947,0.001206445457833711,2.711,2.918
5241440,0.001948,0.0012066188558298545,2.71,2.918
5073862,0.001951,0.0012092198257720056,2.71,2.917
9664919,0.001953,0.0012100290164206746,2.709,2.917
15169548,0.001956,0.0012119941937102998,2.709,2.916
3111725,0.001957,0.0012123409897025865,2.708,2.916
11677954,0.001961,0.0012148263609806419,2.708,2.915
15613279,0.001962,0.0012151731569729287,2.707,2.915
827563,0.001966,0.0012169649362664106,2.706,2.915
5716973,0.001967,0.0012176007289189364,2.706,2.914
9536269,0.00197,0.0012204328961892784,2.706,2.913
3189207,0.001971,0.0012204906955213264,2.705,2.913
2602569,0.001974,0.001223207264127573,2.705,2.912
1726790,0.001975,0.0012233228627916684,2.704,2.912
16811625,0.00198,0.0012258660334017715,2.703,2.912
3300930,0.00198,0.001226039431397915,2.703,2.911
6819633,0.001984,0.001228062408019588,2.702,2.911
1522521,0.001985,0.0012288715986682572,2.702,2.91
8241719,0.001989,0.0012317037659385992,2.701,2.909
6522736,0.001992,0.0012345359332089415,2.701,2.908
10211938,0.001993,0.0012349983278653238,2.7,2.908
16767043,0.001996,0.0012374258998113315,2.7,2.907
1996446,0.001998,0.0012383506891240962,2.699,2.907
3248956,0.002001,0.0012402580670816735,2.699,2.906
16817039,0.002003,0.001241009458398295,2.698,2.906
9065799,0.002006,0.0012430902343520157,2.698,2.905
2511286,0.002007,0.0012434948296763503,2.697,2.905
8779792,0.002011,0.0012459802009544057,2.697,2.904
9813278,0.002012,0.0012463269969466926,2.696,2.904
2025397,0.002015,0.0012488701675567957,2.696,2.903
283356,0.002017,0.0012499683548657038,2.695,2.903
4466901,0.00202,0.0012517023348271377,2.695,2.902
2943992,0.002021,0.0012523959268117115,2.694,2.902
11591612,0.002024,0.0012545923014295277,2.694,2.901
2185760,0.002026,0.0012551702947500058,2.693,2.901
13672252,0.002029,0.0012574822680319177,2.693,2.9
3857272,0.002031,0.0012586960540049215,2.692,2.9
9278349,0.002033,0.0012604300339663554,2.692,2.899
2925949,0.002035,0.0012615860206073115,2.691,2.899
16177554,0.002037,0.0012633200005687454,2.691,2.898
15258052,0.00204,0.0012650539805301793,2.69,2.898
1390979,0.002042,0.0012662099671711354,2.69,2.897
8779781,0.002045,0.0012674237531441392,2.689,2.897
3102086,0.002048,0.0012691577331055731,2.689,2.896
8682161,0.002049,0.0012699669237542423,2.688,2.896
4616546,0.002051,0.0012720476997079631,2.688,2.895
13906108,0.002054,0.0012736660810053015,2.687,2.895
15470562,0.002056,0.0012749954656424008,2.687,2.894
13645604,0.002059,0.0012769028435999782,2.686,2.894
14936297,0.00206,0.0012779432315768386,2.686,2.893
13572913,0.002064,0.001280139606194655,2.685,2.893
2431317,0.002065,0.0012808909975112763,2.685,2.892
8479703,0.002068,0.0012826827768047582,2.684,2.892
10081626,0.002069,0.001283838763445714,2.684,2.891
14704399,0.002073,0.0012859773387314827,2.683,2.891
6820507,0.002073,0.001286786529380152,2.683,2.89
6061082,0.002078,0.0012892719006582073,2.682,2.89
15398970,0.002078,0.0012897342953145897,2.682,2.889
14558708,0.002083,0.0012927398605810751,2.681,2.888
8032250,0.002087,0.0012954564291873217,2.68,2.888
8032246,0.002087,0.0012956876265155129,2.68,2.887
2078221,0.002091,0.0012986931917819986,2.68,2.886
5138358,0.002092,0.0012990977871063332,2.679,2.886
4487610,0.002095,0.001301698757048484,2.679,2.885
17272565,0.002097,0.0013030281416855833,2.678,2.885
2070932,0.0021,0.0013047043223149697,2.678,2.884
16411683,0.002102,0.0013060915062841167,2.677,2.884
7795285,0.002104,0.0013077098875814552,2.677,2.883
6387002,0.002107,0.001309212670214698,2.676,2.883
13000052,0.002109,0.0013107154528479406,2.676,2.882
2763341,0.002112,0.0013130852254619005,2.675,2.882
2088211,0.002113,0.0013137210181144263,2.675,2.881
2080120,0.002116,0.0013153971987438125,2.674,2.881
11845919,0.002117,0.0013167843827129595,2.674,2.88
2608396,0.002121,0.001318691760670537,2.673,2.88
10761979,0.002123,0.0013197899479794452,2.673,2.879
17299486,0.002126,0.0013211771319485924,2.672,2.879
11677943,0.002128,0.0013228533125779786,2.672,2.878
7433150,0.002131,0.0013244716938753168,2.671,2.878
3862745,0.002134,0.0013259166771765118,2.671,2.877
11677971,0.002136,0.0013268992658213245,2.67,2.877
3715496,0.002139,0.0013289800417750452,2.67,2.876
10205118,0.002141,0.0013303672257441925,2.669,2.876
14943717,0.002143,0.0013320434063735787,2.669,2.875
5959917,0.002146,0.0013334883896747736,2.668,2.875
2210745,0.002147,0.0013351067709721119,2.668,2.874
11677920,0.002151,0.0013365517542733068,2.667,2.874
12458690,0.002153,0.0013381701355706453,2.667,2.873
3355593,0.002156,0.0013392683228795534,2.666,2.873
8326195,0.002159,0.0013412335001691787,2.666,2.872
2880928,0.002161,0.0013421582894819434,2.665,2.872
6819366,0.002163,0.0013443546640997599,2.665,2.871
835403,0.002166,0.0013458574467330026,2.664,2.871
16807133,0.002168,0.001347418028698293,2.664,2.87
2683066,0.002171,0.0013484584166751534,2.663,2.87
5655548,0.002173,0.0013505391926288742,2.663,2.869
7860381,0.002176,0.001351810777933926,2.662,2.869
2056048,0.002179,0.0013536603565594554,2.662,2.868
2683058,0.002181,0.0013548741425324592,2.661,2.868
13926067,0.002183,0.0013567815204900365,2.661,2.867
4449213,0.002186,0.0013578797077989449,2.66,2.867
9583669,0.002189,0.0013599026844206177,2.66,2.866
7901288,0.002191,0.001360711875069287,2.659,2.866
5101103,0.002194,0.0013630238483511989,2.659,2.865
8078004,0.002196,0.0013640642363280592,2.658,2.865
13473647,0.002201,0.001366202811613828,2.657,2.864
11677894,0.002206,0.0013689193802200745,2.656,2.864
11407378,0.002206,0.0013693239755444091,2.656,2.863
5573455,0.00221,0.001372502938807038,2.656,2.862
12313860,0.002211,0.0013729075341313726,2.655,2.862
8377917,0.002214,0.001375681902069667,2.655,2.861
9642977,0.002216,0.0013764910927183361,2.654,2.861
12458548,0.002219,0.001378803066000248,2.654,2.86
8600210,0.002221,0.0013797856546450607,2.653,2.86
4185773,0.002224,0.001381982029262877,2.653,2.859
3756418,0.002226,0.0013829068185756419,2.652,2.859
14526030,0.00223,0.0013851609925255059,2.652,2.858
10416031,0.002232,0.0013864325778305576,2.651,2.858
2496203,0.002235,0.0013883977551201827,2.651,2.857
1848938,0.002237,0.0013893225444329474,2.65,2.857
6356350,0.00224,0.0013915767183828116,2.65,2.856
10461037,0.002242,0.0013929061030199111,2.649,2.856
6391531,0.002245,0.0013948134809774885,2.649,2.855
14317460,0.002247,0.001396431862274827,2.648,2.855
5402550,0.002248,0.0013979924442401174,2.648,2.854
10695968,0.002252,0.001400362216854077,2.647,2.854
12716768,0.002253,0.0014012292068347942,2.647,2.853
3733879,0.002257,0.0014030787854603236,2.646,2.853
15923050,0.002258,0.0014044659694294709,2.646,2.852
12962865,0.002263,0.0014073559360318609,2.645,2.852
9013258,0.002263,0.0014077027320241477,2.645,2.851
10675749,0.002267,0.0014109394946188244,2.645,2.85
4458763,0.002268,0.0014111128926149678,2.644,2.85
17035896,0.002273,0.0014140606585494055,2.643,2.85
5017041,0.002273,0.0014141762572135012,2.643,2.849
9894496,0.002277,0.0014174708191402256,2.643,2.848
10318023,0.002278,0.0014179910131286559,2.642,2.848
2466719,0.002281,0.0014207075817349024,2.642,2.847
12728529,0.002283,0.001421401173719476,2.641,2.847
10605097,0.002287,0.001424002143661627,2.641,2.846
12207094,0.002289,0.001424869133642344,2.64,2.846
15848556,0.002293,0.0014272967055883516,2.64,2.845
6972169,0.002294,0.0014279902975729251,2.639,2.845
9812708,0.002298,0.001430591267515076,2.639,2.844
7589434,0.002299,0.0014309380635073629,2.638,2.844
9633989,0.002303,0.0014338858294418006,2.638,2.843
11457747,0.002305,0.0014348106187545655,2.637,2.843
9536329,0.002307,0.0014371803913685252,2.637,2.842
12071283,0.00231,0.0014385097760056245,2.636,2.842
11836595,0.002313,0.0014404749532952498,2.636,2.841
4871092,0.002315,0.0014415153412721102,2.635,2.841
14519664,0.002319,0.0014438273145540221,2.635,2.84
979705,0.002321,0.0014442897092104045,2.634,2.84
16685643,0.002325,0.0014471218764807467,2.634,2.839
6440963,0.002326,0.0014474108731409856,2.633,2.839
5541654,0.00233,0.001450474237739519,2.633,2.838
16734370,0.002331,0.0014506476357356625,2.632,2.838
5251301,0.002337,0.0014537110003341957,2.631,2.838
6819882,0.002337,0.0014538265989982914,2.631,2.837
3899340,0.002342,0.0014569477629288725,2.63,2.837
3029455,0.002342,0.0014571789602570637,2.63,2.836
12038338,0.002347,0.001460531321515836,2.629,2.835
4031740,0.002352,0.0014638836827746084,2.629,2.834
11334155,0.002353,0.0014642304787668952,2.628,2.834
1546184,0.002358,0.0014667736493769983,2.627,2.834
4394161,0.002358,0.0014672938433654284,2.627,2.833
2102498,0.002364,0.0014704150072960096,2.626,2.833
9787565,0.002364,0.001470646204624201,2.626,2.832
3651532,0.002368,0.001474056365215021,2.626,2.831
7244271,0.002369,0.0014742875625432122,2.625,2.831
5394662,0.002374,0.0014774087264737934,2.625,2.83
16168270,0.002375,0.001478102318458367,2.624,2.83
5593740,0.002378,0.0014808188870646135,2.624,2.829
17279407,0.00238,0.001482090472369665,2.623,2.829
1921644,0.002383,0.0014842290476554337,2.623,2.828
2017065,0.002386,0.00148590522828482,2.622,2.828
3642773,0.002388,0.0014876970075783015,2.622,2.827
8841004,0.002391,0.0014890841915474488,2.621,2.827
3997120,0.002393,0.0014911071681691218,2.621,2.826
6699388,0.002397,0.0014934191414510338,2.62,2.826
530641,0.002399,0.001494517328759942,2.62,2.825
11923985,0.002402,0.0014960779107252326,2.619,2.825
8526676,0.002405,0.00149798528868281,2.619,2.824
17118894,0.002408,0.001499661469312196,2.618,2.824
11744843,0.002411,0.0015014532486056777,2.618,2.823
12569308,0.002413,0.0015027248339107293,2.617,2.823
6818838,0.002416,0.0015049212085285458,2.617,2.822
3742563,0.002419,0.0015061349945015496,2.616,2.822
16477869,0.002421,0.0015083891684514138,2.616,2.821
9813633,0.002424,0.001509487355760322,2.615,2.821
5787817,0.002427,0.0015118571283742816,2.615,2.82
10667165,0.00243,0.0015133021116754766,2.614,2.82
9006661,0.002432,0.0015153250882971496,2.614,2.819
7901611,0.002436,0.001517232466254727,2.613,2.819
5915651,0.002438,0.0015188508475520654,2.613,2.818
12795060,0.002441,0.0015201802321891647,2.612,2.818
14436774,0.002444,0.0015223188074749332,2.612,2.817
16494300,0.002447,0.0015238215901081762,2.611,2.817
37346,0.002449,0.001525844566729849,2.611,2.816
5387447,0.002452,0.0015276941453553786,2.61,2.816
15765234,0.002454,0.0015293703259847647,2.61,2.815
12458470,0.002458,0.001531624499934629,2.609,2.815
7974863,0.002459,0.0015328960852396805,2.609,2.814
12649905,0.002464,0.0015357282525100228,2.608,2.814
855771,0.002465,0.0015364218444945963,2.608,2.813
11841136,0.002469,0.0015386182191124127,2.607,2.813
9005738,0.00247,0.001539947603749512,2.607,2.812
12280812,0.002475,0.0015422017776993762,2.606,2.812
7901583,0.002477,0.0015435311623364755,2.606,2.811
13672201,0.002481,0.0015464211289388655,2.605,2.811
7449459,0.002482,0.0015470569215913913,2.605,2.81
12444072,0.002486,0.001549426694205351,2.604,2.81
954491,0.002488,0.0015506404801783548,2.604,2.809
954612,0.002492,0.001553472647448697,2.603,2.809
14240898,0.002492,0.0015542240387653183,2.603,2.808
15252993,0.002498,0.0015576341993561386,2.602,2.808
10065947,0.002498,0.001557807597352282,2.602,2.807
7937487,0.002504,0.0015613911559392455,2.601,2.806
10632519,0.002509,0.001564107724545492,2.6,2.806
15785328,0.00251,0.001564974714526209,2.6,2.805
12103394,0.002515,0.0015682692764529336,2.599,2.805
954480,0.002515,0.0015685582731131725,2.599,2.804
14158641,0.002521,0.0015719684337039928,2.598,2.804
9911860,0.002521,0.001572199631032184,2.598,2.803
6571530,0.002527,0.001575378594294813,2.597,2.803
16554569,0.002528,0.0015758409889511953,2.597,2.802
14921584,0.002533,0.0015789043535497287,2.596,2.802
5261764,0.002533,0.0015794823468702067,2.596,2.801
2690735,0.002539,0.0015824301128046444,2.595,2.801
12109560,0.00254,0.001583123704789218,2.595,2.8
15754635,0.002544,0.0015849154840826998,2.594,2.8
14158047,0.002547,0.0015867650627082294,2.594,2.799
8220776,0.00255,0.0015884990426696633,2.593,2.799
7901605,0.002553,0.0015904064206272407,2.593,2.798
2962388,0.002556,0.0015916202066002445,2.592,2.798
4309085,0.00256,0.001594047778546252,2.592,2.797
13629642,0.002562,0.0015951459658551602,2.591,2.797
447141,0.002566,0.001597746935797311,2.591,2.796
15922389,0.002568,0.001598613925778028,2.59,2.796
3979443,0.002573,0.0016014460930483703,2.59,2.795
6451527,0.002574,0.001602081885700896,2.589,2.795
9471555,0.002579,0.0016051452502994295,2.589,2.794
5409578,0.00258,0.001606127838944242,2.588,2.794
12467360,0.002583,0.0016088444075504885,2.588,2.793
3727600,0.002586,0.001610693986176018,2.587,2.793
4080563,0.002588,0.0016125435648015477,2.587,2.792
2381594,0.002592,0.00161537573207189,2.586,2.792
9644916,0.002593,0.0016162427220526069,2.586,2.791
15305015,0.002598,0.0016191904879870446,2.585,2.791
12434668,0.002599,0.0016199996786357138,2.585,2.79
10821641,0.002604,0.0016228896452381038,2.584,2.79
13058901,0.002605,0.001623698835886773,2.584,2.789
6818776,0.00261,0.0016262420064968761,2.583,2.789
6729378,0.002611,0.00162745579246988,2.583,2.788
5091238,0.002616,0.0016306925550645566,2.582,2.788
125075,0.002617,0.001631212749052987,2.582,2.787
4662736,0.002622,0.00163427611365152,2.581,2.787
6661936,0.002623,0.0016349697056360938,2.581,2.786
5253742,0.002628,0.001638090869566675,2.58,2.786
15315895,0.002628,0.0016387266622192008,2.58,2.785
10320454,0.002634,0.0016417322274856862,2.579,2.785
15565080,0.002635,0.0016424836188023077,2.579,2.784
1424559,0.00264,0.0016456625820649366,2.578,2.784
1707843,0.002641,0.0016462983747174624,2.578,2.783
1959940,0.002646,0.0016493617393159958,2.577,2.783
8338704,0.002647,0.001650113130632617,2.577,2.782
7257776,0.002652,0.0016526563012427204,2.576,2.782
5958619,0.002654,0.001653870087215724,2.576,2.781
11702489,0.002658,0.0016561820604976362,2.575,2.781
15820,0.00266,0.001657684843130879,2.575,2.78
1695630,0.002664,0.001660228013740982,2.574,2.78
16628020,0.002665,0.0016614995990460336,2.574,2.779
9025275,0.00267,0.0016649097596368536,2.573,2.779
5131374,0.00267,0.0016653721542932362,2.573,2.778
9979805,0.002676,0.0016691869102083909,2.573,2.777
6561898,0.002677,0.001669764903528869,2.572,2.777
124864,0.002683,0.00167288606745945,2.571,2.777
9389771,0.002683,0.0016730594654555935,2.571,2.776
4159778,0.002689,0.0016764696260464136,2.57,2.776
1144339,0.002689,0.0016768742213707482,2.57,2.775
12117265,0.002695,0.0016805155792897594,2.569,2.775
15220201,0.002695,0.0016807467766179506,2.569,2.774
3832087,0.002701,0.0016842147365408186,2.568,2.774
13915542,0.002701,0.0016846193318651532,2.568,2.773
4990151,0.002708,0.0016884918871123559,2.567,2.773
9273767,0.002708,0.0016885496864444036,2.567,2.772
15975177,0.002714,0.0016917286497070325,2.566,2.772
10482501,0.002715,0.001692422241691606,2.566,2.771
12364122,0.00272,0.0016960058002785698,2.565,2.771
16655618,0.00272,0.0016962947969388087,2.565,2.77
6054142,0.002725,0.001700225151518059,2.565,2.769
11426812,0.002726,0.001700514148178298,2.564,2.769
12409858,0.002731,0.0017041555060973094,2.564,2.768
17276958,0.002733,0.0017049068974139307,2.563,2.768
1130675,0.002738,0.0017080858606765598,2.563,2.767
10196267,0.002739,0.0017086638539970376,2.562,2.767
11487396,0.002744,0.00171201621525581,2.562,2.766
15564784,0.002745,0.001712074014587858,2.561,2.766
2969073,0.002752,0.0017157153725068691,2.56,2.766
7216914,0.002752,0.0017159465698350603,2.56,2.765
10678370,0.002758,0.0017190099344335937,2.559,2.765
9486628,0.002759,0.0017199347237463584,2.559,2.764
6171260,0.002764,0.0017221888976962226,2.558,2.764
11511686,0.002766,0.0017238650783256088,2.558,2.763
8007211,0.002771,0.0017266394462639033,2.557,2.763
2938816,0.002772,0.001727853232236907,2.557,2.762
2098036,0.002777,0.001730974396167488,2.556,2.762
17152689,0.002778,0.001731841386148205,2.556,2.761
290894,0.002783,0.0017346157540864995,2.555,2.761
13633656,0.002785,0.0017358295400595033,2.555,2.76
12823646,0.00279,0.0017390085033221322,2.554,2.76
15355832,0.00279,0.0017398176939708015,2.554,2.759
6497759,0.002796,0.0017426498612411435,2.553,2.759
10681104,0.002798,0.0017438636472141473,2.553,2.758
920154,0.002803,0.0017471004098088242,2.552,2.758
12420546,0.002803,0.0017478518011254454,2.552,2.757
6416529,0.002809,0.0017513775603803612,2.551,2.757
15299371,0.002809,0.0017518977543687915,2.551,2.756
5228872,0.002816,0.0017553657142916593,2.55,2.756
12872360,0.002816,0.0017559437076121373,2.55,2.755
8086743,0.002822,0.0017596428648631965,2.549,2.755
1190033,0.002822,0.0017599896608554832,2.549,2.754
2910806,0.002829,0.0017632842227822078,2.548,2.754
4153068,0.00283,0.0017640356140988292,2.548,2.753
10133179,0.002835,0.0017676769720178405,2.547,2.753
3149651,0.002835,0.001768081567342175,2.547,2.752
8763249,0.002841,0.001772185319917569,2.547,2.751
13485367,0.002842,0.0017722431192496166,2.546,2.751
4438742,0.002848,0.0017761156744968193,2.545,2.751
902153,0.002848,0.0017762890724929627,2.545,2.75
7549301,0.002854,0.0017803350257363086,2.545,2.749
7404688,0.002855,0.0017809130190567866,2.544,2.749
14539252,0.002859,0.0017844387783117024,2.544,2.748
7936665,0.002861,0.001785363567624467,2.543,2.748
15155214,0.002866,0.001788600330219144,2.543,2.747
12414824,0.002868,0.0017896407181960043,2.542,2.747
11114985,0.002872,0.0017927040827945375,2.542,2.746
476822,0.002875,0.0017943802634239237,2.541,2.746
14211529,0.002879,0.0017968078353699313,2.541,2.745
8578467,0.002881,0.0017973858286904093,2.54,2.745
14941327,0.002887,0.0018009693872773729,2.54,2.744
9037535,0.002888,0.001801200584605564,2.539,2.744
3551145,0.002893,0.0018051309391848144,2.539,2.743
880184,0.002895,0.0018059401298334836,2.538,2.743
3717252,0.0029,0.001809292491092256,2.538,2.742
17180313,0.002901,0.0018095236884204471,2.537,2.742
11753257,0.002906,0.0018134540429996975,2.537,2.741
16690725,0.002908,0.0018139164376560798,2.536,2.741
824391,0.002915,0.0018175577955750913,2.535,2.741
526316,0.002915,0.001817615594907139,2.535,2.74
10483574,0.002921,0.0018208523575018157,2.534,2.74
15867436,0.002922,0.0018218349461466283,2.534,2.739
6927446,0.002928,0.001825129508073353,2.533,2.739
17000767,0.002929,0.0018260542973861176,2.533,2.738
4566586,0.002935,0.0018298112539692245,2.532,2.738
8479958,0.002935,0.0018302158492935591,2.532,2.737
12321392,0.002941,0.0018344352005330486,2.532,2.736
4524513,0.002942,0.0018344929998650964,2.531,2.736
9756995,0.002948,0.0018384233544443468,2.53,2.736
385363,0.002948,0.001838654551772538,2.53,2.735
2275205,0.002955,0.001842931702344075,2.529,2.734
8254388,0.002961,0.0018471510535835645,2.529,2.733
11508578,0.002962,0.0018473244515797077,2.528,2.733
6819084,0.002967,0.0018514282041551015,2.528,2.732
13087300,0.002969,0.0018528731874562965,2.527,2.732
8472257,0.002974,0.0018557053547266387,2.527,2.731
12551533,0.002976,0.0018565723447073557,2.526,2.731
1966461,0.002982,0.0018596935086379368,2.525,2.731
6819016,0.002982,0.0018599825052981757,2.525,2.73
1595389,0.002988,0.001864259655869713,2.525,2.729
7985185,0.002989,0.0018643752545338085,2.524,2.729
14158549,0.002995,0.00186853680644125,2.524,2.728
16706641,0.002996,0.0018689414017655846,2.523,2.728
12063511,0.003002,0.001872871756344835,2.523,2.727
6716984,0.003003,0.0018735075489973608,2.522,2.727
17262997,0.003008,0.00187720670624842,2.522,2.726
5700439,0.00301,0.0018779580975650412,2.521,2.726
10347828,0.003014,0.001881483856819957,2.521,2.725
7313787,0.003017,0.0018828132414570565,2.52,2.725
6204027,0.003022,0.0018858766060555897,2.52,2.724
8923899,0.003024,0.0018866279973722112,2.519,2.724
9016635,0.003029,0.0018902115559591747,2.519,2.723
2818349,0.003031,0.0018914253419321785,2.518,2.723
8607808,0.003035,0.0018945465058627597,2.518,2.722
12994681,0.003038,0.00189558689383962,2.517,2.722
1287032,0.003042,0.0018989392550983924,2.517,2.721
4904258,0.003045,0.001899864044411157,2.516,2.721
16279354,0.003051,0.0019032742050019774,2.516,2.72
12313919,0.003052,0.0019040255963185986,2.515,2.72
8327391,0.003057,0.00190766695423761,2.515,2.719
6631407,0.003059,0.0019084761448862793,2.514,2.719
7549304,0.003063,0.0019120597034732428,2.514,2.718
14091080,0.003066,0.0019136202854385333,2.513,2.718
10317367,0.00307,0.0019165102520409232,2.513,2.717
7466113,0.003073,0.0019184754293305485,2.512,2.717
656580,0.003074,0.001920903001276556,2.512,2.716
12159313,0.00308,0.0019245443591955674,2.511,2.716
7973649,0.003081,0.0019253535498442366,2.511,2.715
1144380,0.003086,0.0019297462990798694,2.511,2.714
305989,0.003087,0.0019298618977439648,2.51,2.714
16714215,0.003093,0.0019341968476475498,2.51,2.713
849705,0.003094,0.0019346592423039322,2.509,2.713
13783764,0.003101,0.0019386473962152305,2.508,2.713
798296,0.003101,0.0019387051955472782,2.508,2.712
5152098,0.003108,0.0019431557441149587,2.508,2.711
2251419,0.003109,0.0019432713427790544,2.507,2.711
10911536,0.003116,0.0019473172960224002,2.506,2.711
8443956,0.003116,0.0019476062926826391,2.506,2.71
8425777,0.003123,0.001951132051937555,2.505,2.71
8247790,0.003124,0.0019521146405823676,2.505,2.709
493886,0.00313,0.0019559293964975222,2.504,2.709
14157603,0.003131,0.001956622988482096,2.504,2.708
8102866,0.003137,0.0019599753497408683,2.503,2.708
13904429,0.003139,0.0019611313363818244,2.503,2.707
16628694,0.003145,0.0019656396842815524,2.502,2.706
11754350,0.003152,0.0019700324335171853,2.501,2.706
17101625,0.003152,0.0019702058315133287,2.501,2.705
15279060,0.003157,0.001974714179413057,2.501,2.704
8053779,0.003159,0.0019754655707296784,2.5,2.704
10198122,0.003164,0.001979280326644833,2.5,2.703
14091087,0.003166,0.001980725309946028,2.499,2.703
13983205,0.003169,0.0019838464738766094,2.499,2.702
2687635,0.003174,0.00198644744381876,2.498,2.702
6337608,0.003176,0.0019884126211083854,2.498,2.701
1579109,0.003181,0.001991071390382584,2.497,2.701
14124752,0.003183,0.0019929787683401617,2.497,2.7
6172098,0.003188,0.0019960421329386947,2.496,2.7
15765197,0.003191,0.0019976027149039856,2.496,2.699
17270427,0.003196,0.0020010128754948055,2.495,2.699
7449450,0.003197,0.0020021688621357616,2.495,2.698
8204931,0.003203,0.0020062148153791076,2.494,2.698
7450997,0.003203,0.0020067928086995855,2.494,2.697
12946248,0.00321,0.0020107809626108836,2.493,2.697
6743612,0.00321,0.0020114167552634094,2.493,2.696
5160169,0.003218,0.0020159829024951857,2.492,2.696
10267591,0.003218,0.002016098501159281,2.492,2.695
13706861,0.003225,0.0020205490497269617,2.491,2.695
7420892,0.003225,0.002020722447723105,2.491,2.694
1538732,0.003233,0.002025404193618977,2.49,2.693
933153,0.003239,0.002030028140182801,2.49,2.692
16156496,0.00324,0.0020306061335032786,2.489,2.692
16767352,0.003246,0.0020347098860786727,2.489,2.691
2917748,0.003248,0.002035808073387581,2.488,2.691
9363116,0.003252,0.002039391631974544,2.488,2.69
1124801,0.003255,0.0020414146085962173,2.487,2.69
6791302,0.003259,0.002044131177202464,2.487,2.689
15198015,0.003263,0.00204632755182028,2.486,2.689
12354864,0.003266,0.0020488129230983353,2.486,2.688
11646966,0.00327,0.0020507781003879606,2.485,2.688
12603899,0.003273,0.002053552468326255,2.485,2.687
11186833,0.003278,0.0020562690369325017,2.484,2.687
16255244,0.003281,0.0020582920135541745,2.484,2.686
8660532,0.003285,0.002060661786168134,2.483,2.686
4066623,0.003287,0.0020630315587820943,2.483,2.685
9126472,0.003293,0.002066730716033153,2.482,2.685
4846614,0.003294,0.0020677711040100136,2.482,2.684
12607207,0.003299,0.002072568448569981,2.482,2.683
8186685,0.0033,0.0020726840472340764,2.481,2.683
3248838,0.003307,0.0020773079937979003,2.481,2.682
2154113,0.003308,0.0020778859871183786,2.48,2.682
1815378,0.003312,0.0020821053383578677,2.48,2.681
10676520,0.003316,0.0020845907096359233,2.479,2.681
13695695,0.003319,0.002086902682917835,2.479,2.68
2511898,0.003323,0.002089272455531795,2.478,2.68
6161847,0.003327,0.0020917578268098503,2.478,2.679
16644490,0.003331,0.00209412759942381,2.477,2.679
10970742,0.003335,0.0020965551713698176,2.477,2.678
14805438,0.003339,0.0020983469506632994,2.476,2.678
16781920,0.003343,0.002101410315261833,2.476,2.677
10585457,0.003346,0.002102739699898932,2.475,2.677
650050,0.00335,0.0021062076598218,2.475,2.676
11382156,0.003354,0.0021086930310998554,2.474,2.676
15249348,0.003357,0.002111062803713815,2.474,2.675
4106444,0.003362,0.0021134325763277747,2.473,2.675
674754,0.003365,0.0021159757469378783,2.473,2.674
3616436,0.003369,0.0021176519275672642,2.472,2.674
1893132,0.003374,0.002120830890829893,2.472,2.673
2464656,0.003377,0.0021224492721272315,2.471,2.673
15560329,0.003382,0.002125743834053956,2.471,2.672
11616463,0.003385,0.0021270732186910554,2.47,2.672
16340909,0.003389,0.002130598977945971,2.47,2.671
9665128,0.003393,0.0021321595599112617,2.469,2.671
12159713,0.003398,0.002135511921170034,2.469,2.67
992561,0.003401,0.002136725707143038,2.468,2.67
12515667,0.003407,0.0021404826637261448,2.468,2.669
12689337,0.003409,0.002141349653706862,2.467,2.669
14800310,0.003414,0.002145395606950208,2.467,2.668
5508714,0.003416,0.0021460891989347813,2.466,2.668
7652885,0.003422,0.002150308550174271,2.466,2.667
400470,0.003424,0.0021511755401549875,2.465,2.667
873396,0.003432,0.0021552792927303816,2.464,2.666
16653350,0.003439,0.0021602500352864923,2.464,2.665
8470548,0.00344,0.002161174824599257,2.463,2.665
6447390,0.003445,0.002165220777842603,2.463,2.664
16202227,0.003448,0.002166550162479702,2.462,2.664
2309709,0.003454,0.0021702493197307614,2.462,2.663
15430643,0.003456,0.0021710585103794306,2.461,2.663
3914868,0.003462,0.002175220062286872,2.461,2.662
4863841,0.003464,0.002176376048927828,2.46,2.662
1694612,0.003468,0.002180248604175031,2.46,2.661
14081223,0.003472,0.0021820403834685127,2.459,2.661
16538470,0.003476,0.002185277146063189,2.459,2.66
2314002,0.00348,0.0021866065307002886,2.458,2.66
12267475,0.003485,0.002190305687951348,2.458,2.659
12444121,0.003488,0.0021923286645730206,2.457,2.659
6812990,0.003492,0.002195334229839506,2.457,2.658
5802852,0.003496,0.0021980507984457527,2.456,2.658
2911893,0.003499,0.0022004205710597128,2.456,2.657
16490922,0.003504,0.002203772932318485,2.455,2.657
12353461,0.003506,0.002205506912279919,2.455,2.656
2881784,0.003512,0.0022085702768784524,2.454,2.656
4356379,0.003515,0.0022105932535001253,2.454,2.655
8823,0.00352,0.0022131942234422763,2.453,2.655
6024093,0.003523,0.0022156795947203315,2.453,2.654
11663910,0.003528,0.0022183383639945305,2.452,2.654
10330787,0.003532,0.0022207659359405377,2.452,2.653
900587,0.003536,0.0022236559025429277,2.451,2.653
12698401,0.003539,0.002225910076492792,2.451,2.652
8740564,0.003545,0.00222989823040409,2.45,2.652
235366,0.003547,0.002231054217045046,2.45,2.651
1815560,0.003553,0.0022348111736281533,2.449,2.651
14672096,0.003554,0.0022361983575973003,2.449,2.65
9471734,0.003561,0.0022412846988175065,2.448,2.65
3716841,0.003561,0.0022413424981495545,2.448,2.649
2986283,0.003568,0.0022464866387018087,2.448,2.648
10330705,0.003569,0.002246544438033856,2.447,2.648
15390698,0.003577,0.0022510527859335846,2.446,2.648
8022871,0.003578,0.0022516885785861104,2.446,2.647
2283678,0.003586,0.0022564859231460777,2.445,2.647
16484364,0.003586,0.0022568905184704125,2.445,2.646
16392377,0.003594,0.002260531876389424,2.444,2.646
503081,0.003596,0.0022620924583547143,2.444,2.645
8841835,0.003602,0.0022651558229532477,2.443,2.645
7442320,0.003605,0.002267294398239016,2.443,2.644
9128187,0.00361,0.002269664170852976,2.442,2.644
13249311,0.003614,0.002272496338123318,2.442,2.643
14738349,0.003619,0.0022748083114052303,2.441,2.643
5661108,0.003623,0.002277756077339668,2.441,2.642
13577103,0.003627,0.002279721254629293,2.44,2.642
13561852,0.003633,0.0022830158165560175,2.44,2.641
3348205,0.003635,0.002284287401861069,2.439,2.641
10443903,0.003642,0.002288275555772367,2.439,2.64
6173383,0.003644,0.0022895471410774187,2.438,2.64
9912934,0.00365,0.002293535294988717,2.438,2.639
1958216,0.003652,0.002294402284969434,2.437,2.639
15058753,0.003659,0.002298795034205067,2.437,2.638
9519940,0.003661,0.002299893221513975,2.436,2.638
14940768,0.003666,0.002304112572753464,2.436,2.637
8844034,0.003669,0.0023057309540508025,2.435,2.637
2422963,0.003674,0.0023094301113018617,2.435,2.636
5254983,0.003678,0.0023115108872555825,2.434,2.636
7058969,0.003683,0.0023147476498502594,2.434,2.635
15449889,0.003686,0.0023163660311475978,2.433,2.635
524970,0.00369,0.002320065188398657,2.433,2.634
13706131,0.003695,0.0023230707536651424,2.432,2.634
13107986,0.003698,0.002325440526279102,2.432,2.633
7341229,0.003703,0.0023279836968892052,2.431,2.633
10632580,0.003707,0.0023308158641595473,2.431,2.632
10357248,0.003712,0.0023337058307619373,2.43,2.632
16021308,0.003715,0.002336191202039993,2.43,2.631
3915039,0.00372,0.002338965569978287,2.429,2.631
11421063,0.003724,0.002341566539920438,2.429,2.63
2607767,0.003729,0.0023451500985074017,2.428,2.63
3805516,0.003731,0.0023469418778008836,2.428,2.629
6425997,0.003737,0.0023501208410635125,2.427,2.629
3801690,0.003739,0.0023523750150133767,2.427,2.628
6202394,0.003746,0.0023565943662528658,2.426,2.628
7475367,0.003747,0.00235780815222587,2.426,2.627
9178985,0.003755,0.0023619697041333113,2.425,2.627
11635549,0.003757,0.002363241289438363,2.425,2.626
921168,0.003763,0.002367113844685565,2.424,2.626
9738654,0.003765,0.002368674426650856,2.424,2.625
15404922,0.003772,0.002373240573882632,2.423,2.625
10668025,0.003772,0.002374107563863349,2.423,2.624
5697712,0.003781,0.0023789049084233164,2.422,2.624
3290130,0.003782,0.0023795985004078897,2.422,2.623
11649497,0.003789,0.0023845692429640005,2.421,2.623
4377594,0.003789,0.002385089436952431,2.421,2.622
6370493,0.003798,0.0023897133835162547,2.42,2.622
16664646,0.003798,0.002390580373496972,2.42,2.621
517526,0.003807,0.002395724514049226,2.419,2.621
11119875,0.003808,0.0023961291093735604,2.419,2.62
16933996,0.003815,0.0024016200459181015,2.419,2.619
12420877,0.003816,0.0024018512432462925,2.418,2.619
12312450,0.003824,0.0024069953837985466,2.417,2.619
2707092,0.003824,0.00240716878179469,2.417,2.618
8679474,0.003833,0.0024127175176712787,2.416,2.617
16365884,0.003841,0.0024182662535478677,2.416,2.616
12420808,0.003842,0.002418439651544011,2.415,2.616
4209510,0.003849,0.002423872788756504,2.415,2.615
9583707,0.003851,0.0024252599727256513,2.414,2.615
7257638,0.003856,0.002429421524633093,2.414,2.614
11011904,0.00386,0.0024323114912354828,2.413,2.614
9580154,0.003863,0.0024350280598417293,2.413,2.613
4903404,0.003869,0.002438900615088932,2.412,2.613
7359306,0.003871,0.002440634595050366,2.412,2.612
2707466,0.003878,0.002444853946289855,2.411,2.612
15257815,0.003879,0.00244629892959105,2.411,2.611
5573394,0.003886,0.0024502292841703005,2.41,2.611
11410336,0.003888,0.0024519054647996865,2.41,2.61
409267,0.003895,0.00245496882939822,2.409,2.61
3899347,0.003899,0.002457569799340371,2.409,2.609
11471387,0.003904,0.002460690963270952,2.408,2.609
13877541,0.003907,0.002463234133881055,2.408,2.608
9989256,0.003913,0.002467280087124401,2.407,2.608
17200113,0.003914,0.0024688984684217395,2.407,2.607
2854158,0.003922,0.0024743894049662806,2.406,2.607
2569713,0.003922,0.0024746206022944715,2.406,2.606
9461558,0.003931,0.0024791289501942,2.405,2.606
13254849,0.003933,0.002480284936835156,2.405,2.605
10453600,0.003941,0.002485718074047649,2.404,2.605
4684009,0.003941,0.002486007070707888,2.404,2.604
12564935,0.00395,0.0024910356125960468,2.403,2.604
2937055,0.003951,0.00249172920458062,2.403,2.603
12948116,0.003959,0.0024966421478046833,2.402,2.603
5026765,0.00396,0.0024975091377854,2.402,2.602
1460911,0.003968,0.0025017284890248895,2.401,2.602
16528542,0.00397,0.002503231271658132,2.401,2.601
1851932,0.003977,0.002507681820225813,2.4,2.601
14459627,0.003978,0.002509011204862912,2.4,2.6
8938053,0.003986,0.002513288355434449,2.399,2.6
5310800,0.003988,0.002514791138067692,2.399,2.599
10478339,0.003995,0.0025203398739442806,2.398,2.599
11012213,0.003995,0.00252062887060452,2.398,2.598
12659811,0.004004,0.0025264088038092995,2.398,2.597
17241641,0.004005,0.002527160195125921,2.397,2.597
5830763,0.00401,0.0025322465363461274,2.397,2.596
9599652,0.004014,0.0025341539143037047,2.396,2.596
6846499,0.004019,0.002538084268882955,2.396,2.595
13632241,0.004023,0.0025411476334814883,2.395,2.595
10714096,0.004026,0.002543922001419783,2.395,2.594
3751158,0.004032,0.0025470431653503637,2.394,2.594
5481445,0.004036,0.0025498175332886583,2.394,2.593
11626055,0.004042,0.002553285493211526,2.393,2.593
14158145,0.004045,0.002555655265825486,2.393,2.592
11227033,0.004051,0.0025588920284201626,2.392,2.592
16601834,0.004056,0.0025615507976943616,2.392,2.591
12126480,0.00406,0.0025639205703083213,2.391,2.591
12906143,0.004065,0.002567446329563237,2.391,2.59
11976141,0.00407,0.002569758302845149,2.39,2.59
16301428,0.004074,0.0025733996607641605,2.39,2.589
801963,0.004079,0.0025758272327101677,2.389,2.589
11844679,0.004084,0.002579295192633036,2.389,2.588
7634500,0.004088,0.002581838363243139,2.388,2.588
3656499,0.004093,0.0025852485238339593,2.388,2.587
8592043,0.004098,0.0025886008850927317,2.387,2.587
212396,0.004101,0.0025912018550348823,2.387,2.586
650000,0.004107,0.002594727614289798,2.386,2.586
14563441,0.004111,0.0025972129855678537,2.386,2.585
14437087,0.004117,0.0026012589388111993,2.385,2.585
1127655,0.004119,0.002603166316768777,2.385,2.584
15757079,0.004126,0.0026075590660044096,2.384,2.584
6140713,0.004128,0.002609177447301748,2.384,2.583
3643083,0.004136,0.0026140325911937633,2.383,2.583
1869295,0.004137,0.002615188577834719,2.383,2.582
14451450,0.004145,0.0026201593203908297,2.382,2.582
4615575,0.004146,0.0026211997083676903,2.382,2.581
14704430,0.004155,0.002625881454263562,2.381,2.581
16499050,0.004157,0.002627268638232709,2.381,2.58
1998531,0.004164,0.0026311989928119593,2.38,2.58
8740600,0.004167,0.002633337568097728,2.38,2.579
510883,0.004174,0.002636921126684692,2.379,2.579
6213485,0.004177,0.002639406497962747,2.379,2.578
13457221,0.004184,0.0026436258492022364,2.378,2.578
8180460,0.004186,0.002645475427827766,2.378,2.577
10632463,0.004193,0.0026500993743915897,2.377,2.577
1958318,0.004195,0.0026516021570248327,2.377,2.576
4852572,0.004203,0.00265691969557323,2.376,2.576
10866639,0.004204,0.0026576710868898516,2.376,2.575
14022010,0.004212,0.002663797816086918,2.376,2.574
8007459,0.004213,0.0026643180100753483,2.375,2.574
15275377,0.004219,0.0026699823446160328,2.375,2.573
3831926,0.004222,0.00267136952858518,2.374,2.573
5126524,0.004229,0.0026761090738130996,2.374,2.572
12049655,0.004232,0.0026781320504347724,2.373,2.572
15647925,0.004238,0.002682293602342214,2.373,2.571
7306096,0.004242,0.002685183568944604,2.372,2.571
12955978,0.004246,0.0026884781308713283,2.372,2.57
14985884,0.004252,0.0026925818834467223,2.371,2.57
16930672,0.004254,0.002694662659400443,2.371,2.569
12232988,0.004261,0.0026986508133117412,2.37,2.569
3354728,0.004263,0.0027008471879295575,2.37,2.568
15236259,0.004271,0.002706049127813859,2.369,2.568
13039442,0.004272,0.00270708951579072,2.369,2.567
2357446,0.004281,0.0027128694489954998,2.368,2.567
9461559,0.004282,0.002713331843651882,2.368,2.566
12550647,0.004291,0.0027188227801964227,2.367,2.566
14941805,0.004291,0.0027195741715130444,2.367,2.565
10293811,0.0043,0.0027258742987062543,2.367,2.564
495564,0.004301,0.00272598989737035,2.366,2.564
116052,0.00431,0.0027321744258994645,2.366,2.563
16550140,0.004311,0.002732636820555847,2.365,2.563
1698189,0.004321,0.002738474553092675,2.364,2.562
2239078,0.00433,0.0027447746802858847,2.364,2.561
8339752,0.004331,0.002745237074942267,2.363,2.561
8346541,0.004339,0.002751074807479095,2.363,2.56
5678939,0.004341,0.0027516528007995728,2.362,2.56
852734,0.004349,0.0027574327340043527,2.362,2.559
4449268,0.004351,0.0027587043193094043,2.361,2.559
3472785,0.004358,0.0027637906605296105,2.361,2.558
11646746,0.004361,0.0027656402391551403,2.36,2.558
14743998,0.004366,0.0027701485870548687,2.36,2.557
11483591,0.004371,0.0027732119516534017,2.359,2.557
11181732,0.004376,0.002776564312912174,2.359,2.556
11750106,0.004381,0.0027796854768427554,2.358,2.556
1086838,0.004386,0.0027829222394374323,2.358,2.555
3609843,0.004391,0.00278587000537187,2.357,2.555
10318777,0.004396,0.002789337965294738,2.357,2.554
6480498,0.004401,0.0027922857312291756,2.356,2.554
7974351,0.004407,0.0027958114904840913,2.356,2.553
2666958,0.004411,0.002798239062430099,2.355,2.553
1428901,0.004417,0.002802227216341397,2.355,2.552
5091577,0.004421,0.0028046547882874047,2.354,2.552
3060656,0.004426,0.0028087007415307508,2.354,2.551
17071703,0.004431,0.002812284300117714,2.353,2.551
17085597,0.004436,0.002815174266720104,2.353,2.55
8149616,0.004442,0.002819798213283928,2.352,2.55
4387752,0.004444,0.0028216477919094578,2.352,2.549
4031223,0.004452,0.0028276589224424287,2.351,2.549
9550790,0.004452,0.002828179116430859,2.351,2.548
1187284,0.004462,0.002833901250303591,2.35,2.548
5575276,0.004462,0.00283471044095226,2.35,2.547
5965580,0.004471,0.0028412417654736614,2.35,2.546
11850388,0.004472,0.002841357364137757,2.349,2.546
15298997,0.004481,0.0028477730899950627,2.349,2.545
5199269,0.004483,0.00284864007997578,2.348,2.545
5765962,0.004492,0.002854304414516464,2.348,2.544
11383763,0.004493,0.0028547668091728467,2.347,2.544
6362167,0.004502,0.002860893538369913,2.347,2.543
3236251,0.004503,0.002860951337701961,2.346,2.543
10906258,0.004512,0.0028674826622233623,2.346,2.542
10195216,0.004514,0.002868812046860462,2.345,2.542
8661871,0.004522,0.002874129585408859,2.345,2.541
8254209,0.004524,0.002875343371381863,2.344,2.541
3241301,0.004531,0.002880718709262308,2.344,2.54
4498421,0.004535,0.0028834352778685547,2.343,2.54
16135816,0.00454,0.0028873656324478053,2.343,2.539
7522327,0.004545,0.0028910647896988645,2.342,2.539
2511684,0.004549,0.002894012555633302,2.342,2.538
2406225,0.004556,0.002898405304868935,2.341,2.538
1183174,0.004558,0.0029007172781508467,2.341,2.537
6422889,0.004566,0.002905167826718527,2.34,2.537
5627892,0.004569,0.0029074220006683913,2.34,2.536
14211521,0.004577,0.0029126239405526935,2.339,2.536
8860767,0.004579,0.002914126723185936,2.339,2.535
7496019,0.004587,0.0029186350710856644,2.338,2.535
14134895,0.00459,0.0029208314457034807,2.338,2.534
9985600,0.004598,0.00292505079694297,2.337,2.534
8032240,0.004601,0.0029275361682210258,2.337,2.533
1591835,0.004608,0.0029323913121130406,2.336,2.533
3340756,0.004611,0.002934298690070618,2.336,2.532
1529368,0.004619,0.002939385031290824,2.335,2.532
6626803,0.004621,0.0029410612119202106,2.335,2.531
16822127,0.00463,0.002947014543121134,2.334,2.531
3844129,0.004631,0.002947823733769803,2.334,2.53
10551190,0.00464,0.0029531412723182004,2.333,2.53
5891110,0.004641,0.0029546440549514433,2.333,2.529
2951925,0.004651,0.002961117580140797,2.332,2.529
15425059,0.004651,0.0029614643761330835,2.332,2.528
12214500,0.004661,0.002968284697314724,2.332,2.527
1155330,0.004662,0.002968573693974963,2.331,2.527
9008392,0.004671,0.002975105018496364,2.331,2.526
1396520,0.004672,0.002975162817828412,2.33,2.526
2224502,0.004682,0.0029819831390100523,2.33,2.525
2845374,0.004683,0.0029820987376741478,2.329,2.525
8985921,0.004694,0.002988456664199406,2.328,2.525
15982543,0.004694,0.0029888612595237404,2.328,2.524
15411772,0.004704,0.0029957393800374285,2.328,2.523
5368871,0.004705,0.0029962595740258588,2.327,2.523
12841964,0.004714,0.0030026175005511166,2.327,2.522
14692164,0.004716,0.003003946885188216,2.326,2.522
4360865,0.004725,0.0030095534203968526,2.326,2.521
5885417,0.004727,0.0030112874003582865,2.325,2.521
9116419,0.004733,0.0030164893402425882,2.325,2.52
8811114,0.004737,0.003019205908848835,2.324,2.52
10787568,0.004742,0.0030234830594203723,2.324,2.519
9881434,0.004748,0.0030265464240189057,2.323,2.519
2182588,0.004754,0.003030418979266108,2.323,2.518
9709449,0.004759,0.003034175935849215,2.322,2.518
15895,0.004763,0.003037412698443892,2.322,2.517
2566625,0.00477,0.003041978845675668,2.321,2.517
3357744,0.004774,0.0030444064176216755,2.321,2.516
1881022,0.004781,0.0030489725648534514,2.32,2.516
8753307,0.004784,0.003051457936131507,2.32,2.515
5010242,0.004792,0.003057469066664478,2.319,2.515
5717208,0.004793,0.0030584516553092906,2.319,2.514
12955810,0.004803,0.0030650407791627397,2.318,2.514
9754791,0.004803,0.003065503173819122,2.318,2.513
17247495,0.004813,0.0030726124916610016,2.318,2.512
12606712,0.004814,0.003073017086985336,2.317,2.512
1702475,0.004822,0.0030796640101708327,2.317,2.511
40449,0.004826,0.0030818603847886494,2.316,2.511
8099651,0.004833,0.003086773328012712,2.316,2.51
11409953,0.004837,0.003089894491943293,2.315,2.51
2853951,0.004842,0.0030938826458545917,2.315,2.509
14804566,0.004848,0.0030981597964261287,2.314,2.509
15915112,0.004851,0.0031009919636964707,2.314,2.508
4740781,0.004859,0.0031065406995730593,2.313,2.508
5338734,0.00486,0.0031081590808703977,2.313,2.507
7186044,0.004869,0.0031153261980443247,2.313,2.506
12943016,0.00487,0.0031159619906968505,2.312,2.506
5612435,0.004879,0.003122493315218252,2.312,2.505
14151219,0.004881,0.0031237649005233037,2.311,2.505
2820294,0.00489,0.0031297182317242267,2.311,2.504
2403489,0.004893,0.003131394412353613,2.31,2.504
4928854,0.0049,0.0031369431482302017,2.31,2.503
11409871,0.004904,0.0031398909141646396,2.309,2.503
786123,0.00491,0.0031441680647361766,2.309,2.502
10048721,0.004915,0.0031466534360142322,2.308,2.502
12702786,0.004922,0.0031513929812421516,2.308,2.501
8682303,0.004927,0.003154167349180446,2.307,2.501
13037032,0.004933,0.003158675697080174,2.307,2.5
8619623,0.004938,0.00316168126234666,2.306,2.5
4616271,0.004944,0.003165958412918197,2.306,2.499
2658573,0.004949,0.0031693107741769693,2.305,2.499
8541656,0.004953,0.0031732411287562195,2.305,2.498
6840088,0.004961,0.003178269670644378,2.304,2.498
11793061,0.004964,0.00318058164392629,2.304,2.497
7499878,0.004972,0.003186072580470831,2.303,2.497
4563650,0.004974,0.003187922159096361,2.303,2.496
2899415,0.004984,0.0031952048749343833,2.302,2.496
7632030,0.004984,0.0031952626742664312,2.302,2.495
116944,0.004995,0.003202256393444215,2.301,2.495
14012690,0.004995,0.0032026031894365017,2.301,2.494
12645953,0.005006,0.00321000150393862,2.301,2.493
3082225,0.005007,0.0032100593032706676,2.3,2.493
13637099,0.005016,0.003217399818440738,2.3,2.492
1696715,0.005018,0.0032183824070855507,2.299,2.492
14436824,0.005028,0.0032247981329428565,2.299,2.491
1187082,0.00503,0.003226127517579956,2.298,2.491
15146526,0.005039,0.0032322542467770224,2.298,2.49
10358200,0.005041,0.003233583631414122,2.297,2.49
967050,0.00505,0.0032397103606111887,2.297,2.489
2433847,0.005053,0.003241328741908527,2.296,2.489
3853460,0.005062,0.0032471664744453546,2.296,2.488
12606990,0.005065,0.0032485536584145017,2.295,2.488
11251848,0.005074,0.003254622588279521,2.295,2.487
17259548,0.005076,0.00325595197291662,2.294,2.487
1440842,0.005085,0.003262136501445735,2.294,2.486
7986994,0.005088,0.003264910869384029,2.293,2.486
4848111,0.005097,0.0032696504146119488,2.293,2.485
1040142,0.0051,0.00327144219390543,2.292,2.485
15927999,0.005108,0.00327722212711021,2.292,2.484
15043419,0.005111,0.00327907170573574,2.291,2.484
8472265,0.00512,0.003284736040276424,2.291,2.483
1149709,0.005123,0.00328589202691738,2.29,2.483
13970215,0.005132,0.003292307752774686,2.29,2.482
2977588,0.005135,0.003294504127392502,2.289,2.482
1129690,0.005143,0.003299937264604995,2.289,2.481
4134911,0.005147,0.003302018040558716,2.288,2.481
12057469,0.005155,0.003307508977103257,2.288,2.48
3866514,0.005159,0.0033097053517210733,2.287,2.48
9985742,0.005167,0.0033151384889335664,2.287,2.479
2603672,0.005171,0.0033173348635513827,2.286,2.479
7301344,0.005179,0.0033227680007638758,2.286,2.478
5251797,0.005183,0.003324733178053501,2.285,2.478
5756798,0.00519,0.003330455311926233,2.285,2.477
8895851,0.005194,0.003333114081200432,2.284,2.477
4139284,0.005199,0.0033381426230885904,2.284,2.476
15690673,0.005206,0.0033427087703203667,2.283,2.476
980252,0.00521,0.0033458299342509477,2.283,2.475
12866843,0.005218,0.0033499914861583892,2.282,2.475
1191437,0.005222,0.003353517245413305,2.282,2.474
11616034,0.00523,0.0033587769846296547,2.281,2.474
7712794,0.005232,0.0033612623559077103,2.281,2.473
14966099,0.005243,0.0033686606704098287,2.28,2.473
6327226,0.005243,0.003369007466402115,2.28,2.472
4992416,0.005255,0.0033767525768965204,2.279,2.472
575049,0.005255,0.0033768103762285683,2.279,2.471
10048881,0.005265,0.003384555486722973,2.279,2.47
740508,0.005267,0.0033850756807114035,2.278,2.47
15848714,0.005278,0.003392358396549426,2.278,2.469
11964188,0.005279,0.003392473995213522,2.277,2.469
7826337,0.00529,0.0034002191057079267,2.277,2.468
7901405,0.005291,0.003400797099028405,2.276,2.468
14721539,0.005302,0.0034080220155343795,2.276,2.467
9272158,0.005303,0.0034084266108587143,2.275,2.467
2113435,0.005313,0.0034158827246928802,2.275,2.466
17201360,0.005315,0.003416923112669741,2.274,2.466
3845310,0.005325,0.003423743433851381,2.274,2.465
8255858,0.005328,0.0034255930124769108,2.273,2.465
16123548,0.005337,0.0034316619423419297,2.273,2.464
9516158,0.00534,0.0034329913269790287,2.272,2.464
16716005,0.005351,0.003439580450832478,2.272,2.463
8835138,0.005352,0.003440389641481147,2.271,2.463
5129608,0.005363,0.0034474989593230266,2.271,2.462
4562460,0.005365,0.0034488283439601257,2.27,2.462
9409906,0.005374,0.003455417467813575,2.27,2.461
11165036,0.005377,0.0034573826451032,2.269,2.461
120302,0.005386,0.003463393775636171,2.269,2.46
16699161,0.005389,0.00346605254491037,2.268,2.46
6696170,0.005397,0.0034713700834587673,2.268,2.459
15363271,0.005402,0.0034744912473893487,2.267,2.459
5864974,0.005409,0.0034794041906134115,2.267,2.458
2228466,0.005414,0.0034822941572158015,2.266,2.458
9547665,0.005421,0.0034874382977680557,2.266,2.457
9639222,0.005427,0.003491368652347306,2.265,2.457
10479678,0.005434,0.0034954724049227,2.265,2.456
15843476,0.005439,0.0034993449601699025,2.264,2.456
2404658,0.005445,0.0035035065120773436,2.264,2.455
16457376,0.005452,0.003507436866656594,2.263,2.455
8301974,0.005458,0.0035115984185640358,2.263,2.454
7183559,0.005464,0.0035153553751471425,2.262,2.454
12530219,0.005471,0.0035196903250507275,2.262,2.453
2801168,0.005477,0.0035233894823017867,2.261,2.453
11190276,0.005482,0.0035277822315374196,2.261,2.452
8638245,0.00549,0.0035329263720896738,2.26,2.452
1683556,0.005494,0.0035359319373561592,2.26,2.451
13661144,0.005502,0.0035418274692250347,2.259,2.451
11877257,0.005505,0.003544081643174899,2.259,2.45
3292789,0.005515,0.0035500349743758223,2.258,2.45
3943407,0.005519,0.0035522313489936386,2.258,2.449
3636325,0.005528,0.0035579534828663706,2.257,2.449
846567,0.005531,0.003560438854144426,2.257,2.448
10744263,0.00554,0.0035668545800017315,2.256,2.448
6625103,0.005542,0.0035686463592952133,2.256,2.447
2662865,0.005553,0.003575755677137093,2.255,2.447
9398687,0.005554,0.003576853864446001,2.255,2.446
8163996,0.005566,0.003584309978280167,2.254,2.446
14715878,0.005566,0.003585119168928836,2.254,2.445
3307422,0.005579,0.0035931532760834803,2.253,2.445
10466856,0.005579,0.0035933844734116717,2.253,2.444
1835978,0.00559,0.003601649777894507,2.253,2.443
451290,0.005592,0.0036022855705470326,2.252,2.443
4664937,0.005604,0.00360997288170939,2.252,2.442
15788122,0.005605,0.003610724273026011,2.251,2.442
3472858,0.005614,0.003618295985524273,2.251,2.441
14354701,0.005617,0.0036202033634818503,2.25,2.441
5487176,0.005626,0.003626619089339156,2.25,2.44
14743361,0.00563,0.003628642065960829,2.249,2.44
6024412,0.005637,0.0036349999924860867,2.249,2.439
10329394,0.005643,0.003638814748401242,2.248,2.439
11848025,0.00565,0.0036433808956330177,2.248,2.438
10597858,0.005656,0.0036469644542199814,2.247,2.438
1607578,0.005664,0.0036517617987799488,2.247,2.437
1986454,0.005669,0.0036546517653823388,2.246,2.437
10324544,0.005676,0.0036602005012589273,2.246,2.436
12626944,0.005682,0.0036641308558381775,2.245,2.436
13805088,0.005688,0.003668639203737906,2.245,2.435
5273166,0.005696,0.003673725544958112,2.244,2.435
11428073,0.0057,0.0036770779062168845,2.244,2.434
13369211,0.005709,0.003683551431406238,2.243,2.434
6826406,0.005711,0.003685574408027911,2.243,2.433
16551843,0.005722,0.0036925681272056946,2.242,2.433
11407574,0.005723,0.0036940709098389375,2.242,2.432
7878084,0.005735,0.0037015270236731034,2.241,2.432
15387600,0.005736,0.003702567411649964,2.241,2.431
702149,0.005748,0.0037106015188046082,2.24,2.431
4985036,0.005749,0.003711121712793038,2.24,2.43
11221614,0.005761,0.0037196760139361126,2.24,2.429
13790895,0.005762,0.003719849411932256,2.239,2.429
6326146,0.005775,0.0037280569170830436,2.238,2.429
1719273,0.005775,0.0037282303150791866,2.238,2.428
2504753,0.005788,0.0037364378202299742,2.237,2.428
15432086,0.005788,0.003736842415554309,2.237,2.427
13131884,0.005801,0.003744645325380762,2.236,2.427
2419114,0.005802,0.003745454516029431,2.236,2.426
6031469,0.005813,0.003754066616504553,2.236,2.425
8252244,0.005815,0.0037551070044814132,2.235,2.425
16202318,0.005827,0.003762736516311723,2.235,2.424
14063640,0.005828,0.0037631411116360574,2.234,2.424
1268666,0.005839,0.003771406416118893,2.234,2.423
7283157,0.005842,0.003773082596748279,2.233,2.423
15191601,0.005852,0.0037800763159260625,2.233,2.422
11259555,0.005855,0.0037821570918797833,2.232,2.422
14407468,0.005864,0.0037888040150652804,2.232,2.421
12569775,0.005869,0.003791809580331766,2.231,2.421
14560699,0.005875,0.003797531714204498,2.231,2.42
6407951,0.005882,0.0038025602560926566,2.23,2.42
1429385,0.005888,0.0038063172126757633,2.23,2.419
8893360,0.005896,0.0038118081492203044,2.229,2.419
6571136,0.005899,0.0038151027111470288,2.229,2.418
15567045,0.005909,0.0038218652329966214,2.228,2.418
7206029,0.005911,0.003823888209618294,2.228,2.417
4902427,0.005923,0.003831228724788365,2.227,2.417
2678077,0.005925,0.0038326737080895596,2.227,2.416
2301990,0.005937,0.0038406500159121563,2.226,2.416
14702033,0.005938,0.003841517005892873,2.226,2.415
13333328,0.00595,0.003849840109707756,2.225,2.415
7008269,0.00595,0.0038503603036961864,2.225,2.414
8909046,0.005964,0.0038589724041713084,2.224,2.414
9728730,0.005964,0.0038592614008315473,2.224,2.413
3732466,0.005978,0.0038675845046464304,2.223,2.413
16732079,0.005979,0.0038681624979669087,2.223,2.412
13255267,0.005991,0.0038770635951022696,2.223,2.411
9595710,0.005992,0.003877236993098413,2.222,2.411
2624943,0.006004,0.0038860224915696785,2.222,2.41
8619222,0.006005,0.003886484886226061,2.221,2.41
14272930,0.006018,0.0038949813880370873,2.221,2.409
9898944,0.006019,0.0038953859833614217,2.22,2.409
4438466,0.00603,0.003903940284504496,2.22,2.408
8709947,0.006033,0.0039061944584543604,2.219,2.408
8048038,0.006042,0.003912956980303953,2.219,2.407
6820030,0.006047,0.003916887334883203,2.218,2.407
4903546,0.006054,0.00392197367610341,2.218,2.406
1744362,0.006061,0.0039259040306826596,2.217,2.406
12420222,0.006068,0.003930990371902866,2.217,2.405
13977301,0.006075,0.003936018913791025,2.216,2.405
2095692,0.00608,0.003940064867034371,2.216,2.404
7054856,0.006089,0.00394636499422758,2.215,2.404
6531876,0.006092,0.003949139362165875,2.215,2.403
15201944,0.006103,0.003956826673328233,2.214,2.403
11265202,0.006105,0.003958271656629427,2.214,2.402
16505461,0.006117,0.0039661901651199755,2.213,2.402
9207910,0.006118,0.003967346151760932,2.213,2.401
8077991,0.006131,0.003975958252236054,2.212,2.401
13316728,0.006132,0.003976536245556532,2.212,2.4
692106,0.006145,0.0039832409680740765,2.211,2.4
1224960,0.006148,0.003985668540020084,2.211,2.399
2234047,0.006159,0.0039917952692171505,2.21,2.399
12671339,0.006164,0.003994858633815684,2.21,2.398
10537405,0.006174,0.00400127435967299,2.209,2.398
16832543,0.006178,0.004004106526943332,2.209,2.397
1661890,0.006188,0.004010522252800638,2.208,2.397
13776692,0.006191,0.004013296620738932,2.208,2.396
8458321,0.006202,0.004019596747932142,2.207,2.396
14838965,0.006206,0.00402254451386658,2.207,2.395
1850316,0.006216,0.004030000627700746,2.206,2.395
15885152,0.006219,0.0040318502063262755,2.206,2.394
4125879,0.006231,0.004040057711477063,2.205,2.394
8379774,0.006232,0.004041155898785971,2.205,2.393
16174665,0.006245,0.004050403791913619,2.204,2.393
8898729,0.006245,0.004050461591245667,2.204,2.392
5068841,0.006256,0.004059767283705363,2.204,2.391
14055556,0.006259,0.004061559062998844,2.203,2.391
12312408,0.00627,0.004069130775497106,2.203,2.39
1329727,0.006274,0.0040716739461072095,2.202,2.39
6190394,0.006283,0.004078552066620897,2.202,2.389
9707181,0.006288,0.004081846628547622,2.201,2.389
13177032,0.006295,0.004087915558412641,2.201,2.388
954694,0.006303,0.004093522093621277,2.2,2.388
4594188,0.006307,0.004097336849536432,2.2,2.387
5075421,0.006317,0.004103925973389881,2.199,2.387
7403846,0.006321,0.004106815939992271,2.199,2.386
12927902,0.006332,0.00411421425449439,2.198,2.386
15301696,0.006334,0.004116237231116062,2.198,2.385
16257210,0.006346,0.004124329137602754,2.197,2.385
6418235,0.006348,0.004125774120903949,2.197,2.384
3052407,0.006361,0.004132710040749685,2.196,2.384
6167516,0.006364,0.004135253211359788,2.196,2.383
11543925,0.006376,0.004142767124526002,2.195,2.383
7458234,0.006377,0.004144790101147675,2.195,2.382
3690275,0.006389,0.004154326990935562,2.195,2.381
8557788,0.00639,0.004155193980916279,2.194,2.381
5975936,0.006403,0.004163921680055496,2.194,2.38
745693,0.006405,0.004165308864024644,2.193,2.38
14947783,0.006416,0.004173516369175431,2.193,2.379
16504686,0.00642,0.004176579733773965,2.192,2.379
14586631,0.00643,0.004183168857627414,2.192,2.378
2778440,0.006435,0.004186116623561852,2.191,2.378
7659904,0.006442,0.004192763546747348,2.191,2.377
3470922,0.00645,0.00419744529264322,2.19,2.377
12286461,0.006458,0.004202473834531379,2.19,2.376
15967419,0.006464,0.00420715558042725,2.189,2.376
8801712,0.006471,0.0042121263229833615,2.189,2.375
1719,0.006479,0.00421767505885995,2.188,2.375
1549575,0.006484,0.004221836610767391,2.188,2.374
15428365,0.006494,0.004228656931949032,2.187,2.374
7137522,0.006498,0.00423160469788347,2.187,2.373
13668615,0.006509,0.004238771815057396,2.186,2.373
16625813,0.006512,0.004241314985667499,2.186,2.372
14548639,0.006524,0.004250273882134908,2.185,2.372
9338170,0.006525,0.004251140872115626,2.185,2.371
10668007,0.006539,0.004260504363907369,2.184,2.371
9002246,0.006539,0.0042609089592317035,2.184,2.37
14975434,0.006551,0.004270734845679829,2.184,2.369
12805447,0.006554,0.004272526624973311,2.183,2.369
12288822,0.006566,0.004280560732127956,2.183,2.368
5728418,0.00657,0.004282583708749628,2.182,2.368
10635409,0.006581,0.004290444417908129,2.182,2.367
133955,0.006585,0.004292871989854136,2.181,2.367
12769726,0.006594,0.004300328103688303,2.181,2.366
10095521,0.0066,0.004304258458267553,2.18,2.366
12814117,0.006609,0.004310269588800524,2.18,2.365
12575577,0.006615,0.004314604538704109,2.179,2.365
15438215,0.006622,0.004320211073912746,2.179,2.364
10635311,0.00663,0.004325702010457286,2.178,2.364
10635325,0.006635,0.004330152559024967,2.178,2.363
10618812,0.006646,0.004336857281542512,2.177,2.363
15409617,0.006652,0.004340151843469236,2.177,2.362
10883920,0.006661,0.004346798766654733,2.176,2.362
11477685,0.006665,0.004350151127913505,2.176,2.361
3331994,0.006676,0.004355757663122142,2.175,2.361
3391665,0.006681,0.004360150412357775,2.175,2.36
1957586,0.006692,0.004366334940886889,2.174,2.36
17047841,0.006698,0.004370207496134091,2.174,2.359
515285,0.006707,0.004376623221991397,2.173,2.359
2052470,0.006711,0.004380264579910409,2.173,2.358
8098575,0.006723,0.00438916567704577,2.172,2.358
15588017,0.006725,0.004390379463018773,2.172,2.357
4157868,0.006738,0.0043988759648298,2.171,2.357
3952158,0.006739,0.004400494346127139,2.171,2.356
10195018,0.006754,0.004409048647270213,2.17,2.356
16169950,0.006755,0.004410667028567551,2.17,2.355
2867778,0.006769,0.004420666313011821,2.169,2.355
6283812,0.006769,0.004420839711007964,2.169,2.354
10635427,0.006783,0.004431012393448376,2.169,2.353
6213332,0.006785,0.00443170598543295,2.168,2.353
5710990,0.006795,0.0044412428752208365,2.168,2.352
7877441,0.0068,0.0044441328418232265,2.167,2.352
4157902,0.00681,0.004451473356993297,2.167,2.351
1094705,0.006816,0.004455056915580261,2.166,2.351
13602875,0.006824,0.004461703838765757,2.166,2.35
13646561,0.006832,0.004467425972638489,2.165,2.35
8097845,0.006838,0.004471992119870266,2.165,2.349
16216118,0.006847,0.0044786390430557625,2.164,2.349
7978213,0.006852,0.004482338200306822,2.164,2.348
6326561,0.006863,0.0044898521134730356,2.163,2.348
2869794,0.006867,0.0044926264814113305,2.163,2.347
16501111,0.006879,0.00450077618723007,2.162,2.347
11564116,0.006882,0.004503030361179934,2.162,2.346
16386369,0.006895,0.004511584662323008,2.161,2.346
11862409,0.006897,0.00451337644161649,2.161,2.345
4209951,0.006911,0.004523202328064616,2.16,2.345
9613845,0.006911,0.004523780321385094,2.16,2.344
5788155,0.006926,0.004534242000485746,2.16,2.343
8709897,0.006927,0.004534762194474176,2.159,2.343
14016225,0.006942,0.004544645880254349,2.159,2.342
11111040,0.006943,0.004545108274910732,2.158,2.342
5922096,0.006957,0.004555165358687049,2.158,2.341
2412596,0.006959,0.004556379144660052,2.157,2.341
13154879,0.006971,0.0045656270377877,2.157,2.34
4445379,0.006975,0.004567939011069612,2.156,2.34
5348822,0.006986,0.004576204315552447,2.156,2.339
11486035,0.006991,0.004579672275475316,2.155,2.339
2147805,0.007001,0.004586723793985148,2.155,2.338
14539435,0.007007,0.004591347740548971,2.154,2.338
724722,0.007017,0.004597301071749894,2.154,2.337
9926043,0.007023,0.004601925018313718,2.153,2.337
1175488,0.007032,0.004607878349514641,2.153,2.336
1072756,0.007039,0.0046130224900668955,2.152,2.336
13379951,0.007047,0.004618513426611437,2.152,2.335
5657257,0.007056,0.004624004363155978,2.151,2.335
12977816,0.007063,0.004629148503708232,2.151,2.334
2337905,0.007072,0.00463498623624506,2.15,2.334
15048764,0.007079,0.004639841380137074,2.15,2.333
10691059,0.007088,0.00464654610265462,2.149,2.333
16392390,0.007092,0.004650534256565917,2.149,2.332
11080790,0.007104,0.004658510564388514,2.148,2.332
15298335,0.007107,0.004661227132994761,2.148,2.331
46886,0.007121,0.004671631012763364,2.147,2.331
9118884,0.007121,0.004671977808755651,2.147,2.33
4814573,0.007137,0.004682670685184494,2.146,2.33
15409783,0.007137,0.004682786283848589,2.146,2.329
9643213,0.007151,0.00469353695960948,2.146,2.328
7195991,0.007154,0.0046957333342272966,2.145,2.328
4353534,0.007167,0.0047044032340344665,2.145,2.327
1433577,0.00717,0.004706079414663852,2.144,2.327
12407070,0.007183,0.004715211709127405,2.144,2.326
3030915,0.007187,0.004718159475061843,2.143,2.326
14341072,0.007197,0.004726077983552391,2.143,2.325
12696737,0.007203,0.004729372545479116,2.142,2.325
5538017,0.007212,0.004737002057309425,2.142,2.324
15445862,0.00722,0.0047428975891783,2.141,2.324
13874558,0.007227,0.004747926131066459,2.141,2.323
12063775,0.007237,0.004753821662935334,2.14,2.323
12108156,0.007243,0.004758850204823493,2.14,2.322
8389753,0.007253,0.004764630138028273,2.139,2.322
2234156,0.007261,0.004769832077912575,2.139,2.321
15306177,0.00727,0.0047761900044378325,2.138,2.321
8806300,0.007277,0.004780813951001657,2.138,2.32
8379340,0.007287,0.0047875186735192015,2.137,2.32
11315545,0.007293,0.004791853623422786,2.137,2.319
8054017,0.007303,0.004798673944604427,2.136,2.319
2835020,0.007309,0.004802893295843916,2.136,2.318
10263360,0.00732,0.004810233811013987,2.135,2.318
5189604,0.007324,0.004813932968265045,2.135,2.317
1759016,0.007337,0.004821042286106925,2.134,2.317
5264350,0.007342,0.004825030440018223,2.134,2.316
3779458,0.007354,0.0048333535438331065,2.133,2.316
12447079,0.007358,0.0048361857111034485,2.133,2.315
10479561,0.007371,0.0048452024069029044,2.132,2.315
6868541,0.007374,0.004847340982188674,2.132,2.314
6226036,0.007388,0.004856588875316321,2.131,2.314
3593367,0.007391,0.004858496253273899,2.131,2.313
16347605,0.007405,0.004869304728366837,2.13,2.313
14414645,0.007405,0.004869709323691172,2.13,2.312
9642301,0.007422,0.004880864594776397,2.129,2.312
3837311,0.007422,0.004880922394108445,2.129,2.311
9399059,0.007438,0.004892193263857766,2.129,2.31
14823307,0.007439,0.004892251063189813,2.128,2.31
13787856,0.007456,0.004903406334275039,2.127,2.31
9693398,0.007456,0.004903464133607086,2.127,2.309
13977029,0.007473,0.004914735003356407,2.127,2.308
17027832,0.007474,0.004915312996676885,2.126,2.308
1469988,0.007488,0.004926063672437776,2.126,2.307
12420956,0.007491,0.0049279132510633055,2.125,2.307
7552362,0.007505,0.004937450140851192,2.125,2.306
8107176,0.007508,0.004938606127492149,2.124,2.306
15635818,0.007522,0.004948836609264609,2.124,2.305
12010588,0.007525,0.004950570589226043,2.123,2.305
2951888,0.007536,0.004960223077678025,2.123,2.304
6867196,0.007543,0.0049652516195661835,2.122,2.304
8731867,0.007552,0.004971667345423489,2.122,2.303
4817223,0.00756,0.00497611789399117,2.121,2.303
8224769,0.00757,0.004983111613168953,2.121,2.302
9353757,0.007578,0.004987735559732778,2.12,2.302
16260598,0.007589,0.004994613680246465,2.12,2.301
822715,0.007595,0.004998659633489812,2.119,2.301
4822964,0.007605,0.005006115747323977,2.119,2.3
10616229,0.007613,0.0050108552925518975,2.118,2.3
10053141,0.007623,0.005017675613733537,2.118,2.299
14891501,0.00763,0.0050222995602973615,2.117,2.299
16607587,0.00764,0.005029235480143097,2.117,2.298
1244917,0.007648,0.005035015413347877,2.116,2.298
490449,0.007657,0.005040853145884705,2.116,2.297
3383796,0.007665,0.005045766089108768,2.115,2.297
2395671,0.007674,0.005052470811626313,2.115,2.296
7057725,0.007683,0.0050594067314720485,2.114,2.296
2767848,0.00769,0.00506408847736792,2.114,2.295
10220718,0.007701,0.00507223818318666,2.113,2.295
12222929,0.007706,0.005075763942441576,2.113,2.294
1446435,0.007718,0.00508379804959622,2.112,2.294
2473086,0.007723,0.005087497206847279,2.112,2.293
16612127,0.007736,0.005096051507990353,2.111,2.293
11114139,0.00774,0.005099230471252982,2.111,2.292
10691118,0.007754,0.005109114157033155,2.11,2.292
8578181,0.007757,0.0051109637356586855,2.11,2.291
14262474,0.007772,0.005122292404740054,2.109,2.291
17190713,0.007772,0.005122754799396436,2.109,2.29
9333698,0.00779,0.005134025669145757,2.108,2.29
16979047,0.00779,0.005134545863134187,2.108,2.289
12603980,0.007808,0.005144429548914361,2.107,2.289
4554107,0.00781,0.005146394726203986,2.107,2.288
884308,0.007826,0.005158127990609689,2.106,2.288
17245184,0.007826,0.005158243589273785,2.106,2.287
16559212,0.007844,0.005169976853679488,2.105,2.287
4371368,0.007844,0.005170150251675632,2.105,2.286
16484354,0.007862,0.005181767917417239,2.104,2.286
1525267,0.007862,0.005182056914077478,2.104,2.285
12829310,0.00788,0.005192807589838369,2.103,2.285
730359,0.007881,0.0051940213758113725,2.103,2.284
4689511,0.007898,0.005205176646896598,2.102,2.284
2392222,0.007898,0.005205985837545267,2.102,2.283
6367466,0.007913,0.005218008098611209,2.102,2.282
323457,0.007916,0.00522008887456493,2.101,2.282
14191047,0.007931,0.005230030359677151,2.101,2.281
5733499,0.007935,0.005232573530287255,2.1,2.281
8783422,0.007951,0.005242052620743094,2.1,2.28
11537551,0.007953,0.005243613202708384,2.099,2.28
12595764,0.007969,0.0052541326811410835,2.099,2.279
9557065,0.007971,0.005255173069117944,2.098,2.279
12072041,0.007986,0.005266270540871121,2.098,2.278
2206845,0.00799,0.0052683513168248425,2.097,2.278
540915,0.008004,0.005278408400601159,2.097,2.277
10302756,0.008008,0.005280835972547167,2.096,2.277
5050326,0.008022,0.005290546260331197,2.096,2.276
1386189,0.008027,0.005293551825597683,2.095,2.276
14322369,0.008038,0.0053027419193932826,2.095,2.275
12618056,0.008045,0.005307828260613489,2.094,2.275
16588119,0.008055,0.005314995377787416,2.094,2.274
14539663,0.008064,0.005320197317671718,2.093,2.274
9937347,0.008073,0.00532724883618155,2.093,2.273
14289602,0.008082,0.005332970970054282,2.092,2.273
13596812,0.008092,0.005339502294575683,2.092,2.272
3599379,0.008101,0.005345282227780463,2.091,2.272
10909757,0.00811,0.005351813552301864,2.091,2.271
1146250,0.008119,0.005357709084170739,2.09,2.271
15240014,0.008128,0.005364182609360093,2.09,2.27
9434466,0.008138,0.0053714075258660685,2.089,2.27
13684787,0.008144,0.005376551666418322,2.089,2.269
6544616,0.008157,0.005385105967561397,2.088,2.269
12645,0.008162,0.005388920723476551,2.088,2.268
12414812,0.008176,0.005399498001241299,2.087,2.268
15423400,0.008178,0.005401347579866828,2.087,2.267
6445244,0.008195,0.005412965245608436,2.086,2.267
14052234,0.008196,0.005413774436257105,2.086,2.266
9945812,0.008213,0.005424640710682091,2.085,2.266
2113472,0.008216,0.005426259091979429,2.085,2.265
3329307,0.008232,0.005436027179095508,2.084,2.265
16066303,0.008235,0.005438801547033802,2.084,2.264
15518488,0.008251,0.005450245814779266,2.083,2.264
5657489,0.008253,0.005451344002088175,2.083,2.263
9504585,0.00827,0.00546169008252473,2.082,2.263
12770538,0.008273,0.005463886457142546,2.082,2.262
933154,0.008289,0.005475908718208489,2.081,2.262
12171029,0.008289,0.005476486711528967,2.081,2.261
15747745,0.008307,0.005489086965915387,2.081,2.26
2346496,0.008309,0.0054900695545602,2.08,2.26
14335662,0.008324,0.005501745019633855,2.08,2.259
6326105,0.008328,0.005503883594919623,2.079,2.259
12400998,0.008344,0.005514460872684371,2.079,2.258
5414849,0.008347,0.005515443461329183,2.078,2.258
16494058,0.008364,0.005527176725734887,2.078,2.257
5487108,0.008366,0.005528274913043795,2.077,2.257
13875425,0.008382,0.005539892578785403,2.077,2.256
5795298,0.008385,0.005542146752735267,2.076,2.256
10984012,0.008399,0.005552666231167966,2.076,2.255
3991057,0.008405,0.00555729017773179,2.075,2.255
16510120,0.008416,0.005565497682882578,2.075,2.254
6440937,0.008424,0.005571104218091214,2.074,2.254
7595294,0.008432,0.005578329134597189,2.074,2.253
8859154,0.008444,0.005586074245091594,2.073,2.253
11516614,0.008452,0.005591160586311801,2.073,2.252
14831763,0.008463,0.005599021295470301,2.072,2.252
386810,0.008469,0.005604049837358459,2.072,2.251
7523272,0.008483,0.005614106921134777,2.071,2.251
13119296,0.008486,0.005616996887737167,2.071,2.25
5621548,0.008502,0.00562740076750577,2.07,2.25
2613818,0.008505,0.005629943938115873,2.07,2.249
6911416,0.008522,0.005642023998513864,2.069,2.249
14332371,0.008523,0.005642890988494581,2.069,2.248
6167021,0.008541,0.005655838038873287,2.068,2.248
10140926,0.008541,0.005655895838205335,2.068,2.247
1187645,0.008559,0.005668958487248138,2.068,2.246
13724258,0.008561,0.005669652079232711,2.067,2.246
3905210,0.008579,0.005682021136290941,2.067,2.245
6264788,0.008581,0.0056834661195921355,2.066,2.245
2008765,0.008598,0.0056950837853337434,2.066,2.244
466645,0.008601,0.00569647096930289,2.065,2.244
16832424,0.008617,0.005708262033040641,2.065,2.243
8107881,0.00862,0.005709822615005932,2.064,2.243
6415191,0.008636,0.005721382481415491,2.064,2.242
2726399,0.00864,0.005723867852693547,2.063,2.242
4613329,0.008655,0.00573456072912239,2.063,2.241
12957990,0.00866,0.0057379130903811625,2.062,2.241
8076504,0.008673,0.005747796776161336,2.062,2.24
16150518,0.00868,0.005751669331408539,2.061,2.24
4872959,0.008696,0.005761032823200282,2.061,2.239
4894580,0.0087,0.005763113599154003,2.06,2.239
15936105,0.008716,0.005774326669571276,2.06,2.238
12948861,0.00872,0.005776869840181379,2.059,2.238
17028394,0.008736,0.005787620515942269,2.059,2.237
10901620,0.00874,0.005790741679872851,2.058,2.237
940250,0.008755,0.0058009721616453114,2.058,2.236
2021815,0.00876,0.0058036887302515576,2.057,2.236
12769804,0.008776,0.005814381606680401,2.057,2.235
3111284,0.008781,0.005817502770610982,2.056,2.235
1222659,0.008797,0.00582779105171549,2.056,2.234
4103415,0.008801,0.005830276422993545,2.055,2.234
2371629,0.008817,0.005841200496750579,2.055,2.233
10407917,0.008821,0.0058440326640209215,2.054,2.233
14942014,0.008834,0.005854667741117717,2.054,2.232
6779415,0.008841,0.005859060490353349,2.053,2.232
2473015,0.008855,0.005868134985484854,2.053,2.231
17276054,0.008862,0.005873047928708916,2.052,2.231
3586120,0.008873,0.005881717828516086,2.052,2.23
10389104,0.008882,0.0058868619690683405,2.051,2.23
10509741,0.008894,0.0058952428722152716,2.051,2.229
7114564,0.008903,0.005902294390725103,2.05,2.229
9412850,0.00891,0.005908825715246505,2.05,2.228
6303749,0.008923,0.005917784611713914,2.049,2.228
9385590,0.00893,0.005922466357609785,2.049,2.227
3568628,0.008944,0.00593362162869501,2.048,2.227
9949387,0.008948,0.005936106999973065,2.048,2.226
2813845,0.008964,0.005948013662374912,2.047,2.226
12955894,0.008967,0.0059498054416683935,2.047,2.225
17031620,0.008985,0.005962694692715053,2.046,2.225
13884056,0.008986,0.005963503883363723,2.046,2.224
8911824,0.009004,0.005977260124391099,2.046,2.223
15978090,0.009006,0.005978069315039768,2.045,2.223
4372427,0.009022,0.005991016365418475,2.045,2.222
3894133,0.009027,0.005993848532688817,2.044,2.222
5429286,0.009044,0.006004830405777898,2.044,2.221
8609306,0.009047,0.006006217589747046,2.043,2.221
5055956,0.009066,0.00601870224546937,2.043,2.22
9363455,0.009068,0.006019627034782135,2.042,2.22
9296730,0.009088,0.0060325740851608425,2.042,2.219
9559256,0.009089,0.006033267677145415,2.041,2.219
756332,0.009107,0.006046445924852314,2.041,2.218
9333810,0.00911,0.006048179904813748,2.04,2.218
14007456,0.009128,0.006060433363207882,2.04,2.217
8924018,0.009131,0.006061936145841124,2.039,2.217
4563728,0.00915,0.006074363002231401,2.039,2.216
14854008,0.009152,0.006075114393548023,2.038,2.216
1128216,0.009171,0.006088408239919016,2.038,2.215
14316618,0.009173,0.006089217430567686,2.037,2.215
14971470,0.00919,0.006102395678274583,2.037,2.214
10407888,0.009194,0.0061043608555642085,2.036,2.214
8518524,0.009211,0.006116498715294246,2.036,2.213
8551050,0.009216,0.006119851076553019,2.035,2.213
14244523,0.00923,0.006130601752313909,2.035,2.212
13379684,0.009237,0.006134300909564969,2.034,2.212
5772725,0.009252,0.006144704789333572,2.034,2.211
1712548,0.009258,0.006148635143912823,2.033,2.211
13591325,0.009273,0.0061588656256852834,2.033,2.21
9911485,0.009279,0.00616343177291706,2.032,2.21
7787318,0.009293,0.0061730842613690416,2.032,2.209
13485458,0.009301,0.006178055003925153,2.031,2.209
7836384,0.009313,0.0061873028970528005,2.031,2.208
2940102,0.009322,0.006192967231593485,2.03,2.208
13086643,0.009334,0.006201579332068607,2.03,2.207
6856672,0.009344,0.0062071858672772436,2.029,2.207
16892236,0.009356,0.0062158557670844135,2.029,2.206
15782872,0.009365,0.006220999907636668,2.028,2.206
11173259,0.009379,0.0062301900014322675,2.028,2.205
14812091,0.009387,0.006233946958015374,2.027,2.205
9646822,0.009401,0.0062445820351121695,2.027,2.204
9194943,0.009409,0.006250015172324663,2.026,2.204
11876571,0.009423,0.0062589740687920715,2.026,2.203
6954472,0.00943,0.006263251219363609,2.025,2.203
8643059,0.009447,0.0062733661024719735,2.025,2.202
13579655,0.009452,0.00627660286506665,2.024,2.202
8618719,0.009466,0.006287873734815971,2.024,2.201
14715528,0.009474,0.006292439882047747,2.023,2.201
12379329,0.009487,0.00630232356782792,2.023,2.2
17023760,0.009496,0.006307698905708366,2.022,2.2
14332456,0.009508,0.006316888999503966,2.022,2.199
8390522,0.009517,0.00632203314005622,2.021,2.199
4808801,0.009532,0.006331454431180011,2.021,2.198
9804706,0.009539,0.006335615983087453,2.02,2.198
13962871,0.009553,0.006346019862856057,2.02,2.197
8029068,0.009561,0.006351857595392885,2.019,2.197
4666423,0.009574,0.00636064309386415,2.019,2.196
11170003,0.009583,0.006366134030408691,2.018,2.196
8382005,0.009596,0.006375324124204291,2.018,2.195
16702942,0.009606,0.006382491241378218,2.017,2.195
11899695,0.009616,0.006390005154544432,2.017,2.194
1225642,0.009628,0.006398154860363172,2.016,2.194
2286403,0.009637,0.006404743984216621,2.016,2.193
5148208,0.00965,0.006412142298718739,2.015,2.193
15320507,0.009661,0.0064194828138888094,2.015,2.192
2989692,0.009672,0.006426996727055024,2.014,2.192
15817479,0.009682,0.006434337242225094,2.014,2.191
3734617,0.009694,0.006443469536688646,2.013,2.191
11724602,0.009701,0.00644913387122933,2.013,2.19
2734536,0.009717,0.006460809336302986,2.012,2.19
15757301,0.009722,0.006463988299565615,2.012,2.189
12244541,0.009739,0.006475316968646984,2.011,2.189
2602099,0.009744,0.006478900527233947,2.011,2.188
4493659,0.009762,0.006491789778280606,2.01,2.188
14116002,0.009765,0.006493870554234327,2.01,2.187
2786046,0.009784,0.006506008413964365,2.009,2.187
3040804,0.009788,0.006508840581234707,2.009,2.186
5984864,0.009807,0.0065224234242659395,2.008,2.186
6524209,0.009809,0.006523810608235087,2.008,2.185
11219934,0.009829,0.006535832869301029,2.007,2.185
7117260,0.009832,0.006538838434567515,2.007,2.184
16270497,0.009852,0.006553057070251274,2.006,2.184
10496547,0.009853,0.0065539240602319904,2.006,2.183
10590465,0.009875,0.00656837389324394,2.005,2.183
1086676,0.009875,0.006569067485228514,2.005,2.182
13537555,0.009895,0.006584210910225037,2.005,2.181
15338353,0.009897,0.006585598094194184,2.004,2.181
1974993,0.009917,0.0065993543352215606,2.004,2.18
9698398,0.00992,0.006600972716518899,2.003,2.18
13916712,0.009937,0.006614555559550131,2.003,2.179
15690589,0.009943,0.006617329927488426,2.002,2.179
1346252,0.00996,0.006629814583210751,2.002,2.178
14030620,0.009966,0.006633629339125906,2.001,2.178
7971315,0.00998,0.0066451314062034176,2.001,2.177
7192393,0.009989,0.006650737941412054,2.0,2.177
10783835,0.010003,0.006660448229196084,2.0,2.176
14852148,0.010012,0.0066684245370186804,1.999,2.176
2299460,0.010022,0.006675765052188751,1.999,2.175
1983365,0.010035,0.006684781747988208,1.998,2.175
2322784,0.010045,0.0066911396745134655,1.998,2.174
12063386,0.010058,0.006700329768309065,1.997,2.174
8851225,0.010067,0.006706572096170228,1.997,2.173
2753231,0.010081,0.006716397982618354,1.996,2.173
4509355,0.010089,0.006722062317159038,1.996,2.172
7498079,0.010105,0.006733159788912216,1.995,2.172
6213376,0.010112,0.006737552538147848,1.995,2.171
8181215,0.010128,0.006747783019920309,1.994,2.171
11663520,0.010134,0.006753100558468706,1.994,2.17
813076,0.010151,0.006764949421538505,1.993,2.17
13163720,0.010155,0.006768648578789564,1.993,2.169
10613570,0.010175,0.006781942425160558,1.992,2.169
766950,0.010177,0.00678425439844247,1.992,2.168
305881,0.010198,0.006798357435462133,1.991,2.168
6943632,0.010199,0.0067999180174274235,1.991,2.167
9142965,0.010221,0.006815581636412377,1.991,2.166
13352550,0.010222,0.006816101830400807,1.99,2.166
4570642,0.010243,0.0068313030547293785,1.99,2.165
12114014,0.010245,0.006832227844042143,1.989,2.165
16646433,0.010266,0.00684702447304638,1.989,2.164
1548830,0.010269,0.006848931851003957,1.988,2.164
12280859,0.010289,0.006862803690695429,1.988,2.163
13430838,0.010293,0.0068659826539580575,1.987,2.163
16098544,0.010311,0.006878640707676526,1.987,2.162
14215927,0.010316,0.006881299476950724,1.986,2.162
16939119,0.010333,0.0068944777246576225,1.986,2.161
1865679,0.01034,0.006899390667881686,1.985,2.161
9023680,0.010356,0.006910372540970768,1.985,2.16
4074579,0.010364,0.006915169885530735,1.984,2.16
2206850,0.010381,0.00692632515661596,1.984,2.159
2104763,0.010388,0.006931122501175928,1.983,2.159
16701560,0.010403,0.006942277772261153,1.983,2.158
10744318,0.010412,0.006948520100122315,1.982,2.158
6576491,0.010425,0.006958288187238393,1.982,2.157
8183643,0.010436,0.006964703913095699,1.981,2.157
5018445,0.010448,0.0069742986022156336,1.981,2.156
12384602,0.01046,0.006982332709370278,1.98,2.156
6023206,0.01047,0.006990424615856969,1.98,2.155
9543398,0.010484,0.007002389077590864,1.979,2.155
8559552,0.010489,0.007006492830166257,1.979,2.154
12993648,0.010508,0.007020133472529538,1.978,2.154
3680336,0.010512,0.007022676643139642,1.978,2.153
16041066,0.010532,0.0070373576734797825,1.977,2.153
14386425,0.010534,0.007038860456113025,1.977,2.152
1087571,0.010556,0.007055102068418456,1.977,2.151
325785,0.010557,0.007055622262406887,1.976,2.151
14270741,0.01058,0.007071343680723888,1.976,2.15
13225880,0.010581,0.007071401480055936,1.975,2.15
11610478,0.010604,0.007087643092361367,1.975,2.149
6821832,0.010605,0.007087758691025463,1.974,2.149
13682213,0.010628,0.007104000303330894,1.974,2.148
5041158,0.01063,0.007105503085964138,1.973,2.148
10962987,0.010651,0.007120357514300422,1.973,2.147
8181632,0.010654,0.007122438290254143,1.972,2.147
4907681,0.010674,0.007136772524601997,1.972,2.146
9215870,0.010679,0.007140124885860769,1.971,2.146
12524069,0.010697,0.007153245334235619,1.971,2.145
10795210,0.010703,0.0071578114814673955,1.97,2.145
12348932,0.010719,0.007169718143869242,1.97,2.144
14027245,0.010728,0.007176307267722691,1.969,2.144
12441930,0.010741,0.007186248752834913,1.969,2.143
7806374,0.010753,0.007193878264665222,1.968,2.143
6668170,0.010766,0.007202779361800584,1.968,2.142
3940173,0.010778,0.007210062077638606,1.967,2.142
5620016,0.010792,0.007219425569430349,1.967,2.141
9744825,0.010802,0.007225205502635129,1.966,2.141
3433554,0.010817,0.007236071777060115,1.966,2.14
6924199,0.010827,0.007242371904253326,1.965,2.14
15429138,0.010842,0.007252717984689881,1.965,2.139
3223459,0.010852,0.007260463095184287,1.964,2.139
8648274,0.010865,0.0072694797909837435,1.964,2.138
9843945,0.010877,0.00727745609880634,1.963,2.138
1645320,0.01089,0.007286183797945558,1.963,2.137
2795523,0.010902,0.0072952004937450144,1.962,2.137
15079739,0.010913,0.007303003403571467,1.962,2.136
7116124,0.010927,0.00731288708935164,1.961,2.136
7647010,0.010936,0.007319823009197377,1.961,2.135
6330491,0.010953,0.00733207646759151,1.96,2.135
13601887,0.010959,0.007336700414155334,1.96,2.134
10697870,0.010978,0.0073495318658699455,1.959,2.134
144185,0.010984,0.007353635618445339,1.959,2.133
8051144,0.011003,0.007367276260808619,1.958,2.133
7889134,0.011006,0.007370570822735344,1.958,2.132
2267537,0.011029,0.00738617664238825,1.957,2.132
12704823,0.01103,0.007387563826357397,1.957,2.131
6668194,0.011053,0.007404614629311498,1.957,2.13
10456137,0.011054,0.007404845826639689,1.956,2.13
14437415,0.011075,0.007421665432265598,1.956,2.129
14981555,0.011079,0.0074241508035436535,1.955,2.129
7750031,0.011099,0.007438774034551747,1.955,2.128
9200966,0.011105,0.007443744777107858,1.954,2.128
2602352,0.01112,0.007455940436169943,1.954,2.127
9131753,0.011131,0.00746443693798097,1.953,2.127
6977952,0.01114,0.007473106837788139,1.953,2.126
5484758,0.011156,0.00748518689818613,1.952,2.126
15403856,0.011163,0.007490331038738384,1.952,2.125
5668344,0.011182,0.0075042028784298555,1.951,2.125
7373187,0.011187,0.007507613039020676,1.951,2.124
4907699,0.011208,0.007521658276708291,1.95,2.124
773201,0.011212,0.007524895039302968,1.95,2.123
13518209,0.011234,0.0075413100496045425,1.949,2.123
3206570,0.011235,0.007542234838917307,1.949,2.122
8522173,0.011259,0.007559632437863695,1.949,2.121
3434435,0.01126,0.007559748036527791,1.948,2.121
13862615,0.011283,0.00757708783614213,1.948,2.12
16623425,0.011285,0.0075785328194433255,1.947,2.12
11610642,0.011306,0.007594543234420566,1.947,2.119
10106295,0.011311,0.007597606599019099,1.946,2.119
13602855,0.011328,0.007612056432031049,1.946,2.118
7994514,0.011338,0.007617951963899925,1.945,2.118
5646105,0.011353,0.007629569629641532,1.945,2.117
12128671,0.011364,0.007637488138132081,1.944,2.117
10605570,0.011377,0.0076471984259161106,1.944,2.116
16763358,0.01139,0.007657024312364236,1.943,2.116
6481174,0.011401,0.007664827222190689,1.943,2.115
12946175,0.011416,0.007674942105299054,1.942,2.115
4766224,0.011427,0.007682456018465268,1.942,2.114
8122422,0.011442,0.007692628700905681,1.941,2.114
980688,0.011452,0.007700200413403943,1.941,2.113
10835022,0.011469,0.007711933677809646,1.94,2.113
9554803,0.011477,0.007717944808342617,1.94,2.112
11371286,0.011495,0.007730082668072655,1.939,2.112
3109933,0.011504,0.007735747002613339,1.939,2.111
13318042,0.011522,0.0077475958656831375,1.938,2.111
10933853,0.011529,0.007753549196884061,1.938,2.11
16275551,0.011548,0.007766958641919151,1.937,2.11
12286071,0.011554,0.007771466989818879,1.937,2.109
14954067,0.011575,0.007788286595444788,1.936,2.109
3442160,0.011576,0.007789384782753697,1.936,2.108
1998034,0.011602,0.007806724582368037,1.935,2.108
7436428,0.011602,0.0078073025756885146,1.935,2.107
3832002,0.011628,0.007824584575970807,1.934,2.107
4576113,0.011629,0.007825335967287428,1.934,2.106
9209303,0.011652,0.00784336935888634,1.934,2.105
15620057,0.011655,0.007845912529496445,1.933,2.105
16084393,0.011677,0.007861402750485254,1.933,2.104
12389170,0.011682,0.007864523914415835,1.932,2.104
14518951,0.011701,0.007879551740748263,1.932,2.103
5192859,0.011709,0.0078851582759569,1.931,2.103
12714801,0.011725,0.007897700731011273,1.931,2.102
4106371,0.011736,0.007904636650857009,1.93,2.102
13712213,0.011752,0.007915907520606329,1.93,2.101
13188166,0.011763,0.007922265447131586,1.929,2.101
166793,0.011779,0.007934172109533434,1.929,2.1
3938175,0.01179,0.007941917220027838,1.928,2.1
10790697,0.011805,0.007952436698460538,1.928,2.099
14330010,0.011817,0.007960124009622895,1.927,2.099
8619239,0.011832,0.007970816886051738,1.927,2.098
2627965,0.011845,0.007980064779179386,1.926,2.098
14465745,0.011859,0.007989197073642939,1.926,2.097
1662508,0.011872,0.007997462378125774,1.925,2.097
13885169,0.011887,0.008007577261234139,1.925,2.096
9902941,0.011899,0.00801595816438107,1.924,2.096
13131752,0.011912,0.008026073047489434,1.924,2.095
4222530,0.011927,0.008037575114566946,1.923,2.095
13420003,0.011936,0.00804456883374473,1.923,2.094
4269965,0.011954,0.00805612870015429,1.922,2.094
8557154,0.011963,0.008063064620000025,1.922,2.093
12261213,0.011982,0.008078497041656788,1.921,2.093
4371394,0.011986,0.008081676004919417,1.921,2.092
15235762,0.012009,0.008098842406537613,1.92,2.092
14357139,0.012011,0.008100287389838808,1.92,2.091
210179,0.012037,0.00811808958410953,1.919,2.091
4822288,0.012038,0.008118956574090248,1.919,2.09
2901192,0.012065,0.008137047765021208,1.918,2.09
3471239,0.012065,0.008137683557673733,1.918,2.089
3957430,0.012093,0.008155774748604695,1.917,2.089
16451727,0.012094,0.008156468340589269,1.917,2.088
16867181,0.01212,0.008173923738867704,1.916,2.088
16238579,0.012122,0.008175253123504804,1.916,2.087
13653616,0.012148,0.008192477324455048,1.915,2.087
1611527,0.01215,0.008194095705752386,1.915,2.086
7815968,0.012176,0.008211840100691061,1.914,2.086
16825967,0.012177,0.008212996087332017,1.914,2.085
13992383,0.012203,0.008231954268243694,1.914,2.084
17165036,0.012204,0.008232647860228268,1.913,2.084
9894411,0.012229,0.008250912449155372,1.913,2.083
15458854,0.012233,0.008253166623105237,1.912,2.083
6071463,0.012255,0.008269928429399099,1.912,2.082
9852082,0.012261,0.008273222991325824,1.911,2.082
1256158,0.012284,0.008289002208974872,1.911,2.081
9157046,0.012289,0.008291776576913167,1.91,2.081
3983045,0.012311,0.008308075988550646,1.91,2.08
546910,0.012317,0.00831217974112604,1.909,2.08
9996132,0.012339,0.008327265366790515,1.909,2.079
1713508,0.012346,0.008330964524041574,1.908,2.079
9342876,0.012368,0.008346454745030384,1.908,2.078
12289159,0.012374,0.008350674096269875,1.907,2.078
9121239,0.012398,0.008365701922602302,1.907,2.077
15412539,0.012403,0.00836888088586493,1.906,2.077
4154145,0.012426,0.008384949100174219,1.906,2.076
1868151,0.012431,0.008388185862768896,1.905,2.076
9839873,0.012453,0.008404311876410232,1.905,2.075
14980622,0.01246,0.008409282618966342,1.904,2.075
8748197,0.012482,0.008423674652646243,1.904,2.074
5128009,0.012489,0.008427894003885734,1.903,2.074
6503087,0.012511,0.008443095228214305,1.903,2.073
3317009,0.012517,0.008446274191476933,1.902,2.073
446492,0.012538,0.008462573603114414,1.902,2.072
7813937,0.012546,0.008468064539658954,1.901,2.072
4893038,0.012564,0.008482051978014521,1.901,2.071
12063715,0.012575,0.008488409904539779,1.9,2.071
11975625,0.012591,0.008501588152246678,1.9,2.07
7141262,0.012604,0.00850939106207313,1.899,2.07
2737296,0.012619,0.00852123992514293,1.899,2.069
6847745,0.012633,0.008530776814930816,1.898,2.069
10176254,0.012647,0.008540833898707132,1.898,2.068
873763,0.012662,0.008550833183151403,1.897,2.068
10794406,0.012675,0.008560543470935433,1.897,2.067
10983199,0.012692,0.008573374922650043,1.896,2.067
15776155,0.012702,0.008580253043163732,1.896,2.066
11159086,0.012721,0.008593084494878344,1.895,2.066
948273,0.012732,0.008600078214056128,1.895,2.065
175790,0.01275,0.008615106040388554,1.894,2.065
16662357,0.012756,0.008619903384948523,1.894,2.064
11920464,0.01278,0.008636433993914193,1.893,2.064
7876944,0.012784,0.008639728555840918,1.893,2.063
11219979,0.012809,0.008657704148107783,1.892,2.063
1351127,0.012811,0.008659669325397409,1.892,2.062
11761269,0.012837,0.008679610094953898,1.892,2.061
10983353,0.012839,0.008680303686938472,1.891,2.061
1359763,0.012864,0.008699666463174485,1.891,2.06
15529241,0.012868,0.008703307821093496,1.89,2.06
2969179,0.012891,0.008719722831395072,1.89,2.059
4442157,0.012898,0.0087242311792948,1.889,2.059
14358185,0.012918,0.008739779199615657,1.889,2.058
12128303,0.012928,0.008747524310110062,1.888,2.058
7043302,0.012946,0.00875995116650034,1.888,2.057
3027414,0.012957,0.008767176083006315,1.887,2.057
10795266,0.012973,0.00878012313338502,1.887,2.056
7562971,0.012987,0.00879041141448953,1.886,2.056
15698211,0.013001,0.008800352899601752,1.886,2.055
7368401,0.013017,0.008812375160667693,1.885,2.055
14356929,0.013025,0.008820640465150529,1.885,2.054
15602844,0.013047,0.008836535281463673,1.884,2.054
2796884,0.013052,0.008840985830031354,1.884,2.053
4343992,0.013077,0.008859192619626411,1.883,2.053
11658352,0.01308,0.008861388994244226,1.883,2.052
10101569,0.013107,0.008881618760460957,1.882,2.052
266871,0.013107,0.0088817921584571,1.882,2.051
6378900,0.013133,0.008902310921334068,1.882,2.05
905610,0.013138,0.008905605483260793,1.881,2.05
2666015,0.013159,0.008922829684211037,1.881,2.049
7646663,0.013168,0.008927395831442813,1.88,2.049
16335830,0.013189,0.008943348447088006,1.88,2.048
10162523,0.013198,0.0089487815843005,1.879,2.048
1683553,0.01322,0.00896398280862907,1.879,2.047
6828576,0.013229,0.008969647143169755,1.878,2.047
15788175,0.01325,0.008984674969502183,1.878,2.046
13648800,0.013259,0.008991437491351775,1.877,2.046
11757927,0.013275,0.009005367130375294,1.877,2.045
15301630,0.01329,0.00901623340480028,1.876,2.045
7561774,0.013303,0.009026117090580455,1.876,2.044
1744318,0.01332,0.009038890742963018,1.875,2.044
5942656,0.013331,0.009046924850117662,1.875,2.043
1858571,0.013351,0.009059756301832273,1.874,2.043
2341153,0.013363,0.009067790408986918,1.874,2.042
17200070,0.013382,0.009081257653354055,1.873,2.042
853829,0.01339,0.009088713767188221,1.873,2.041
2925183,0.013413,0.009105995767470513,1.872,2.041
5931204,0.013418,0.009109637125389524,1.872,2.04
4030368,0.013444,0.009128248510308915,1.871,2.04
9660961,0.013447,0.009130618282922874,1.871,2.039
2306346,0.013475,0.009150790249807557,1.87,2.039
10351990,0.013476,0.009151715039120321,1.87,2.038
4332821,0.013505,0.00917281179531777,1.87,2.037
12237561,0.013506,0.0091733319893062,1.869,2.037
9592000,0.013533,0.009193908551515216,1.869,2.036
7915184,0.013537,0.00919616272546508,1.868,2.036
2191672,0.013565,0.009215120906376757,1.868,2.035
1757965,0.013568,0.009217548478322766,1.867,2.035
10939525,0.013595,0.009236391060570347,1.867,2.034
4808696,0.013599,0.009238356237859973,1.866,2.034
11853242,0.013624,0.009257661214763938,1.866,2.033
9770054,0.013631,0.009263036552644382,1.865,2.033
2778511,0.01365,0.009278989168289576,1.865,2.032
14339010,0.013662,0.009286965476112172,1.864,2.032
12062649,0.013683,0.009300374921147261,1.864,2.031
3557841,0.013694,0.009309218218950574,1.863,2.031
2367633,0.013711,0.009321818473336995,1.863,2.03
5889007,0.013725,0.009330199376483926,1.862,2.03
1450591,0.013744,0.009343319824858776,1.862,2.029
10499048,0.013757,0.00935239431999028,1.861,2.029
773899,0.013776,0.009364878975712605,1.861,2.028
10101807,0.013788,0.009372219490882676,1.86,2.028
15858088,0.013808,0.009386438126566435,1.86,2.027
9836278,0.01382,0.009395050227041556,1.859,2.027
11111729,0.013834,0.00940811287608436,1.859,2.026
8974994,0.013852,0.009420770929802827,1.858,2.026
4400119,0.013866,0.009429787625602284,1.858,2.025
13128856,0.013884,0.009442850274645085,1.857,2.025
8328916,0.013897,0.009451520174452256,1.857,2.024
15661609,0.013916,0.009463542435518198,1.856,2.024
10608932,0.013929,0.009473310522634277,1.856,2.023
16734686,0.013948,0.009485506181696362,1.855,2.023
14730256,0.01396,0.009495158670148345,1.855,2.022
5382909,0.01398,0.009510475493141012,1.854,2.022
16266791,0.013988,0.009517006817662413,1.854,2.021
3532325,0.014012,0.00953336402863194,1.853,2.021
3722728,0.01402,0.009538970563840576,1.853,2.02
9449827,0.014045,0.009557177353435633,1.852,2.02
15425122,0.01405,0.00956093431001874,1.852,2.019
5102480,0.014077,0.009581337474231613,1.851,2.019
10232043,0.014079,0.009583013654860998,1.851,2.018
11645113,0.014109,0.009605092999703259,1.851,2.017
5485459,0.01411,0.009605497595027592,1.85,2.017
10259332,0.014139,0.009627230143877565,1.85,2.016
6578273,0.014142,0.009629253120499238,1.849,2.016
3749705,0.014166,0.009649425087383921,1.849,2.015
2031837,0.014175,0.009655667415245083,1.848,2.015
6378323,0.014196,0.009671677830222323,1.848,2.014
10667638,0.014207,0.009679538539380823,1.847,2.014
622437,0.014225,0.009693988372392773,1.847,2.013
7775877,0.01424,0.00970485464681776,1.846,2.013
4907423,0.014255,0.009716298914563224,1.846,2.012
3889817,0.014273,0.009729130366277835,1.845,2.012
15285253,0.014286,0.00973872505539777,1.845,2.011
7256081,0.014306,0.009753174888409719,1.844,2.011
14356899,0.014316,0.009761151196232316,1.844,2.01
16553058,0.014339,0.009778548795178704,1.843,2.01
4628794,0.014347,0.00978363513639891,1.843,2.009
16164300,0.014372,0.009802651116642636,1.842,2.009
5932031,0.014375,0.009806234675229598,1.842,2.008
14950536,0.014405,0.009827620428087285,1.841,2.008
717847,0.014407,0.009828834214060288,1.841,2.007
1492204,0.014438,0.00985108695689869,1.84,2.007
10196384,0.014438,0.009851491552223026,1.84,2.006
4295682,0.014468,0.00987420668971781,1.84,2.005
16660351,0.014472,0.00987657646233177,1.839,2.005
5842977,0.0145,0.009896921827212597,1.839,2.004
6413812,0.014505,0.009900852181791847,1.838,2.004
11407692,0.01453,0.009919752563371477,1.838,2.003
10497162,0.014538,0.009925994891232639,1.837,2.003
12011504,0.014559,0.009942641098862405,1.837,2.002
13212938,0.014572,0.009950964202677288,1.836,2.002
2560458,0.01459,0.009965529634353333,1.836,2.001
11333869,0.014605,0.009976338109446273,1.835,2.001
14538294,0.014621,0.009988533768508358,1.835,2.0
697993,0.014639,0.010000324832246109,1.834,2.0
8514501,0.014653,0.010011537902663382,1.834,1.999
10140163,0.014673,0.010025294143690758,1.833,1.999
620330,0.014686,0.010034599836150453,1.833,1.998
5870195,0.014707,0.010048124879849638,1.832,1.998
3885477,0.014719,0.01005777736830162,1.832,1.997
1103768,0.014741,0.0100740767799391,1.831,1.997
10740988,0.014749,0.010080954900452788,1.831,1.996
10612041,0.014775,0.010098699295391462,1.83,1.996
12995366,0.014782,0.010104190231936004,1.83,1.995
4902589,0.014809,0.010123321810843825,1.829,1.995
344556,0.014814,0.010127483362751266,1.829,1.994
3466593,0.014843,0.01014915811226919,1.828,1.994
11333801,0.014844,0.010150834292898578,1.828,1.993
5015229,0.014876,0.010174243022377936,1.828,1.992
10901236,0.014877,0.010174358621042032,1.827,1.992
8085316,0.014907,0.010197651751857295,1.827,1.991
7717573,0.014911,0.010201061912448114,1.826,1.991
686974,0.014935,0.01022117608000075,1.826,1.99
4330858,0.014946,0.010228978989827203,1.825,1.99
2639413,0.014965,0.010244758207476251,1.825,1.989
13307186,0.01498,0.010256549271214003,1.824,1.989
2850600,0.014996,0.010268340334951753,1.824,1.988
3672746,0.015015,0.010282790167963704,1.823,1.988
8952687,0.015028,0.01029203806109135,1.823,1.987
14726807,0.015049,0.01030596770011487,1.822,1.987
17098458,0.015062,0.010315735787230948,1.822,1.986
1409320,0.015084,0.01033249759352481,1.821,1.986
6119747,0.015094,0.010339549112034642,1.821,1.985
17158470,0.015119,0.010358680690942463,1.82,1.985
4131087,0.015125,0.010363362436838336,1.82,1.984
942266,0.015154,0.010386019775001072,1.819,1.984
3714492,0.015155,0.010387291360306123,1.819,1.983
14574816,0.015187,0.010411220283773913,1.819,1.982
14875456,0.015188,0.010411624879098247,1.818,1.982
13667347,0.015221,0.010435207006573749,1.818,1.981
1641603,0.015223,0.010436998785867232,1.817,1.981
4187084,0.015258,0.010459251528705634,1.817,1.98
9907199,0.015259,0.010459829522026112,1.816,1.98
4069218,0.015293,0.010483353850169566,1.816,1.979
3983210,0.015294,0.010483989642822092,1.815,1.979
10638715,0.015325,0.010507571770297593,1.815,1.978
4449162,0.015329,0.010509652546251315,1.814,1.978
12193975,0.015361,0.010531789690425621,1.814,1.977
12128151,0.015364,0.010533292473058864,1.813,1.977
6436962,0.015395,0.010556065409885696,1.813,1.976
2333312,0.0154,0.010559880165800851,1.812,1.976
2209949,0.015427,0.01058039892867782,1.812,1.975
7709724,0.015435,0.01058542747056598,1.811,1.975
2277402,0.015459,0.010604790246801991,1.811,1.974
12245676,0.015471,0.010612535357296397,1.81,1.974
9972655,0.015496,0.01062923936425821,1.81,1.973
364107,0.015507,0.010636175284103946,1.809,1.973
9638747,0.015532,0.010653746281046478,1.809,1.972
6142195,0.015542,0.010661491391540883,1.808,1.972
4013981,0.015561,0.010678253197834744,1.808,1.971
5392795,0.015578,0.010689755264912256,1.807,1.971
1589980,0.015596,0.010702875713287107,1.807,1.97
3957920,0.015614,0.010714782375688953,1.806,1.97
11101129,0.015633,0.010727556028071517,1.806,1.969
842335,0.01565,0.010739982884461794,1.805,1.969
8732285,0.015667,0.010752294142187976,1.805,1.968
14602997,0.015686,0.010766281580543543,1.804,1.968
7769664,0.0157,0.010777090055636481,1.804,1.967
7423963,0.015722,0.010793851861930343,1.803,1.967
1483298,0.015732,0.010801943768417034,1.803,1.966
10176986,0.015758,0.010820901949328712,1.802,1.966
6973664,0.015765,0.010826797481197588,1.802,1.965
3491780,0.015795,0.010848934625371896,1.801,1.965
15028404,0.015799,0.010851766792642237,1.801,1.964
13604504,0.015831,0.010874770926797261,1.8,1.964
615662,0.015833,0.010876793903418934,1.8,1.963
3030963,0.015868,0.010900087034234198,1.799,1.963
6882199,0.01587,0.01090187881352768,1.799,1.962
10521289,0.015902,0.010927021522968473,1.799,1.961
11231823,0.015904,0.010927772914285093,1.798,1.961
2957448,0.015934,0.010952222031741312,1.798,1.96
14249262,0.015941,0.010957192774297422,1.797,1.96
12714192,0.015967,0.010977422540514153,1.797,1.959
3833125,0.015978,0.010984763055684223,1.796,1.959
4385449,0.016002,0.011002738647951088,1.796,1.958
9333704,0.016015,0.011011235149762115,1.795,1.958
2973266,0.016038,0.011028112554720073,1.795,1.957
5635306,0.016051,0.011034701678573521,1.794,1.957
12108365,0.016075,0.011053544260821105,1.794,1.956
5552711,0.016088,0.011062676555284657,1.793,1.956
17276053,0.016108,0.011079033766254184,1.793,1.955
11333663,0.016126,0.011091460622644461,1.792,1.955
14097183,0.016143,0.01110458107101931,1.792,1.954
13752602,0.016163,0.0111179905160544,1.791,1.954
12350358,0.016177,0.011130128375784438,1.791,1.953
12530221,0.0162,0.011146774583414204,1.79,1.953
2854975,0.016211,0.01115579127921366,1.79,1.952
15699859,0.016237,0.011174113667472813,1.789,1.952
5374178,0.016248,0.011181511981974932,1.789,1.951
2201799,0.016275,0.01119994996889818,1.788,1.951
14562814,0.016284,0.01120729048406825,1.788,1.95
16490895,0.016312,0.011228618437593887,1.787,1.95
6894138,0.016318,0.011233126785493616,1.787,1.949
4588314,0.01635,0.011255668524992258,1.786,1.949
13095071,0.016354,0.01125902088625103,1.786,1.948
12912472,0.016388,0.01128266081305858,1.785,1.948
11371500,0.016391,0.011284972786340492,1.785,1.947
1133816,0.016425,0.011307052131182752,1.784,1.947
13751983,0.016431,0.011310982485762,1.784,1.946
5626346,0.016463,0.011334217817245217,1.783,1.946
4767782,0.016466,0.01133704998451556,1.783,1.945
11014839,0.016501,0.011361325703975635,1.782,1.945
5229266,0.016503,0.011363233081933212,1.782,1.944
10764556,0.016539,0.01138745100206124,1.781,1.944
8296238,0.016541,0.011389416179350865,1.781,1.943
5344747,0.016577,0.011415599276768518,1.78,1.943
12462900,0.016577,0.011415657076100566,1.78,1.942
13400754,0.016613,0.011441955772182315,1.78,1.941
16174613,0.016615,0.011442996160159175,1.779,1.941
8133206,0.016649,0.011468370066928158,1.779,1.94
10153502,0.016654,0.011471953625515122,1.778,1.94
571581,0.016682,0.011494784361674002,1.778,1.939
2536465,0.016692,0.0115014312848595,1.777,1.939
10853799,0.016721,0.011521314255083943,1.777,1.938
112708,0.016731,0.011527325385616913,1.776,1.938
3944296,0.016759,0.011547844148493882,1.776,1.937
5222382,0.016769,0.011555184663663953,1.775,1.937
7115948,0.016795,0.011574489640567918,1.775,1.936
16602011,0.016808,0.011583448537035327,1.774,1.936
2704839,0.016831,0.011601135132641953,1.774,1.935
6924475,0.016847,0.011611770209738748,1.773,1.935
4400773,0.016868,0.011627896223380084,1.773,1.934
12621390,0.016885,0.011638704698473022,1.772,1.934
12956637,0.016905,0.011654715113450263,1.772,1.933
10857419,0.016924,0.01166737316716873,1.771,1.933
5017616,0.016947,0.01168159180285249,1.771,1.932
13500951,0.016963,0.011693209468594097,1.77,1.932
6144307,0.016983,0.011708468492254716,1.77,1.931
4830331,0.017002,0.01172384311457943,1.769,1.931
4033697,0.017015,0.011735460780321038,1.769,1.93
11244386,0.017042,0.011755054753885242,1.768,1.93
980755,0.017052,0.011762510867719409,1.768,1.929
6963517,0.017081,0.011782278239279756,1.767,1.929
10312296,0.017092,0.011789676553781873,1.767,1.928
8869384,0.01712,0.011810657711315224,1.766,1.928
12565296,0.017128,0.01181684223984434,1.766,1.927
6905446,0.01716,0.011840135370659602,1.765,1.927
1264161,0.017165,0.011844065725238852,1.765,1.926
12029317,0.017199,0.01186909283601555,1.764,1.926
14260573,0.017203,0.011871404809297461,1.764,1.925
15489905,0.017237,0.011898743893356071,1.764,1.924
3900116,0.017239,0.011900015478661123,1.763,1.924
2870444,0.017274,0.011926198576078776,1.763,1.923
3783441,0.017279,0.011928568348692735,1.762,1.923
2032020,0.017313,0.01195365325880148,1.762,1.922
17159770,0.017319,0.011958335004697352,1.761,1.922
2795326,0.017351,0.01198122354018828,1.761,1.921
10048122,0.017359,0.011986541078736678,1.76,1.921
11619676,0.017387,0.012008851620907129,1.76,1.92
2740715,0.017399,0.01201746372138225,1.759,1.92
8134246,0.017427,0.012036537500958023,1.759,1.919
11591355,0.017439,0.012043531220135807,1.758,1.919
13108499,0.017469,0.012064281180340967,1.758,1.918
9445073,0.017479,0.012071621695511039,1.757,1.918
1004240,0.017507,0.01209208265905596,1.757,1.917
3063649,0.017519,0.012101619548843846,1.756,1.917
6662815,0.017542,0.012119941937102998,1.756,1.916
1692973,0.01756,0.01213196419816894,1.755,1.916
11221803,0.017583,0.012147916813814132,1.755,1.915
4608112,0.0176,0.012160748265528744,1.754,1.915
2438293,0.01762,0.012175891690525268,1.754,1.914
16250662,0.017641,0.012191786506838413,1.753,1.914
12313471,0.017656,0.012203982165900499,1.753,1.913
11229798,0.017681,0.012222766948816032,1.752,1.913
15108128,0.017694,0.012232072641275729,1.752,1.912
12770811,0.017722,0.012251493216843788,1.751,1.912
13972264,0.017734,0.012260278715315055,1.751,1.911
3332143,0.017763,0.01228218466216117,1.75,1.911
9286053,0.017772,0.012288542588686427,1.75,1.91
5805977,0.017804,0.012310968729520973,1.749,1.91
972980,0.017814,0.01231686426138985,1.749,1.909
7987355,0.017845,0.01233813441558344,1.748,1.909
15329321,0.017856,0.012345301532757367,1.748,1.908
7692057,0.017886,0.012364953305653618,1.747,1.908
14222469,0.017897,0.012373738804124883,1.747,1.907
1929363,0.017927,0.012395471352974856,1.746,1.907
1664941,0.017935,0.012402291674156497,1.746,1.906
12730744,0.017969,0.012428070176249814,1.745,1.906
4585741,0.017972,0.01243084454418811,1.745,1.905
12103258,0.01801,0.01245922401622358,1.744,1.905
5471989,0.01801,0.012459513012883817,1.744,1.904
2148171,0.018049,0.012488239280911573,1.744,1.903
1119740,0.018051,0.012489510866216625,1.743,1.903
2695307,0.018089,0.012517023348271377,1.743,1.902
10337909,0.018093,0.012519682117545576,1.742,1.902
8726745,0.018128,0.01254586521496323,1.742,1.901
4492072,0.018135,0.012550142365534768,1.741,1.901
14113872,0.01817,0.012574822680319177,1.741,1.9
6819287,0.018177,0.012578868633562524,1.74,1.9
3495324,0.018209,0.012603780145675125,1.74,1.899
14832751,0.018218,0.012610542667524717,1.739,1.899
8359256,0.018249,0.012632853209695167,1.739,1.898
3681498,0.01826,0.012640424922193428,1.738,1.898
1538879,0.018291,0.012661984073047259,1.738,1.897
10513779,0.018303,0.012670018180201902,1.737,1.897
2076041,0.018331,0.012691172735731397,1.737,1.896
10848996,0.018345,0.012701461016835905,1.736,1.896
924973,0.018372,0.012720419197747582,1.736,1.895
12311099,0.018387,0.012731574468832808,1.735,1.895
15782715,0.018412,0.012749723459095818,1.735,1.894
14891985,0.018429,0.012761861318825856,1.734,1.894
10059487,0.018454,0.012779143319108148,1.734,1.893
1103824,0.018472,0.012792148168818901,1.733,1.893
5186957,0.018494,0.012808563179120477,1.733,1.892
16083404,0.018514,0.012821394630835089,1.732,1.892
7745436,0.018538,0.012838098637796903,1.732,1.891
8361188,0.018557,0.012851508082831992,1.731,1.891
14738237,0.01858,0.012867691895805375,1.731,1.89
14947054,0.0186,0.012880985742176368,1.73,1.89
9488538,0.018622,0.012897342953145896,1.73,1.889
3440044,0.018643,0.012912833174134707,1.729,1.889
4608462,0.018663,0.012927109609150512,1.729,1.888
14869349,0.018686,0.012944218211436662,1.728,1.888
4908112,0.018703,0.01295687626515513,1.728,1.887
2251327,0.018729,0.012976643636715477,1.727,1.887
584195,0.018742,0.012986758519823841,1.727,1.886
5484781,0.018772,0.013009820453310913,1.726,1.886
1511631,0.018781,0.0130166985738246,1.726,1.885
9929321,0.018815,0.01303929811265529,1.725,1.885
3465699,0.018824,0.013046696427157408,1.725,1.884
5657432,0.018859,0.013071665738602058,1.724,1.884
16733966,0.018867,0.013076809879154312,1.724,1.883
7034706,0.018902,0.0131033975718963,1.723,1.883
11142279,0.018906,0.013106923331151215,1.723,1.882
8839943,0.018946,0.013136169793167403,1.722,1.882
12563747,0.018947,0.013137152381812215,1.722,1.881
14358523,0.018988,0.013167439231805262,1.722,1.88
4012999,0.018989,0.013167786027797548,1.721,1.88
11766335,0.01903,0.013197783881130356,1.721,1.879
12455795,0.019033,0.013199980255748173,1.72,1.879
8660902,0.019072,0.013228186329787499,1.72,1.878
7436385,0.019077,0.01323078729972965,1.719,1.878
3782547,0.019116,0.013258704377108736,1.719,1.877
2990214,0.019121,0.013262576932355939,1.718,1.877
13862332,0.019158,0.013289280223762022,1.718,1.876
869069,0.019165,0.013293441775669464,1.717,1.876
13874091,0.019202,0.013319913869747355,1.717,1.875
5373849,0.019209,0.013324942411635515,1.716,1.875
1827654,0.019247,0.013350605315064736,1.716,1.874
14407390,0.019254,0.013354593468976035,1.715,1.874
220556,0.019289,0.013381354559714165,1.715,1.873
3640656,0.019298,0.013387654686907377,1.714,1.873
3174645,0.019334,0.01341221940302769,1.714,1.872
17241945,0.019342,0.013417074546919707,1.713,1.872
9977897,0.019376,0.013443142045673264,1.713,1.871
2499517,0.019387,0.013451349550824051,1.712,1.871
14237420,0.019417,0.013474122487650883,1.712,1.87
8540652,0.019432,0.013484121772095153,1.711,1.87
10949892,0.019462,0.0135052185282926,1.711,1.869
6408945,0.019477,0.013516604996706016,1.71,1.869
450730,0.019504,0.013536314568934315,1.71,1.868
3296257,0.019521,0.013547585438683637,1.709,1.868
831891,0.019549,0.013567526208240126,1.709,1.867
16875071,0.019566,0.013578565880661256,1.708,1.867
15617093,0.019592,0.013598795646877987,1.708,1.866
3865143,0.019612,0.013613303279221984,1.707,1.866
9632613,0.019638,0.01363018068417994,1.707,1.865
9813816,0.019657,0.013644110323203461,1.706,1.865
12048840,0.019683,0.013661565721481896,1.706,1.864
2902301,0.019702,0.01367509076518108,1.705,1.864
10609939,0.019729,0.013693066357447947,1.705,1.863
12443229,0.019747,0.013705435414506176,1.704,1.863
13817583,0.019773,0.013724624792746045,1.704,1.862
13976519,0.019793,0.0137376296424568,1.703,1.862
1704565,0.019815,0.013756298826708238,1.703,1.861
13309263,0.019839,0.013772135843689337,1.702,1.861
13444452,0.01986,0.013787972860670433,1.702,1.86
174656,0.019884,0.013807277837574398,1.701,1.86
8527816,0.0199,0.013819762493296722,1.701,1.859
10567361,0.01993,0.013840281256173691,1.7,1.859
12809921,0.019947,0.01385160992525506,1.7,1.858
9717263,0.019976,0.013872822280116602,1.699,1.858
13862334,0.01999,0.013883572955877492,1.699,1.857
6499099,0.020022,0.013905305504727464,1.698,1.857
17155126,0.020037,0.013915593785831973,1.698,1.856
17055437,0.020068,0.013937499732678089,1.697,1.856
12301891,0.020083,0.013947672415118502,1.697,1.855
5584782,0.020115,0.013971485739922195,1.696,1.855
13846656,0.020125,0.013979808843737078,1.696,1.854
3775028,0.020161,0.014005934141822683,1.695,1.854
11641301,0.02017,0.014012003071687703,1.695,1.853
10118336,0.020207,0.014037087981796446,1.694,1.853
441967,0.020216,0.014044312898302422,1.694,1.852
4261534,0.020254,0.014071536383696936,1.693,1.852
7551708,0.020261,0.01407668052424919,1.693,1.851
16496622,0.020301,0.014104597601628277,1.692,1.851
16036934,0.020308,0.014109163748860053,1.692,1.85
7350298,0.020347,0.014137832217555761,1.691,1.85
6673816,0.020353,0.014141704772802964,1.691,1.849
10108921,0.020394,0.014170835636155054,1.69,1.849
7015055,0.020397,0.014174303596077922,1.69,1.848
13343725,0.020441,0.014205168439391447,1.689,1.848
12762976,0.020444,0.014206960218684929,1.689,1.847
1489143,0.020489,0.01423898104863941,1.688,1.847
118559,0.020489,0.014239674640623983,1.688,1.846
10991344,0.020532,0.014272504661227132,1.688,1.845
8404858,0.020536,0.014274990032505189,1.687,1.845
2642428,0.02058,0.014305450280494379,1.687,1.844
12883472,0.020583,0.01430701086245967,1.686,1.844
1545488,0.020627,0.014338395899761623,1.686,1.843
15432150,0.020631,0.01434111246836787,1.685,1.843
6368263,0.020671,0.014371457117692965,1.685,1.842
610255,0.020678,0.01437550307093631,1.684,1.842
12233020,0.02072,0.014404576134956354,1.684,1.841
3982884,0.020726,0.014408217492875365,1.683,1.841
15707816,0.020767,0.014437810750883838,1.683,1.84
13137951,0.020774,0.014443070490100188,1.682,1.84
8086855,0.020811,0.01447110316614337,1.682,1.839
13788071,0.020821,0.014477865687992962,1.681,1.839
15071294,0.020859,0.014504453380734951,1.681,1.838
8183350,0.020869,0.014511331501248639,1.68,1.838
9945665,0.020907,0.01453786139465858,1.68,1.837
16401476,0.020918,0.014547109287786226,1.679,1.837
3737377,0.020949,0.014571385007246302,1.679,1.836
9796988,0.020966,0.014582020084343098,1.678,1.836
12215353,0.020998,0.014604966419166074,1.678,1.835
12102028,0.021014,0.014617277676892255,1.677,1.835
6305834,0.021041,0.01463866342974994,1.677,1.834
16956016,0.021063,0.014656118828028376,1.676,1.834
15141292,0.021085,0.014672418239665854,1.676,1.833
8968301,0.021111,0.014689295644623812,1.675,1.833
12896162,0.021134,0.014706230848913818,1.675,1.832
9102900,0.02116,0.014726171618470308,1.674,1.832
406502,0.021181,0.014740101257493829,1.674,1.831
11473678,0.021209,0.014759059438405506,1.673,1.831
4876615,0.021228,0.014774087264737933,1.673,1.83
13563382,0.021257,0.01479310324498166,1.672,1.83
14115939,0.021276,0.014808131071314087,1.672,1.829
16318366,0.021306,0.0148288232321872,1.671,1.829
16424036,0.021327,0.014842290476554337,1.671,1.828
4177912,0.021356,0.014863849627408166,1.67,1.828
16278654,0.021373,0.014876507681126633,1.67,1.827
5332054,0.021405,0.014898876022629131,1.669,1.827
7352372,0.021423,0.014910782685030979,1.669,1.826
15013506,0.021454,0.014934711608498767,1.668,1.826
15798917,0.021469,0.014945173287599419,1.668,1.825
3360833,0.021504,0.014971876579005502,1.667,1.825
13787869,0.021513,0.014979621689499907,1.667,1.824
2690616,0.021553,0.015008001161535377,1.666,1.824
4172502,0.021561,0.015014127890732443,1.666,1.823
14195373,0.021603,0.01504360555007682,1.665,1.823
1155089,0.02161,0.015048749690629075,1.665,1.822
7908691,0.021653,0.01507909433995417,1.664,1.822
2778104,0.021658,0.015083429289857755,1.664,1.821
9569630,0.021703,0.015115739116472474,1.663,1.821
16625614,0.021705,0.01511822448775053,1.663,1.82
8350769,0.021752,0.015153077484975352,1.663,1.819
571811,0.021753,0.015153828876291974,1.662,1.819
2639424,0.0218,0.015187988281532224,1.662,1.818
3848272,0.021803,0.01519047365281028,1.661,1.818
16604740,0.021847,0.01522301467675319,1.661,1.817
12835624,0.021853,0.01522717622866063,1.66,1.817
13117447,0.021896,0.015258098871306204,1.66,1.816
173521,0.021903,0.015262491620541836,1.659,1.816
11521201,0.021945,0.015293298664523313,1.659,1.815
10045044,0.021954,0.01529971439038062,1.658,1.815
14018113,0.021992,0.015328556257072471,1.658,1.814
14525746,0.022004,0.01533514538092592,1.657,1.814
14881911,0.022043,0.015363871648953677,1.657,1.813
9764130,0.022055,0.015371501160783986,1.656,1.813
1300794,0.022092,0.015399302639498976,1.656,1.812
8766882,0.022106,0.015409244124611199,1.655,1.812
6362595,0.022138,0.015434791429376326,1.655,1.811
6054694,0.022157,0.015446293496453838,1.654,1.811
1023201,0.02219,0.01547039581791777,1.654,1.81
14566602,0.022208,0.015483516266292621,1.653,1.81
3497306,0.022238,0.015506058005791261,1.653,1.809
7514630,0.022259,0.015520623437467308,1.652,1.809
14254200,0.022289,0.015541777992996803,1.652,1.808
13914363,0.022311,0.01555576543135237,1.651,1.808
15360549,0.022337,0.015577613578866438,1.651,1.807
5810227,0.022362,0.015597034154434497,1.65,1.807
10680503,0.022382,0.01561350696406812,1.65,1.806
5652798,0.022414,0.01563685789421543,1.649,1.806
12965240,0.022431,0.0156495159479339,1.649,1.805
5934620,0.022465,0.015675467848023362,1.648,1.805
8086977,0.022477,0.015685582731131725,1.648,1.804
12605380,0.022517,0.015715869581124774,1.647,1.804
1124844,0.022524,0.015721765112993648,1.647,1.803
2804121,0.022569,0.015755982317565944,1.646,1.803
8842083,0.022571,0.015758005294187617,1.646,1.802
7328815,0.022619,0.015794303274713636,1.646,1.801
13786849,0.022621,0.015795863856678926,1.645,1.801
13350492,0.022667,0.015830716853903748,1.645,1.8
3266610,0.022673,0.01583412701449457,1.644,1.8
3627679,0.022719,0.01586724603175796,1.644,1.799
16199996,0.022725,0.0158727369683025,1.643,1.799
3662919,0.022769,0.015903775209612166,1.643,1.798
12112829,0.022778,0.01590926614615671,1.642,1.798
14400540,0.022823,0.01594047778546252,1.642,1.797
3972859,0.02283,0.015946373317331397,1.641,1.797
12186575,0.022874,0.015977180361312873,1.641,1.796
2352620,0.022883,0.015984463077150894,1.64,1.796
15759096,0.022926,0.016014056335159368,1.64,1.795
7316240,0.022936,0.01602139685032944,1.639,1.795
3236562,0.022977,0.016050932309005863,1.639,1.794
4766139,0.022988,0.016057521432859313,1.638,1.794
12846365,0.023027,0.016087923881516454,1.638,1.793
11174271,0.023041,0.016096651580655673,1.637,1.793
3873900,0.023078,0.01612503105269114,1.637,1.792
8844807,0.023095,0.016135723929119987,1.636,1.792
15733129,0.02313,0.016162196023197878,1.636,1.791
4441433,0.023148,0.016175663267565015,1.635,1.791
5320832,0.023177,0.016199476592368707,1.635,1.79
2162470,0.023201,0.016217105388643287,1.634,1.79
12642792,0.023226,0.016236814960871586,1.634,1.789
9513392,0.023255,0.016258489710389512,1.633,1.789
15926063,0.023275,0.01627426892803856,1.633,1.788
5666850,0.023308,0.01629709966419744,1.632,1.788
3672599,0.023327,0.01631178069453758,1.632,1.787
724711,0.023362,0.01633651880865404,1.631,1.787
9357984,0.023378,0.016349350260368652,1.631,1.786
2680916,0.023416,0.016376226949770877,1.63,1.786
9358208,0.023429,0.016387035424863815,1.63,1.785
15469305,0.02347,0.01641662868287229,1.629,1.785
7842192,0.02348,0.016424836188023078,1.629,1.784
2639794,0.023524,0.01645593222866479,1.628,1.784
631854,0.023531,0.016462694750514387,1.628,1.783
12270969,0.023578,0.01649928172770064,1.627,1.783
625268,0.023579,0.01650061111233774,1.627,1.782
1632864,0.023632,0.01653742928685219,1.626,1.782
6259429,0.023634,0.016538700872157242,1.626,1.781
3319897,0.023685,0.01657679063197674,1.626,1.78
10940472,0.023687,0.016577657621957457,1.625,1.78
4264597,0.023739,0.016614995990460336,1.625,1.779
6149113,0.023742,0.016616556572425625,1.624,1.779
16478983,0.023793,0.016653316947608028,1.624,1.778
833386,0.023796,0.016654704131577172,1.623,1.778
12933595,0.023845,0.016691695704087767,1.623,1.777
14668758,0.023851,0.016696204051987493,1.622,1.777
1004280,0.023899,0.0167301900592316,1.622,1.776
14104827,0.023906,0.016735334199783854,1.621,1.776
4521336,0.023953,0.016768742213707482,1.621,1.775
2910044,0.023961,0.0167748111435725,1.62,1.775
6370810,0.024003,0.01680740996684746,1.62,1.774
17151329,0.024016,0.01681631106398282,1.619,1.774
7992875,0.024054,0.016846135519319485,1.619,1.773
4750386,0.024072,0.01686046975366734,1.618,1.773
6771750,0.024103,0.016884976670455607,1.618,1.772
2383463,0.024127,0.016902027473409707,1.617,1.772
16918459,0.024157,0.016923933420255822,1.617,1.771
3260464,0.024183,0.016942718203171357,1.616,1.771
259371,0.02421,0.016962947969388086,1.616,1.77
7682917,0.024239,0.016983004337608673,1.615,1.77
1980277,0.024263,0.0170020203178524,1.615,1.769
12973119,0.024295,0.01702485105401128,1.614,1.769
6570188,0.024316,0.017041208264980807,1.614,1.768
13746454,0.024351,0.017065657382437024,1.613,1.768
16279768,0.02437,0.01708051181077331,1.613,1.767
13788947,0.024407,0.01710808209216011,1.612,1.767
3761201,0.024423,0.01711987315589786,1.612,1.766
3703867,0.024463,0.01715044900255115,1.611,1.766
6305909,0.024473,0.01715935009968651,1.611,1.765
12136784,0.024519,0.017194318695575427,1.61,1.765
9861309,0.024525,0.017198884842807204,1.61,1.764
2103259,0.024576,0.017235876415317795,1.609,1.764
16898323,0.024578,0.017238535184591994,1.609,1.763
7226569,0.024633,0.017277260737064017,1.608,1.763
4561151,0.024634,0.01727830112504088,1.608,1.762
5889360,0.024688,0.017318124864821812,1.608,1.761
6215572,0.024689,0.017318356062150004,1.607,1.761
1763222,0.024741,0.01735806420326684,1.607,1.76
6632029,0.024746,0.017362225755174283,1.606,1.76
540728,0.024797,0.017398061341043918,1.606,1.759
10154017,0.024803,0.017402858685603886,1.605,1.759
14606842,0.024849,0.017438174077485092,1.605,1.758
16349195,0.02486,0.01744678617796021,1.604,1.758
5368830,0.024903,0.017478344613258312,1.604,1.757
2552715,0.024918,0.017489557683675584,1.603,1.757
16387537,0.024958,0.017518630747695628,1.603,1.756
14307893,0.024975,0.017530017216109042,1.602,1.756
16306199,0.025013,0.01755903248079704,1.602,1.755
8259331,0.025033,0.01757284652115646,1.601,1.755
2865693,0.025071,0.017599492013230498,1.601,1.754
9851033,0.02509,0.01761336385292197,1.6,1.754
2565169,0.025126,0.017640067144328052,1.6,1.753
10186519,0.025148,0.01765648215462963,1.599,1.753
11189010,0.025182,0.017680757874089705,1.599,1.752
13192832,0.025206,0.01769873346635657,1.598,1.752
15877083,0.025234,0.0177215064031834,1.598,1.751
12723024,0.025264,0.017743123353369278,1.597,1.751
8748202,0.025291,0.017762370530941197,1.597,1.75
7380221,0.025323,0.01778572146108851,1.596,1.75
12547728,0.025345,0.01780329245803104,1.596,1.749
4410941,0.025381,0.017828666364800023,1.595,1.749
17170091,0.025401,0.017844329983784976,1.595,1.748
10072125,0.025439,0.01787068647919877,1.594,1.748
5598335,0.025457,0.01788548310820301,1.594,1.747
5050447,0.025498,0.01791536536287172,1.593,1.747
8563721,0.025511,0.01792669403195309,1.593,1.746
5766659,0.025557,0.017959408453892142,1.592,1.746
11803312,0.025569,0.017968020554367265,1.592,1.745
10933428,0.025616,0.018003220347584375,1.591,1.745
15603300,0.025624,0.018009462675445537,1.591,1.744
1866755,0.025675,0.01804691664261251,1.59,1.744
13785312,0.02568,0.018050962595855858,1.59,1.743
10930203,0.025734,0.018088821158347167,1.589,1.743
6515231,0.025738,0.01809257811493027,1.589,1.742
9311200,0.025793,0.018132459654043254,1.588,1.742
15727479,0.025794,0.018134309232668785,1.588,1.741
7587168,0.025851,0.01817609814973934,1.588,1.74
9046344,0.025853,0.018177022939052108,1.587,1.74
4657213,0.02591,0.018218002665473996,1.587,1.739
13309252,0.025912,0.018218869655454713,1.586,1.739
5395238,0.025966,0.018260022779872747,1.586,1.738
15106323,0.025972,0.01826487792376476,1.585,1.738
1084414,0.026019,0.018302100693603544,1.585,1.737
11870427,0.026032,0.01831088619207481,1.584,1.737
11040720,0.026079,0.018344294205998438,1.584,1.736
15957211,0.026092,0.018352964105805607,1.583,1.736
16967826,0.026137,0.01838654551772538,1.583,1.735
13339685,0.026152,0.018397989785470845,1.582,1.735
15277013,0.026195,0.018428970227448462,1.582,1.734
7535274,0.026212,0.0184411080871785,1.581,1.734
15978960,0.026251,0.018471452736503597,1.581,1.733
4598882,0.026273,0.018488619138121793,1.58,1.733
14394996,0.026305,0.018513993044890775,1.58,1.732
11656455,0.026333,0.018534454008435695,1.579,1.732
1787581,0.026363,0.0185567067512741,1.579,1.731
6705956,0.026394,0.018578323701459978,1.578,1.731
15640986,0.026422,0.01859947825698947,1.578,1.73
6368480,0.026455,0.018624042973109784,1.577,1.73
1242793,0.026477,0.01864236536136894,1.577,1.729
4438319,0.026516,0.01867166962271717,1.576,1.729
526921,0.026535,0.018685310265080454,1.576,1.728
118282,0.026577,0.018715250319081212,1.575,1.728
4002402,0.026596,0.01872842856678811,1.575,1.727
4828742,0.026638,0.01875842642012092,1.574,1.727
1373836,0.026654,0.01877154686849577,1.574,1.726
477622,0.0267,0.01880275850780158,1.573,1.726
5099667,0.026716,0.01881483856819957,1.573,1.725
3902087,0.026761,0.01884789978613091,1.572,1.725
12916227,0.026774,0.018858245866567466,1.572,1.724
4865761,0.026823,0.018894717245089628,1.571,1.724
12059693,0.026832,0.01890171096426741,1.571,1.723
12232195,0.026885,0.01893910713210234,1.57,1.723
15117645,0.026893,0.018945291660631452,1.57,1.722
3982714,0.026947,0.01898297682512662,1.569,1.722
10176205,0.026955,0.018988930156327542,1.569,1.721
12717830,0.027009,0.01902829150145209,1.568,1.721
11403217,0.027015,0.019032684250687725,1.568,1.72
6805421,0.027071,0.019075282358406952,1.567,1.72
15218742,0.027072,0.019076611743044054,1.567,1.719
17014339,0.027133,0.01912053923540038,1.567,1.718
4307759,0.027134,0.019121001630056762,1.566,1.718
7442407,0.02719,0.01916464012575285,1.566,1.717
15691430,0.027196,0.019168281483671862,1.565,1.717
11764675,0.02725,0.01920879881543737,1.565,1.716
10121677,0.027259,0.01921608153127539,1.564,1.716
10599077,0.027308,0.019253073103785982,1.564,1.715
8802772,0.027322,0.019263072388230253,1.563,1.715
1470603,0.02737,0.019297462990798694,1.563,1.714
4083608,0.027385,0.019308271465891633,1.562,1.714
5229797,0.027429,0.0193419684764755,1.562,1.713
12846215,0.027448,0.0193563605101554,1.561,1.713
11397889,0.02749,0.019386531761484353,1.561,1.712
8833815,0.027511,0.019402542176461594,1.56,1.712
13338913,0.027549,0.01943126844448935,1.56,1.711
9163770,0.027575,0.019450689020057407,1.559,1.711
2673060,0.027607,0.019476062926826392,1.559,1.71
1104182,0.027638,0.019502535020904283,1.558,1.71
7129509,0.027665,0.019520915208495485,1.558,1.709
14963029,0.027702,0.019549583677191194,1.557,1.709
12943575,0.027723,0.01956594088816072,1.557,1.708
615885,0.027766,0.019596458935481956,1.556,1.708
10581542,0.027785,0.019611024367158003,1.556,1.707
11239749,0.02783,0.01964709115035583,1.555,1.707
13983184,0.027841,0.019656223444819383,1.555,1.706
7705402,0.027894,0.019692405826681303,1.554,1.706
12314246,0.027906,0.019701538121144856,1.554,1.705
1329780,0.027958,0.01974084166693736,1.553,1.705
3921219,0.027967,0.019746968396134428,1.553,1.704
15158695,0.028023,0.019788526115876795,1.552,1.704
9170389,0.028029,0.019792514269788092,1.552,1.703
13062759,0.028087,0.019834534384186843,1.551,1.703
1941344,0.02809,0.019838117942773806,1.551,1.702
4526809,0.02815,0.019883837214423616,1.551,1.701
3182368,0.028152,0.01988499320106457,1.55,1.701
3236845,0.028212,0.01992967208473752,1.55,1.7
4066821,0.028217,0.019933024445996293,1.549,1.7
6240576,0.028268,0.01997562255371552,1.549,1.699
14811632,0.028282,0.019985275042167502,1.548,1.699
13118241,0.028327,0.020021688621357617,1.548,1.698
2225768,0.028347,0.020036427451029806,1.547,1.698
4386270,0.028387,0.02006781248833176,1.547,1.697
11263749,0.028412,0.02008584587993067,1.546,1.697
10691975,0.028449,0.020114109753302047,1.546,1.696
17098069,0.028478,0.02013636249614045,1.545,1.696
3593797,0.028507,0.020160464817604383,1.545,1.695
10502468,0.028544,0.020190000276280807,1.544,1.695
13362355,0.028563,0.02020693548057081,1.544,1.694
13189630,0.028609,0.020241904076459732,1.543,1.694
17174606,0.028622,0.02025352174220134,1.543,1.693
12352607,0.028675,0.020292189495341315,1.542,1.693
11284345,0.028686,0.02030022360249596,1.542,1.692
6352125,0.028741,0.020343110706875427,1.541,1.692
9046787,0.028746,0.020346983262122628,1.541,1.691
4106134,0.028808,0.020390737356482815,1.54,1.691
16200606,0.028812,0.020393916319745443,1.54,1.69
14808010,0.028874,0.020439057598074774,1.539,1.69
10652622,0.028877,0.020440907176700305,1.539,1.689
5261926,0.028936,0.02048807143165131,1.539,1.688
9231957,0.028941,0.02049113479624984,1.538,1.688
14994711,0.028999,0.02053529348593436,1.538,1.687
4034666,0.029007,0.02054159361312757,1.537,1.687
14831162,0.029062,0.020582631138881508,1.537,1.686
5342230,0.029074,0.02059014505204772,1.536,1.686
2408023,0.029128,0.02063008439049275,1.536,1.685
15859085,0.029141,0.02063904328696016,1.535,1.685
6008433,0.029194,0.02067759544143604,1.535,1.684
13124683,0.029208,0.02068730572922007,1.534,1.684
6756167,0.029261,0.020725279890375474,1.534,1.683
8195776,0.029276,0.020736550760124796,1.533,1.683
138447,0.029322,0.020773079937979003,1.533,1.682
9698545,0.029343,0.02079030413892925,1.532,1.682
10720608,0.029384,0.020820937784914582,1.532,1.681
648956,0.029411,0.020840184962486498,1.531,1.681
7980280,0.029447,0.020868969029846304,1.531,1.68
3434530,0.029479,0.02089243555865771,1.53,1.68
3634182,0.029512,0.02091705807411007,1.53,1.679
5453489,0.029547,0.020945321947481447,1.529,1.679
5857259,0.029573,0.020965262717037938,1.529,1.678
7081537,0.029615,0.020997630342984703,1.528,1.678
6778861,0.029635,0.021013582958629897,1.528,1.677
8550741,0.029683,0.021047511166541955,1.527,1.677
6941664,0.029703,0.021062076598218002,1.527,1.676
16079325,0.029751,0.021098374578744018,1.526,1.676
1993743,0.029766,0.021110628037138153,1.526,1.675
8472707,0.02982,0.021149873783598606,1.525,1.675
16018586,0.029833,0.02115923727539035,1.525,1.674
7115835,0.029889,0.02120489874770811,1.524,1.674
4084334,0.029892,0.021208019911638693,1.524,1.673
6086614,0.029957,0.021256918146551132,1.524,1.672
8731562,0.029958,0.021257033745215228,1.523,1.672
4524376,0.030021,0.021305931980127663,1.523,1.671
4599191,0.030027,0.02130945773938258,1.522,1.671
15807247,0.030086,0.021355061412368294,1.522,1.67
15596315,0.030096,0.021362690924198603,1.521,1.67
12867269,0.030149,0.02140430644327302,1.521,1.669
242373,0.030165,0.021415461714358243,1.52,1.669
4613769,0.030217,0.021453609273509793,1.52,1.668
8653912,0.030235,0.02146736551453717,1.519,1.668
7463340,0.030284,0.021503085501742708,1.519,1.667
653777,0.030305,0.021517246338094417,1.518,1.667
7735848,0.030352,0.021552619529307673,1.518,1.666
16167901,0.030374,0.02156787855296829,1.517,1.666
16874528,0.030417,0.02160232695486878,1.517,1.665
15450918,0.030444,0.021624001704386702,1.516,1.665
13345915,0.030482,0.021652149979093982,1.516,1.664
14059282,0.030515,0.02167711929053863,1.515,1.664
235250,0.030549,0.02170203080265123,1.515,1.663
1944837,0.030585,0.021726364321443356,1.514,1.663
8993344,0.030618,0.021752085024204625,1.514,1.662
12174938,0.030655,0.021779713104923475,1.513,1.662
15158723,0.030686,0.02180219704509007,1.513,1.661
10083913,0.030726,0.021830056323137108,1.512,1.661
348106,0.030755,0.021852482463971652,1.512,1.66
6999561,0.030797,0.021883925300605657,1.511,1.66
14480763,0.030821,0.021902825682185285,1.511,1.659
6641181,0.030868,0.0219353667061282,1.51,1.659
2526347,0.030892,0.021953342298395063,1.51,1.658
15684718,0.030939,0.021989987074913366,1.509,1.658
16614324,0.030958,0.022003974513268933,1.509,1.657
4437184,0.03101,0.022041717477096146,1.508,1.657
3487172,0.031025,0.022054664527474854,1.508,1.656
5822499,0.031082,0.022099516809143946,1.507,1.656
425784,0.031089,0.02210552793967692,1.507,1.655
15410236,0.031154,0.022152114201307443,1.506,1.655
14690400,0.031159,0.022156449151211028,1.506,1.654
6261349,0.031225,0.022206965767420806,1.505,1.654
12344499,0.031225,0.022207543760741282,1.505,1.653
1236717,0.031291,0.022258753968935632,1.505,1.652
12067625,0.031297,0.02226337791549946,1.504,1.652
7322011,0.031362,0.02231007977579408,1.504,1.651
2986889,0.031369,0.022315166117014285,1.503,1.651
1107887,0.031428,0.022361463381984574,1.503,1.65
15952764,0.031442,0.022371693863757033,1.502,1.65
692043,0.031493,0.02241302038617121,1.502,1.649
16615156,0.031514,0.022428279409831827,1.501,1.649
15505706,0.031561,0.022464692989021942,1.501,1.648
8307468,0.031587,0.022481917189972184,1.5,1.648
4908433,0.031633,0.02251648119053677,1.5,1.647
8140000,0.03166,0.022535265973452304,1.499,1.647
15529376,0.031704,0.022568384990715694,1.499,1.646
5246355,0.031733,0.022591215726874572,1.498,1.646
7258705,0.03177,0.022620404389558712,1.498,1.645
15033902,0.031806,0.022648148068941654,1.497,1.645
13265273,0.031838,0.022672539387065826,1.497,1.644
4445722,0.031879,0.0227047914143485,1.496,1.644
16272280,0.031903,0.022724847782569085,1.496,1.643
1178865,0.031953,0.022760625569106675,1.495,1.643
10964641,0.031974,0.02277721397740439,1.495,1.642
15504147,0.032026,0.022819234091803142,1.494,1.642
5159247,0.03204,0.022829695770903793,1.494,1.641
9439196,0.0321,0.022875819637877937,1.493,1.641
2291522,0.032107,0.022882350962399337,1.493,1.64
2981969,0.032174,0.022932520782616827,1.492,1.64
16615511,0.032177,0.02293512175255898,1.492,1.639
6236242,0.032246,0.022987950342050666,1.492,1.638
12986119,0.032248,0.02298997331867234,1.491,1.638
16616571,0.032313,0.0230409523295385,1.491,1.637
2173202,0.032323,0.023048235045376522,1.49,1.637
12910723,0.032387,0.023094069915690425,1.49,1.636
13661060,0.032397,0.023102797614829643,1.489,1.636
15194259,0.032451,0.023147303100506448,1.489,1.635
1217605,0.032472,0.023163486913479834,1.488,1.635
11594218,0.032524,0.023200651883986567,1.488,1.634
10495331,0.032547,0.023218280680261147,1.487,1.634
16957659,0.032594,0.02325417406546283,1.487,1.633
10540817,0.032622,0.023275617617652563,1.486,1.633
11509426,0.03266,0.02330775404627114,1.486,1.632
14676782,0.032697,0.02333659591296299,1.485,1.632
2724181,0.032724,0.023361507425075593,1.485,1.631
4991035,0.032772,0.02339543563298765,1.484,1.631
673452,0.032797,0.023415318603212092,1.484,1.63
16519744,0.032848,0.023453639560359785,1.483,1.63
14001467,0.032867,0.023469303179344737,1.483,1.629
5889463,0.032924,0.023514328859009975,1.482,1.629
13437343,0.032933,0.02352340335414148,1.482,1.628
5544696,0.032999,0.02357536495365245,1.481,1.628
7233369,0.033002,0.02357767692693436,1.481,1.627
16666932,0.033074,0.023632008299059294,1.481,1.626
1391628,0.033076,0.02363391567701687,1.48,1.626
14405936,0.033143,0.02368645526984832,1.48,1.625
15911241,0.033152,0.023693102193033815,1.479,1.625
16235116,0.033211,0.02374107563863349,1.479,1.624
1783351,0.033228,0.0237539070903481,1.478,1.624
3240860,0.033276,0.023795811606082757,1.478,1.623
3434334,0.033305,0.023817428556268633,1.477,1.623
5485828,0.033345,0.023850663172196116,1.477,1.622
6747842,0.033382,0.023878869246235442,1.476,1.622
4469531,0.033419,0.023905630336973575,1.476,1.621
3535363,0.033459,0.02393724657160372,1.475,1.621
5329138,0.033489,0.023960770899747175,1.475,1.62
15198358,0.033536,0.023997242278269337,1.474,1.62
15716896,0.033561,0.024015969261852822,1.474,1.619
2283159,0.033613,0.024055850800965804,1.473,1.619
6964661,0.033632,0.024071341021954615,1.473,1.618
16403523,0.03369,0.024113881330341792,1.472,1.618
14659414,0.033706,0.0241268283807205,1.472,1.617
6398924,0.033768,0.024177633993590516,1.471,1.617
3478591,0.033774,0.02418248913748253,1.471,1.616
14417374,0.033842,0.02423820769357661,1.471,1.615
10178192,0.033846,0.024240115071534188,1.47,1.615
3768959,0.033914,0.024294099647666833,1.47,1.614
7952213,0.033924,0.02430097776818052,1.469,1.614
3907363,0.033984,0.024350107200421148,1.469,1.613
2826566,0.034002,0.024363112050131905,1.468,1.613
3636471,0.034055,0.024406230351839562,1.468,1.612
11674889,0.034081,0.024424899536091,1.467,1.612
1731543,0.034128,0.024462469101922072,1.467,1.611
1527255,0.034159,0.024486224627393718,1.466,1.611
14351009,0.034201,0.02451888125000072,1.466,1.61
13900099,0.034238,0.024545642340738853,1.465,1.61
13949212,0.034275,0.02457540899674347,1.465,1.609
4219630,0.034317,0.024605580248072422,1.464,1.609
3924832,0.034349,0.024632052342150313,1.464,1.608
47402,0.034396,0.024669853105309572,1.463,1.608
4718030,0.034419,0.024688811286221253,1.463,1.607
10361237,0.034475,0.02473354796922625,1.462,1.607
10575260,0.03449,0.024745743628288335,1.462,1.606
4743077,0.034555,0.02479701163581473,1.461,1.606
4816824,0.034562,0.024802791569019513,1.461,1.605
7909405,0.034634,0.02485955051309045,1.46,1.605
3267454,0.034634,0.024859955108414784,1.46,1.604
5465453,0.034709,0.024917292045806203,1.46,1.603
16391233,0.034714,0.024920586607732928,1.459,1.603
8614207,0.034784,0.024974686782529665,1.459,1.602
3585865,0.034794,0.024980929110390827,1.458,1.602
8024640,0.034862,0.025032312716581323,1.458,1.601
12198527,0.034874,0.025041618409041018,1.457,1.601
16151247,0.034935,0.025089996449965027,1.457,1.6
6292341,0.034955,0.02510461968097312,1.456,1.6
14849296,0.03501,0.025147853581344873,1.456,1.599
15043536,0.035035,0.02516895033754232,1.455,1.599
10452998,0.03508,0.025205826311388815,1.455,1.598
6831194,0.035116,0.025231026820161654,1.454,1.598
1821186,0.035159,0.025263914640096852,1.454,1.597
12813587,0.035197,0.02529339229944123,1.453,1.597
8209660,0.035237,0.025322118567468986,1.453,1.596
15247702,0.035278,0.025351885223473602,1.452,1.596
8373287,0.035315,0.025380495892837265,1.452,1.595
12047589,0.03536,0.02541338371277246,1.451,1.595
9004902,0.035394,0.025439046616201683,1.451,1.594
14037467,0.035441,0.025474824402739273,1.45,1.594
4159988,0.03547,0.025497655138898154,1.45,1.593
472880,0.035523,0.025535918296713797,1.449,1.593
15252702,0.035547,0.025556437059590764,1.449,1.592
6996395,0.035605,0.02559961316063047,1.448,1.592
2230746,0.035626,0.025615334578947473,1.448,1.591
8721083,0.035687,0.025662787830558715,1.447,1.591
6118411,0.035699,0.02567440549630032,1.447,1.59
1739303,0.035769,0.025732147029016075,1.446,1.59
17270317,0.03577,0.02573359201231727,1.446,1.589
14564564,0.035849,0.02579289412699831,1.446,1.588
14633863,0.035851,0.02579451250829565,1.445,1.588
9195835,0.035928,0.025852369639675497,1.445,1.587
8861476,0.035934,0.02585722478356751,1.444,1.587
8702759,0.036005,0.025911960751016778,1.444,1.586
1925332,0.036017,0.02592080404882009,1.443,1.586
5795231,0.036089,0.0259717252603542,1.443,1.585
10907387,0.0361,0.02598172454479847,1.442,1.585
11953064,0.036163,0.02603160536835572,1.442,1.584
13905903,0.036183,0.026046517596024055,1.441,1.584
4171634,0.036244,0.026091601075021335,1.441,1.583
2425463,0.036267,0.026108189483319055,1.44,1.583
2754979,0.036319,0.026151712380351046,1.44,1.582
10649824,0.03635,0.026175005511166312,1.439,1.582
16980254,0.036399,0.026211997083676903,1.439,1.581
12401799,0.036434,0.026239047171075273,1.438,1.581
7885134,0.036477,0.0262724551849989,1.438,1.58
4444448,0.036518,0.02630372462363676,1.437,1.58
15277355,0.036555,0.026333028884984993,1.437,1.579
2656109,0.036602,0.02637013605615968,1.436,1.579
16001441,0.036629,0.026393718183635183,1.436,1.578
9114570,0.036686,0.026439668652613182,1.435,1.578
12198309,0.036704,0.026454580880281516,1.435,1.577
11387564,0.036771,0.026509663643723067,1.434,1.577
17041839,0.036778,0.026515559175591945,1.434,1.576
12787094,0.036856,0.026575323684929368,1.433,1.576
12432862,0.036858,0.026576653069566466,1.433,1.575
13951726,0.03694,0.026637920361537133,1.433,1.574
10444776,0.036941,0.026638498354857612,1.432,1.574
11663555,0.037019,0.026699361051503945,1.432,1.573
7162047,0.037026,0.026704100596731863,1.431,1.573
6597568,0.037098,0.026760859540802803,1.431,1.572
6518817,0.037111,0.026770454229922736,1.43,1.572
14409068,0.037175,0.026822589227429854,1.43,1.571
1067134,0.037197,0.026839119836395524,1.429,1.571
11916178,0.037254,0.026884434512720996,1.429,1.57
4991117,0.037283,0.026904953275597967,1.428,1.57
5283874,0.037333,0.02694639539667624,1.428,1.569
8260750,0.037369,0.02697731803932181,1.427,1.569
8744668,0.03741,0.027008471879295573,1.427,1.568
16588572,0.037455,0.02704563684980231,1.426,1.568
13230547,0.037488,0.027070779559243103,1.426,1.567
12749259,0.037541,0.027115631840912195,1.425,1.567
17257823,0.037564,0.027133145038522676,1.425,1.566
6832368,0.037628,0.027180251494141633,1.424,1.566
12008063,0.037648,0.027195741715130443,1.424,1.565
11850618,0.037714,0.027245160144031312,1.423,1.565
12906471,0.037731,0.027258396191070258,1.423,1.564
11412993,0.037801,0.027312611964531094,1.422,1.564
16403052,0.037812,0.027321224065006214,1.422,1.563
12990746,0.037888,0.027377867410413058,1.421,1.563
8888740,0.037896,0.027384225336938316,1.421,1.562
3585889,0.037974,0.027447342207534513,1.421,1.561
16408448,0.037976,0.02744820919751523,1.42,1.561
10132007,0.038053,0.027510632476126853,1.42,1.56
3693027,0.038063,0.027518955579941735,1.419,1.56
7605697,0.038133,0.02757403834338329,1.419,1.559
3185430,0.038151,0.027588141380402952,1.418,1.559
1465768,0.038219,0.027637617608635867,1.418,1.558
13775392,0.038239,0.027655766598898877,1.417,1.558
5847460,0.038298,0.02770131247255254,1.417,1.557
16910033,0.038327,0.027723045021402513,1.416,1.557
16908502,0.038379,0.02776518073446536,1.416,1.556
11890016,0.038415,0.027791248233218917,1.415,1.556
5681405,0.038465,0.027829164595042272,1.415,1.555
1845852,0.038504,0.02785997163902375,1.414,1.555
2544667,0.038543,0.02789332185361533,1.414,1.554
12694037,0.038593,0.027932394202079644,1.413,1.554
6802794,0.038627,0.027957652510184533,1.413,1.553
17071707,0.038682,0.027998574437274375,1.412,1.553
13724133,0.038712,0.02802209876541783,1.412,1.552
2057265,0.038771,0.02806845382972016,1.411,1.552
9618350,0.038793,0.02808666061931522,1.411,1.551
2927775,0.03886,0.028139315810810764,1.41,1.551
9274256,0.038874,0.028151453670540803,1.41,1.55
1632053,0.03895,0.02820977319657703,1.409,1.55
14309320,0.038957,0.028216304521098433,1.409,1.549
9625349,0.039037,0.028281386568984254,1.409,1.548
12008733,0.03904,0.02828329394694183,1.408,1.548
7405616,0.039118,0.02834658421553417,1.408,1.547
16081945,0.03913,0.02835479172068496,1.407,1.547
8100929,0.039198,0.028411897460748185,1.407,1.546
14450365,0.03922,0.028428659267042047,1.406,1.546
11391329,0.039282,0.02847738410395834,1.406,1.545
14996140,0.03931,0.02849894325481217,1.405,1.545
11729537,0.039368,0.02854304414516464,1.405,1.544
15086793,0.039401,0.028568129055273384,1.404,1.544
6327443,0.039457,0.028608877584367084,1.404,1.543
17274484,0.039492,0.028636158869093646,1.403,1.543
11578678,0.039542,0.028674826622233623,1.403,1.542
3119114,0.039583,0.02871135580008783,1.402,1.542
9928741,0.039621,0.028740891258764258,1.402,1.541
807612,0.039674,0.028780137005224714,1.401,1.541
8266553,0.039707,0.028807187092623084,1.401,1.54
11079075,0.039765,0.028853831153585658,1.4,1.54
1837830,0.039788,0.028873540725813957,1.4,1.539
6511807,0.039857,0.028930010673224656,1.399,1.539
2549650,0.03987,0.028940125556333022,1.399,1.538
10646973,0.039949,0.02900162404563188,1.398,1.538
2744188,0.039954,0.029006825985516183,1.398,1.537
16075181,0.040041,0.029072717224050672,1.397,1.537
15286557,0.040042,0.029073699812695485,1.397,1.536
10048098,0.040131,0.02914074703787093,1.397,1.535
12166663,0.040133,0.029141671827183697,1.396,1.535
328452,0.040222,0.029207909861710474,1.396,1.534
5463278,0.040226,0.02921062643031672,1.395,1.534
4663788,0.040309,0.02927524608354616,1.395,1.533
11778350,0.040319,0.029281661809403465,1.394,1.533
2544647,0.040396,0.029342697904045943,1.394,1.532
2992796,0.040412,0.02935535595776441,1.393,1.532
4410969,0.040487,0.029410380921873914,1.393,1.531
13370332,0.040505,0.02942442615956153,1.392,1.531
15270493,0.040578,0.029478179538365984,1.392,1.53
14258097,0.040598,0.02949268717070998,1.391,1.53
6435184,0.040671,0.029546093753522146,1.391,1.529
6870778,0.040692,0.029561179379186623,1.39,1.529
5312406,0.04076,0.0296142391660065,1.39,1.528
3115895,0.040785,0.029634411132891184,1.389,1.528
8683375,0.040848,0.029682500177154954,1.389,1.527
1239824,0.040879,0.02970602450529841,1.388,1.527
15252711,0.040938,0.029750934586299547,1.388,1.526
17000192,0.040974,0.029778504867686347,1.387,1.526
7433512,0.041026,0.029819484594108235,1.387,1.525
8829732,0.041068,0.029851563223394766,1.386,1.525
8909090,0.041119,0.02988826579924512,1.386,1.524
380836,0.041163,0.029920402227863695,1.385,1.524
8952284,0.041212,0.029957162603046095,1.385,1.523
13309817,0.041258,0.029993402784240064,1.384,1.523
5418405,0.041299,0.030026175005511167,1.384,1.522
10826894,0.041353,0.030067154731933055,1.383,1.522
15198927,0.041389,0.03009541860530443,1.383,1.521
4113985,0.041448,0.03014142687361448,1.382,1.521
9274232,0.041478,0.03016477780376179,1.382,1.52
2721033,0.041544,0.030215814613959995,1.381,1.52
7755889,0.041568,0.030234310400215292,1.381,1.519
2341266,0.041639,0.03028846837434408,1.38,1.519
15924764,0.041659,0.030304016394664936,1.38,1.518
16110941,0.041735,0.030362046924040927,1.379,1.518
10287192,0.041752,0.030373895787110725,1.379,1.517
13478054,0.041832,0.030436492463718493,1.378,1.517
4658894,0.04184,0.03044389077822061,1.378,1.516
5194813,0.041928,0.030509030625438482,1.377,1.516
3127879,0.041934,0.030514116966658688,1.377,1.515
13914904,0.042022,0.030584458753760858,1.377,1.514
4118306,0.042025,0.03058677072704277,1.376,1.514
8218891,0.042112,0.030654916139527127,1.376,1.513
7116191,0.042122,0.03066167866137672,1.375,1.513
3121302,0.042206,0.030725604722621584,1.375,1.512
4333341,0.042219,0.030735026013745375,1.374,1.512
14429078,0.042295,0.030796408904380138,1.374,1.511
3449523,0.042316,0.03081369090466243,1.373,1.511
12297970,0.042384,0.030867444283466883,1.373,1.51
8560545,0.042414,0.030890448417621907,1.372,1.51
15555773,0.042476,0.030938595261217724,1.372,1.509
6696595,0.042511,0.030965587549284045,1.371,1.509
5664413,0.042568,0.031009919636964707,1.371,1.508
3119001,0.042609,0.031040900078942328,1.37,1.508
11339192,0.042662,0.031081359611375786,1.37,1.507
11929297,0.042708,0.031118351183886377,1.369,1.507
8813027,0.042749,0.031153030783115057,1.369,1.506
14990847,0.042806,0.031195628890834284,1.368,1.506
3048002,0.04284,0.031224875352850474,1.368,1.505
9194029,0.042905,0.031275160771732056,1.367,1.505
8519121,0.042933,0.03129683552124998,1.367,1.504
7552534,0.043004,0.03135232288001587,1.366,1.504
2156537,0.043023,0.03136896908764564,1.366,1.503
1980599,0.043103,0.03143104557026497,1.365,1.503
12333434,0.043115,0.031441276052037434,1.365,1.502
4740395,0.043202,0.03150878567186926,1.364,1.502
7362131,0.043208,0.03151375641442537,1.364,1.501
5354816,0.043302,0.03158421380019164,1.363,1.501
3339811,0.043304,0.031586410174809454,1.363,1.5
17041858,0.043398,0.031659237333189684,1.363,1.499
11409092,0.043402,0.03166178050379979,1.362,1.499
3263065,0.043489,0.031732237889566056,1.362,1.498
17092328,0.043502,0.03174345095998333,1.361,1.498
2235091,0.043579,0.03180535404460652,1.361,1.497
228187,0.043602,0.03182136445958376,1.36,1.497
10194758,0.043676,0.03187870139697518,1.36,1.496
16067306,0.043702,0.031899046761856,1.359,1.496
8798973,0.043769,0.031952164348007926,1.359,1.495
8119628,0.043803,0.03197707586012053,1.358,1.495
3175242,0.043862,0.032025858496368874,1.358,1.494
16857198,0.043904,0.03206007570094117,1.357,1.494
1944603,0.043952,0.032099668243393914,1.357,1.493
11884966,0.044005,0.03214313334109386,1.356,1.493
108332,0.044043,0.032173651388415096,1.356,1.492
17296034,0.044107,0.032222029429339105,1.355,1.492
7520854,0.04414,0.03224780793143242,1.355,1.491
13001437,0.044208,0.032300000728271584,1.354,1.491
7733091,0.044237,0.032322137872445894,1.354,1.49
2204895,0.04431,0.03237895461584888,1.353,1.49
8392529,0.044332,0.03239669901078755,1.353,1.489
8441601,0.044412,0.03246357283796686,1.352,1.489
13340417,0.044422,0.03247137574779331,1.352,1.488
13036464,0.044515,0.03254154413689934,1.351,1.488
12713903,0.04452,0.03254622588279521,1.351,1.487
2690742,0.044616,0.03262124941579325,1.351,1.486
13936176,0.044617,0.032621422813789394,1.35,1.486
3757794,0.044714,0.032696446346787436,1.35,1.485
7616859,0.04472,0.03270060789869488,1.349,1.485
2876028,0.044814,0.03277181667577777,1.349,1.484
10206000,0.044823,0.032777943404974835,1.348,1.484
15454349,0.044909,0.032847360402764245,1.348,1.483
7451759,0.044927,0.032861694637112096,1.347,1.483
12965130,0.045005,0.032923077527746855,1.347,1.482
5775761,0.04503,0.032941746711998295,1.346,1.482
2485824,0.0451,0.03299896805072562,1.346,1.481
16073055,0.045134,0.03302804111474566,1.345,1.481
6623862,0.045195,0.03307503197170052,1.345,1.48
11459604,0.045238,0.03310745739697934,1.344,1.48
3109822,0.045289,0.03315126929067157,1.344,1.479
3375178,0.045342,0.0331937517997267,1.343,1.479
12452606,0.045383,0.03322768000763876,1.343,1.478
5129438,0.045447,0.033277618630528055,1.342,1.478
3668692,0.04548,0.03330432192193414,1.342,1.477
13684222,0.045552,0.03335859549472703,1.341,1.477
7105280,0.045579,0.033381079434893615,1.341,1.476
6081750,0.045657,0.03344032375024261,1.34,1.476
7068269,0.04568,0.03345801034584924,1.34,1.475
11010609,0.045762,0.03352170520976591,1.339,1.475
11050033,0.045779,0.03353517245413305,1.339,1.474
1492129,0.045867,0.03360453165259041,1.338,1.474
16733143,0.045876,0.033612450161080956,1.338,1.473
11894097,0.045973,0.0336848149248048,1.337,1.473
9870917,0.045981,0.03368995906535706,1.337,1.472
15926564,0.046079,0.033766427581656294,1.336,1.472
16764938,0.04608,0.033767641367629296,1.336,1.471
12127131,0.046181,0.03384543926856564,1.336,1.47
10510526,0.046185,0.033848098037839836,1.335,1.47
15926332,0.046279,0.03392346836683017,1.335,1.469
10679922,0.046292,0.03393248506262962,1.334,1.469
8453656,0.046379,0.03400167086309084,1.334,1.468
299369,0.046399,0.034017796876732176,1.333,1.468
2812636,0.04648,0.03408004675734765,1.333,1.467
8549723,0.046506,0.03409929393491957,1.332,1.467
13649808,0.046581,0.034158596049600615,1.332,1.466
1130071,0.046613,0.03418622413031946,1.331,1.466
5394818,0.046677,0.03423737653918176,1.331,1.465
7875371,0.04672,0.03426876157648372,1.33,1.465
9423489,0.046783,0.03431627262742701,1.33,1.464
2695278,0.046828,0.03435043203266726,1.329,1.464
12289827,0.046886,0.034395399913000446,1.329,1.463
14507217,0.046936,0.0344346456594609,1.328,1.463
14868117,0.046988,0.034474700596570027,1.328,1.462
10770952,0.047044,0.03452041986821983,1.327,1.462
3997337,0.047086,0.03455417467813575,1.327,1.461
519601,0.047152,0.034607523461615865,1.326,1.461
16240765,0.047185,0.034633822157697614,1.326,1.46
16349141,0.047261,0.03469520504833238,1.325,1.46
10518088,0.047285,0.03471364303525563,1.325,1.459
14806240,0.04737,0.03478051686243493,1.324,1.459
7422131,0.047385,0.034793695110141826,1.324,1.458
6218204,0.047479,0.03486692686384639,1.323,1.458
8500905,0.047487,0.034873862783692124,1.323,1.457
12675719,0.047587,0.03495426165457061,1.323,1.456
9405210,0.047589,0.03495576443720386,1.322,1.456
14070650,0.047688,0.035034833923445245,1.322,1.455
11752793,0.047698,0.03504286803059989,1.321,1.455
5506369,0.047789,0.03511563738964807,1.321,1.454
4654317,0.047808,0.035129393630675444,1.32,1.454
15610756,0.04789,0.03519655645451499,1.32,1.453
8444629,0.047919,0.035217711010044485,1.319,1.453
13439826,0.04799,0.0352777067167101,1.319,1.452
3737227,0.048029,0.03530631738607376,1.318,1.452
8647145,0.048097,0.03535903037690135,1.318,1.451
14796168,0.04814,0.03539411457145437,1.317,1.451
6873194,0.048195,0.03544052743508875,1.317,1.45
8249536,0.048251,0.03548595771007832,1.316,1.45
6128315,0.048294,0.03552225569060434,1.316,1.449
8290850,0.048362,0.03557375489545893,1.315,1.449
977837,0.048397,0.035604099544784024,1.315,1.448
16007004,0.048474,0.03566305486347278,1.314,1.448
6970468,0.048503,0.03568623239562394,1.314,1.447
12763561,0.048585,0.035748482276239425,1.313,1.447
8737134,0.048613,0.03576848084512796,1.313,1.446
2536666,0.048697,0.0358370886522687,1.312,1.446
4616579,0.048715,0.035850902692628125,1.312,1.445
11800324,0.04881,0.03592719781093122,1.311,1.445
10964916,0.048818,0.03593355573745648,1.311,1.444
5668645,0.048922,0.03601395460833497,1.31,1.444
2347280,0.048925,0.03601638218028097,1.31,1.443
1588281,0.049028,0.03609943982043366,1.31,1.442
14981149,0.049035,0.03610435276365772,1.309,1.442
11179085,0.049135,0.03618267085858249,1.309,1.441
7887203,0.049148,0.03619272794235881,1.308,1.441
10358869,0.049241,0.036266075294727466,1.308,1.44
13604900,0.049261,0.03628058292707146,1.307,1.44
7944304,0.049352,0.03634965312886858,1.307,1.439
6259115,0.049375,0.03636681953048678,1.306,1.439
15547114,0.049463,0.03643346216033789,1.306,1.438
17107401,0.049489,0.03645554150518015,1.305,1.438
76896,0.049563,0.03651744458980334,1.305,1.437
6684153,0.049603,0.03654911862376554,1.304,1.437
15742921,0.049665,0.036601600417264936,1.304,1.436
5575443,0.049717,0.036642291147026586,1.303,1.436
14211855,0.049773,0.03668598744205472,1.303,1.435
6667701,0.049832,0.03673320949633778,1.302,1.435
11458787,0.04988,0.03677054786484066,1.302,1.434
6189841,0.049946,0.03682250946435162,1.301,1.434
12673763,0.049985,0.03685533948495478,1.301,1.433
11136696,0.050062,0.0369137746096551,1.3,1.433
1988158,0.050093,0.03694030450306504,1.3,1.432
16802287,0.050177,0.03700538655095086,1.299,1.432
14699041,0.050201,0.037025442919171446,1.299,1.431
4437236,0.050293,0.0371015646394784,1.298,1.431
9796761,0.050306,0.03711081253260605,1.298,1.43
14676106,0.050409,0.037189477423523104,1.297,1.43
4901021,0.050416,0.03719635554403679,1.297,1.429
3368973,0.050525,0.0372789507895331,1.296,1.429
865639,0.050528,0.037282071953463676,1.296,1.428
6693473,0.050635,0.037368019560218756,1.296,1.427
16819583,0.050641,0.037372296710790294,1.295,1.427
13955447,0.050739,0.03745419836430202,1.295,1.426
1899806,0.050758,0.03746945738796264,1.294,1.426
6252053,0.050852,0.037540550566381434,1.294,1.425
7785252,0.050875,0.03755927754996492,1.293,1.425
14698382,0.050959,0.03762707616645699,1.293,1.424
10106968,0.050992,0.037653952855859214,1.292,1.424
3793032,0.051066,0.03771377516452869,1.292,1.423
2723824,0.05111,0.03774805016843304,1.291,1.423
6236836,0.051178,0.03780076315926063,1.291,1.422
10188792,0.051228,0.03783902631707627,1.29,1.422
5334562,0.051293,0.03788786675265666,1.29,1.421
16457916,0.051346,0.03793063825837203,1.289,1.421
16978916,0.051398,0.03797520154338088,1.289,1.42
5400806,0.051464,0.038026122754914994,1.288,1.42
7184011,0.051509,0.0380627675314333,1.288,1.419
13125080,0.051583,0.038122300843442536,1.287,1.419
5914396,0.051619,0.03815050691748186,1.287,1.418
884708,0.051702,0.03821321919275372,1.286,1.418
2934317,0.051735,0.03823847750085861,1.286,1.417
4944316,0.051821,0.038304773334717435,1.285,1.417
5978777,0.051848,0.0383266214822315,1.285,1.416
10691403,0.05194,0.03839887064729125,1.284,1.416
6340454,0.051957,0.03841493886160054,1.284,1.415
4129920,0.05206,0.03849770750509299,1.283,1.415
3240772,0.052066,0.03850348743829777,1.283,1.414
2550462,0.05218,0.038592093814327044,1.282,1.414
12800193,0.05218,0.038592267212323186,1.282,1.413
9751041,0.052294,0.03868122038434475,1.282,1.412
7795107,0.0523,0.038685844330908575,1.281,1.412
6143216,0.052405,0.038770404753694504,1.281,1.411
5419587,0.052421,0.038782427014760444,1.28,1.411
7486790,0.052516,0.038859762521040404,1.28,1.41
7070589,0.052542,0.038881668467886515,1.279,1.41
5451825,0.052632,0.03894935148571449,1.279,1.409
5918212,0.052663,0.03897460979381938,1.278,1.409
2697764,0.052744,0.039039171647716774,1.278,1.408
448135,0.052784,0.039073446651621116,1.277,1.408
8031139,0.052854,0.03912916520771519,1.277,1.407
8570786,0.052906,0.03917153211810623,1.276,1.407
5130263,0.052968,0.03921933216570976,1.276,1.406
7791968,0.053028,0.03926684321665305,1.275,1.406
13579697,0.053083,0.03930973032103252,1.275,1.405
9778455,0.05315,0.039362790107852395,1.274,1.405
19876,0.053196,0.039400359673683466,1.274,1.404
1147604,0.053273,0.03946023978168499,1.273,1.404
2224689,0.05331,0.03949122022366261,1.273,1.403
6551386,0.053395,0.03956248680007755,1.272,1.403
6465220,0.05342,0.03958225417163789,1.272,1.402
12572698,0.053519,0.039663462233165046,1.271,1.402
7254697,0.053531,0.03967346151760932,1.271,1.401
7716053,0.053642,0.03975900452904006,1.27,1.401
16598726,0.053651,0.039764957860240986,1.27,1.4
290152,0.053765,0.03985662760086879,1.27,1.399
6591054,0.053766,0.039857089995525175,1.269,1.399
2420290,0.05388,0.039948470739492745,1.269,1.398
16365123,0.053889,0.03995471306735391,1.268,1.398
4612313,0.053988,0.04004060287477694,1.268,1.397
10466219,0.054014,0.040060832640993665,1.267,1.397
9410694,0.05411,0.04013285060872523,1.267,1.396
9335203,0.054138,0.040153427170934244,1.266,1.396
6398843,0.054227,0.04022538733933375,1.266,1.395
2541813,0.054263,0.04025353561404103,1.265,1.395
6858414,0.054343,0.04031809746793842,1.265,1.394
249561,0.054388,0.040355840431765634,1.264,1.394
5215400,0.054456,0.040411038793871285,1.264,1.393
14672738,0.054513,0.04045589107554037,1.263,1.393
15217746,0.054572,0.04050421131713233,1.263,1.392
7054484,0.054639,0.04055565272265488,1.262,1.392
13463002,0.054693,0.04059761503772158,1.262,1.391
5450151,0.054765,0.040654431781124566,1.261,1.391
12412929,0.054811,0.04069119215630696,1.261,1.39
13039855,0.054891,0.040755580612208214,1.26,1.39
10821511,0.054928,0.04078500047222054,1.26,1.389
13508584,0.055018,0.04086060199853907,1.259,1.389
4385616,0.055041,0.040878982186130265,1.259,1.388
12911216,0.055145,0.04096435179956486,1.258,1.388
7373689,0.055154,0.04097325289670022,1.258,1.387
7749829,0.055267,0.04106769700526633,1.258,1.386
5875456,0.055272,0.04107081816919691,1.257,1.386
14528308,0.055389,0.04116237231116062,1.257,1.385
2203814,0.055399,0.04117005962232298,1.256,1.385
11437869,0.055504,0.04125727881438311,1.256,1.384
9778428,0.055527,0.041277335182603694,1.255,1.384
10152039,0.055618,0.041352358715601736,1.255,1.383
5875934,0.055655,0.04138339695691141,1.254,1.383
1622283,0.055734,0.04144766981414856,1.254,1.382
9018056,0.055783,0.04148616416929239,1.253,1.382
15589816,0.055852,0.04154321211002357,1.253,1.381
4200521,0.055912,0.04158870018434519,1.252,1.381
9094666,0.055975,0.04163898560322678,1.252,1.38
1114847,0.056041,0.04169314357735556,1.251,1.38
13798872,0.056089,0.04173499029375817,1.251,1.379
8873526,0.05617,0.04179521719775198,1.25,1.379
6082737,0.056217,0.041831226181617755,1.25,1.378
7871160,0.056299,0.041895152242862624,1.249,1.378
6813476,0.056339,0.04192763546747348,1.249,1.377
10749881,0.056429,0.04200000023119733,1.248,1.377
15355090,0.056457,0.04202427595065741,1.248,1.376
9173664,0.056559,0.04210369223289108,1.247,1.376
5696583,0.056578,0.04212114763116952,1.247,1.375
10638140,0.05669,0.042209985204526984,1.246,1.375
7065398,0.056702,0.04221825050900982,1.246,1.374
5793234,0.05682,0.042312636818243876,1.245,1.374
16595068,0.056823,0.04231558458417831,1.245,1.373
983807,0.056948,0.042413149856675,1.245,1.372
5251091,0.056951,0.04241494163596848,1.244,1.372
16490608,0.057073,0.04251088852716783,1.244,1.371
8262507,0.057083,0.04251874923632633,1.243,1.371
9409631,0.057199,0.04260891619432089,1.243,1.37
1614169,0.057214,0.04262018706407021,1.242,1.37
10720191,0.057328,0.0427071172594701,1.242,1.369
1461657,0.057346,0.042719717513856524,1.241,1.369
14899835,0.057453,0.042805549521947504,1.241,1.368
13647959,0.057478,0.042825259094175804,1.24,1.368
5772631,0.057576,0.04290427078108514,1.24,1.367
11367937,0.057611,0.0429316676644758,1.239,1.367
10449308,0.057699,0.04300316543821893,1.239,1.366
2349865,0.057744,0.04303969461607314,1.238,1.366
8711951,0.057822,0.04310229129268091,1.238,1.365
11548083,0.057877,0.04314668117969361,1.237,1.365
8304791,0.057944,0.04320164834447107,1.237,1.364
150603,0.05801,0.043258291689877916,1.236,1.364
797040,0.058059,0.04330123659358943,1.236,1.363
10556582,0.058144,0.04336643424013935,1.235,1.363
9541748,0.058187,0.04340105604003598,1.235,1.362
12124994,0.058278,0.04347243821511501,1.234,1.362
6184312,0.058314,0.04350110668381072,1.234,1.361
11442479,0.058412,0.04357959817673163,1.233,1.361
5443680,0.058439,0.04360138852491365,1.233,1.36
8615450,0.058547,0.043688549917641734,1.232,1.36
7757735,0.058564,0.043701901563344775,1.232,1.359
4085238,0.058682,0.043797732855880026,1.231,1.359
12339001,0.058688,0.04380264579910409,1.231,1.358
1244711,0.058813,0.04390362123219159,1.231,1.357
17156524,0.058817,0.04390633780079784,1.23,1.357
317039,0.058943,0.04400482786260729,1.23,1.356
13253477,0.058953,0.04401280417042989,1.229,1.356
7392530,0.059074,0.04410626569035118,1.229,1.355
9155852,0.059089,0.04411632277412749,1.228,1.355
15616763,0.059202,0.04420793471542325,1.228,1.354
15219658,0.059225,0.04422654610034265,1.227,1.354
8420053,0.059328,0.044309834937823527,1.227,1.353
3622147,0.059361,0.04433416845661565,1.226,1.353
13240240,0.059456,0.044411966357551985,1.226,1.352
15805933,0.059498,0.044444854177487184,1.225,1.352
9084293,0.059587,0.044514386773940685,1.225,1.351
10156611,0.059635,0.04455137834645128,1.224,1.351
3081240,0.059719,0.04461698058832553,1.224,1.35
8809700,0.059773,0.0446583071107397,1.223,1.35
16248948,0.059848,0.04471986339937061,1.223,1.349
5185543,0.059911,0.04477159380155339,1.222,1.349
4037474,0.059975,0.04482291960841184,1.222,1.348
4767662,0.060049,0.04487950515448663,1.221,1.348
17283238,0.060105,0.044926264814113305,1.221,1.347
13530481,0.060187,0.044993196440624654,1.22,1.347
2449718,0.060229,0.04502984121714296,1.22,1.346
9516200,0.060326,0.04510515374680124,1.219,1.346
8376722,0.060361,0.04513364881750081,1.219,1.345
9751070,0.060465,0.04521601286566892,1.218,1.345
9601312,0.060491,0.045237687615186845,1.218,1.344
11323708,0.060604,0.04532727657986093,1.217,1.344
8002623,0.060625,0.04534195761020107,1.217,1.343
812610,0.060744,0.04543443654147755,1.216,1.343
1476106,0.060758,0.04544645880254349,1.216,1.342
10770052,0.060884,0.04555072879755773,1.215,1.342
15315112,0.060884,0.04555124899154615,1.215,1.341
5683037,0.061016,0.045656270377877006,1.215,1.34
14854385,0.061024,0.045661587916425404,1.214,1.34
14632628,0.061146,0.045761522961536044,1.214,1.339
13408871,0.061165,0.04577672418586462,1.213,1.339
15135266,0.061281,0.04586700674252328,1.213,1.338
17049787,0.061306,0.04588671631475158,1.212,1.338
6999482,0.061409,0.0459727217208387,1.212,1.337
8715346,0.061447,0.04600277737350356,1.211,1.337
246553,0.06154,0.04607872569581437,1.211,1.336
9735337,0.061589,0.04611774024494664,1.21,1.336
15489237,0.061672,0.04618490306878618,1.21,1.335
1799667,0.061731,0.046231836126408986,1.209,1.335
3982756,0.061805,0.046291369438418224,1.209,1.334
6457026,0.061873,0.04634552741254701,1.208,1.334
2033665,0.061936,0.046398124804710505,1.208,1.333
4101967,0.062016,0.04646072148131827,1.207,1.333
6595533,0.062069,0.046505053568998936,1.207,1.332
6556478,0.062159,0.04657452836612039,1.206,1.332
1207124,0.062203,0.0466122713299476,1.206,1.331
11831395,0.062302,0.04669076282286851,1.205,1.331
1712218,0.062336,0.046719720288224464,1.205,1.33
959281,0.062446,0.04680913585490241,1.204,1.33
10240769,0.062466,0.04682740044382951,1.204,1.329
282591,0.06259,0.04692826027825292,1.203,1.329
6617509,0.062598,0.0469353695960948,1.203,1.328
8556992,0.062729,0.04704356994568828,1.203,1.327
15573195,0.062734,0.047047847096259816,1.202,1.327
9073625,0.062859,0.04715200149260995,1.202,1.326
14159679,0.062879,0.0471691100948961,1.201,1.326
1435366,0.062987,0.04726072203619186,1.201,1.325
6540060,0.063024,0.04728811891958252,1.2,1.325
7823580,0.063126,0.04736967377710196,1.2,1.324
10040089,0.063169,0.04740377538301016,1.199,1.324
11984274,0.063262,0.04747885671534025,1.199,1.323
13576438,0.063315,0.04752128142506334,1.198,1.323
5345176,0.0634,0.047588328650238786,1.198,1.322
3793626,0.06346,0.047635666303185935,1.197,1.322
11496187,0.063537,0.04769803178246551,1.197,1.321
17163416,0.063607,0.047754617328540305,1.196,1.321
8323288,0.063671,0.04780796611202042,1.196,1.32
2004813,0.063753,0.04787524453452406,1.195,1.32
6515209,0.0638,0.04791818943823557,1.195,1.319
8495168,0.0639,0.04799864610844611,1.194,1.319
9679237,0.063938,0.04802864396177892,1.194,1.318
13471824,0.064048,0.048115631956510856,1.193,1.318
12675801,0.064076,0.04813932968265046,1.193,1.317
2152610,0.064195,0.048241981296367344,1.192,1.317
3561461,0.064205,0.04825030440018223,1.192,1.316
8584245,0.064342,0.04836156811437424,1.192,1.315
6934648,0.064343,0.04836260850235111,1.191,1.315
9763369,0.064479,0.04847306302589445,1.191,1.314
12656842,0.064492,0.0484820797216939,1.19,1.314
12451145,0.064625,0.048584789134742845,1.19,1.313
12847556,0.06464,0.04859698479380493,1.189,1.313
9805697,0.064764,0.048696804240251475,1.189,1.312
5313943,0.064789,0.04871622481581954,1.188,1.312
2994764,0.064909,0.0488090505430883,1.188,1.311
13988272,0.064939,0.04883084089127032,1.187,1.311
15231054,0.065048,0.04892152804325332,1.187,1.31
13899679,0.065088,0.048955629649161524,1.186,1.31
4466105,0.065188,0.04903435233941063,1.186,1.309
5326307,0.065238,0.04907330908921084,1.185,1.309
13756103,0.065332,0.049147350033564075,1.185,1.308
1329756,0.065389,0.04919162432191269,1.184,1.308
4908651,0.065475,0.049260636724377756,1.184,1.307
2515465,0.06554,0.04931537269182702,1.183,1.307
831486,0.065615,0.049374212411851685,1.183,1.306
11487198,0.065691,0.04943386132252501,1.182,1.306
7863256,0.065757,0.0494880192966538,1.182,1.305
6797701,0.065842,0.049555933511809966,1.181,1.305
16424240,0.065903,0.049602115178116156,1.181,1.304
15089152,0.065994,0.04967540473115276,1.18,1.304
13833388,0.066042,0.049716442256906704,1.18,1.303
886560,0.066146,0.04980054028503625,1.179,1.303
14597097,0.066184,0.049831058332357486,1.179,1.302
1666072,0.066298,0.04992030050103929,1.178,1.302
3703938,0.066331,0.04994596340446851,1.178,1.301
3452643,0.066451,0.05004277728564858,1.177,1.301
8962012,0.066472,0.050061099673907726,1.177,1.3
5282531,0.066604,0.05016710364888339,1.176,1.3
16540897,0.066616,0.050176467140675134,1.176,1.299
4438364,0.066758,0.0502876730555351,1.175,1.299
11515033,0.066762,0.05029218140343483,1.175,1.298
11697198,0.06691,0.050408069064190666,1.175,1.297
10576614,0.066912,0.05040939844882777,1.174,1.297
17063085,0.067056,0.05052430352093879,1.174,1.296
6876388,0.067066,0.05053187523343705,1.173,1.296
13136271,0.067203,0.05064076917501511,1.173,1.295
11333024,0.067221,0.050655508004687294,1.172,1.295
17139044,0.067343,0.05075752382575166,1.172,1.294
16046564,0.067376,0.05078486290981027,1.171,1.294
10773148,0.067481,0.050874509673816404,1.171,1.293
5799552,0.067531,0.050916587587547205,1.17,1.293
571462,0.067625,0.05099178451854139,1.17,1.292
478933,0.067687,0.05103912217148854,1.169,1.292
6204712,0.067778,0.051109348359926615,1.169,1.291
17151933,0.067843,0.051159807176804344,1.168,1.291
11450982,0.067926,0.051227143398640027,1.168,1.29
13189175,0.067999,0.05128586752000059,1.167,1.29
13415868,0.068076,0.05134522743401368,1.167,1.289
17284223,0.068156,0.05141146546854046,1.166,1.289
8368199,0.068222,0.051463600466047574,1.166,1.288
49663,0.068313,0.051537699209732855,1.165,1.288
16254982,0.068368,0.0515822624947417,1.165,1.287
2745980,0.06847,0.0516637595529291,1.164,1.287
8828074,0.068516,0.05170115572076403,1.164,1.286
5786495,0.068628,0.05179473283934941,1.163,1.286
6290900,0.068659,0.05182033794344659,1.163,1.285
5718584,0.068786,0.051924954734453105,1.162,1.285
9894158,0.068805,0.05193980916278939,1.162,1.284
147445,0.068945,0.05204893430169564,1.161,1.284
16201653,0.068957,0.052059511579460385,1.161,1.283
1617622,0.069103,0.052179560792123665,1.161,1.282
8976149,0.069104,0.05218002318678004,1.16,1.282
9260499,0.069257,0.05229984120211513,1.16,1.281
16728900,0.069263,0.05230446514867895,1.159,1.281
3401482,0.069408,0.05242041060876684,1.159,1.28
9690996,0.069423,0.05243243286983278,1.158,1.28
12325805,0.069555,0.05254121121274674,1.158,1.279
13512607,0.069583,0.0525631749589249,1.157,1.279
14796135,0.069709,0.05266235861271893,1.157,1.278
4380378,0.069743,0.0526894087001173,1.156,1.278
14706553,0.069863,0.052783737210019305,1.156,1.277
943220,0.069904,0.05281616263529812,1.155,1.277
7394950,0.070018,0.05290540480397992,1.155,1.276
1340551,0.070065,0.05294216517916232,1.154,1.276
12445890,0.070164,0.05302736139460078,1.154,1.275
3563130,0.070227,0.0530807101780809,1.153,1.275
16689224,0.070312,0.053149606981881876,1.153,1.274
8695599,0.070389,0.053213417444462646,1.152,1.274
11347543,0.070455,0.05327214156582321,1.152,1.273
801651,0.070551,0.053349997266091596,1.151,1.273
12745183,0.070604,0.053394965146424785,1.151,1.272
5759427,0.070714,0.05348501650575525,1.15,1.272
6946344,0.070752,0.053518019924354544,1.15,1.271
15844341,0.070877,0.05362240551803287,1.149,1.271
1822391,0.0709,0.053641421498276595,1.149,1.27
11406994,0.07104,0.05375574857706714,1.148,1.27
5014266,0.071051,0.05376505426952684,1.148,1.269
1018620,0.071204,0.053884872284861926,1.147,1.269
3993999,0.071209,0.05388903383676937,1.147,1.268
11883375,0.071358,0.05401324460134009,1.147,1.267
3979802,0.071368,0.054021220909162684,1.146,1.267
4220075,0.071513,0.05413774436257105,1.146,1.266
9191722,0.071532,0.05415323458355986,1.145,1.266
7578865,0.071668,0.054262533120462246,1.145,1.265
2665514,0.071697,0.05428409227131607,1.144,1.265
6031277,0.071838,0.05438766867434573,1.144,1.264
9355838,0.071863,0.05440691585191765,1.143,1.264
2301168,0.071993,0.05451303542555741,1.143,1.263
9302512,0.072028,0.054540894703604445,1.142,1.263
5104948,0.072156,0.05463869117342932,1.142,1.262
7746452,0.072194,0.054671694592028613,1.141,1.262
2340551,0.072309,0.05476463591796148,1.141,1.261
5884149,0.072361,0.05480486425306674,1.14,1.261
4241461,0.072467,0.05489086965915387,1.14,1.26
11087345,0.072528,0.054939536696738116,1.139,1.26
10116654,0.072624,0.0550173923970065,1.139,1.259
15930982,0.072695,0.055071608170467336,1.138,1.259
841277,0.072785,0.055144261930851424,1.138,1.258
10817269,0.072862,0.05520865038675267,1.137,1.258
9181916,0.072939,0.05527136266202453,1.137,1.257
4765390,0.07303,0.055352339526223496,1.136,1.257
3869013,0.073088,0.05539881018918993,1.136,1.256
12677098,0.073199,0.055486607374570535,1.135,1.256
6377764,0.073246,0.05552648891368352,1.135,1.255
9868706,0.073367,0.05562145321623805,1.134,1.255
11112694,0.073408,0.05565451443416939,1.134,1.254
8253907,0.073536,0.05576040281048096,1.133,1.254
11182164,0.073564,0.05578277115198346,1.133,1.253
15424198,0.073706,0.055897098230774,1.132,1.253
12103626,0.073723,0.05591137466578981,1.132,1.252
14626770,0.073876,0.056035065236372104,1.131,1.252
16698300,0.073882,0.0560402671762564,1.131,1.251
15780792,0.074043,0.056169448683383236,1.131,1.25
1123419,0.074046,0.05617118266334467,1.13,1.25
13670447,0.074199,0.0562989191871703,1.13,1.249
15897226,0.074217,0.056311577240888776,1.129,1.249
15487116,0.074357,0.05642873648694966,1.129,1.248
11567131,0.074388,0.05645347460106612,1.128,1.248
13915007,0.074516,0.05655878498405721,1.128,1.247
12759152,0.074559,0.0565946783692589,1.127,1.247
14151321,0.07467,0.056689180277157046,1.127,1.246
1285374,0.074731,0.05673830970939767,1.126,1.246
11247746,0.074834,0.05681986456691712,1.126,1.245
5026104,0.074904,0.05687818409295335,1.125,1.245
2115783,0.074989,0.05695083785333743,1.125,1.244
15428178,0.075076,0.05702493659702271,1.124,1.244
17093662,0.075147,0.057082157935750034,1.124,1.243
3930932,0.075249,0.05716382839193357,1.123,1.243
14598774,0.075312,0.05721370921549082,1.123,1.242
3246449,0.075423,0.05730289358484058,1.122,1.242
749042,0.075476,0.0573456072912239,1.122,1.241
2066787,0.075597,0.057446467125647306,1.121,1.241
15423103,0.075633,0.05747779436361722,1.121,1.24
9849194,0.075771,0.057587555295175986,1.12,1.24
13965594,0.075797,0.05761032823200282,1.12,1.239
10563456,0.075946,0.057728065471384184,1.119,1.239
16648798,0.075964,0.05774309329771662,1.119,1.238
5717606,0.076121,0.05787233260417549,1.118,1.238
9468202,0.076126,0.0578762051594227,1.118,1.237
17223106,0.076296,0.058009143623132635,1.117,1.237
6443267,0.076297,0.05800966381712106,1.117,1.236
2537036,0.076468,0.058143353672147624,1.117,1.235
10383493,0.076472,0.0581465904347423,1.116,1.235
5411168,0.076639,0.05827739032316647,1.116,1.234
11148462,0.076648,0.058284384042344255,1.115,1.234
160239,0.076804,0.0584117737701776,1.115,1.233
6505742,0.076825,0.058427148392502314,1.114,1.233
16373696,0.076968,0.058546388414516926,1.114,1.232
16539656,0.077002,0.058577253257830454,1.113,1.232
3578506,0.077131,0.05868134985484854,1.113,1.231
14209192,0.07718,0.058723774564571625,1.112,1.231
3153111,0.077285,0.05881665809117244,1.112,1.23
2477935,0.077358,0.05887619140318167,1.111,1.23
5868392,0.077444,0.05895225532415657,1.111,1.229
1995506,0.077536,0.05902554487719318,1.11,1.229
12031869,0.07761,0.059088141553800946,1.11,1.228
1929390,0.077715,0.05917327996990736,1.109,1.228
7210495,0.077778,0.05922431678010556,1.109,1.227
792677,0.077894,0.059316969109378184,1.108,1.227
4455201,0.077947,0.05936083880240246,1.108,1.226
7578365,0.078073,0.05946383721211164,1.107,1.226
17182509,0.078112,0.059497707620691655,1.107,1.225
9130388,0.078253,0.059610589716181,1.106,1.225
842538,0.078282,0.05963486543564108,1.106,1.224
4868715,0.078434,0.05975491464830436,1.105,1.224
10328711,0.078455,0.05977231224725075,1.105,1.223
13444316,0.078615,0.059899701975084096,1.104,1.223
3123272,0.078629,0.0599101058548527,1.104,1.222
7500177,0.078796,0.06004732146913418,1.103,1.222
11489794,0.078796,0.06004824625844694,1.103,1.221
5963866,0.078966,0.060186675658701415,1.103,1.22
3115430,0.078977,0.06019609694982521,1.102,1.22
8889271,0.079136,0.060325394055616134,1.102,1.219
3142647,0.079159,0.06034388984187143,1.101,1.219
7420270,0.079303,0.06046445924852314,1.101,1.218
11267999,0.079342,0.06049671127580581,1.1,1.218
5769689,0.07947,0.06060387123742243,1.1,1.217
6361500,0.079525,0.060649185913747905,1.099,1.217
1534902,0.079633,0.06074357222298196,1.099,1.216
4393042,0.079708,0.060802238545010476,1.098,1.216
10789017,0.079803,0.06088356220520173,1.098,1.215
16848589,0.079892,0.060956504962246055,1.097,1.215
2332985,0.079973,0.06102395678274584,1.097,1.214
4332437,0.080076,0.06110782361354719,1.096,1.214
6459083,0.080141,0.061164582557618134,1.096,1.213
2445299,0.080261,0.06126093404414181,1.095,1.213
1501200,0.080318,0.06130561292781476,1.095,1.212
8992536,0.080446,0.06141150130412633,1.094,1.212
7011240,0.080489,0.06144693229467163,1.094,1.211
16706746,0.080631,0.061567328303327194,1.093,1.211
2659502,0.080657,0.061588598457520786,1.093,1.21
8839284,0.080817,0.06171766436598352,1.092,1.21
8944555,0.080834,0.06173055361703018,1.092,1.209
7292634,0.081003,0.061869387612608996,1.091,1.209
2504983,0.081007,0.06187285557253186,1.091,1.208
1549469,0.08118,0.06201550432402583,1.091,1.207
9150287,0.08119,0.06202244024387157,1.09,1.207
5037795,0.081356,0.062158442072180034,1.09,1.206
13782382,0.081377,0.0621766488617751,1.089,1.206
11906291,0.081526,0.06230172661632653,1.089,1.205
9691354,0.081565,0.06233484563358992,1.088,1.205
4459510,0.081691,0.06244535795646531,1.088,1.204
14448124,0.081753,0.06249489198403028,1.087,1.204
4779767,0.081869,0.06258933609259638,1.087,1.203
9068889,0.081941,0.0626463262339955,1.086,1.203
9645721,0.082044,0.06273360322538768,1.086,1.202
2906243,0.08213,0.0628025578285207,1.085,1.202
10271023,0.082222,0.06287821715417127,1.085,1.201
13306276,0.082319,0.06295653524909604,1.084,1.201
9645483,0.082402,0.06302317787894716,1.084,1.2
7800094,0.082509,0.0631087208903779,1.083,1.2
17278512,0.082581,0.06316842760038328,1.083,1.199
14140986,0.082699,0.06326922963547464,1.082,1.199
9695186,0.082752,0.06331408191714373,1.082,1.198
13021888,0.08289,0.06343095216654439,1.081,1.198
12314976,0.082925,0.06346002523056443,1.081,1.197
4583550,0.083081,0.06359122971431293,1.08,1.197
17027271,0.083099,0.0636063153399774,1.08,1.196
12722905,0.083273,0.06374145017830515,1.079,1.196
16870884,0.083285,0.06375295224538267,1.079,1.195
3986705,0.083463,0.06389987814744817,1.079,1.194
9699150,0.083465,0.06390109193342118,1.078,1.194
13156579,0.083644,0.06404720864483801,1.078,1.193
7727851,0.083657,0.06405720792928228,1.077,1.193
12546989,0.083822,0.06419482813888809,1.077,1.192
16946549,0.08385,0.06421500010577277,1.076,1.192
4148207,0.084005,0.06434285222826251,1.076,1.191
12520231,0.084043,0.06437302347959147,1.075,1.191
8200917,0.084188,0.06449116531429716,1.075,1.19
1732413,0.084237,0.06453185604405881,1.074,1.19
8326523,0.084366,0.06463982519632411,1.074,1.189
95933,0.084431,0.0646938675717888,1.073,1.189
10808134,0.084547,0.06478883187434333,1.073,1.188
11747733,0.084626,0.06485489651087396,1.072,1.188
12351040,0.084728,0.06493818534835484,1.072,1.187
2445950,0.084821,0.06501107030606712,1.071,1.187
5368311,0.084911,0.06508788561835864,1.071,1.186
9978962,0.085016,0.06517666539238406,1.07,1.186
257971,0.085089,0.06523793268435472,1.07,1.185
13185976,0.085212,0.06533572915417961,1.069,1.185
16883567,0.085277,0.0653883265463431,1.069,1.184
12660370,0.085409,0.06549508191263538,1.068,1.184
1727544,0.085462,0.06553906720432376,1.068,1.183
2002439,0.085606,0.06565767143368584,1.067,1.183
15439449,0.085643,0.06569015465829671,1.067,1.182
7277893,0.085803,0.0658215903393734,1.066,1.182
14009673,0.085828,0.06584158890826194,1.066,1.181
4321983,0.086001,0.06598995979362864,1.065,1.181
5846049,0.086004,0.06599336995421946,1.065,1.18
206521,0.086194,0.06614549779616927,1.065,1.179
14449210,0.086199,0.06614913915408828,1.064,1.179
11220612,0.086383,0.06629797243411137,1.064,1.178
13010288,0.086398,0.06630935890252478,1.063,1.178
2414038,0.086569,0.06645079386804574,1.063,1.177
4502472,0.086597,0.0664729888115521,1.062,1.177
9109283,0.086756,0.06660396209797241,1.062,1.176
6982524,0.086797,0.06663835270054085,1.061,1.176
3022348,0.08695,0.06675753492322341,1.061,1.175
3574393,0.086997,0.0667987458469735,1.06,1.175
15435070,0.087137,0.06691139674513466,1.06,1.174
11365608,0.087197,0.06695977478605866,1.059,1.174
11483841,0.087325,0.06706566316237023,1.059,1.173
7558631,0.087398,0.06712496527705127,1.058,1.173
2312627,0.087517,0.06722027637559809,1.058,1.172
1709020,0.0876,0.06728998237004774,1.057,1.172
2894278,0.087703,0.06737523638481824,1.057,1.171
13571322,0.087802,0.06745176270044953,1.056,1.171
17297632,0.087895,0.06753054319003068,1.056,1.17
14838126,0.088004,0.06762579648924545,1.055,1.17
16662976,0.088075,0.0676861967912354,1.055,1.169
8357939,0.088207,0.06779144937489444,1.054,1.169
9693358,0.088269,0.06784225498776446,1.054,1.168
8451518,0.08841,0.06796166840777522,1.053,1.168
12012427,0.088455,0.0679986599802858,1.053,1.167
14071095,0.088614,0.06813038465802274,1.052,1.167
3864732,0.088643,0.06815541176879944,1.052,1.166
1253416,0.088818,0.06830141288155217,1.051,1.166
12936234,0.088832,0.06831251035330535,1.051,1.165
951264,0.089014,0.06846995573380356,1.051,1.164
12105691,0.089023,0.06847712285097748,1.05,1.164
7942657,0.089204,0.0686278057096261,1.05,1.163
8898197,0.089228,0.0686475152818544,1.049,1.163
7401185,0.089391,0.06878600248144093,1.049,1.162
5459281,0.089434,0.06881998848868504,1.048,1.162
13087599,0.089585,0.06894460384858009,1.048,1.161
16954114,0.08964,0.06898725975563136,1.047,1.161
3674378,0.089784,0.06910349421237949,1.047,1.16
10238712,0.089847,0.06915643840053527,1.046,1.16
14186753,0.089978,0.06926284697083526,1.046,1.159
9455584,0.090054,0.06932527024944689,1.045,1.159
12987660,0.09017,0.06942248872595129,1.045,1.158
8553589,0.090261,0.06949728106162113,1.044,1.158
585613,0.090363,0.06958253507639164,1.044,1.157
11199465,0.09047,0.06967241303772598,1.043,1.157
6354452,0.090551,0.06974292822282428,1.043,1.156
14796144,0.090678,0.0698447706458925,1.042,1.156
16162544,0.090748,0.06990372596458126,1.042,1.155
14803004,0.090887,0.07001724385272314,1.041,1.155
735631,0.090946,0.07006487050233053,1.041,1.154
16747860,0.091097,0.07018971705955378,1.04,1.154
13440114,0.091142,0.07022636183607207,1.04,1.153
7586182,0.091307,0.07035878010579359,1.039,1.153
8922324,0.091346,0.07038825776513796,1.039,1.152
3804952,0.091517,0.07052749635604111,1.038,1.152
4304878,0.091545,0.07055050049019614,1.038,1.151
6139355,0.091728,0.07070494030542786,1.037,1.151
5688221,0.091737,0.07071314781057864,1.037,1.15
7576225,0.091937,0.07087614192695343,1.037,1.149
8291579,0.09194,0.07087804930491101,1.036,1.149
5245849,0.09214,0.07103954063865256,1.036,1.148
9614028,0.092151,0.07104809493979564,1.035,1.148
8710765,0.092339,0.07120328614634398,1.035,1.147
2213048,0.092364,0.07122155073527109,1.034,1.147
14678106,0.092543,0.07136743624935973,1.034,1.146
8217253,0.092577,0.07139442853742604,1.033,1.146
14090100,0.092737,0.07153199094769981,1.033,1.145
4531241,0.09279,0.07157464685475108,1.032,1.145
10585896,0.092938,0.07169689244203219,1.032,1.144
1884063,0.093004,0.07175243760013011,1.031,1.144
4978982,0.093135,0.07186214073235685,1.031,1.143
282911,0.093219,0.0719365862720344,1.03,1.143
3401793,0.093329,0.07202779361800583,1.03,1.142
5416613,0.093433,0.07210923287686118,1.029,1.142
8597713,0.093535,0.07219385109897916,1.029,1.141
14347836,0.093649,0.07228685022424407,1.028,1.141
4161762,0.09374,0.07236025537594477,1.028,1.14
4019133,0.093865,0.07246625935092044,1.027,1.14
11775622,0.093935,0.07252706424823473,1.027,1.139
7787222,0.094081,0.07265058142082087,1.026,1.139
9547991,0.094132,0.072694277715849,1.026,1.138
8597400,0.094298,0.07282790977154352,1.025,1.138
14512108,0.094336,0.07286183797945557,1.025,1.137
4989217,0.094515,0.07300639410890712,1.024,1.137
12731244,0.094542,0.07302980283838648,1.024,1.136
3462777,0.094733,0.07319389514207018,1.023,1.136
11583625,0.094738,0.07319817229264172,1.023,1.135
674149,0.094937,0.07336688854288924,1.023,1.134
4512646,0.094952,0.07338035578725638,1.022,1.134
9110347,0.095142,0.07353600938846111,1.022,1.133
3298376,0.09517,0.07355831993063155,1.021,1.133
940518,0.095346,0.0737055348293573,1.021,1.132
11621084,0.09539,0.07374420258249728,1.02,1.132
7176858,0.095548,0.07387546486557783,1.02,1.131
5129524,0.09561,0.07392690627110036,1.019,1.131
1865530,0.095751,0.07404574169779064,1.019,1.13
14962290,0.09583,0.07411174853498922,1.018,1.13
709207,0.095948,0.0742164231253278,1.018,1.129
7411098,0.096051,0.0743030065247354,1.017,1.129
2072042,0.09615,0.07438750914818928,1.017,1.128
13347995,0.096273,0.07448767539062812,1.016,1.128
16350471,0.09636,0.0745589997663751,1.016,1.127
11937148,0.096494,0.07466754691196087,1.015,1.127
10972848,0.09657,0.07473089497988525,1.015,1.126
13709684,0.096717,0.07484996160390373,1.014,1.126
10510637,0.096777,0.07490313698938769,1.014,1.125
1104650,0.09694,0.07504081499832556,1.013,1.125
11166092,0.096983,0.07507584139354652,1.013,1.124
5145842,0.097163,0.07522005072700577,1.012,1.124
1810253,0.097195,0.07524889259369763,1.012,1.123
17278659,0.097387,0.07541252250272495,1.011,1.123
1811060,0.097401,0.07542234838917307,1.011,1.122
944340,0.097604,0.07559620877997285,1.011,1.121
10527538,0.097612,0.0756029135024904,1.01,1.121
16484268,0.097816,0.07577047376609697,1.01,1.12
7292625,0.097837,0.07578735117105492,1.009,1.12
12379069,0.098027,0.07594514334754542,1.009,1.119
15258005,0.098062,0.07597404301356932,1.008,1.119
15145227,0.098241,0.0761202175243182,1.008,1.118
7623422,0.098288,0.07615836508346975,1.007,1.118
11048771,0.098452,0.07629569629641532,1.007,1.117
881256,0.098515,0.07634447893266366,1.006,1.117
7561759,0.098667,0.07647157966383678,1.006,1.116
10833897,0.098742,0.07653492773176115,1.005,1.116
13061289,0.098883,0.07664786762658256,1.005,1.115
12310075,0.09897,0.07672231316626013,1.004,1.115
7316681,0.099091,0.07682456018465268,1.004,1.114
9666657,0.099198,0.07691160597871667,1.003,1.114
9503461,0.099303,0.07700165733804713,1.003,1.113
16249558,0.099427,0.07710066759384501,1.002,1.113
6822040,0.099523,0.07717915908676592,1.002,1.112
3207260,0.099656,0.07728296668712378,1.001,1.112
1160356,0.099745,0.0773571232301411,1.001,1.111
1944806,0.099885,0.07747699904480825,1.0,1.111
13284247,0.099953,0.07753543416950856,1.0,1.11
11538063,0.100116,0.07766507807129178,0.999,1.11
14935913,0.100176,0.07771414970420036,0.999,1.109
4566771,0.100346,0.07785529567306108,0.998,1.109
9778369,0.100388,0.07789332763354853,0.998,1.108
4459586,0.100578,0.07805111981003902,0.997,1.108
11706073,0.100605,0.078072852358889,0.997,1.107
13692927,0.10081,0.07824324478976591,0.996,1.107
9847779,0.10082,0.07825283947888585,0.996,1.106
1742122,0.101042,0.07843242200355836,0.995,1.106
11461257,0.101043,0.07843323119420703,0.995,1.105
9654974,0.101263,0.07861402750485254,0.995,1.104
16707439,0.101275,0.07862408458862886,0.994,1.104
8382942,0.101479,0.07879528621015444,0.994,1.103
6790070,0.101508,0.0788188105382979,0.993,1.103
16509324,0.101693,0.07897689171144863,0.993,1.102
14267324,0.101742,0.07901781363853846,0.992,1.102
12027297,0.101914,0.07915895960739919,0.992,1.101
3954525,0.101977,0.07921028541425763,0.991,1.101
13453315,0.102135,0.0793414320986741,0.991,1.1
11318407,0.102212,0.07940235259465248,0.99,1.1
9160888,0.10236,0.07952436698460538,0.99,1.099
11177774,0.102448,0.07959782993563813,0.989,1.099
5952360,0.102583,0.07970770646586099,0.989,1.098
1988702,0.102684,0.07979330727662379,0.988,1.098
5663058,0.102802,0.07989145054244096,0.988,1.097
6798405,0.102921,0.07999167458421183,0.987,1.097
3215584,0.10302,0.08007559921434523,0.987,1.096
6706191,0.103158,0.08018865470783074,0.986,1.096
1277727,0.103244,0.08026021028090591,0.986,1.095
4691334,0.103396,0.08038338065749977,0.985,1.095
4715968,0.103475,0.08044522594279091,0.985,1.094
6660833,0.103634,0.0805794359918059,0.984,1.094
15412106,0.103694,0.08063064620000025,0.984,1.093
11148550,0.103873,0.08078190705196935,0.983,1.093
11889505,0.103916,0.08081652885186598,0.983,1.092
7632483,0.104112,0.08097715319562682,0.982,1.092
15524299,0.104145,0.08100281609905603,0.982,1.091
6291037,0.104352,0.08117401772058161,0.981,1.091
13186135,0.104373,0.08118956574090247,0.981,1.09
8323044,0.104593,0.08137504379744386,0.98,1.09
16409832,0.104594,0.08137671997807325,0.98,1.089
591963,0.104815,0.08156427881056835,0.98,1.088
4858580,0.104834,0.08158161861018269,0.979,1.088
13789629,0.105042,0.0817523578370519,0.979,1.087
560950,0.105076,0.08178154649973603,0.978,1.087
3947741,0.105263,0.08194078365952771,0.978,1.086
10051966,0.105318,0.08198471115188405,0.977,1.086
10915555,0.105488,0.08212967187665993,0.977,1.085
770342,0.105561,0.08218903179067301,0.976,1.085
12235545,0.105719,0.08231902248844851,0.976,1.084
11834162,0.105804,0.08238971107154297,0.975,1.084
5342423,0.105948,0.08250877769556143,0.975,1.083
5329052,0.106048,0.08259599688762156,0.974,1.083
1300595,0.106169,0.08269899529733074,0.974,1.082
3929985,0.106292,0.08280095331906306,0.973,1.082
11518320,0.106399,0.08288961749442439,0.973,1.081
12295496,0.106537,0.08300504276052384,0.972,1.081
6880371,0.106628,0.08308070208617441,0.972,1.08
14856141,0.106783,0.0832122533659152,0.971,1.08
15873118,0.106854,0.08327224907258082,0.971,1.079
3315796,0.107029,0.08342137134926414,0.97,1.079
401812,0.107079,0.08346420065431155,0.97,1.078
12685167,0.107276,0.08363441968719233,0.969,1.078
14616620,0.107303,0.08365661463069868,0.969,1.077
1213258,0.107523,0.08384220828590416,0.968,1.077
12818454,0.107531,0.08384943320241015,0.968,1.076
8354158,0.10776,0.08404271416877798,0.968,1.075
13284150,0.107771,0.08405069047660058,0.967,1.075
3324576,0.107993,0.0842364575298022,0.967,1.074
11551703,0.108019,0.0842587102726406,0.966,1.074
11620029,0.108215,0.08443066328548281,0.966,1.073
7481172,0.108268,0.08447459077783913,0.965,1.073
4332687,0.108445,0.08462527363648775,0.965,1.072
4163916,0.108518,0.0846830151692035,0.964,1.072
255679,0.108677,0.08482034638214907,0.964,1.071
1396612,0.108768,0.08489762408909697,0.963,1.071
15959725,0.108916,0.08501588152246678,0.963,1.07
10726311,0.109019,0.08510518149048063,0.962,1.07
36673,0.109143,0.08521187905744086,0.962,1.069
12648057,0.10927,0.08531788303241652,0.961,1.069
14286628,0.109377,0.08540833898707133,0.961,1.068
17242076,0.109522,0.08553341674162276,0.96,1.068
6917236,0.109605,0.08560520351202613,0.96,1.067
7078244,0.109775,0.0857467540762112,0.959,1.067
14875631,0.109844,0.08580253043163732,0.959,1.066
13833508,0.110028,0.08595777943751771,0.958,1.066
12663417,0.110083,0.08600031974590489,0.958,1.065
7472080,0.110281,0.08616770661151532,0.957,1.065
10720599,0.110318,0.08619857145482884,0.957,1.064
3772775,0.110536,0.0863809861467717,0.956,1.064
9570975,0.110554,0.08639728555840917,0.956,1.063
4383687,0.110785,0.0865964620566459,0.956,1.062
14199089,0.11079,0.08659987221723671,0.955,1.062
12206815,0.111025,0.08679610094953899,0.955,1.061
8037986,0.111046,0.08681240036117646,0.954,1.061
6697079,0.111268,0.08699614443775643,0.954,1.06
3779963,0.111302,0.08702643128774946,0.953,1.06
17047373,0.111499,0.08719670811996229,0.953,1.059
9010648,0.111558,0.08724572195353882,0.952,1.059
5926329,0.111743,0.08739773419682453,0.952,1.058
10808618,0.111815,0.0874561115221928,0.951,1.058
13865703,0.111986,0.08759922266834315,0.951,1.057
10697819,0.112073,0.08767407280334505,0.95,1.057
2157467,0.112226,0.08780111573518612,0.95,1.056
1282566,0.112332,0.08789070469986021,0.949,1.056
7813970,0.112465,0.08800352899601752,0.949,1.055
13086177,0.112591,0.08810745219503946,0.948,1.055
11349618,0.112711,0.08820640465150528,0.948,1.054
3513213,0.11285,0.08832333270023798,0.947,1.054
8304987,0.112951,0.08840974270164945,0.947,1.053
5101222,0.11311,0.08854516653663744,0.946,1.053
12381330,0.113191,0.08861354314644998,0.946,1.052
6724509,0.113371,0.08876595998506003,0.945,1.052
9890120,0.113435,0.08881780598590691,0.945,1.051
5180568,0.113632,0.08898449925953275,0.944,1.051
14983446,0.113675,0.08902258901935226,0.944,1.05
5324912,0.113894,0.08921037904917556,0.943,1.05
11141840,0.113913,0.08922777664812194,0.943,1.049
211932,0.114155,0.08943348447088006,0.943,1.048
14874640,0.114157,0.08943417806286463,0.942,1.048
2111966,0.114397,0.08963965468829456,0.942,1.047
11617393,0.11442,0.0896582082738819,0.941,1.047
3802500,0.114643,0.08984628730036544,0.941,1.046
7322587,0.114684,0.08988206508690302,0.94,1.046
15452655,0.114884,0.0900533823070927,0.94,1.045
11899142,0.114948,0.09010898526452268,0.939,1.045
11644586,0.115124,0.0902609975078084,0.939,1.044
2331131,0.115213,0.09033538524815392,0.938,1.044
15909074,0.115364,0.09046907510318047,0.938,1.043
11011877,0.115479,0.09056213202777744,0.937,1.043
637072,0.115613,0.09067761509320894,0.937,1.042
2679994,0.115745,0.09078564204480627,0.936,1.042
9130843,0.11586,0.09088667527722583,0.936,1.041
14695390,0.116012,0.09101655037633723,0.935,1.041
8867916,0.116111,0.09109619785589909,0.935,1.04
541775,0.116279,0.09124133197867113,0.934,1.04
1579991,0.116352,0.09130618282922875,0.934,1.039
7469129,0.116547,0.09147160451754956,0.933,1.039
12992676,0.116602,0.09151663019721479,0.933,1.038
4026050,0.116816,0.09169303375862467,0.932,1.038
7255558,0.116853,0.09172759775918926,0.932,1.037
14477547,0.117085,0.09192683205675801,0.931,1.037
8070275,0.117099,0.09193908551515215,0.931,1.036
11376488,0.117346,0.09215103566577143,0.931,1.035
15088993,0.117355,0.09215878077626584,0.93,1.035
10666860,0.117595,0.0923634482110471,0.93,1.034
9582068,0.117626,0.09238899551581223,0.929,1.034
2107542,0.117857,0.09257638095031119,0.929,1.033
12080855,0.117897,0.0926114651448642,0.928,1.033
7544176,0.118105,0.09278977608423165,0.928,1.032
3763913,0.118169,0.09284734421895127,0.927,1.032
8253565,0.118355,0.09300369141214057,0.927,1.031
17174623,0.118441,0.09306958265067505,0.926,1.031
6852967,0.118615,0.09321806913470586,0.926,1.03
6817591,0.118714,0.09330343874814045,0.925,1.03
6711184,0.118868,0.09343296705125957,0.925,1.029
10121653,0.118988,0.09353816183558657,0.924,1.029
12720053,0.119115,0.09364832736246967,0.924,1.028
1090559,0.119262,0.09377745107026444,0.923,1.028
2243068,0.119365,0.09386420786766819,0.923,1.027
16549051,0.119537,0.09401408153566815,0.922,1.027
2737222,0.119619,0.09408060856685516,0.922,1.026
16995649,0.119812,0.09424892022177835,0.921,1.026
5885002,0.119868,0.0942974716606985,0.921,1.025
9236383,0.120089,0.09448757366380371,0.92,1.025
4450194,0.120119,0.09451485494853028,0.92,1.024
6221870,0.120365,0.09473154464437747,0.919,1.024
861880,0.120366,0.09473275843035048,0.919,1.023
13953695,0.120629,0.09495112430682706,0.919,1.022
16494199,0.120643,0.09496129698926747,0.918,1.022
8184054,0.120883,0.09517001037729207,0.918,1.021
3585243,0.120921,0.0952022046052427,0.917,1.021
14530682,0.121136,0.09538941664174552,0.917,1.02
1386642,0.1212,0.09544230303056926,0.916,1.02
4649228,0.121391,0.09560928530085534,0.916,1.019
7976150,0.121479,0.09568974197106589,0.915,1.019
47248,0.12164,0.0958296741539536,0.915,1.018
6601697,0.121759,0.09592880000841558,0.914,1.018
4002447,0.121905,0.09605058320104029,0.914,1.017
2933752,0.12204,0.09616456348383856,0.913,1.017
6427476,0.122164,0.09627201244211542,0.913,1.016
7946374,0.122321,0.09640865006307642,0.912,1.016
13301766,0.122421,0.09649396187717896,0.912,1.015
1201153,0.122603,0.09664533832781215,0.911,1.015
16062689,0.122686,0.0967163737068989,0.911,1.014
10348488,0.122886,0.09689156348233577,0.91,1.014
349072,0.12294,0.0969393635299393,0.91,1.013
12284839,0.123169,0.09713195090432257,0.909,1.013
14627727,0.123204,0.09716281574763609,0.909,1.012
195489,0.123453,0.09737511269424766,0.908,1.012
5351541,0.123468,0.09738678815932132,0.908,1.011
11783317,0.123735,0.09761128076499496,0.908,1.01
9426527,0.123738,0.0976131303436205,0.907,1.01
16911311,0.123996,0.09783635136398909,0.907,1.009
10440132,0.124023,0.09785692792619811,0.906,1.009
3252111,0.124264,0.09806188435763961,0.906,1.008
10737626,0.124309,0.09810326867938583,0.905,1.008
8489365,0.124523,0.09828793754527855,0.905,1.007
699447,0.124595,0.09834851124526464,0.904,1.007
3534707,0.124792,0.09851451092690593,0.904,1.006
6020842,0.124883,0.09858652889463748,0.903,1.006
682019,0.125065,0.09874160450252173,0.903,1.005
7585673,0.12517,0.0988304420758792,0.902,1.005
9372278,0.125333,0.09896921827212596,0.902,1.004
95337,0.125459,0.09907632043441053,0.901,1.004
4825448,0.125602,0.09919735223571863,0.901,1.003
9171795,0.125748,0.09931318209714242,0.9,1.003
6249509,0.125882,0.09942606419263177,0.9,1.002
11946182,0.126038,0.09955593929174317,0.899,1.002
12061610,0.12615,0.09965523854420129,0.899,1.001
14447980,0.126329,0.09980285803825137,0.898,1.001
15940734,0.126425,0.0998849908890913,0.898,1.0
16998533,0.12662,0.10005411173466315,0.897,1.0
15033659,0.12669,0.10011520562863767,0.897,0.999
6707541,0.126912,0.10030316905645711,0.896,0.999
14012330,0.126962,0.10034599836150454,0.896,0.998
12590714,0.127204,0.10054650424437835,0.895,0.998
10753139,0.127237,0.10057731128835982,0.895,0.997
11931309,0.127498,0.10080226628868987,0.894,0.997
15802323,0.127506,0.10080920220853559,0.894,0.996
1015266,0.127772,0.10104155552336774,0.894,0.995
14497665,0.127791,0.1010573347410168,0.893,0.995
4783537,0.128043,0.10127448683152038,0.893,0.994
7203416,0.128086,0.10131205639735145,0.892,0.994
11156409,0.128319,0.10150793833366144,0.892,0.993
5834807,0.128381,0.10156117151847746,0.891,0.993
12158218,0.128599,0.10174196782912298,0.891,0.992
12369170,0.128677,0.1018082636629818,0.89,0.992
607463,0.128881,0.10197651751857295,0.89,0.991
16262929,0.128974,0.10205292823554014,0.889,0.991
4641335,0.129164,0.10221158740201135,0.889,0.99
12181665,0.129271,0.10230504892193264,0.888,0.99
13584344,0.129435,0.10244723527877023,0.888,0.989
14640907,0.129569,0.10256289174219788,0.887,0.989
5865620,0.129708,0.10268334555018549,0.887,0.988
1442827,0.129868,0.10282258414108864,0.886,0.988
5821511,0.129986,0.10292009161425326,0.886,0.987
4491223,0.130167,0.10308146734933073,0.885,0.987
13904618,0.13025,0.10315735787230948,0.885,0.986
14702933,0.130467,0.10334451210948026,0.884,0.986
11052211,0.130526,0.10339514432435414,0.884,0.985
8841859,0.130768,0.10360090994644429,0.883,0.985
14841083,0.130807,0.10363350876971926,0.883,0.984
14971112,0.13107,0.10385528480678666,0.882,0.984
2486689,0.131091,0.10387239340907281,0.882,0.983
1505140,0.131363,0.10411185604174684,0.882,0.982
189484,0.131372,0.10411896535958871,0.881,0.982
7768435,0.131648,0.1043518388684093,0.881,0.981
9062936,0.131674,0.10437518979855662,0.88,0.981
16518873,0.131923,0.10459239968839223,0.88,0.98
7340861,0.131978,0.10463829235803819,0.879,0.98
15306475,0.132209,0.1048334807023636,0.879,0.979
17104976,0.132282,0.10489521038899066,0.878,0.979
2215442,0.132494,0.10507519750898751,0.878,0.978
8584895,0.132587,0.10515224401860722,0.877,0.978
3636532,0.132773,0.10531737671026778,0.877,0.977
8194031,0.132893,0.10541806314669505,0.876,0.977
8788996,0.133061,0.10556019170420058,0.876,0.976
936545,0.133199,0.1056784491375704,0.875,0.976
9505223,0.133339,0.10580352689212183,0.875,0.975
8248036,0.133506,0.10594617564361579,0.874,0.975
1244872,0.133625,0.10604744007336353,0.874,0.974
4577235,0.133814,0.10620685063115137,0.873,0.974
15421265,0.133915,0.10629187344859369,0.873,0.973
8699018,0.134122,0.10646538704340117,0.872,0.973
7705147,0.134205,0.10653694261647635,0.872,0.972
9481564,0.134432,0.10673195756280562,0.871,0.972
7712333,0.134493,0.10678253197834744,0.871,0.971
2528543,0.134742,0.10699789228955754,0.87,0.971
272247,0.134778,0.10702864153420698,0.87,0.97
14427604,0.135052,0.1072670059795721,0.869,0.97
12288673,0.135061,0.10727538688271902,0.869,0.969
15647930,0.135341,0.10752271022455157,0.869,0.968
5887531,0.135364,0.10754241979677986,0.868,0.968
1125178,0.135628,0.10777055376037252,0.868,0.967
14518669,0.135676,0.10781060869748164,0.867,0.967
510795,0.135919,0.10801897528951396,0.867,0.966
14368963,0.135988,0.108079491190168,0.866,0.966
14710622,0.136207,0.10826797481197588,0.866,0.965
4178148,0.136302,0.10835080125480039,0.865,0.965
4521350,0.136496,0.10851761012709032,0.865,0.964
3085921,0.136616,0.10862118653011998,0.864,0.964
1188444,0.136792,0.1087677656361932,0.864,0.963
4363284,0.136931,0.10888995342414225,0.863,0.963
1225652,0.137077,0.10901849913861655,0.863,0.962
15057744,0.137247,0.10916490484669363,0.862,0.962
1209028,0.137367,0.10926981063436038,0.862,0.961
15154817,0.137563,0.10943725529930286,0.861,0.961
2959670,0.137659,0.10952170012342469,0.861,0.96
1635168,0.13788,0.10971261131717858,0.86,0.96
8479002,0.137949,0.10977416760580948,0.86,0.959
16718952,0.138198,0.10999033710766824,0.859,0.959
6934002,0.138239,0.11002721308151474,0.859,0.958
8973593,0.138517,0.11027106846342441,0.858,0.958
16079400,0.138526,0.11028083655054048,0.858,0.957
13133884,0.138827,0.11053509581221875,0.858,0.956
3438558,0.138836,0.11054266752471702,0.857,0.956
6596408,0.139125,0.11078987526788546,0.857,0.955
15616252,0.139156,0.11081576936864287,0.856,0.955
6261109,0.139421,0.11104529051620468,0.856,0.954
12838908,0.139477,0.1110959805304106,0.855,0.954
10061304,0.139705,0.11130128375784439,0.855,0.953
5511324,0.139798,0.11138139363206263,0.854,0.953
14938343,0.14,0.11155785499280456,0.854,0.952
5735282,0.14012,0.11166154699449832,0.853,0.952
15949494,0.140294,0.11181500422108522,0.853,0.951
16462617,0.140443,0.11193990857764051,0.852,0.951
8018833,0.140593,0.1120727892420184,0.852,0.95
13173542,0.140767,0.11222387669599135,0.851,0.95
7713374,0.140892,0.11233115225627206,0.851,0.949
7957446,0.141092,0.11251050358361639,0.85,0.949
4338859,0.141183,0.11259009326384621,0.85,0.948
10427677,0.141417,0.11279227532734941,0.849,0.948
8603113,0.14148,0.11284961226474083,0.849,0.947
7771022,0.141743,0.11308832350609824,0.848,0.947
2211745,0.141766,0.11310976705828797,0.848,0.946
6770838,0.14206,0.11337049984515558,0.848,0.945
11107222,0.14207,0.11338003673494347,0.847,0.945
7842097,0.142357,0.11363186842467574,0.847,0.944
14118082,0.142397,0.11366805080653766,0.846,0.944
13134997,0.142657,0.11389381499751636,0.846,0.943
12328631,0.142725,0.11395057394158731,0.845,0.943
10194104,0.14296,0.11415633956367746,0.845,0.942
10447328,0.143054,0.11423644943789571,0.844,0.942
12482613,0.14327,0.11441949992249109,0.844,0.941
12055995,0.143384,0.11451712299431983,0.843,0.941
7544177,0.143579,0.11468329607395725,0.843,0.94
7420483,0.143715,0.11480114891200272,0.842,0.94
8891121,0.14388,0.11494767021874389,0.842,0.939
2195634,0.144046,0.11508586842167016,0.841,0.939
3451921,0.144191,0.115212622356851,0.841,0.938
14597397,0.144378,0.11537781284784361,0.84,0.938
4951989,0.144492,0.11547821028761063,0.84,0.937
3461760,0.144711,0.11566461313346478,0.839,0.937
6504166,0.144803,0.1157444340110228,0.839,0.936
59343,0.145045,0.1159515868170821,0.838,0.936
689679,0.145117,0.11601123572775543,0.838,0.935
484338,0.145379,0.1162353815374368,0.837,0.935
16008311,0.145429,0.1162786732371406,0.837,0.934
3412187,0.145714,0.11651426331456743,0.836,0.934
13977069,0.14575,0.11654674653917829,0.836,0.933
385504,0.14605,0.11680776832270616,0.835,0.933
14038942,0.14606,0.11681539783453647,0.835,0.932
945864,0.146369,0.11708468492254716,0.835,0.931
4945155,0.146387,0.11710179352483331,0.834,0.931
4027392,0.146679,0.11735460780321039,0.834,0.93
17272176,0.146724,0.11739466274031951,0.833,0.93
10131147,0.146991,0.11762510867719408,0.833,0.929
15941335,0.147062,0.11768689616315318,0.832,0.929
3989021,0.147318,0.11789630314316235,0.832,0.928
14556446,0.147401,0.11796924590020667,0.831,0.928
16936136,0.14763,0.11816807560245111,0.831,0.927
4075043,0.147741,0.11826107472771602,0.83,0.927
8506610,0.147951,0.11844048385439239,0.83,0.926
96542,0.148082,0.11855521552850727,0.829,0.926
13398927,0.14827,0.11871352789898619,0.829,0.925
15411076,0.148423,0.11884559937271541,0.828,0.925
5161286,0.148586,0.11898714993690047,0.828,0.924
107830,0.148765,0.11913823739087341,0.827,0.924
4637442,0.148907,0.11926146556679933,0.827,0.923
1801900,0.149108,0.11944093249280774,0.826,0.923
13351743,0.149216,0.11953635919001866,0.826,0.922
5748628,0.149452,0.11974617076535217,0.825,0.922
2036887,0.149525,0.11981194640522257,0.825,0.921
580462,0.149796,0.12004678509133276,0.824,0.921
1253812,0.149847,0.12008811161374695,0.824,0.92
6288342,0.150142,0.12034208187876498,0.823,0.92
10761087,0.150168,0.12036497041425591,0.823,0.919
7195608,0.150488,0.12064125122144438,0.822,0.919
14355052,0.150489,0.12064246500741739,0.822,0.918
12685549,0.150814,0.12092053759389935,0.822,0.917
13763498,0.150835,0.12093729940019321,0.821,0.917
9132679,0.151143,0.12119930377236589,0.821,0.916
3220245,0.151182,0.12123097780632808,0.82,0.916
8213919,0.151466,0.12147870574348495,0.82,0.915
148360,0.151531,0.12153349951026626,0.819,0.915
10296235,0.151791,0.12175874350725653,0.819,0.914
7508516,0.15188,0.12183555881954805,0.818,0.914
1431106,0.152119,0.12203941706368064,0.818,0.913
7372141,0.15223,0.12213709793484143,0.817,0.913
15188491,0.152436,0.12232072641275728,0.817,0.912
3788837,0.152581,0.12245071711053278,0.816,0.912
10620222,0.152748,0.1226027293538185,0.816,0.911
7248877,0.152933,0.1227679198448111,0.815,0.911
7568081,0.153067,0.12288536808753224,0.815,0.91
15293972,0.153286,0.12307506549531311,0.814,0.91
8720814,0.153395,0.1231686426138985,0.814,0.909
14696000,0.153639,0.1233840029251086,0.813,0.909
16311453,0.153715,0.12345255293291729,0.813,0.908
624748,0.153993,0.12370340203400473,0.812,0.908
13121012,0.154036,0.12373715684392064,0.812,0.907
1730089,0.154348,0.1240143624404219,0.811,0.907
4260490,0.154357,0.12402239654757653,0.811,0.906
13118435,0.154687,0.12430827204388495,0.811,0.905
9416052,0.154704,0.1243227218768969,0.81,0.905
14526186,0.155008,0.12459484113217795,0.81,0.904
12341920,0.155061,0.12464079160115595,0.809,0.904
15105149,0.155335,0.12488204601312346,0.809,0.903
11334291,0.155418,0.12495585576014849,0.808,0.903
16315212,0.155663,0.12516994448605354,0.808,0.902
9461621,0.155776,0.12527433007973188,0.807,0.902
10497142,0.155985,0.12545847875163615,0.807,0.901
5366518,0.156135,0.1255856372821413,0.806,0.901
3676623,0.156321,0.12574770660920334,0.806,0.9
2701143,0.156495,0.12589717568187894,0.805,0.9
6330618,0.156655,0.12603757025942305,0.805,0.899
9849316,0.156856,0.126211604048219,0.804,0.899
7808101,0.15699,0.12632812750162734,0.804,0.898
3889685,0.157218,0.12652765079585634,0.803,0.898
14248978,0.157322,0.1266193783358162,0.803,0.897
6267280,0.15758,0.12684473793147058,0.802,0.897
17194181,0.157658,0.1269112649626576,0.802,0.896
8314112,0.157943,0.1271576057158453,0.801,0.896
15303292,0.157998,0.1272037873821515,0.801,0.895
14467607,0.158307,0.1274647513663473,0.8,0.895
12417233,0.158342,0.12749706119296203,0.8,0.894
3433814,0.158672,0.12778750283650223,0.799,0.894
14199689,0.158676,0.1277909707964251,0.799,0.893
9943586,0.159011,0.12808551619254066,0.799,0.892
7110174,0.159038,0.1281071909420586,0.798,0.892
13324903,0.15935,0.1283808129799729,0.798,0.891
3357105,0.159405,0.12842728364293932,0.797,0.891
7229973,0.159695,0.12867674556005762,0.797,0.89
15936581,0.159772,0.12874350378857283,0.796,0.89
16260438,0.160039,0.12897337173212692,0.796,0.889
11156908,0.160141,0.1290640588841099,0.795,0.889
15456153,0.160374,0.12927069149618078,0.795,0.888
16863152,0.16051,0.129388255337566,0.794,0.888
10897679,0.16072,0.12956870485221925,0.794,0.887
17291906,0.16088,0.1297084058377788,0.793,0.887
3264377,0.161065,0.12986741180024228,0.793,0.886
10684422,0.161251,0.13002792054533902,0.792,0.886
1115919,0.161411,0.13016675454091783,0.792,0.885
1410775,0.161622,0.13035153900547464,0.791,0.885
4316599,0.161753,0.13046684867291,0.791,0.884
10736892,0.161995,0.13068203558612396,0.79,0.884
13891750,0.162089,0.1307675785975547,0.79,0.883
16890969,0.162368,0.1310080816182056,0.789,0.883
11561819,0.162438,0.13106905991351603,0.789,0.882
15481588,0.162743,0.13132291457986994,0.788,0.882
9200051,0.162796,0.13137117702212986,0.788,0.881
13870246,0.163118,0.13165208177588217,0.787,0.881
7058204,0.163144,0.13167404552206033,0.787,0.88
16047140,0.16349,0.13197754981464332,0.787,0.879
7306749,0.163494,0.13198119117256232,0.786,0.879
8749313,0.163834,0.13228180549854293,0.786,0.878
1435882,0.163871,0.13231330613450898,0.785,0.878
12319936,0.164178,0.13258675477442713,0.785,0.877
14979352,0.164248,0.13264605688910816,0.784,0.877
5673396,0.164531,0.13289239764229588,0.784,0.876
12727702,0.164627,0.13297903884103554,0.783,0.876
1454310,0.16487,0.13319873410214922,0.783,0.875
16850422,0.165007,0.13331762732817154,0.782,0.875
16301153,0.16523,0.13350576415398713,0.782,0.874
8490608,0.165387,0.1336476615141645,0.781,0.874
15017345,0.165581,0.13381354559714165,0.781,0.873
2000216,0.165768,0.13397844709147402,0.78,0.873
14901354,0.165929,0.13412202063228076,0.78,0.872
4525096,0.16615,0.1343127584280385,0.779,0.872
11720354,0.166286,0.13443118925940445,0.779,0.871
7393884,0.166533,0.13464782115591958,0.778,0.871
10865471,0.166637,0.13474110927784475,0.778,0.87
1639922,0.166917,0.13498294168313274,0.777,0.87
2625684,0.166996,0.1350517228882696,0.777,0.869
7217487,0.167302,0.135310952892504,0.776,0.869
9693032,0.167361,0.13536303009067907,0.776,0.868
13414832,0.167688,0.13565445432286408,0.775,0.868
2924745,0.16771,0.13567508868440512,0.775,0.867
11811596,0.16806,0.13598784087011576,0.775,0.866
13051580,0.168074,0.13600067232183038,0.774,0.866
10315486,0.168423,0.13630134444714304,0.774,0.865
5883820,0.168462,0.13633255608644884,0.773,0.865
12418928,0.168783,0.13661554161615486,0.773,0.864
11761803,0.16885,0.1366756529214846,0.772,0.864
9803685,0.16914,0.13693049017648332,0.772,0.863
12049817,0.169239,0.13701626438524225,0.771,0.863
9113498,0.16949,0.13724613232879634,0.771,0.862
72467,0.169629,0.13736849351474154,0.77,0.862
4220459,0.169855,0.137562525872426,0.77,0.861
11575517,0.17002,0.13770783339319417,0.769,0.861
1355886,0.170211,0.13787961300804025,0.769,0.86
16671000,0.170412,0.13805457158614892,0.768,0.86
16673106,0.170578,0.1381974515349711,0.768,0.859
13783286,0.170805,0.1383950674512425,0.767,0.859
1852145,0.170945,0.13851604145321855,0.767,0.858
8749444,0.171199,0.13873955147024739,0.766,0.858
1377558,0.171306,0.13883538276278265,0.766,0.857
2820786,0.171594,0.13907918034536026,0.765,0.857
6264125,0.171682,0.13915541766433132,0.765,0.856
12856066,0.171989,0.13942100559509094,0.764,0.856
14807936,0.172052,0.1394762039571966,0.764,0.855
15523667,0.172386,0.13977011356065966,0.763,0.855
2331648,0.172419,0.1397977416413785,0.763,0.854
414526,0.17278,0.14011997291754497,0.763,0.853
6500754,0.172783,0.14012297848281147,0.762,0.853
10113266,0.173147,0.14044301338436013,0.762,0.852
5147762,0.173181,0.14047179745171992,0.761,0.852
4246442,0.173518,0.14076674744315984,0.761,0.851
12676530,0.173581,0.14082211920326165,0.76,0.851
1903548,0.173895,0.14109123289327619,0.76,0.85
1518427,0.173981,0.14116781700823952,0.759,0.85
15641421,0.174264,0.14141652753404121,0.759,0.849
1395349,0.174382,0.14151744516779666,0.758,0.849
4497002,0.174637,0.14174251576679078,0.758,0.848
11960255,0.174784,0.14187343125387905,0.757,0.848
1250344,0.175001,0.142069255390857,0.757,0.847
12604390,0.175187,0.14223513947383418,0.756,0.847
616392,0.175375,0.14239674640623984,0.756,0.846
7654452,0.175591,0.14258898698463082,0.755,0.846
9502760,0.175746,0.14272498881293927,0.755,0.845
6239349,0.175995,0.14294393268273634,0.754,0.845
2326428,0.176118,0.1430540404102874,0.754,0.844
9376459,0.176401,0.14330552530402738,0.753,0.844
6099465,0.176492,0.1433837855996201,0.753,0.843
13559208,0.176808,0.1436570608415421,0.752,0.843
5324397,0.176872,0.14371433997960145,0.752,0.842
5076181,0.177215,0.14401784427218445,0.751,0.842
4098206,0.177246,0.14404564575089945,0.751,0.841
14086311,0.177624,0.1443719807796413,0.75,0.841
2255579,0.17763,0.14437770291351404,0.75,0.84
16347813,0.178007,0.1447105114674453,0.75,0.839
1185644,0.178033,0.144731955019635,0.749,0.839
3981834,0.178383,0.14504412921202517,0.749,0.838
9752474,0.178444,0.1450961486108682,0.748,0.838
847395,0.178769,0.14537844054858964,0.748,0.837
11513366,0.178855,0.1454544466702325,0.747,0.837
11260283,0.179144,0.14571361887513484,0.747,0.836
770130,0.179267,0.14581736867616063,0.746,0.836
9822988,0.179523,0.14604949079366458,0.746,0.835
16965039,0.179681,0.14618849818723956,0.745,0.835
17146958,0.179907,0.14638617190284303,0.745,0.834
3339984,0.180095,0.14655182478849202,0.744,0.834
15021183,0.180286,0.1467236622026701,0.744,0.833
12053016,0.18051,0.14692382128955164,0.743,0.833
15419094,0.18066,0.1470618460944818,0.743,0.832
1646215,0.180926,0.14729570219194718,0.742,0.832
5536353,0.181044,0.14740089697627418,0.742,0.831
7197852,0.181343,0.14766781429167092,0.741,0.831
10698049,0.181429,0.14774069924938318,0.741,0.83
11267123,0.181761,0.14803825021076528,0.74,0.83
3768975,0.18181,0.14808125291380883,0.74,0.829
7995083,0.18218,0.1484050447719406,0.739,0.829
12815883,0.1822,0.14842261576888313,0.739,0.828
8598060,0.182588,0.1487647878146061,0.739,0.827
6145356,0.1826,0.1487748448983824,0.738,0.827
16828563,0.182975,0.14910771125164568,0.738,0.826
6822633,0.183021,0.1491466680014459,0.737,0.826
8615507,0.183367,0.14945144387933396,0.737,0.825
12875624,0.183443,0.1495210342751195,0.736,0.825
15004882,0.183753,0.14979592789833884,0.736,0.824
15309620,0.183866,0.14989823271606345,0.735,0.824
11755407,0.184133,0.15014127890732443,0.735,0.823
11786895,0.18429,0.15028421665547864,0.734,0.823
2164260,0.184515,0.15048738130762665,0.734,0.822
11991596,0.184715,0.1506672528289594,0.733,0.822
6320393,0.184904,0.15083429289857755,0.733,0.821
1738755,0.18514,0.15104953761112355,0.732,0.821
14903355,0.185288,0.1511820136801771,0.732,0.82
16938077,0.185567,0.15143500135655033,0.731,0.82
2563008,0.185668,0.15153048585309328,0.731,0.819
8687160,0.185995,0.15182393306189995,0.73,0.819
15147085,0.186057,0.15187982501599018,0.73,0.818
5153337,0.186424,0.15220841421868192,0.729,0.818
12829725,0.186449,0.1522299155702037,0.729,0.817
3844382,0.186821,0.15258087311439794,0.729,0.816
10540263,0.186853,0.1526094837837616,0.728,0.816
9867842,0.187219,0.1529325820499088,0.728,0.815
1359516,0.187284,0.15298864740199516,0.727,0.815
16614789,0.187612,0.15328515797540038,0.727,0.814
4860392,0.187716,0.15337908188997804,0.726,0.814
1187417,0.18801,0.15363848529220858,0.726,0.813
10449372,0.188149,0.15375789871221932,0.725,0.813
14087226,0.188409,0.15399267959899748,0.725,0.812
15257189,0.188582,0.15415035617682388,0.724,0.812
1005494,0.188796,0.15434768309643507,0.724,0.811
6076212,0.189017,0.15454212004944387,0.723,0.811
11881320,0.189202,0.1547034957845213,0.723,0.81
14804175,0.189453,0.15492457822960415,0.722,0.81
17253529,0.1896,0.15506011766325623,0.722,0.809
16496568,0.18989,0.15531391453027812,0.721,0.809
16393569,0.190007,0.15541754873263983,0.721,0.808
9568745,0.190327,0.1557014590516586,0.72,0.808
173372,0.190409,0.15577584679200412,0.72,0.807
12191118,0.190766,0.15608906137237116,0.719,0.807
16414588,0.190817,0.1561349540420171,0.719,0.806
7439229,0.191206,0.15647308013449673,0.718,0.806
4154682,0.191232,0.15649487048267877,0.718,0.805
10930819,0.19163,0.15685559611398908,0.718,0.804
3282722,0.191647,0.15687108633497787,0.717,0.804
13885448,0.192034,0.1572171887352801,0.717,0.803
2041685,0.192088,0.15726296580626195,0.716,0.803
4248110,0.192444,0.15757964834655186,0.716,0.802
5214576,0.192531,0.15765692605349976,0.715,0.802
10961652,0.192848,0.15794291714847228,0.715,0.801
7198785,0.192975,0.15805545244796934,0.714,0.801
9621934,0.193254,0.15830699514104135,0.714,0.8
15672585,0.19342,0.15845715780570152,0.713,0.8
2185988,0.193657,0.15867194012359115,0.713,0.799
16789774,0.193866,0.1588636605079937,0.712,0.799
16556394,0.194054,0.15903769429678963,0.712,0.798
8945650,0.194313,0.15926808243433216,0.711,0.798
6131819,0.194464,0.15940431545996883,0.711,0.797
15925340,0.194761,0.15966972999273232,0.71,0.797
10369405,0.194878,0.15977180361312873,0.71,0.796
2621403,0.19521,0.16007027936382356,0.709,0.796
16756297,0.195288,0.16014010095693731,0.709,0.795
17277513,0.19566,0.16047447009283383,0.708,0.795
3959404,0.195693,0.1605092652907266,0.708,0.794
10325003,0.196111,0.16087733143720698,0.707,0.794
16981910,0.196112,0.16087923881516455,0.707,0.793
8840075,0.196523,0.16125013712891528,0.707,0.792
842660,0.196563,0.16128880488205527,0.706,0.792
8821015,0.19693,0.1616218446333147,0.706,0.791
5736181,0.197016,0.1616991223402626,0.705,0.791
4301322,0.19734,0.1619944191276948,0.705,0.79
2181755,0.19747,0.1621120985677441,0.704,0.79
8341034,0.19776,0.16236786061205563,0.704,0.789
6850408,0.197925,0.16251576910276594,0.703,0.789
8592551,0.198177,0.16274216908639716,0.703,0.788
4918264,0.198381,0.16292048002576462,0.702,0.788
13979022,0.198602,0.16311734455071944,0.702,0.787
14063163,0.198839,0.1633261157380761,0.701,0.787
16922630,0.199022,0.16349332920569037,0.701,0.786
11503861,0.199297,0.16373701118960388,0.7,0.786
1753578,0.19945,0.16387023864997408,0.7,0.785
11296900,0.199757,0.1641473286478112,0.699,0.785
13812026,0.199868,0.16424801508423847,0.699,0.784
3589423,0.200217,0.16455833969800313,0.698,0.784
162467,0.200294,0.16462660070915155,0.698,0.783
2654360,0.200679,0.16498322258788647,0.697,0.783
7156425,0.200705,0.1650061111233774,0.697,0.782
4359343,0.201138,0.16538648852758397,0.697,0.781
7007506,0.201141,0.16538949409285048,0.696,0.781
1714813,0.201569,0.16576779072110331,0.696,0.78
6489985,0.201605,0.1657983665677566,0.695,0.78
13984845,0.201993,0.1661499021052713,0.695,0.779
15881171,0.20207,0.16621729612643904,0.694,0.779
1692431,0.202429,0.16653293827875207,0.694,0.778
4019116,0.202535,0.16662842277529505,0.693,0.778
9905621,0.202849,0.1669167836428815,0.693,0.777
13735499,0.203002,0.16704977990592348,0.692,0.777
11680517,0.203285,0.16730161159565576,0.692,0.776
5974418,0.20347,0.16747188842786856,0.691,0.776
3553528,0.203707,0.16768724873907867,0.691,0.775
4764577,0.203939,0.16788919960525367,0.69,0.775
10972354,0.204149,0.16807381067181434,0.69,0.774
1253222,0.204409,0.1683061639866465,0.689,0.774
13015578,0.20457,0.16846129739386279,0.689,0.773
8792484,0.204881,0.16874532331154568,0.688,0.773
5233141,0.204997,0.1688495933065599,0.688,0.772
3516515,0.205353,0.16917598613463383,0.687,0.772
14748857,0.205422,0.16923887180790184,0.687,0.771
7038777,0.205826,0.16960815174035523,0.686,0.771
11405624,0.205849,0.16962901729922447,0.686,0.77
5704731,0.206287,0.17002002978052785,0.686,0.769
9834681,0.206301,0.17003309242957065,0.685,0.769
14662889,0.206723,0.17041196705114398,0.685,0.768
16436513,0.206776,0.1704596515000834,0.684,0.768
4829339,0.207155,0.17080482911107286,0.684,0.767
14034711,0.207253,0.17088967853051903,0.683,0.767
11805701,0.207592,0.17119855816098248,0.683,0.766
3427066,0.207731,0.17132380931353006,0.682,0.766
987913,0.208031,0.17159321200020483,0.682,0.765
14167660,0.20821,0.17175620611657963,0.681,0.765
12550573,0.208473,0.17198879062873998,0.681,0.764
14060849,0.20869,0.17218149360178733,0.68,0.764
8024542,0.208922,0.17238523624725582,0.68,0.763
7039242,0.209171,0.1726105958429102,0.679,0.763
8575793,0.209364,0.17278260665508446,0.679,0.762
12399179,0.209653,0.1730462872078865,0.678,0.762
1631026,0.209804,0.1731809596515579,0.678,0.761
10276001,0.210136,0.173479782198245,0.677,0.761
4856372,0.210245,0.17358017963801203,0.677,0.76
10652601,0.210621,0.1739146065732406,0.676,0.76
14107432,0.210693,0.17398032441377895,0.676,0.759
7993921,0.211106,0.17435625126941784,0.675,0.759
2824771,0.211131,0.17438133617952659,0.675,0.758
11198311,0.21157,0.174783330533919,0.675,0.757
13150138,0.211593,0.17480540987876128,0.674,0.757
13310434,0.212014,0.17518624967762422,0.674,0.756
14868745,0.212081,0.1752475169695949,0.673,0.756
12298863,0.21246,0.1755900936106422,0.673,0.755
13191852,0.21257,0.17568916166577211,0.672,0.755
12172320,0.212904,0.17599492013230497,0.672,0.754
4474406,0.21306,0.17613577710450548,0.671,0.754
353428,0.213357,0.1764006136439485,0.671,0.753
16614720,0.213551,0.17657753739934678,0.67,0.753
14598911,0.213812,0.17680723194490475,0.67,0.752
15301784,0.214043,0.17701542513894092,0.669,0.752
708069,0.214256,0.17721483283450584,0.669,0.751
6175700,0.214536,0.1774658553335894,0.668,0.751
8135873,0.21471,0.17762335851341968,0.668,0.75
10438306,0.215031,0.17791206617699842,0.667,0.75
8251971,0.215168,0.17803280898164628,0.667,0.749
9636325,0.215527,0.17836469274626474,0.666,0.749
7922727,0.215617,0.17844324203851772,0.666,0.748
11745138,0.216024,0.17881581653289783,0.665,0.748
2280831,0.216066,0.1788545998847019,0.665,0.747
11716813,0.21652,0.17926688252019884,0.665,0.746
11795078,0.216521,0.17926722931619113,0.664,0.746
421600,0.216965,0.1796801477443406,0.664,0.745
7327524,0.217021,0.17973002856789785,0.663,0.745
6947466,0.217413,0.18009433775779513,0.663,0.744
16436616,0.217521,0.18019126723763929,0.662,0.744
2420238,0.217879,0.1805095103598945,0.662,0.743
4265946,0.218022,0.18063857626835722,0.661,0.743
2400850,0.218338,0.1809256077513066,0.661,0.742
14355532,0.218525,0.18108906426233776,0.66,0.742
10203566,0.218803,0.1813426877313635,0.66,0.741
15700295,0.219029,0.18154429180154621,0.659,0.741
4140494,0.219269,0.18176075030006522,0.659,0.74
10121473,0.219534,0.18200408548798647,0.658,0.74
11837516,0.219731,0.18217973765807974,0.658,0.739
429332,0.22004,0.1824549202779593,0.657,0.739
8716391,0.220198,0.18259970760473904,0.657,0.738
9912821,0.220547,0.18291390477375088,0.656,0.738
16141463,0.220663,0.18302066014004315,0.656,0.737
15246694,0.221055,0.18337554803881664,0.655,0.737
11532364,0.221127,0.18344253746466005,0.655,0.736
8058071,0.221565,0.18384747958498693,0.654,0.736
16282987,0.221585,0.18386539737792174,0.654,0.735
7675191,0.222043,0.1842892976791603,0.654,0.734
7433605,0.222076,0.1843205093184661,0.653,0.734
7192057,0.222507,0.18471412276971164,0.653,0.733
10289689,0.222588,0.1847898976940263,0.652,0.733
15916744,0.222963,0.18513993044890775,0.652,0.732
13349341,0.223101,0.18526691558141678,0.651,0.732
4711526,0.22343,0.1855667207167487,0.651,0.731
6637351,0.223615,0.18573133321442084,0.65,0.731
5657434,0.223909,0.18599449357323447,0.65,0.73
54140,0.224131,0.18619447926211985,0.649,0.73
4634858,0.224377,0.18642324901836504,0.649,0.729
5751617,0.224647,0.18666704660094266,0.648,0.729
11599960,0.224853,0.18685298705214043,0.648,0.728
3432681,0.225165,0.18713140643461468,0.647,0.728
14008150,0.225335,0.18728376547389267,0.647,0.727
8586538,0.225684,0.18759409008765732,0.646,0.727
10037185,0.225818,0.1877154686849577,0.646,0.726
8316665,0.226204,0.18806654182781601,0.645,0.726
11442974,0.226294,0.18814821228399956,0.645,0.725
16160155,0.226726,0.1885361614007044,0.644,0.725
5321555,0.226775,0.18858193847168625,0.644,0.724
2817623,0.227244,0.18901664724801776,0.644,0.723
5307021,0.227248,0.18901971061261627,0.643,0.723
133658,0.227719,0.1894523964123261,0.643,0.722
5412283,0.227772,0.18949649730267856,0.642,0.722
7909949,0.228212,0.18988912816527928,0.642,0.721
931617,0.228297,0.18996357370495684,0.641,0.721
14515877,0.228703,0.19032684250687726,0.641,0.72
15168801,0.228824,0.19043417586649003,0.64,0.72
6180492,0.229199,0.1907655972364521,0.64,0.719
6043642,0.229351,0.19090385323871042,0.639,0.719
8250922,0.229673,0.19120533455467176,0.639,0.718
8881940,0.22988,0.19139110160787337,0.638,0.718
2879335,0.230158,0.19164611226086828,0.638,0.717
14204376,0.23041,0.1918824537296117,0.637,0.717
187995,0.230631,0.19208793035504165,0.637,0.716
3701110,0.230941,0.1923649047542147,0.636,0.716
239091,0.23113,0.19253073103785984,0.636,0.715
14684001,0.231473,0.19284747137748176,0.635,0.715
13027970,0.231608,0.19297457210865487,0.635,0.714
14859080,0.232007,0.1933352977399652,0.634,0.714
3723414,0.232097,0.19341939576809475,0.634,0.713
16592338,0.232542,0.19382485808241007,0.633,0.713
10845595,0.232584,0.19386531761484352,0.633,0.712
8831966,0.233076,0.1943122220502371,0.633,0.711
13671123,0.233078,0.19431349363554215,0.632,0.711
7577919,0.233561,0.1947601090742755,0.632,0.71
6004615,0.233615,0.19480553934926506,0.631,0.71
7815915,0.23406,0.1952090942856228,0.631,0.709
15890616,0.234154,0.19529527308970607,0.63,0.709
3830393,0.234551,0.19565911988494697,0.63,0.708
17197095,0.234693,0.1957884169907379,0.629,0.708
11400700,0.235045,0.19611012807291595,0.629,0.707
1840234,0.235234,0.19628554904568102,0.628,0.707
3072997,0.235546,0.19656223444819382,0.628,0.706
2209078,0.235777,0.19677227722085552,0.627,0.706
16079883,0.236028,0.19701532341211653,0.627,0.705
7438789,0.23632,0.1972810847408723,0.626,0.705
7714964,0.236521,0.19746951056334813,0.626,0.704
1226962,0.236865,0.1977824361470549,0.625,0.704
4942549,0.237012,0.1979247381025566,0.625,0.703
10461854,0.237411,0.19829107026907555,0.624,0.703
11884115,0.237515,0.19838100602974193,0.624,0.702
7546802,0.237958,0.19878300038413435,0.623,0.702
15073351,0.238018,0.1988383143449041,0.623,0.701
8173323,0.238507,0.1992937152821087,0.622,0.701
10262450,0.23851,0.19929666304804314,0.622,0.7
6996839,0.239007,0.1997561099384911,0.622,0.699
11314331,0.239057,0.19980165581214476,0.621,0.699
15723228,0.239497,0.20021659721691593,0.621,0.698
8275322,0.239608,0.20032052041593787,0.62,0.698
8933892,0.240005,0.2006781248833176,0.62,0.697
8998860,0.24016,0.20082487738738697,0.619,0.697
14041962,0.240505,0.2011407507370282,0.619,0.696
731954,0.240714,0.20133599688068565,0.618,0.696
2269251,0.241008,0.20160441697871562,0.618,0.695
11241481,0.241269,0.20184104744411932,0.617,0.695
6934461,0.241522,0.202069181407712,0.617,0.694
3711105,0.241825,0.20234523101757226,0.616,0.694
16144773,0.242029,0.2025349862246852,0.616,0.693
1584254,0.242382,0.2028631708320526,0.615,0.693
4626447,0.242533,0.2030018892289673,0.615,0.692
3602255,0.242941,0.20337955006456762,0.614,0.692
5719551,0.243038,0.2034698326212263,0.614,0.691
12682927,0.243501,0.20389182554450727,0.613,0.691
1940838,0.24355,0.20393887420079418,0.613,0.69
1097427,0.244062,0.20440363862979055,0.612,0.69
9626309,0.244068,0.20440901396767097,0.612,0.689
11805917,0.244588,0.2048802519218567,0.612,0.688
813636,0.244625,0.2049142379291008,0.611,0.688
10230864,0.245091,0.20535253026401926,0.611,0.687
1242789,0.245189,0.2054406164460601,0.61,0.687
5358812,0.2456,0.20582590679349072,0.61,0.686
9158038,0.245754,0.20596948033429746,0.609,0.686
5522976,0.246107,0.2063003815102711,0.609,0.685
958660,0.246321,0.20649464506528376,0.608,0.685
211510,0.246624,0.20677595441436042,0.608,0.684
5125957,0.246889,0.20702645671945558,0.607,0.684
15151944,0.247128,0.2072526255057586,0.607,0.683
15379849,0.247458,0.20755543620635702,0.606,0.683
13970012,0.247648,0.2077303947844657,0.606,0.682
8905310,0.248028,0.20807782656940504,0.605,0.682
13288046,0.248167,0.20820926225048172,0.605,0.681
11936921,0.2486,0.20860952262491272,0.604,0.681
6173894,0.24869,0.20868922790380665,0.604,0.68
9280304,0.249173,0.20913422496124265,0.603,0.68
11938258,0.249211,0.2091702917444405,0.603,0.679
8684767,0.24972,0.20965251157171527,0.603,0.678
16019641,0.249747,0.2096768450905074,0.602,0.678
138920,0.250249,0.21013582958629898,0.602,0.677
5875016,0.250323,0.21020281901214236,0.601,0.677
8753979,0.250765,0.21062024578819158,0.601,0.676
14635206,0.2509,0.2107402372015228,0.6,0.676
3615406,0.251297,0.21110576017739308,0.6,0.675
8487251,0.251479,0.21127563241428157,0.599,0.675
1422751,0.251816,0.2115923727539035,0.599,0.674
3767747,0.252058,0.21181773234955786,0.598,0.674
16225721,0.25234,0.21208014131705488,0.598,0.673
14015797,0.252639,0.2123557285322588,0.597,0.673
223326,0.252868,0.2125690658668472,0.597,0.672
9039161,0.253222,0.21289522749759296,0.596,0.672
11034812,0.253398,0.21305908860394845,0.596,0.671
1795689,0.253805,0.21343588244956807,0.595,0.671
7277462,0.253929,0.2135502095283586,0.595,0.67
15873139,0.25439,0.21398156594343132,0.594,0.67
13920705,0.25445,0.21404254423874175,0.594,0.669
1628348,0.254977,0.21452742283529075,0.593,0.669
1984847,0.254986,0.21453591933710178,0.593,0.668
14845602,0.25553,0.2150305082214348,0.593,0.667
2753839,0.255565,0.21506362723869818,0.592,0.667
4458912,0.256063,0.2155261952930767,0.592,0.666
6674850,0.256154,0.2156108135151947,0.591,0.666
7379436,0.256597,0.2160230383513596,0.591,0.665
15247790,0.256744,0.2161634329289037,0.59,0.665
23704,0.257126,0.21652103739628342,0.59,0.664
423381,0.257336,0.21672096528583676,0.589,0.664
17188815,0.257655,0.2170201346285162,0.589,0.663
13162872,0.257929,0.2172737002982099,0.588,0.663
6462984,0.2582,0.21752044564672193,0.588,0.662
16735606,0.258524,0.21782169576535507,0.587,0.662
4009730,0.25874,0.21802185485223657,0.587,0.661
1157025,0.25912,0.21837720514566644,0.586,0.661
6802663,0.259277,0.21852447784372425,0.586,0.66
12101067,0.259717,0.21893548889391615,0.585,0.66
9798772,0.259814,0.21902819902252083,0.585,0.659
15955377,0.260316,0.2194905936789032,0.584,0.659
13559558,0.260363,0.21953313398729038,0.584,0.658
4273924,0.2609,0.22003922493870093,0.584,0.657
9126409,0.260916,0.2200547729590218,0.583,0.657
2595654,0.261454,0.22054641407742034,0.583,0.656
4360926,0.261518,0.22060652538275008,0.582,0.656
10565311,0.261997,0.22105487480144484,0.582,0.655
9494695,0.26212,0.22116925967956744,0.581,0.655
7590096,0.262546,0.22156443371277823,0.581,0.654
10938069,0.262725,0.2217293352071106,0.58,0.654
15409318,0.263093,0.22207520641008463,0.58,0.653
11539306,0.26333,0.22230206878837225,0.579,0.653
1092069,0.263632,0.222587135094032,0.579,0.652
1495094,0.263937,0.2228647452858576,0.578,0.652
5237959,0.264188,0.22310027756395237,0.578,0.651
3209410,0.264546,0.22343221912790287,0.577,0.651
6489094,0.264735,0.22361457602051368,0.577,0.65
408321,0.265156,0.22401443179962036,0.576,0.65
13727878,0.265283,0.22413003046371596,0.576,0.649
9896250,0.265767,0.22457450732716353,0.575,0.649
9230762,0.265848,0.22464669869289122,0.575,0.648
5864184,0.26638,0.2251436573498382,0.574,0.648
14106931,0.2664,0.22516458070803952,0.574,0.647
15819182,0.266954,0.22568361870982875,0.574,0.646
5487273,0.266994,0.2257192230983702,0.573,0.646
12312957,0.267515,0.22620387049759097,0.573,0.645
11343237,0.267609,0.22628837312104486,0.572,0.645
10217950,0.268061,0.22672533607132622,0.572,0.644
2801942,0.268226,0.22688145206718732,0.571,0.644
5834886,0.268616,0.22724801543103448,0.571,0.643
5414485,0.268844,0.2274564976217309,0.57,0.643
5452929,0.269175,0.22777185077738368,0.57,0.642
5518430,0.269464,0.22804281404602375,0.569,0.642
6651013,0.269734,0.2282968999097059,0.569,0.641
14892959,0.270085,0.22862335053711186,0.568,0.641
1013166,0.270293,0.22882322062733315,0.568,0.64
15965495,0.270708,0.22920932016541243,0.567,0.64
6621409,0.27086,0.22935069733160135,0.567,0.639
5721220,0.271332,0.2297939026097439,0.566,0.639
9230194,0.271425,0.22987938782184258,0.566,0.638
1398473,0.271957,0.23038166401733795,0.565,0.638
4489149,0.271985,0.23040934989738884,0.565,0.637
9018153,0.272557,0.23094046795957607,0.565,0.636
10396266,0.272584,0.2309658996656771,0.564,0.636
426431,0.273125,0.23147285760706834,0.564,0.635
15941736,0.273213,0.23155741802985427,0.563,0.635
13531249,0.273694,0.23200646104053363,0.563,0.634
12669086,0.273842,0.2321461042267611,0.562,0.634
12591939,0.274258,0.23254127825997192,0.562,0.633
10576581,0.274474,0.23274045475820862,0.561,0.633
12962966,0.274837,0.23307736706471524,0.561,0.632
11650481,0.275106,0.2333290831557834,0.56,0.632
10540279,0.275412,0.23361461185609955,0.56,0.631
15719665,0.275741,0.233928346630455,0.559,0.631
11947912,0.275977,0.23415318603212093,0.559,0.63
11424300,0.276376,0.2345347772223005,0.558,0.63
15849563,0.276538,0.23469297399411534,0.558,0.629
14755696,0.277013,0.23513895364019616,0.557,0.629
16716158,0.277116,0.23523397574208274,0.557,0.628
15329265,0.277652,0.23574440164339686,0.556,0.628
11420473,0.277684,0.2357762490753552,0.556,0.627
9005741,0.278268,0.2363197939939327,0.556,0.626
12694922,0.278292,0.2363414687434506,0.555,0.626
12410284,0.278847,0.2368645526984832,0.555,0.625
10175728,0.278934,0.23694841952928455,0.554,0.625
6780083,0.279424,0.23741058298833875,0.554,0.624
6431643,0.279577,0.23755820248238882,0.553,0.624
12279006,0.280002,0.23795788486349936,0.553,0.623
10003672,0.280221,0.2381634770875934,0.552,0.623
16141692,0.280583,0.23850640052463298,0.552,0.622
5819046,0.280867,0.23877262424804513,0.551,0.622
13820644,0.281173,0.2390562455704037,0.551,0.621
4089217,0.281515,0.2393776676559215,0.55,0.621
9611835,0.281759,0.23960730440214742,0.55,0.62
9555384,0.282163,0.23998716161236555,0.549,0.62
7617419,0.282347,0.24015963481919617,0.549,0.619
1263702,0.282814,0.24060214650535414,0.548,0.619
3348029,0.282932,0.24071329462088203,0.548,0.618
3516813,0.283466,0.24122533890349349,0.547,0.618
6317948,0.283513,0.2412681682085409,0.547,0.617
5677780,0.284099,0.24182437118083688,0.547,0.616
16429279,0.284119,0.24184304036508833,0.546,0.616
15169950,0.284697,0.2423818457384379,0.546,0.615
6193142,0.284774,0.24245230312420418,0.545,0.615
3883878,0.285284,0.24294059188134398,0.545,0.614
8934350,0.285431,0.2430763047129922,0.544,0.614
5307311,0.28587,0.2435006096095551,0.544,0.613
2086585,0.286089,0.24370677982696962,0.543,0.613
6557814,0.286463,0.24406195672240333,0.543,0.612
6681413,0.286748,0.2443277180511591,0.542,0.612
5858946,0.287062,0.2446245754205566,0.542,0.611
16145892,0.287409,0.24495160404128305,0.541,0.611
6434483,0.287667,0.24518846570401495,0.541,0.61
11033212,0.288072,0.24556936330220994,0.54,0.61
6046116,0.28827,0.24575368537211037,0.54,0.609
8039601,0.288736,0.2461944630783069,0.539,0.609
10059528,0.288866,0.24632023442484288,0.539,0.608
7663398,0.289401,0.24681996744972817,0.538,0.608
15440272,0.289469,0.24688805506288047,0.538,0.607
2405344,0.290069,0.24745645369423852,0.537,0.607
13777988,0.290069,0.2474571472862231,0.537,0.606
3407574,0.290678,0.24802762669353487,0.537,0.605
14166415,0.290737,0.24808640861422748,0.536,0.605
13463771,0.291276,0.2485993776861517,0.536,0.604
6657294,0.291408,0.24872480223669544,0.535,0.604
10906574,0.291877,0.24917245806340563,0.535,0.603
17181101,0.292079,0.24935799391927907,0.534,0.603
7615318,0.292486,0.24974686782529668,0.534,0.602
14916281,0.292753,0.24999945090634554,0.533,0.602
7011089,0.293088,0.2503226069718248,0.533,0.601
2790307,0.293427,0.2506451272446515,0.532,0.601
3972761,0.293683,0.25089967550299,0.532,0.6
4449264,0.294104,0.25130126526205815,0.531,0.6
12155019,0.294294,0.2514780156194603,0.531,0.599
14938188,0.294782,0.2519487911789896,0.53,0.599
3821241,0.294893,0.25205774291989974,0.53,0.598
10270730,0.295461,0.2526015190358054,0.529,0.598
12745301,0.295497,0.25263879960497626,0.529,0.597
4651999,0.296102,0.2532211856746899,0.529,0.596
13773617,0.296142,0.2532606626184785,0.528,0.596
2300754,0.29671,0.2538049011290406,0.528,0.595
3613889,0.296825,0.2539200373984798,0.527,0.595
11877252,0.297323,0.2543900037673605,0.527,0.594
5344307,0.297509,0.2545675633154113,0.526,0.594
12218366,0.297932,0.2549764357903174,0.526,0.593
15115253,0.298195,0.25522855647670994,0.525,0.593
1762128,0.298548,0.2555641971979115,0.525,0.592
12138471,0.298883,0.255884058701464,0.524,0.592
6029370,0.299165,0.25615334578947474,0.524,0.591
11885516,0.299572,0.2565342433876697,0.523,0.591
10662026,0.29979,0.25674382376567506,0.523,0.59
11567683,0.300262,0.2571884162277867,0.522,0.59
14639918,0.300417,0.2573356889258445,0.522,0.589
12996735,0.300954,0.2578450166398497,0.521,0.589
10553805,0.301036,0.2579289412699831,0.521,0.588
13751427,0.301648,0.25850687679112905,0.52,0.588
15308146,0.301666,0.2585235229987588,0.52,0.587
13545022,0.302292,0.2591194919115037,0.52,0.586
15347309,0.302344,0.2591671185611111,0.519,0.586
15782914,0.302918,0.2597167902088856,0.519,0.585
12333479,0.303041,0.25983377605695035,0.518,0.585
16677065,0.303546,0.26031553348956876,0.518,0.584
9910282,0.303739,0.2604981215795078,0.517,0.584
3799093,0.304177,0.260915606154889,0.517,0.583
5626964,0.304439,0.26116385428603434,0.516,0.583
755687,0.304806,0.26151706600417846,0.516,0.582
119520,0.305141,0.26184380562824466,0.515,0.582
4395632,0.305426,0.262119913037437,0.515,0.581
1927492,0.305845,0.2625202890105321,0.514,0.581
2195804,0.306053,0.26272420505399674,0.514,0.58
9332282,0.30655,0.2631907034629545,0.513,0.58
16457176,0.306699,0.26332982645519354,0.513,0.579
7186260,0.307256,0.26386441247730363,0.512,0.579
7612012,0.307332,0.26393683504035953,0.512,0.578
5664320,0.307962,0.2645452886088267,0.512,0.577
4471779,0.307965,0.264548005177433,0.511,0.577
11655466,0.308604,0.26515512936126306,0.511,0.576
17096145,0.308674,0.26522067380380526,0.51,0.576
1264745,0.309235,0.2657663572976685,0.51,0.575
1221138,0.309386,0.26591426578837885,0.509,0.575
14688856,0.309852,0.2663790302173752,0.509,0.574
5935701,0.310099,0.2666106321408907,0.508,0.574
6956380,0.310505,0.266993090321051,0.508,0.573
2083662,0.310814,0.2672854393425488,0.507,0.573
15379793,0.311146,0.267608595408028,0.507,0.572
9203641,0.311531,0.2679864296416245,0.506,0.572
16104033,0.311775,0.2682254876789742,0.506,0.571
17063909,0.312249,0.2686863217533913,0.505,0.571
10374997,0.31241,0.26884382493322156,0.505,0.57
3913369,0.312969,0.2693862138651581,0.504,0.57
11005176,0.313046,0.26946354937143807,0.504,0.569
11298967,0.313686,0.27008471879295576,0.504,0.568
6924829,0.31369,0.270088649147535,0.503,0.568
4682125,0.314332,0.2707073331977746,0.503,0.567
15948088,0.314413,0.27078547789470325,0.502,0.567
1889106,0.314987,0.2713313925858947,0.502,0.566
7772504,0.315138,0.2714753129226937,0.501,0.566
5870552,0.315636,0.271956896957316,0.501,0.565
11273735,0.315864,0.27217994457968847,0.5,0.565
7540731,0.316278,0.2725837885127064,0.5,0.564
5757726,0.316593,0.27288284225672177,0.499,0.564
8876045,0.316926,0.2732121828507301,0.499,0.563
14263376,0.317322,0.27359556582020317,0.498,0.563
9046484,0.317579,0.2738419643727229,0.498,0.562
10908251,0.318054,0.2743190978587775,0.497,0.562
9752223,0.318209,0.27447324867734896,0.497,0.561
6451324,0.318787,0.2750369077634791,0.496,0.561
12843772,0.318856,0.27510597796527625,0.496,0.56
11268592,0.319517,0.2757401522365047,0.496,0.559
13251933,0.319522,0.2757443715877442,0.495,0.559
5303413,0.320177,0.2763758292903664,0.495,0.558
2425055,0.320259,0.27645472537861165,0.494,0.558
16263016,0.320838,0.2770129513275293,0.494,0.557
5784418,0.320997,0.2771655993634675,0.493,0.557
3804798,0.321489,0.27765151834799334,0.493,0.556
9175362,0.321737,0.27790687579698053,0.492,0.556
3760207,0.32214,0.2782915881510907,0.492,0.555
13659607,0.322478,0.2786201773537824,0.491,0.555
14117883,0.3228,0.2789331029374892,0.491,0.554
2751245,0.323222,0.2793404726297621,0.49,0.554
9264391,0.323462,0.279576120506521,0.49,0.553
5809719,0.323967,0.2800629642803596,0.489,0.553
6285174,0.324132,0.28022058305885394,0.489,0.552
13103235,0.324714,0.28079042667351317,0.488,0.552
5496005,0.324793,0.28086654839382014,0.488,0.551
14513821,0.32546,0.2815140165114196,0.488,0.55
8202328,0.325462,0.2815160972873733,0.487,0.55
14903234,0.32612,0.2821629874116523,0.487,0.549
750745,0.326213,0.282248530423083,0.486,0.549
2568202,0.326799,0.2828134610945182,0.486,0.548
16974528,0.326965,0.2829772066022096,0.485,0.548
4719800,0.327475,0.2834653797606853,0.485,0.547
2933759,0.327718,0.28370021844679555,0.484,0.547
7990304,0.328149,0.2841188590088177,0.484,0.546
11890418,0.328474,0.2844314955958643,0.483,0.546
10905558,0.328835,0.2847737832402514,0.483,0.545
247861,0.329231,0.28515913138701404,0.482,0.545
7329715,0.329505,0.28543026805365024,0.482,0.544
9128618,0.32999,0.28589156452272374,0.481,0.544
7531255,0.330195,0.28608825564968243,0.481,0.543
11049522,0.330751,0.2866394878794223,0.48,0.543
10010061,0.330862,0.2867477460283478,0.48,0.542
15307329,0.331513,0.2873806487142712,0.479,0.542
2375847,0.331541,0.2874087969889785,0.479,0.541
10741213,0.332234,0.2880713507322424,0.479,0.54
13375934,0.332277,0.2881112322713554,0.478,0.54
1305831,0.332914,0.28873540725813956,0.478,0.539
9531988,0.333043,0.28885742164809247,0.477,0.539
8554050,0.333601,0.289401024366002,0.477,0.538
14030643,0.333811,0.2896070789847524,0.476,0.538
5880942,0.334276,0.29006814425649774,0.476,0.537
14301509,0.334581,0.29036407683658244,0.475,0.537
6658891,0.334961,0.2907368247289587,0.475,0.536
6142577,0.335352,0.2911247160463315,0.474,0.536
7867183,0.335648,0.291407065783385,0.474,0.535
16943890,0.336125,0.291878650533563,0.473,0.535
9951988,0.33633,0.2920788096204445,0.473,0.534
13647185,0.3369,0.29263686217136603,0.472,0.534
2992081,0.337015,0.2927521140394693,0.472,0.533
12651172,0.337676,0.2933977325784432,0.471,0.533
2765254,0.337704,0.2934269790404594,0.471,0.532
9878346,0.338387,0.29410340462341483,0.471,0.531
15415275,0.338455,0.29417224362788374,0.47,0.531
6644383,0.339078,0.2947813907883355,0.47,0.53
17026735,0.339235,0.29492993507169835,0.469,0.53
6741910,0.339769,0.29546093753522146,0.469,0.529
9708885,0.340017,0.295699764375243,0.468,0.529
761223,0.340456,0.29614204486407275,0.468,0.528
657310,0.340801,0.29648716467573016,0.467,0.528
12731978,0.34114,0.2968247127748893,0.467,0.527
5880908,0.341586,0.2972580343672516,0.466,0.527
12220098,0.341836,0.29750894126767113,0.466,0.526
9871490,0.342374,0.2980402327278545,0.465,0.526
12173552,0.34253,0.2981947881417503,0.465,0.525
4587866,0.343163,0.2988160731619321,0.464,0.525
15136952,0.34323,0.2988821955977948,0.464,0.524
6453382,0.34393,0.29957116363580455,0.464,0.523
8899911,0.343954,0.2995949769606083,0.463,0.523
9583716,0.344623,0.3002617500551117,0.463,0.522
13494419,0.344747,0.30038012308714557,0.462,0.522
16835666,0.345323,0.30095395485571613,0.462,0.521
13793211,0.345542,0.30117168493954016,0.461,0.521
4592115,0.34603,0.30164772023828584,0.461,0.52
650498,0.346338,0.3019515713268611,0.46,0.52
15045845,0.346732,0.3023431040021529,0.46,0.519
16731168,0.347137,0.3027397230186649,0.459,0.519
6740429,0.347441,0.30304004834798526,0.459,0.518
1048748,0.347937,0.3035285683024533,0.458,0.518
15814292,0.348153,0.30373861107511496,0.458,0.517
15937696,0.348739,0.30431440802097515,0.457,0.517
3328563,0.348865,0.30443884998287407,0.457,0.516
14959255,0.349543,0.30512047750571375,0.456,0.516
9971068,0.349562,0.30514064947259845,0.456,0.515
4490102,0.350271,0.30584406734362013,0.456,0.514
12238055,0.350349,0.30592180744522446,0.455,0.514
10198851,0.350986,0.3065491035959392,0.455,0.513
13024534,0.351156,0.3067163170635535,0.454,0.513
3054027,0.351702,0.3072557582295556,0.454,0.512
10219843,0.351966,0.30751510383245406,0.453,0.512
1594108,0.352423,0.30796408904380135,0.453,0.511
16688480,0.352777,0.30830759047416145,0.452,0.511
3137300,0.353142,0.30867398044001243,0.452,0.51
16685191,0.353591,0.30911782151080747,0.451,0.51
11787440,0.353859,0.3093855480168529,0.451,0.509
10848246,0.354406,0.309932214099361,0.45,0.509
7203551,0.354576,0.31009879177432276,0.45,0.508
9162013,0.355223,0.3107470112832388,0.449,0.508
16498274,0.355289,0.31081359611375786,0.449,0.507
12521844,0.356003,0.3115301344331544,0.449,0.506
14952087,0.356041,0.3115650452297113,0.448,0.506
4995223,0.356721,0.31224829113384833,0.448,0.505
16543138,0.356862,0.31239018849402567,0.447,0.505
9542811,0.357447,0.31296806621583956,0.447,0.504
8414597,0.357685,0.3132005351293358,0.446,0.504
15337542,0.358176,0.3136895174784602,0.446,0.503
9556028,0.358509,0.31402128564441456,0.445,0.503
10343017,0.358905,0.3144126449217102,0.445,0.502
11685665,0.359336,0.31484064897552416,0.444,0.502
6957045,0.359634,0.3151374485455896,0.444,0.501
2674698,0.360164,0.3156617462865952,0.443,0.501
13183710,0.36037,0.3158639283500984,0.443,0.5
10698457,0.360995,0.3164816876110253,0.442,0.5
2403976,0.361107,0.3165920843352366,0.442,0.499
7111799,0.361827,0.3173137667951854,0.441,0.499
1511770,0.361835,0.31732191650100416,0.441,0.498
4808930,0.362574,0.31805342484740107,0.441,0.497
12944898,0.362661,0.31814104863478554,0.44,0.497
2143735,0.363312,0.31878660937442743,0.44,0.496
6453368,0.363497,0.31897191403297265,0.439,0.496
5124111,0.364048,0.31952147008208315,0.439,0.495
379898,0.364335,0.31980277943115976,0.438,0.495
14148554,0.364794,0.3202580647697003,0.438,0.494
14568332,0.365175,0.3206367081939454,0.437,0.494
8843415,0.36553,0.32099633563794683,0.437,0.493
975561,0.366016,0.32147468290997444,0.436,0.493
13484805,0.36628,0.32173628268682275,0.436,0.492
12099070,0.36686,0.32232300370643996,0.435,0.492
8337995,0.367013,0.3224779637156601,0.435,0.491
8762043,0.367706,0.3231691281282877,0.434,0.491
4935453,0.367762,0.32322132092512684,0.434,0.49
17166529,0.3685,0.3239664699138871,0.434,0.489
1390652,0.368554,0.32401952970070697,0.433,0.489
15758558,0.369241,0.3247132950832767,0.433,0.488
13170982,0.369403,0.32487287903906065,0.432,0.488
4350113,0.369988,0.3254617964332957,0.432,0.487
14893857,0.370255,0.3257296963373372,0.431,0.487
7447891,0.370738,0.32621208956260817,0.431,0.486
8648619,0.371108,0.32658229428437435,0.43,0.486
15855437,0.371488,0.32696405887255003,0.43,0.485
12207160,0.371964,0.32744581630516845,0.429,0.485
5565163,0.372244,0.3277178199617854,0.429,0.484
14835703,0.372821,0.3282914783323598,0.428,0.484
10292513,0.373007,0.3284732572316501,0.428,0.483
8272699,0.373681,0.32915563614580645,0.427,0.483
5053133,0.373756,0.32923048628080837,0.427,0.482
4179265,0.374525,0.329989449309928,0.427,0.481
1512231,0.374542,0.3300061533168898,0.426,0.481
463862,0.375281,0.33075014631900906,0.426,0.48
5372427,0.375405,0.33087539747155664,0.425,0.48
8194511,0.376034,0.3315125773080516,0.425,0.479
3646576,0.376271,0.33175706848261377,0.424,0.479
8083921,0.376781,0.3322768000763876,0.424,0.478
10862075,0.377138,0.3326312255805047,0.423,0.478
4151879,0.377553,0.3330428146240171,0.423,0.477
1414031,0.378008,0.33349671277858844,0.422,0.477
8172876,0.378325,0.33381050535227597,0.422,0.476
11981352,0.378879,0.33436358716064135,0.421,0.476
8429461,0.379098,0.33458004565916033,0.421,0.475
10918382,0.379752,0.3352363570745631,0.42,0.475
610826,0.379869,0.3353513199460062,0.42,0.474
2954531,0.380628,0.33611190135642316,0.419,0.474
8467893,0.38064,0.3361243860121455,0.419,0.473
5500564,0.381406,0.3368992438575783,0.419,0.472
16766962,0.381505,0.3370003348893299,0.418,0.472
14892976,0.382187,0.33767589348230453,0.418,0.471
946182,0.382385,0.3378743185892247,0.417,0.471
724650,0.382979,0.3384542770869923,0.417,0.47
5807006,0.383266,0.3387436783425556,0.416,0.47
9739352,0.383759,0.3392345102703055,0.416,0.469
4176890,0.38415,0.3396263897415896,0.415,0.469
9240267,0.38455,0.34001653523291225,0.415,0.468
9550506,0.385035,0.34050060463881254,0.414,0.468
11597746,0.385329,0.34080035197481245,0.414,0.467
6082179,0.385923,0.34139152354299734,0.413,0.467
1615716,0.386119,0.34158596049600615,0.413,0.466
7704080,0.386813,0.3422872397917421,0.412,0.466
4350068,0.386895,0.3423734185958253,0.412,0.465
14283071,0.387686,0.34316266847493804,0.412,0.464
10832552,0.387704,0.3431799504752203,0.411,0.464
11185947,0.388462,0.34395376793267624,0.411,0.463
9791517,0.388598,0.3440990754534444,0.41,0.463
6052322,0.389236,0.344746659169708,0.41,0.462
11779775,0.389494,0.34500034043806577,0.409,0.462
12658595,0.390026,0.34554134218603316,0.409,0.461
5592471,0.390392,0.34591316528909666,0.408,0.461
5326563,0.390806,0.3463379325803159,0.408,0.46
14531013,0.391292,0.34682512315014685,0.407,0.46
16924662,0.391602,0.3471363147538922,0.407,0.459
1302744,0.392194,0.34772060820156336,0.406,0.459
14804695,0.392407,0.34793654650609396,0.406,0.458
13387257,0.393098,0.3486323348652854,0.405,0.458
6671999,0.393208,0.3487386278369213,0.405,0.457
4772754,0.394004,0.34952990069265566,0.404,0.457
2464431,0.394015,0.3495425587463741,0.404,0.456
8382836,0.394817,0.35034833923445247,0.404,0.455
14174372,0.394912,0.35044717609225423,0.403,0.455
10316482,0.395604,0.3511559693011564,0.403,0.454
13537787,0.395823,0.35137820773288014,0.402,0.454
15320300,0.396403,0.3519654489464858,0.402,0.453
250207,0.396735,0.35229767950709656,0.401,0.453
9278265,0.397202,0.3527768359697728,0.401,0.452
17008354,0.39765,0.3532242605991548,0.4,0.452
8153563,0.398009,0.35359007257168534,0.4,0.451
10893655,0.398566,0.3541510150892092,0.399,0.451
10810948,0.398818,0.3544051587522234,0.399,0.45
15434080,0.399485,0.3550738970240164,0.398,0.45
1967950,0.399632,0.355222152310719,0.398,0.449
5811762,0.400406,0.35599556517285064,0.397,0.449
12594920,0.400451,0.3560409954478402,0.397,0.448
16373244,0.401267,0.356861803762251,0.397,0.447
2905165,0.401329,0.35692411144219854,0.396,0.447
7013857,0.402093,0.3576844038559553,0.396,0.446
1067560,0.402254,0.3578499989422722,0.395,0.446
1698213,0.402896,0.3585089691269492,0.395,0.445
17273311,0.403181,0.35880310992774045,0.394,0.445
16448251,0.403697,0.35933544177590065,0.394,0.444
3851080,0.404111,0.3597584750871585,0.393,0.444
4620630,0.40451,0.36016376400347766,0.393,0.443
6550186,0.405042,0.3607073667213872,0.392,0.443
12125074,0.405321,0.3609940514083443,0.392,0.442
7516989,0.405976,0.3616509986163996,0.391,0.442
10914624,0.406152,0.36182624619116854,0.391,0.441
12514332,0.406912,0.3625907001568327,0.39,0.441
10814872,0.406977,0.3626602905526183,0.39,0.44
9815583,0.407804,0.3634963578906897,0.39,0.439
3232837,0.40785,0.36354155696835105,0.389,0.439
4251107,0.408629,0.3643342748073866,0.389,0.438
11014636,0.40879,0.3644928183751937,0.388,0.438
8882930,0.409459,0.36517415690137317,0.388,0.437
10757038,0.409733,0.3654461605579901,0.387,0.437
10686568,0.410307,0.36601594637331736,0.387,0.436
7071934,0.410677,0.3663797353692262,0.386,0.436
6995082,0.411148,0.3668597010225511,0.386,0.435
11592785,0.411624,0.36734660259572177,0.385,0.435
12370437,0.41198,0.3677054208490745,0.385,0.434
7493371,0.412573,0.36830162095914754,0.384,0.434
7295995,0.412823,0.3685530480535555,0.384,0.433
14861539,0.413524,0.36927184054690193,0.383,0.433
2317763,0.413653,0.3694026982346581,0.383,0.432
13557778,0.414477,0.3702387077733975,0.382,0.432
2489464,0.414491,0.37025425579371835,0.382,0.431
12143549,0.415336,0.3711077785300682,0.382,0.43
2414602,0.415433,0.3712052282039008,0.381,0.43
7370589,0.416177,0.3719632664437077,0.381,0.429
2192214,0.41639,0.3721816901195163,0.38,0.429
15778984,0.417016,0.37282071953463675,0.38,0.428
5051520,0.41735,0.37316179339305083,0.379,0.428
7126350,0.417841,0.37368013780285547,0.379,0.427
53005,0.418312,0.3741643228074199,0.378,0.427
11419596,0.418674,0.3745415790476959,0.378,0.426
1497499,0.419276,0.3751785854861947,0.377,0.426
1707819,0.41949,0.3754049854698259,0.377,0.425
3259952,0.420243,0.3761733697900694,0.376,0.425
6891629,0.420335,0.37627035706924555,0.376,0.424
904586,0.42118,0.3771377516452869,0.376,0.423
12068030,0.421212,0.3771724890438476,0.375,0.423
13931659,0.422033,0.37800716919794985,0.375,0.422
12828484,0.422183,0.3781625916018264,0.374,0.422
9359461,0.422875,0.3788785519279025,0.374,0.421
2327060,0.423156,0.3791646586215391,0.373,0.421
15837450,0.423733,0.3797519576344768,0.373,0.42
8909972,0.424131,0.380158460336769,0.372,0.42
3866416,0.424588,0.38062738631767273,0.372,0.419
11962044,0.425109,0.3811586777778561,0.371,0.419
14253726,0.425444,0.3815048379774904,0.371,0.418
5704378,0.426089,0.38217132207533355,0.37,0.418
4005126,0.426306,0.38238425481459765,0.37,0.417
16205997,0.427071,0.3831729844997219,0.369,0.417
4306423,0.427161,0.38326575242765865,0.369,0.416
2066318,0.428023,0.3841492730173413,0.369,0.415
15067667,0.428056,0.38418320122525335,0.368,0.415
15770803,0.428892,0.38503481658364563,0.368,0.414
14782311,0.429043,0.3851834764656726,0.367,0.414
7049146,0.429751,0.38592244092590366,0.367,0.413
6490299,0.430032,0.38621259357278365,0.366,0.413
4133219,0.430624,0.3868120882447834,0.366,0.412
4356035,0.431023,0.3872206139236973,0.365,0.412
15249202,0.43148,0.3877037585402848,0.365,0.411
9128797,0.432017,0.38826972959969686,0.364,0.411
12468539,0.432333,0.38859750961173994,0.364,0.41
7108575,0.433013,0.3893116781585225,0.363,0.41
4104941,0.433186,0.38949334145914877,0.363,0.409
3127505,0.434011,0.3903544359079969,0.362,0.409
11383614,0.434047,0.39039119628317925,0.362,0.408
1857131,0.43492,0.3912911318831635,0.362,0.407
9652598,0.435011,0.39138540259373344,0.361,0.407
12249319,0.435802,0.39219314825910145,0.361,0.406
10207220,0.436014,0.3924122655268947,0.36,0.406
15190351,0.436669,0.3930972454109931,0.36,0.405
11447875,0.437019,0.393458606834956,0.359,0.405
3417883,0.437556,0.3940034811381706,0.359,0.404
13193752,0.438027,0.3944895735206926,0.358,0.404
13450542,0.43843,0.3949117398419697,0.358,0.403
1063258,0.439036,0.39554013417999334,0.357,0.403
13516293,0.439312,0.39582207932172253,0.357,0.402
8608857,0.440048,0.3965790193742205,0.356,0.402
16976851,0.440199,0.3967345573767611,0.356,0.401
5892826,0.441063,0.3976257652776061,0.355,0.401
15509455,0.441084,0.39764911620775345,0.355,0.4
2820568,0.441964,0.39856581361403154,0.355,0.399
7716224,0.44208,0.398686094024023,0.354,0.399
9667964,0.442858,0.3994845917962634,0.354,0.398
13016056,0.443099,0.39973359131872527,0.353,0.398
8185513,0.443749,0.40040550855378093,0.353,0.397
11136003,0.44412,0.4007895851152386,0.352,0.397
3422511,0.444647,0.40132850608725223,0.352,0.396
10660807,0.445144,0.4018442495271148,0.351,0.396
11117426,0.445543,0.4022536999953414,0.351,0.395
8347958,0.44617,0.402912265584694,0.35,0.395
3539777,0.446424,0.40318097467938424,0.35,0.394
10474343,0.447199,0.40398600377614596,0.349,0.394
12125137,0.447315,0.40411038793871285,0.349,0.393
5354312,0.44822,0.40504199757265924,0.349,0.392
1384060,0.44823,0.40505321064307653,0.348,0.392
464108,0.449115,0.4059756879825594,0.348,0.391
3259811,0.449263,0.40612735342985284,0.347,0.391
16292066,0.450036,0.40691157476707734,0.347,0.39
13343223,0.450298,0.40717652690518447,0.346,0.39
15744512,0.450951,0.4078496001268811,0.346,0.389
10920647,0.451337,0.4082433291767907,0.345,0.389
8337401,0.451865,0.4087897640619706,0.345,0.388
5117683,0.452377,0.40930816627110733,0.344,0.388
7426358,0.452793,0.4097321243716779,0.344,0.387
11695719,0.45342,0.41038658620845514,0.343,0.387
11022094,0.45369,0.410676681056003,0.343,0.386
17176342,0.454465,0.4114754100255716,0.342,0.386
3772364,0.454606,0.41162337631561396,0.342,0.385
9058957,0.455513,0.4125661412206456,0.341,0.385
15781058,0.455518,0.41257226794984264,0.341,0.384
9441637,0.456427,0.4135233559586892,0.341,0.383
14913814,0.456563,0.41366623590751134,0.34,0.383
11575108,0.457338,0.41447664034215354,0.34,0.382
14809604,0.457615,0.4147636140257709,0.339,0.382
5577705,0.458244,0.41543206330090365,0.339,0.381
4215451,0.45867,0.4158724942111079,0.338,0.381
17155804,0.459165,0.41638974043360366,0.338,0.38
8235954,0.459727,0.41697744404186565,0.337,0.38
10461634,0.460084,0.41734961394092146,0.337,0.379
1300004,0.460787,0.41808412785258486,0.336,0.379
3963186,0.461004,0.4183117416221891,0.336,0.378
12943767,0.461849,0.4192014467404009,0.335,0.378
1542975,0.461923,0.41927600787874253,0.335,0.377
15613366,0.462845,0.42024252830924586,0.335,0.376
3733202,0.462914,0.420316453654935,0.334,0.376
9633674,0.463764,0.421211302913699,0.334,0.375
11780285,0.463981,0.42143579551937266,0.333,0.375
13287244,0.464688,0.422182331692102,0.333,0.374
2475196,0.465051,0.4225590677383896,0.332,0.374
15202118,0.465617,0.42315555684512285,0.332,0.373
3336865,0.466123,0.42368916027858816,0.331,0.373
11032516,0.466544,0.4241310361720936,0.331,0.372
4410904,0.467197,0.42482254738071346,0.33,0.372
8310775,0.467474,0.4251087118736821,0.33,0.371
969436,0.468274,0.4259360515126143,0.329,0.371
8426799,0.468418,0.42608869954855255,0.329,0.37
12637060,0.469354,0.4270423307280092,0.328,0.37
16309623,0.469382,0.42707094139737284,0.328,0.369
7584266,0.470325,0.428055437420143,0.328,0.368
8673421,0.470436,0.4281711516829027,0.327,0.368
16869991,0.471271,0.42904224541619507,0.327,0.367
12952541,0.47152,0.42930760214962654,0.326,0.367
9597227,0.472204,0.43003124978686497,0.326,0.366
11090983,0.472607,0.4304535895061382,0.325,0.366
13061250,0.473139,0.43102256613081674,0.325,0.365
6785364,0.473697,0.43161541387963104,0.324,0.365
316238,0.474078,0.4320161944480505,0.324,0.364
3715810,0.474789,0.43275567910227003,0.323,0.364
14421670,0.475031,0.43301207693923405,0.323,0.363
6700134,0.475883,0.43391016296059276,0.322,0.363
11283681,0.475975,0.4340102714036996,0.322,0.362
13725397,0.476927,0.4350107778414469,0.322,0.361
4298920,0.47698,0.4350641844242591,0.321,0.361
17247743,0.477884,0.43601359625247627,0.321,0.36
915949,0.47808,0.436222425239165,0.32,0.36
1691454,0.478841,0.4370187266367875,0.32,0.359
5715716,0.479182,0.4373780650841287,0.319,0.359
3921166,0.479804,0.4380261111950486,0.319,0.358
9699575,0.480287,0.43852642221325433,0.318,0.358
7611146,0.480777,0.4390359233252557,0.318,0.357
9101442,0.481394,0.4396706755898046,0.317,0.357
15911111,0.481752,0.44004798962941266,0.317,0.356
15817832,0.482503,0.440830823782668,0.316,0.356
854750,0.482724,0.4410623679068515,0.316,0.355
10774831,0.483616,0.4420021272466167,0.315,0.355
1749479,0.483688,0.4420791737562364,0.315,0.354
10064985,0.48466,0.44309823377957114,0.315,0.353
13960156,0.484731,0.4431710609379514,0.314,0.353
2770077,0.485643,0.44411966357551985,0.314,0.352
10100027,0.485848,0.4443336367027608,0.313,0.352
4775687,0.48662,0.44514346314408254,0.313,0.351
12965495,0.486968,0.4455015878054507,0.312,0.351
6899058,0.487611,0.44616963248525915,0.312,0.35
13696692,0.488091,0.4466695967074726,0.311,0.35
2972822,0.488601,0.44719817159904973,0.311,0.349
111716,0.489216,0.4478411891680815,0.31,0.349
10565704,0.489587,0.4482290804854543,0.31,0.348
9642848,0.490344,0.44901728997659013,0.309,0.348
8678625,0.490579,0.44926235914447277,0.309,0.347
55320,0.491474,0.4502162215212576,0.308,0.347
7119905,0.49155,0.4502980075761053,0.308,0.346
9274449,0.49253,0.45133602578035165,0.308,0.345
5908728,0.492607,0.45141388148062006,0.307,0.345
10726532,0.493511,0.4523764715565441,0.307,0.344
14569791,0.493742,0.4526209627311063,0.306,0.344
12915322,0.494505,0.45341934490468255,0.306,0.343
592459,0.494881,0.4538161951185227,0.305,0.343
2574606,0.495493,0.45446458802543493,0.305,0.342
10989307,0.496021,0.45500836414134066,0.304,0.342
792396,0.496503,0.4555122009188013,0.304,0.341
7320281,0.497165,0.4562098966559503,0.303,0.341
5893226,0.497499,0.4565622991834457,0.303,0.34
11602514,0.498311,0.4574155907224674,0.302,0.34
13288722,0.498497,0.4576147672207041,0.302,0.339
8718605,0.49946,0.45862261417362155,0.301,0.339
6498122,0.499504,0.45866966282990845,0.301,0.338
7893993,0.500511,0.4597270438103909,0.301,0.337
16744269,0.500611,0.45983426157133955,0.3,0.337
10158340,0.501523,0.4607867945634873,0.3,0.336
163714,0.501765,0.46104440618642434,0.299,0.336
14164,0.502532,0.46184903068786176,0.299,0.335
124377,0.502922,0.46227148600579915,0.298,0.335
15197736,0.503532,0.46291369438418223,0.298,0.334
14735259,0.504081,0.46348821974473736,0.297,0.334
5830267,0.504545,0.46398084345178076,0.297,0.333
6589394,0.505243,0.46471356558415067,0.296,0.333
10577345,0.505562,0.46505042009132525,0.296,0.332
12640820,0.506408,0.4659357324603014,0.295,0.332
16737416,0.506586,0.46612248210214785,0.295,0.331
11150938,0.507575,0.46716859221288093,0.294,0.331
11667025,0.507602,0.4671969716849164,0.294,0.33
5153066,0.508621,0.4682740044382951,0.294,0.329
2889994,0.508745,0.4683990243935145,0.293,0.329
9448151,0.509652,0.46935346476361983,0.293,0.328
5935369,0.509918,0.4696339649220478,0.292,0.328
320226,0.510676,0.4704354104602226,0.292,0.327
15677945,0.511094,0.47088289288893664,0.291,0.327
4309787,0.511701,0.47151989932743543,0.291,0.326
9189284,0.512272,0.47212187937071326,0.29,0.326
8558416,0.512736,0.47260687356592634,0.29,0.325
8912322,0.513453,0.4733579180865554,0.289,0.325
15672275,0.513767,0.47369633317569526,0.289,0.324
10884615,0.514636,0.4746226830704254,0.288,0.324
4287828,0.514788,0.47478833595607434,0.288,0.323
980904,0.515823,0.4758815525224264,0.287,0.323
17245955,0.515824,0.4758828241077315,0.287,0.322
11635520,0.516857,0.4769798554299987,0.287,0.321
11561007,0.517012,0.477145912910972,0.286,0.321
1431667,0.517894,0.478079372123544,0.286,0.32
16706060,0.518204,0.4784023547910271,0.285,0.32
6078344,0.518932,0.4791814897870314,0.285,0.319
16325398,0.519398,0.4796820320025654,0.284,0.319
13300549,0.519972,0.4802860928217969,0.284,0.318
16389070,0.520596,0.48094962915370565,0.283,0.318
14480691,0.52101,0.48139329682650456,0.283,0.317
2469473,0.521796,0.48222075206410087,0.282,0.317
1999558,0.522063,0.48250298620249027,0.282,0.316
501834,0.522998,0.48348823361657706,0.281,0.316
1648865,0.523117,0.48361527654841807,0.281,0.315
4944982,0.524151,0.4847301678642881,0.281,0.314
5531358,0.524204,0.48478692680835905,0.28,0.314
16583020,0.525202,0.48584754455143614,0.28,0.313
9261215,0.525413,0.4860695517858317,0.279,0.313
11642054,0.526262,0.4869675800078584,0.279,0.312
6429039,0.526624,0.48735396854259794,0.278,0.312
12575673,0.527321,0.48809015863489075,0.278,0.311
1476659,0.527838,0.4886432982425882,0.277,0.311
16939140,0.528382,0.4892152804325332,0.277,0.31
4283665,0.529054,0.48993736748780636,0.276,0.31
1812811,0.529439,0.49034306099944985,0.276,0.309
13746328,0.530274,0.4912249054085031,0.275,0.309
1002853,0.530506,0.4914733847369766,0.275,0.308
15381652,0.531496,0.4925207664330148,0.274,0.308
10844470,0.531576,0.4926063672437776,0.274,0.307
8802115,0.532637,0.4937419507205207,0.274,0.306
650880,0.532722,0.4938333892638203,0.273,0.306
16007976,0.533704,0.49488013516720597,0.273,0.305
15461180,0.53395,0.4951408679540736,0.272,0.305
11363108,0.534765,0.4960209783831654,0.272,0.304
16790871,0.535181,0.4964673626245706,0.271,0.304
10963733,0.535832,0.497164422569067,0.271,0.303
8134827,0.536414,0.49778721037188206,0.27,0.303
4520239,0.536911,0.4983104677249108,0.27,0.302
2173830,0.537651,0.49910474614591166,0.269,0.302
1490942,0.537985,0.4994592294493608,0.269,0.301
1618196,0.53889,0.5004306628230881,0.268,0.301
5645432,0.539058,0.5006105921437529,0.268,0.3
12183441,0.540133,0.501748487593778,0.267,0.3
8931642,0.540147,0.5017646136074193,0.267,0.299
11904072,0.541233,0.5029212938403599,0.267,0.298
14494310,0.541378,0.5030716877023482,0.266,0.298
1531174,0.542328,0.5040806328425746,0.266,0.297
14388487,0.542626,0.5043933272289532,0.265,0.297
10121243,0.543435,0.5052426884133956,0.265,0.296
9144734,0.543877,0.5057154869495466,0.264,0.296
7668124,0.544534,0.5064074027534908,0.264,0.295
4911233,0.54513,0.5070359126901786,0.263,0.295
11778955,0.54564,0.5075747758628603,0.263,0.294
5981867,0.546387,0.508362869755332,0.262,0.294
7097240,0.54675,0.5087448655408359,0.262,0.293
3882678,0.547647,0.5096942195697209,0.261,0.293
11664995,0.547856,0.5099176139880857,0.261,0.292
2105966,0.548909,0.5110358576652145,0.26,0.292
15692252,0.548961,0.5110931368032738,0.26,0.291
16256710,0.55007,0.5122713183877362,0.26,0.29
16974105,0.550174,0.5123813683159552,0.259,0.29
14402411,0.55117,0.5134522165408048,0.259,0.289
8995401,0.551443,0.5137376296424568,0.258,0.289
3904485,0.552293,0.5146358312624796,0.258,0.288
14281808,0.552714,0.5150887468284061,0.257,0.288
11047568,0.5534,0.5158222203520927,0.257,0.287
15167485,0.553988,0.51645494964002,0.256,0.287
11879593,0.554507,0.5170112682109801,0.256,0.286
8887438,0.555265,0.5178349664919932,0.255,0.286
3980288,0.555614,0.5182031482371378,0.255,0.285
10326128,0.556545,0.5191944645810895,0.254,0.285
13701530,0.556733,0.5193976870325696,0.254,0.284
7036394,0.557828,0.5205742502357346,0.253,0.284
3712840,0.557849,0.5205950579952718,0.253,0.283
5867311,0.558971,0.5217951455265802,0.253,0.282
5027862,0.559114,0.5219450769939122,0.252,0.282
4027135,0.5601,0.522998007425827,0.252,0.281
15521806,0.560403,0.5233246314512291,0.251,0.281
7147429,0.561212,0.524203643693012,0.251,0.28
9434330,0.561695,0.5247267854473766,0.25,0.28
15565518,0.562333,0.5254120543281353,0.25,0.279
1831495,0.56299,0.5261287082461961,0.249,0.279
7655926,0.563456,0.526623239331197,0.249,0.278
16842245,0.564287,0.5275179729912969,0.248,0.278
5816791,0.564582,0.527837256501529,0.248,0.277
6230908,0.565588,0.5289250399306685,0.247,0.277
945958,0.565707,0.5290540480397993,0.247,0.276
16439138,0.566828,0.5302736139460078,0.247,0.275
5193414,0.566892,0.5303448227230907,0.246,0.275
4587303,0.567957,0.5314960120194867,0.246,0.274
1810250,0.568199,0.5317521786591225,0.245,0.274
2770100,0.56909,0.532721242260236,0.245,0.273
1466916,0.569509,0.5331758918061239,0.244,0.273
5297464,0.570223,0.5339493046682555,0.244,0.272
11209141,0.570822,0.5345952700032217,0.243,0.272
4276129,0.571365,0.5351801992435454,0.243,0.271
12491810,0.572137,0.5360179427622462,0.242,0.271
2270708,0.572497,0.5364139259861057,0.242,0.27
11447104,0.573456,0.5374569149329083,0.241,0.27
3051374,0.573638,0.5376504848959364,0.241,0.269
13043993,0.574766,0.5388898759730373,0.241,0.268
6973704,0.574778,0.5389022450300955,0.24,0.268
3638499,0.575932,0.5401321570167407,0.24,0.267
14483344,0.576103,0.5403179818692744,0.239,0.267
6319083,0.577082,0.5413772702277143,0.239,0.266
1084801,0.577431,0.5417515787020559,0.238,0.266
11632710,0.578243,0.5426252734052904,0.238,0.265
2445806,0.578762,0.5431795112002967,0.237,0.265
14832749,0.579408,0.5438761665494689,0.237,0.264
17217043,0.580097,0.5446151310097,0.236,0.264
17208837,0.580576,0.5451299496602497,0.236,0.263
14000239,0.581434,0.546060056511563,0.235,0.263
16355465,0.581732,0.546386564938301,0.235,0.262
12505843,0.582774,0.5475174088698161,0.234,0.262
14914573,0.582898,0.5476461279822866,0.234,0.261
14848818,0.58406,0.5489085809928747,0.234,0.26
238673,0.584118,0.5489721024587951,0.233,0.26
14046130,0.585227,0.550173923970065,0.233,0.259
2366287,0.585464,0.5504340209642802,0.232,0.259
10014906,0.586386,0.5514422147131899,0.232,0.258
6856021,0.586814,0.5519119498847423,0.231,0.258
6544742,0.587547,0.5527134532222492,0.231,0.257
14874377,0.588167,0.5533788969321155,0.23,0.257
2449032,0.588734,0.5539875816979108,0.23,0.256
13670975,0.589522,0.5548542826819676,0.229,0.256
1383885,0.589901,0.555264657939507,0.229,0.255
2592512,0.590881,0.5563270674618775,0.228,0.255
9875793,0.591082,0.5565446819470375,0.228,0.254
4258124,0.592244,0.5577930897199379,0.227,0.254
15645291,0.592275,0.5578276537205026,0.227,0.253
546292,0.593471,0.559113573259902,0.227,0.252
16246527,0.593609,0.559263504727234,0.226,0.252
3403743,0.594673,0.5604024405652358,0.226,0.251
5023444,0.594977,0.5607356537144914,0.225,0.251
3462535,0.59586,0.5616943134358362,0.225,0.25
9282983,0.596349,0.5622260672906759,0.224,0.25
635991,0.597058,0.5629891340723711,0.224,0.249
6860127,0.597724,0.5637052099971112,0.223,0.249
6513884,0.598265,0.5642869602741722,0.223,0.248
16189295,0.599101,0.5651928492053574,0.222,0.248
4527929,0.599459,0.5655877920412401,0.222,0.247
15969712,0.600483,0.5666829159855497,0.221,0.247
16485030,0.600679,0.5668915715742423,0.221,0.246
11669056,0.601867,0.5681641394679386,0.22,0.246
4981308,0.601897,0.568198414471843,0.22,0.245
12313253,0.603105,0.5695082629347102,0.22,0.244
6069,0.603254,0.5696751874056643,0.219,0.244
7212579,0.604307,0.5708211169628439,0.219,0.243
10143840,0.604645,0.5711873335306988,0.218,0.243
12147365,0.605512,0.5721369765562441,0.218,0.242
8722678,0.606039,0.5726991328597411,0.217,0.242
11306580,0.60675,0.5734558995142428,0.217,0.241
3452404,0.607436,0.5741950951718021,0.216,0.241
1277897,0.607977,0.5747778280375081,0.216,0.24
340127,0.608836,0.5757214021331883,0.215,0.24
1549587,0.609192,0.5761028199253718,0.215,0.239
3850058,0.61024,0.5772342996495395,0.214,0.239
11434407,0.610421,0.5774308751778341,0.214,0.238
12734691,0.611646,0.5787586414336361,0.213,0.238
10343353,0.611649,0.5787619937948949,0.213,0.237
6789847,0.61287,0.5800961757765543,0.213,0.236
16622353,0.613056,0.5802933870975013,0.212,0.236
2424406,0.614125,0.5814334789221441,0.212,0.235
14862972,0.61447,0.5818027588545975,0.211,0.235
6938245,0.615373,0.5827737876330006,0.211,0.234
5507870,0.615886,0.5833315511872619,0.21,0.234
5354499,0.616624,0.5841172175077876,0.21,0.233
1042984,0.617306,0.5848605747172544,0.209,0.233
2643966,0.617863,0.5854637685465052,0.209,0.232
4833670,0.618729,0.5863983259463861,0.208,0.232
6250331,0.619115,0.5868133829498213,0.208,0.231
15168032,0.620155,0.5879512206005143,0.207,0.231
13869102,0.620354,0.588166118517068,0.207,0.23
10164010,0.621585,0.5894994913080787,0.206,0.23
5381763,0.621606,0.5895220330475773,0.206,0.229
10884918,0.622868,0.5908810109426852,0.206,0.228
11404442,0.623018,0.5910444674537163,0.205,0.228
15716161,0.624112,0.5922431100017236,0.205,0.227
2879299,0.624454,0.5926121587368488,0.204,0.227
6985060,0.625378,0.5936083880240246,0.204,0.226
17088006,0.625893,0.5941702553308613,0.203,0.226
10967255,0.626645,0.5949767872102563,0.203,0.225
13108103,0.627336,0.5957268491422406,0.202,0.225
15347288,0.627911,0.5963483653597506,0.202,0.224
8705242,0.628782,0.5972826915623032,0.201,0.224
10579263,0.629189,0.5977230646731754,0.201,0.223
9600591,0.630232,0.5988480708721537,0.2,0.223
1622243,0.63046,0.5991009429498629,0.2,0.222
2921212,0.631685,0.6004209640951705,0.199,0.222
6901589,0.631738,0.600482057989145,0.199,0.221
456030,0.633022,0.6018662941923578,0.199,0.22
1630220,0.633141,0.6019973830774422,0.198,0.22
16782569,0.634301,0.6032537093588332,0.198,0.219
11030339,0.6346,0.6035791773975944,0.197,0.219
5775744,0.635593,0.6046443612879032,0.197,0.218
11819837,0.636063,0.605161549711067,0.196,0.218
8746433,0.636869,0.6060382499795679,0.196,0.217
12056759,0.63753,0.6067547882989645,0.195,0.217
777449,0.63816,0.6074353176344953,0.195,0.216
9678856,0.638999,0.6083611473352369,0.194,0.216
11954352,0.639436,0.6088355642526853,0.194,0.215
10086485,0.640472,0.609960975046988,0.193,0.215
7131997,0.640728,0.610239105432802,0.193,0.214
6545290,0.641949,0.6115650221099785,0.192,0.214
13388037,0.642021,0.6116458255761813,0.192,0.213
8099577,0.643323,0.6130558402814874,0.192,0.212
9101867,0.643429,0.6131708609522625,0.191,0.212
3655680,0.644642,0.614469033950056,0.191,0.211
16788253,0.644912,0.6147649665301408,0.19,0.211
5314587,0.64594,0.6158855799798835,0.19,0.21
2236161,0.646398,0.6163801110648844,0.189,0.21
12442378,0.647256,0.6173053049729736,0.189,0.209
7645329,0.647889,0.6179809213652804,0.188,0.209
8710350,0.648584,0.6187283823273225,0.188,0.208
6256580,0.649382,0.6195955457060356,0.187,0.208
15166828,0.649901,0.620154696444266,0.187,0.207
11454121,0.650879,0.6212234060938299,0.186,0.207
2966203,0.651211,0.6215843051231362,0.186,0.206
16321515,0.65238,0.6228679704885859,0.185,0.206
1750718,0.652519,0.6230171505646012,0.185,0.205
13443357,0.653855,0.624453406166657,0.185,0.204
813640,0.653883,0.6244844444079667,0.184,0.204
12573284,0.655196,0.6258928985313074,0.184,0.203
3922127,0.655391,0.6261067560598843,0.183,0.203
13134791,0.656525,0.6273357432572166,0.183,0.202
14295436,0.656902,0.6277382578055974,0.182,0.202
16894725,0.657873,0.6287818825450525,0.182,0.201
7365971,0.658416,0.6293655979994033,0.181,0.201
11027966,0.65921,0.6302313741941472,0.181,0.2
9947889,0.659934,0.631018196501314,0.18,0.2
2833270,0.660555,0.6316842182045007,0.18,0.199
7182955,0.661455,0.6326562295715485,0.179,0.199
9192573,0.66191,0.633140414576113,0.179,0.198
10138040,0.66298,0.6343077876854823,0.178,0.198
14401036,0.66325,0.634599905509652,0.178,0.197
7571177,0.664508,0.6359599237927367,0.177,0.197
11394979,0.664601,0.6360628066037818,0.177,0.196
15713068,0.665957,0.6375291178585024,0.177,0.195
2458018,0.66604,0.6376226949770878,0.176,0.195
7224928,0.667308,0.6389987814744817,0.176,0.194
9810472,0.667575,0.6392862753520875,0.175,0.194
3239437,0.668672,0.6404717974517199,0.175,0.193
5992904,0.669114,0.64094598317184,0.174,0.193
12902868,0.670046,0.641948223589549,0.174,0.192
13933128,0.670657,0.6426015872390173,0.173,0.192
8245198,0.671417,0.6434281176873008,0.173,0.191
14458844,0.672203,0.6442858019755581,0.172,0.191
1838726,0.672772,0.6449113641463113,0.172,0.19
16164568,0.673752,0.6459673579428247,0.171,0.19
1789061,0.674156,0.6463980207659128,0.171,0.189
18871,0.675306,0.6476433651742147,0.17,0.189
9650810,0.675533,0.6478881453454371,0.17,0.188
4814655,0.676862,0.6493146328603768,0.169,0.188
10285629,0.676921,0.6493816800855523,0.169,0.187
3120416,0.678299,0.6508786249862583,0.169,0.186
9129001,0.678423,0.6510161295971999,0.168,0.186
8732950,0.679677,0.6523790956462191,0.168,0.185
1483476,0.679987,0.6527143317720963,0.167,0.185
16735753,0.681073,0.6538829764667707,0.167,0.184
4733186,0.681554,0.6544114935590158,0.166,0.184
14480725,0.682462,0.6553903252472453,0.166,0.183
11147396,0.683125,0.656111834309198,0.165,0.183
9210557,0.683857,0.6569011419876427,0.165,0.182
5720074,0.6847,0.657812001661384,0.164,0.182
10810479,0.685257,0.658415484487295,0.164,0.181
9450626,0.686278,0.6595103772342765,0.163,0.181
15296956,0.686672,0.6599332371475383,0.163,0.18
15138040,0.68786,0.6612190988876057,0.162,0.18
14686349,0.688081,0.6614545733663684,0.162,0.179
16571577,0.689446,0.6629506512770936,0.161,0.179
6518885,0.689473,0.6629793775451214,0.161,0.178
15068089,0.690878,0.6645077074831293,0.161,0.177
697119,0.691035,0.6646808164826123,0.16,0.177
4134310,0.692275,0.666039563180392,0.16,0.176
11779846,0.692628,0.6664250847251508,0.159,0.176
5374312,0.693688,0.6675749446369098,0.159,0.175
4035179,0.694225,0.6681672143924036,0.158,0.175
14462346,0.695085,0.6691138518526825,0.158,0.174
16331356,0.695825,0.6699237360933362,0.157,0.174
2696835,0.696506,0.6706563426270421,0.157,0.173
2557076,0.697429,0.6716681777338709,0.156,0.173
4406222,0.697921,0.6722023591606566,0.156,0.172
16993087,0.699037,0.6734227342575139,0.155,0.172
15669387,0.699342,0.673751901453526,0.155,0.171
2091004,0.700649,0.6751789091624542,0.154,0.171
3163126,0.700765,0.6753050851043145,0.154,0.17
16581752,0.702208,0.6768617945143579,0.154,0.169
8569208,0.702264,0.6769204030370544,0.153,0.169
14152550,0.703651,0.6784221452823203,0.153,0.168
7390005,0.703883,0.6786679658415196,0.152,0.168
1594495,0.705095,0.6799860796088696,0.152,0.167
8791478,0.705505,0.6804203837898768,0.151,0.167
1095251,0.70656,0.6815535974940059,0.151,0.166
1024217,0.707132,0.682183783611323,0.15,0.166
8214422,0.707994,0.6831247567370612,0.15,0.165
826171,0.708762,0.6839560267305727,0.149,0.165
4748677,0.709457,0.6846994995387036,0.149,0.164
37113,0.710396,0.6857165365854166,0.148,0.164
6819673,0.710918,0.6862778836982648,0.148,0.163
2338064,0.712033,0.6874990679857708,0.147,0.163
9385496,0.712369,0.6878599670150772,0.147,0.162
6533017,0.713675,0.6892517171314562,0.146,0.162
3540338,0.713852,0.6894456338904765,0.146,0.161
2454803,0.71532,0.6910334971404937,0.145,0.161
13536543,0.715321,0.6910349421237948,0.145,0.16
13466953,0.71679,0.6926279495143642,0.145,0.159
5756653,0.716969,0.6928155083468593,0.144,0.159
14387769,0.718263,0.6942246560621846,0.144,0.158
4301115,0.718622,0.6946183273127623,0.143,0.158
11289798,0.71972,0.6958250039679241,0.143,0.157
3598402,0.720278,0.6964401622589089,0.142,0.157
7185619,0.721189,0.6974290510309147,0.142,0.156
15878415,0.721939,0.6982482987633601,0.141,0.156
11379015,0.722655,0.6990367394518242,0.141,0.155
2506593,0.723603,0.7000555682778308,0.14,0.155
1512208,0.72415,0.7006481848293168,0.14,0.154
4036403,0.725271,0.7018734150700661,0.139,0.154
11555481,0.725628,0.7022633871633925,0.139,0.153
8109566,0.726943,0.703689643481004,0.138,0.153
1131771,0.727126,0.7038822308553874,0.138,0.152
1556239,0.728619,0.7054931560388915,0.137,0.152
14552213,0.728629,0.7055048893032972,0.137,0.151
13641185,0.730117,0.7071312469084582,0.137,0.15
6881905,0.730298,0.7073230828915249,0.136,0.15
897495,0.731643,0.7087613614702023,0.136,0.149
11880317,0.731982,0.7091329533759376,0.135,0.149
7107199,0.73314,0.7103951751891975,0.135,0.148
16414171,0.733669,0.7109713767303819,0.134,0.148
3554545,0.734634,0.7120328036641077,0.134,0.147
12285751,0.73536,0.712819105777286,0.133,0.147
14018192,0.736146,0.7136742468949332,0.133,0.146
15863035,0.737056,0.7146604190983328,0.132,0.146
14441059,0.737664,0.7153194470823417,0.132,0.145
11003645,0.738755,0.7164942763055453,0.131,0.145
15167849,0.739191,0.7169684042263333,0.131,0.144
11040481,0.740458,0.718326977526117,0.13,0.144
7472722,0.740732,0.7186211761262402,0.13,0.143
8780210,0.742165,0.7201548814021286,0.129,0.143
4174556,0.742279,0.7202777627820622,0.129,0.142
1343523,0.743814,0.7219381641937993,0.129,0.141
622089,0.743876,0.7220076389909208,0.128,0.141
1203838,0.745334,0.7236024381607836,0.128,0.14
5119767,0.74559,0.7238760601986979,0.127,0.14
10411995,0.74687,0.7252705268836831,0.127,0.139
5444295,0.747309,0.7257503191390119,0.126,0.139
676220,0.748404,0.7269424303624977,0.126,0.138
3988321,0.749032,0.7276208211227427,0.125,0.138
14457765,0.749946,0.7286182063965596,0.125,0.137
2678576,0.750759,0.7295177952005516,0.124,0.137
12715302,0.75148,0.7302978549858686,0.124,0.136
13473915,0.752489,0.7313975450774101,0.123,0.136
6020766,0.753027,0.7319813761304249,0.123,0.135
395559,0.754224,0.7332968311285007,0.122,0.135
13693990,0.754566,0.7336687698302283,0.122,0.134
1695796,0.755963,0.7351783149853207,0.121,0.134
6996981,0.756129,0.735360036085279,0.121,0.133
6956423,0.757672,0.7370552326949089,0.121,0.132
11547663,0.757705,0.737090432488126,0.12,0.132
4287829,0.759221,0.738754301859786,0.12,0.131
17016208,0.759452,0.7390026077902633,0.119,0.131
4415954,0.760788,0.7404573013792424,0.119,0.13
13400784,0.761203,0.7409036278213155,0.118,0.13
15849399,0.762355,0.7421642312532779,0.118,0.129
3511402,0.762957,0.7428273629898623,0.117,0.129
13703170,0.76392,0.7438750914818928,0.117,0.128
7306908,0.764716,0.7447227764857058,0.116,0.128
11653600,0.765508,0.7455898820650869,0.116,0.127
1576631,0.766479,0.7466512511994806,0.115,0.127
3740741,0.767082,0.7473086608021923,0.115,0.126
4189644,0.768246,0.748570709217456,0.114,0.126
2251719,0.768677,0.749031369893877,0.114,0.125
3008975,0.770017,0.7504938085933504,0.113,0.125
14074117,0.770257,0.7507580671394729,0.113,0.124
1274396,0.771792,0.7524434956619868,0.112,0.124
2990142,0.771835,0.7524887525389802,0.112,0.123
13678113,0.773414,0.7542234260923987,0.112,0.122
12202983,0.773571,0.7543945699145922,0.111,0.122
2494642,0.775008,0.7559620877997285,0.111,0.121
13843240,0.775354,0.7563433899932479,0.11,0.121
9413662,0.776601,0.7577047376609697,0.11,0.12
5720461,0.777142,0.7583064865069193,0.109,0.12
14137234,0.778193,0.7594514334754542,0.109,0.119
8677338,0.778933,0.7602532258096213,0.108,0.119
2208361,0.779798,0.761202175243182,0.108,0.118
11954611,0.780729,0.7622170159152772,0.107,0.118
245373,0.781424,0.7629569051648212,0.107,0.117
13967127,0.782529,0.7641650846026163,0.106,0.117
6570480,0.783039,0.7647157388390357,0.106,0.116
360059,0.784333,0.7661036741994994,0.105,0.116
9574943,0.784679,0.7664785606671615,0.105,0.115
2145364,0.786141,0.7680707010677502,0.104,0.115
12656712,0.7863,0.7682454862478627,0.104,0.114
8720016,0.787935,0.7700164577818073,0.104,0.113
1652391,0.787953,0.7700353003640549,0.103,0.113
14370702,0.789565,0.7717915330683273,0.103,0.112
16699764,0.789769,0.7720178752526264,0.102,0.112
15768800,0.791198,0.7735707121074226,0.102,0.111
13045642,0.79159,0.7739917224420587,0.101,0.111
14960484,0.792845,0.7753539948990934,0.101,0.11
15899944,0.793415,0.775971522962692,0.1,0.11
6068771,0.794487,0.7771413236440075,0.1,0.109
1274693,0.795244,0.777959530988476,0.099,0.109
7276240,0.796126,0.778932871740161,0.099,0.108
8968652,0.797077,0.7799568447067198,0.098,0.108
6275453,0.797778,0.7807284657895579,0.098,0.107
13235842,0.798914,0.7819577997828826,0.097,0.107
15029625,0.799437,0.7825282213908623,0.097,0.106
11570464,0.800756,0.7839543043104776,0.096,0.106
3149310,0.801105,0.7843321385440741,0.096,0.105
3219935,0.802602,0.7859524850187022,0.095,0.105
6634356,0.802769,0.7861402172491934,0.095,0.104
10831971,0.804443,0.7879524575062201,0.095,0.103
9263885,0.804452,0.7879617053993477,0.094,0.103
7732785,0.806109,0.7897688593151542,0.094,0.102
7962794,0.806307,0.7899832370377194,0.093,0.102
1170476,0.807771,0.7915894804753278,0.093,0.101
12066729,0.808165,0.7920204322950762,0.092,0.101
6484623,0.809442,0.7934142631874089,0.092,0.1
3336387,0.810028,0.7940465878800118,0.091,0.1
9939808,0.811125,0.7952433230500615,0.091,0.099
5083426,0.811896,0.796080777572102,0.09,0.099
3617668,0.81283,0.7970765444646215,0.09,0.098
3370611,0.813767,0.7980862987954966,0.089,0.098
4169994,0.814527,0.7989139852304211,0.089,0.097
10856468,0.815643,0.8001198526949344,0.088,0.097
8362366,0.816233,0.8007556453474601,0.088,0.096
5582046,0.817524,0.8021406907413215,0.087,0.096
6449857,0.817952,0.8026015826150706,0.087,0.095
12921773,0.819408,0.8041919312363659,0.086,0.095
16473886,0.819646,0.8044517970332528,0.086,0.094
11557393,0.821297,0.8062409753567924,0.085,0.094
10585099,0.821357,0.8063062308026744,0.085,0.093
563731,0.823065,0.8081649417226675,0.085,0.092
5068282,0.82319,0.8082991517716824,0.084,0.092
2016680,0.824805,0.8100279875925642,0.084,0.091
5497357,0.825088,0.8103256541526104,0.083,0.091
8110222,0.826546,0.8118952528137003,0.083,0.09
15262117,0.82699,0.8123742936777125,0.082,0.09
9835014,0.828279,0.8137669107840723,0.082,0.089
13409450,0.828896,0.8144440299590122,0.081,0.089
3598151,0.830008,0.8156427881056836,0.081,0.088
14972550,0.830807,0.8165106450763813,0.08,0.088
3093300,0.831739,0.8175230581765305,0.08,0.087
10783810,0.832722,0.81856963068192,0.079,0.087
14516647,0.833493,0.819407663197281,0.079,0.086
9393636,0.834642,0.8206305236654163,0.078,0.086
15569238,0.83525,0.8212966031679352,0.078,0.085
4632770,0.836566,0.8227229750842108,0.077,0.085
16491573,0.836994,0.8231898780884929,0.077,0.084
6633770,0.838495,0.8248219000281946,0.076,0.084
15246387,0.838741,0.8250874879589541,0.076,0.083
3062750,0.840428,0.8269093229051008,0.075,0.083
601410,0.840503,0.8269895483779831,0.075,0.082
2845291,0.842264,0.8288959437469157,0.075,0.081
1725289,0.842365,0.8290058202771385,0.074,0.081
16379051,0.844029,0.8308067318650839,0.074,0.08
3872421,0.844307,0.8311084443783734,0.073,0.08
2561062,0.845778,0.8327219705318197,0.073,0.079
2832943,0.846253,0.8332365001857093,0.072,0.079
16351624,0.847546,0.8346416019477912,0.072,0.078
6517622,0.848204,0.8353485455780679,0.071,0.078
17031206,0.849322,0.8365656261129983,0.071,0.077
13519035,0.850159,0.8374771793787242,0.07,0.077
12324628,0.851105,0.8384941008267732,0.07,0.076
17269658,0.852119,0.8396035590054307,0.069,0.076
730818,0.852888,0.8404270260891157,0.069,0.075
9677302,0.854083,0.8417195347523686,0.068,0.075
9105381,0.854675,0.8423644019000259,0.068,0.074
11346863,0.856052,0.8438696699045467,0.067,0.074
239590,0.856449,0.8443062860588358,0.067,0.073
11717992,0.858026,0.8460250069966091,0.066,0.073
8570944,0.858241,0.8462526207662133,0.066,0.072
8673520,0.860004,0.8481612125097637,0.065,0.072
13560282,0.86004,0.8482034060221586,0.065,0.071
4184908,0.861861,0.8501586996260037,0.065,0.07
4328926,0.861986,0.8502929096750186,0.064,0.07
11039600,0.863683,0.8521185593770804,0.064,0.069
13858468,0.863973,0.8524388832752893,0.063,0.069
11187784,0.86549,0.8540828696767249,0.063,0.068
1791174,0.865965,0.8545975149292785,0.062,0.068
1899441,0.867302,0.8560517461236011,0.062,0.067
14883891,0.867961,0.8567679376470054,0.061,0.067
14591806,0.869121,0.8580251309183771,0.061,0.066
11876138,0.869962,0.8589447760905896,0.06,0.066
9897542,0.870936,0.8600030818603848,0.06,0.065
6037479,0.871967,0.8611096500724399,0.059,0.065
4898238,0.872778,0.8619855989496243,0.059,0.064
10813355,0.873977,0.8632918638539046,0.058,0.064
600864,0.87459,0.8639726821860956,0.058,0.063
16783278,0.875992,0.8654899724516824,0.057,0.063
9778724,0.876424,0.8659643315697987,0.057,0.062
13837021,0.878012,0.8676895838320934,0.056,0.062
2916409,0.878263,0.8679606049000655,0.056,0.061
6369518,0.880036,0.8698839354732881,0.055,0.061
4824169,0.88011,0.8699614443775642,0.055,0.06
16965273,0.881946,0.8719669078016267,0.055,0.059
16589438,0.882064,0.8720933727401473,0.054,0.059
6208006,0.883814,0.873976995172253,0.054,0.058
17095816,0.884098,0.8742838518260948,0.053,0.058
1905949,0.885678,0.8759917642887751,0.053,0.057
4046882,0.886136,0.8764920753069809,0.052,0.057
5234665,0.887521,0.8780110995525291,0.052,0.056
10839852,0.888178,0.8787264240859527,0.051,0.056
4459707,0.889392,0.8800351165621789,0.051,0.055
12116364,0.890226,0.8809391559147386,0.05,0.055
6729613,0.891253,0.8820638153177247,0.05,0.054
5512227,0.892278,0.8831823479915136,0.049,0.054
13930217,0.893123,0.8840971958191662,0.049,0.053
3273552,0.894335,0.8854133444092267,0.048,0.053
15466716,0.895002,0.8861352580665037,0.048,0.052
13034659,0.896397,0.8876536465193994,0.047,0.052
14747949,0.89688,0.888178002059737,0.047,0.051
15377220,0.898463,0.8898948734188848,0.046,0.051
7564808,0.898764,0.8902254855981983,0.046,0.05
2412273,0.900534,0.892153902512641,0.045,0.05
7528744,0.900644,0.8922776508825554,0.045,0.049
9354827,0.902524,0.8943345557121404,0.045,0.048
789709,0.90261,0.8944283062287219,0.044,0.048
16762721,0.904416,0.8963962000869533,0.044,0.047
2858382,0.904691,0.8967006291688491,0.043,0.047
6811269,0.906316,0.8984626418063262,0.043,0.046
7193128,0.906776,0.8989519709514429,0.042,0.046
837761,0.908242,0.900533765271595,0.042,0.045
68886,0.908867,0.9012122716305041,0.041,0.045
12345450,0.910158,0.9026097438807558,0.041,0.044
13604376,0.910962,0.9034766760621408,0.04,0.044
11574273,0.912078,0.9046904620351446,0.04,0.043
16624807,0.913062,0.9057486522062757,0.039,0.043
14476063,0.914017,0.9067759775340932,0.039,0.042
5006445,0.915167,0.908019992557758,0.038,0.042
15878910,0.915954,0.9088663481769339,0.038,0.041
3197045,0.917276,0.9102960146551362,0.037,0.041
4742508,0.917888,0.9109614583650025,0.037,0.04
15484203,0.919391,0.9125649852340046,0.036,0.04
14839336,0.919852,0.9130614814962953,0.036,0.039
2640272,0.92151,0.9148752245359552,0.035,0.039
4278206,0.921775,0.9151663019721479,0.035,0.038
12429994,0.923635,0.9171740773694923,0.034,0.038
3601957,0.923728,0.9172759775918926,0.034,0.037
8957759,0.925699,0.9193905083555293,0.034,0.036
7917130,0.925764,0.9194607923432994,0.033,0.036
10261542,0.927637,0.921509894263058,0.033,0.035
5849310,0.927898,0.9217816667223467,0.032,0.035
11647174,0.929598,0.9236341931138107,0.032,0.034
1137201,0.930037,0.9241079164392745,0.031,0.034
14975506,0.931571,0.9257634049077875,0.031,0.033
425188,0.932181,0.9264256696543912,0.03,0.033
7908325,0.933549,0.9278975296449884,0.03,0.032
1974056,0.93433,0.9287387411236121,0.029,0.032
3364660,0.935513,0.9300365673254134,0.029,0.031
14653413,0.936484,0.9310793250748877,0.028,0.031
8685593,0.937507,0.9321805179490624,0.028,0.03
7777897,0.938643,0.9333959223033635,0.027,0.03
16516390,0.939507,0.9343293815159355,0.027,0.029
2387884,0.940806,0.9357355236659943,0.026,0.029
11382788,0.941504,0.9364832736246966,0.026,0.028
7298857,0.942975,0.9380788819852083,0.025,0.028
5192693,0.943485,0.938642078676682,0.025,0.027
3007790,0.945149,0.9404425856693029,0.024,0.027
5481949,0.94548,0.9408058544712233,0.024,0.026
14985040,0.947328,0.9428100463099808,0.023,0.026
5211247,0.94748,0.942974658807653,0.023,0.025
15516533,0.949498,0.9451484338866386,0.023,0.024
16706557,0.949511,0.9451614387363494,0.022,0.024
5916201,0.951486,0.9473272375075125,0.022,0.023
1966417,0.9517,0.9475628275849393,0.021,0.023
5533262,0.953508,0.9495110118709424,0.021,0.022
12867611,0.953894,0.9499310974162658,0.02,0.022
16160012,0.955527,0.9516998725755925,0.02,0.021
16337995,0.956093,0.9523067077627624,0.019,0.021
9984243,0.957556,0.9538937618221309,0.019,0.02
9095045,0.958297,0.9547067672267152,0.018,0.02
771594,0.959569,0.9560927374098894,0.018,0.019
12537990,0.960506,0.9570971742022161,0.017,0.019
7860772,0.961623,0.958296741539536,0.017,0.018
10069107,0.962721,0.9594964822748523,0.016,0.018
14961504,0.963658,0.960505832010403,0.016,0.017
12300167,0.96494,0.9619111649698131,0.015,0.017
5302678,0.965691,0.9627200666218221,0.015,0.016
9988827,0.967164,0.9643105308417814,0.014,0.016
6113174,0.967742,0.9649393297751294,0.014,0.015
4912582,0.969394,0.9667293750886498,0.013,0.015
17026990,0.969787,0.967163737068989,0.013,0.014
13508017,0.971628,0.9691639985531671,0.012,0.014
16955372,0.971847,0.9693932885034008,0.012,0.013
9633984,0.973868,0.9715711095356298,0.011,0.013
6561277,0.973918,0.9716279840783648,0.011,0.012
16735736,0.975992,0.9738678237938811,0.011,0.011
5465110,0.976113,0.974000762257591,0.01,0.011
2886041,0.978081,0.9761128076499497,0.01,0.01
4272980,0.978363,0.976426311226977,0.009,0.01
405074,0.98013,0.9783629934459025,0.009,0.009
9275990,0.980619,0.9788904123508387,0.008,0.009
11880289,0.982209,0.9806183233824076,0.008,0.008
9499333,0.982879,0.9813456123775651,0.007,0.008
7284039,0.98428,0.9828789130581291,0.007,0.007
14426982,0.985145,0.983814626444651,0.006,0.007
321496,0.98635,0.9851446468744028,0.006,0.006
17298279,0.987416,0.9862916168195593,0.005,0.006
5923024,0.988445,0.9874156404298929,0.005,0.005
15043971,0.989692,0.9887791844722326,0.004,0.005
3944304,0.990519,0.9896918937245993,0.004,0.004
5282836,0.991974,0.9912725898574426,0.003,0.004
15750166,0.992627,0.9919733489591901,0.003,0.003
8863012,0.994261,0.9937450140851192,0.002,0.003
8306164,0.994741,0.9942601217323292,0.002,0.002
10103683,0.996553,0.9962473205674646,0.001,0.002
9097942,0.996833,0.9965520964453526,0.001,0.001
167213,0.99885,0.9987369111967594,0.0,0.001
15455928,0.998952,0.9988493886969244,0.0,0.0
