,P,Exp P,Log P,Log Exp P
18554500,4.4e-09,5.370423627071339e-08,8.357,7.27
18554498,9.9e-09,1.0740847254142678e-07,8.004,6.969
18554497,1.14e-08,1.6111270881214016e-07,7.943,6.793
17770330,1.23e-07,2.1481694508285356e-07,6.91,6.668
17770474,1.29e-07,2.685211813535669e-07,6.889,6.571
4660054,1.41e-07,3.222254176242803e-07,6.851,6.492
17770379,1.51e-07,3.759296538949937e-07,6.821,6.425
17770336,2.04e-07,4.296338901657071e-07,6.69,6.367
17770307,2.3e-07,4.833381264364205e-07,6.638,6.316
17770311,2.42e-07,5.370423627071339e-07,6.616,6.27
17770100,3.02e-07,5.907465989778473e-07,6.52,6.229
17770093,3.08e-07,6.444508352485606e-07,6.511,6.191
17770209,3.47e-07,6.981550715192741e-07,6.46,6.156
1489564,3.53e-07,7.518593077899874e-07,6.452,6.124
4005133,3.88e-07,8.055635440607008e-07,6.411,6.094
17770096,5.32e-07,8.592677803314142e-07,6.274,6.066
2820323,5.46e-07,9.129720166021276e-07,6.263,6.04
4005796,5.64e-07,9.66676252872841e-07,6.249,6.015
4660230,7.39e-07,1.0203804891435544e-06,6.131,5.991
4005152,8.3e-07,1.0740847254142677e-06,6.081,5.969
8043568,8.58e-07,1.1277889616849813e-06,6.067,5.948
15514993,9.16e-07,1.1814931979556946e-06,6.038,5.928
2129951,9.17e-07,1.235197434226408e-06,6.038,5.908
4660220,1.04e-06,1.2889016704971213e-06,5.983,5.89
4660221,1.05e-06,1.3426059067678346e-06,5.979,5.872
4660118,1.07e-06,1.3963101430385482e-06,5.971,5.855
10053525,1.11e-06,1.4500143793092615e-06,5.955,5.839
1488916,1.12e-06,1.5037186155799749e-06,5.951,5.823
13816117,1.13e-06,1.5574228518506882e-06,5.947,5.808
31920,1.15e-06,1.6111270881214016e-06,5.939,5.793
4660294,1.15e-06,1.6648313243921151e-06,5.939,5.779
18320511,1.16e-06,1.7185355606628284e-06,5.936,5.765
1489551,1.2e-06,1.7722397969335418e-06,5.921,5.751
18320515,1.21e-06,1.8259440332042551e-06,5.917,5.739
4659935,1.24e-06,1.8796482694749687e-06,5.907,5.726
3009227,1.31e-06,1.933352505745682e-06,5.883,5.714
4660218,1.31e-06,1.987056742016395e-06,5.883,5.702
11086881,1.33e-06,2.0407609782871087e-06,5.876,5.69
4660067,1.39e-06,2.0944652145578223e-06,5.857,5.679
4660203,1.41e-06,2.1481694508285354e-06,5.851,5.668
4660057,1.42e-06,2.201873687099249e-06,5.848,5.657
4660281,1.42e-06,2.2555779233699625e-06,5.848,5.647
4660272,1.44e-06,2.3092821596406756e-06,5.842,5.637
3272809,1.47e-06,2.362986395911389e-06,5.833,5.627
11355027,1.54e-06,2.4166906321821023e-06,5.812,5.617
18320528,1.72e-06,2.470394868452816e-06,5.764,5.607
17587517,1.76e-06,2.5240991047235294e-06,5.754,5.598
5369568,1.78e-06,2.5778033409942426e-06,5.75,5.589
18320547,1.92e-06,2.631507577264956e-06,5.717,5.58
4660348,1.96e-06,2.6852118135356693e-06,5.708,5.571
6453503,2.12e-06,2.738916049806383e-06,5.674,5.562
16070654,2.18e-06,2.7926202860770964e-06,5.662,5.554
7616306,2.23e-06,2.8463245223478095e-06,5.652,5.546
15514973,2.28e-06,2.900028758618523e-06,5.642,5.538
18368346,2.39e-06,2.953732994889236e-06,5.622,5.53
11355274,2.41e-06,3.0074372311599497e-06,5.618,5.522
11355181,2.42e-06,3.0611414674306633e-06,5.616,5.514
11355182,2.43e-06,3.1148457037013764e-06,5.614,5.507
15115756,2.58e-06,3.16854993997209e-06,5.588,5.499
11355248,2.59e-06,3.222254176242803e-06,5.587,5.492
7573613,2.65e-06,3.2759584125135167e-06,5.577,5.485
11355202,2.66e-06,3.3296626487842302e-06,5.575,5.478
11355121,2.66e-06,3.3833668850549433e-06,5.575,5.471
11355119,2.66e-06,3.437071121325657e-06,5.575,5.464
4895692,2.91e-06,3.49077535759637e-06,5.536,5.457
7538074,2.93e-06,3.5444795938670836e-06,5.533,5.45
1855611,3.06e-06,3.598183830137797e-06,5.514,5.444
5109288,3.25e-06,3.6518880664085103e-06,5.488,5.437
9851356,3.42e-06,3.705592302679224e-06,5.466,5.431
11660216,3.46e-06,3.7592965389499374e-06,5.461,5.425
18554547,3.48e-06,3.8130007752206505e-06,5.458,5.419
15514980,3.54e-06,3.866705011491364e-06,5.451,5.413
4659831,3.55e-06,3.920409247762077e-06,5.45,5.407
709888,3.6e-06,3.97411348403279e-06,5.444,5.401
9851325,3.64e-06,4.027817720303504e-06,5.439,5.395
80024,3.69e-06,4.0815219565742174e-06,5.433,5.389
1487815,3.74e-06,4.1352261928449306e-06,5.427,5.384
11355146,3.89e-06,4.1889304291156445e-06,5.41,5.378
18527726,4.01e-06,4.242634665386358e-06,5.397,5.372
14430622,4.08e-06,4.296338901657071e-06,5.389,5.367
11355123,4.13e-06,4.350043137927785e-06,5.384,5.362
7459158,4.13e-06,4.403747374198498e-06,5.384,5.356
1488137,4.15e-06,4.457451610469211e-06,5.382,5.351
18554546,4.15e-06,4.511155846739925e-06,5.382,5.346
1855624,4.35e-06,4.564860083010638e-06,5.362,5.341
8043570,4.37e-06,4.618564319281351e-06,5.36,5.335
5109410,4.39e-06,4.672268555552064e-06,5.358,5.33
7458861,4.43e-06,4.725972791822778e-06,5.354,5.326
1070548,4.44e-06,4.7796770280934915e-06,5.353,5.321
2704432,4.49e-06,4.833381264364205e-06,5.348,5.316
11660275,4.51e-06,4.887085500634919e-06,5.346,5.311
6070498,4.57e-06,4.940789736905632e-06,5.34,5.306
5626256,4.62e-06,4.994493973176345e-06,5.335,5.302
5109369,4.63e-06,5.048198209447059e-06,5.334,5.297
1071659,4.67e-06,5.101902445717772e-06,5.331,5.292
12179585,4.73e-06,5.155606681988485e-06,5.325,5.288
1976335,4.77e-06,5.209310918259198e-06,5.321,5.283
9040580,4.79e-06,5.263015154529912e-06,5.32,5.279
18551690,4.89e-06,5.316719390800625e-06,5.311,5.274
18554511,4.96e-06,5.3704236270713385e-06,5.305,5.27
80085,5.02e-06,5.4241278633420525e-06,5.299,5.266
5443656,5.31e-06,5.477832099612766e-06,5.275,5.261
4659969,5.33e-06,5.531536335883479e-06,5.273,5.257
2704443,5.38e-06,5.585240572154193e-06,5.269,5.253
15754276,5.47e-06,5.638944808424906e-06,5.262,5.249
3170616,5.64e-06,5.692649044695619e-06,5.249,5.245
1488080,5.65e-06,5.746353280966333e-06,5.248,5.241
11355102,5.71e-06,5.800057517237046e-06,5.243,5.237
2917142,5.86e-06,5.853761753507759e-06,5.232,5.233
4005810,5.87e-06,5.907465989778472e-06,5.231,5.229
17329908,5.89e-06,5.961170226049186e-06,5.23,5.225
17191709,6.01e-06,6.0148744623198995e-06,5.221,5.221
12178948,6.04e-06,6.068578698590613e-06,5.219,5.217
1556946,6.05e-06,6.122282934861327e-06,5.218,5.213
5091678,6.07e-06,6.17598717113204e-06,5.217,5.209
1488064,6.16e-06,6.229691407402753e-06,5.21,5.206
2917185,6.2e-06,6.283395643673467e-06,5.208,5.202
2917186,6.2e-06,6.33709987994418e-06,5.208,5.198
80062,6.24e-06,6.390804116214893e-06,5.205,5.194
12669249,6.25e-06,6.444508352485606e-06,5.204,5.191
10987218,6.28e-06,6.49821258875632e-06,5.202,5.187
2917165,6.36e-06,6.551916825027033e-06,5.197,5.184
2917166,6.36e-06,6.6056210612977465e-06,5.197,5.18
4005881,6.39e-06,6.6593252975684604e-06,5.194,5.177
1856394,6.46e-06,6.7130295338391736e-06,5.19,5.173
1855843,6.48e-06,6.766733770109887e-06,5.188,5.17
18554566,6.5e-06,6.820438006380601e-06,5.187,5.166
18554565,6.53e-06,6.874142242651314e-06,5.185,5.163
18554524,6.7e-06,6.927846478922027e-06,5.174,5.159
18554560,6.76e-06,6.98155071519274e-06,5.17,5.156
11170081,6.77e-06,7.035254951463454e-06,5.169,5.153
18554568,6.86e-06,7.088959187734167e-06,5.164,5.149
17587105,7e-06,7.14266342400488e-06,5.155,5.146
9479878,7.05e-06,7.196367660275594e-06,5.152,5.143
18554512,7.06e-06,7.250071896546307e-06,5.151,5.14
16543193,7.08e-06,7.3037761328170205e-06,5.15,5.136
5091717,7.08e-06,7.3574803690877345e-06,5.15,5.133
17587137,7.18e-06,7.411184605358448e-06,5.144,5.13
4005762,7.2e-06,7.464888841629161e-06,5.143,5.127
1152771,7.21e-06,7.518593077899875e-06,5.142,5.124
16823358,7.22e-06,7.572297314170588e-06,5.141,5.121
18554521,7.34e-06,7.626001550441301e-06,5.134,5.118
18554514,7.35e-06,7.679705786712015e-06,5.134,5.115
17191792,7.41e-06,7.733410022982728e-06,5.13,5.112
11201729,7.57e-06,7.787114259253441e-06,5.121,5.109
12669902,7.58e-06,7.840818495524154e-06,5.12,5.106
17663579,7.82e-06,7.894522731794868e-06,5.107,5.103
18554559,7.83e-06,7.94822696806558e-06,5.106,5.1
18554557,7.84e-06,8.001931204336295e-06,5.106,5.097
18554522,7.84e-06,8.055635440607009e-06,5.106,5.094
17769978,8.03e-06,8.109339676877722e-06,5.095,5.091
5109453,8.06e-06,8.163043913148435e-06,5.094,5.088
5884669,8.12e-06,8.216748149419148e-06,5.09,5.085
9202394,8.12e-06,8.270452385689861e-06,5.09,5.082
5109296,8.13e-06,8.324156621960576e-06,5.09,5.08
18554506,8.19e-06,8.377860858231289e-06,5.087,5.077
18554504,8.23e-06,8.431565094502002e-06,5.085,5.074
8032298,8.34e-06,8.485269330772715e-06,5.079,5.071
18554540,8.37e-06,8.538973567043428e-06,5.077,5.069
17868916,8.38e-06,8.592677803314142e-06,5.077,5.066
14430528,8.51e-06,8.646382039584855e-06,5.07,5.063
1487692,8.58e-06,8.70008627585557e-06,5.067,5.06
4660493,8.58e-06,8.753790512126283e-06,5.067,5.058
10458330,8.62e-06,8.807494748396996e-06,5.064,5.055
9712059,8.65e-06,8.861198984667709e-06,5.063,5.053
15155574,8.79e-06,8.914903220938422e-06,5.056,5.05
17572604,8.82e-06,8.968607457209135e-06,5.055,5.047
5525005,8.97e-06,9.02231169347985e-06,5.047,5.045
5524999,8.97e-06,9.076015929750563e-06,5.047,5.042
7871267,9.01e-06,9.129720166021276e-06,5.045,5.04
2130816,9.01e-06,9.18342440229199e-06,5.045,5.037
18554567,9.02e-06,9.237128638562703e-06,5.045,5.034
14325156,9.04e-06,9.290832874833416e-06,5.044,5.032
9479995,9.13e-06,9.344537111104129e-06,5.04,5.029
18554571,9.24e-06,9.398241347374844e-06,5.034,5.027
18554538,9.3e-06,9.451945583645557e-06,5.032,5.024
4660545,9.3e-06,9.50564981991627e-06,5.032,5.022
6070200,9.39e-06,9.559354056186983e-06,5.027,5.02
10096612,9.4e-06,9.613058292457696e-06,5.027,5.017
9851183,9.43e-06,9.66676252872841e-06,5.025,5.015
18554572,9.5e-06,9.720466764999122e-06,5.022,5.012
7458889,9.57e-06,9.774171001269837e-06,5.019,5.01
6073153,9.67e-06,9.82787523754055e-06,5.015,5.008
17587192,9.68e-06,9.881579473811264e-06,5.014,5.005
7458898,9.74e-06,9.935283710081977e-06,5.011,5.003
17191660,9.78e-06,9.98898794635269e-06,5.01,5.0
18554533,9.86e-06,1.0042692182623403e-05,5.006,4.998
5232000,9.89e-06,1.0096396418894118e-05,5.005,4.996
16070591,9.97e-06,1.0150100655164831e-05,5.001,4.994
8642011,9.99e-06,1.0203804891435544e-05,5.0,4.991
18554562,1.01e-05,1.0257509127706257e-05,4.996,4.989
3206709,1.01e-05,1.031121336397697e-05,4.996,4.987
642433,1.02e-05,1.0364917600247683e-05,4.991,4.984
6073160,1.05e-05,1.0418621836518397e-05,4.979,4.982
158979,1.05e-05,1.0472326072789111e-05,4.979,4.98
4660479,1.05e-05,1.0526030309059824e-05,4.979,4.978
18554505,1.05e-05,1.0579734545330538e-05,4.979,4.976
12248946,1.07e-05,1.063343878160125e-05,4.971,4.973
12249267,1.07e-05,1.0687143017871964e-05,4.971,4.971
10032438,1.07e-05,1.0740847254142677e-05,4.971,4.969
6395596,1.07e-05,1.0794551490413392e-05,4.971,4.967
1851993,1.09e-05,1.0848255726684105e-05,4.963,4.965
11355005,1.09e-05,1.0901959962954818e-05,4.963,4.962
12976804,1.1e-05,1.0955664199225531e-05,4.959,4.96
6795711,1.1e-05,1.1009368435496244e-05,4.959,4.958
5109501,1.11e-05,1.1063072671766957e-05,4.955,4.956
13798434,1.11e-05,1.111677690803767e-05,4.955,4.954
13798433,1.11e-05,1.1170481144308385e-05,4.955,4.952
13798428,1.13e-05,1.1224185380579099e-05,4.947,4.95
17587355,1.14e-05,1.1277889616849812e-05,4.943,4.948
13798424,1.15e-05,1.1331593853120525e-05,4.939,4.946
2130992,1.16e-05,1.1385298089391238e-05,4.936,4.944
5231972,1.16e-05,1.1439002325661951e-05,4.936,4.942
6069358,1.17e-05,1.1492706561932666e-05,4.932,4.94
1556914,1.17e-05,1.1546410798203379e-05,4.932,4.938
80098,1.17e-05,1.1600115034474092e-05,4.932,4.936
7127285,1.17e-05,1.1653819270744805e-05,4.932,4.934
12248467,1.18e-05,1.1707523507015518e-05,4.928,4.932
5109560,1.19e-05,1.1761227743286232e-05,4.924,4.93
12247582,1.2e-05,1.1814931979556945e-05,4.921,4.928
15582796,1.21e-05,1.186863621582766e-05,4.917,4.926
12178322,1.23e-05,1.1922340452098373e-05,4.91,4.924
6072949,1.24e-05,1.1976044688369086e-05,4.907,4.922
8043474,1.25e-05,1.2029748924639799e-05,4.903,4.92
12111416,1.25e-05,1.2083453160910512e-05,4.903,4.918
4772890,1.25e-05,1.2137157397181225e-05,4.903,4.916
10050698,1.25e-05,1.2190861633451938e-05,4.903,4.914
8171736,1.26e-05,1.2244565869722653e-05,4.9,4.912
12447528,1.27e-05,1.2298270105993366e-05,4.896,4.91
10626334,1.28e-05,1.235197434226408e-05,4.893,4.908
14743910,1.28e-05,1.2405678578534793e-05,4.893,4.906
12245011,1.28e-05,1.2459382814805506e-05,4.893,4.905
4228665,1.29e-05,1.2513087051076219e-05,4.889,4.903
5231988,1.29e-05,1.2566791287346934e-05,4.889,4.901
5383789,1.29e-05,1.2620495523617647e-05,4.889,4.899
4228664,1.29e-05,1.267419975988836e-05,4.889,4.897
6571296,1.29e-05,1.2727903996159073e-05,4.889,4.895
13934809,1.29e-05,1.2781608232429786e-05,4.889,4.893
4228659,1.3e-05,1.28353124687005e-05,4.886,4.892
4228723,1.3e-05,1.2889016704971212e-05,4.886,4.89
3731338,1.31e-05,1.2942720941241927e-05,4.883,4.888
6770825,1.32e-05,1.299642517751264e-05,4.879,4.886
7882241,1.32e-05,1.3050129413783354e-05,4.879,4.884
17691697,1.33e-05,1.3103833650054067e-05,4.876,4.883
18554592,1.36e-05,1.315753788632478e-05,4.866,4.881
6072965,1.36e-05,1.3211242122595493e-05,4.866,4.879
16626080,1.36e-05,1.3264946358866208e-05,4.866,4.877
6072969,1.36e-05,1.3318650595136921e-05,4.866,4.876
1410911,1.37e-05,1.3372354831407634e-05,4.863,4.874
6072983,1.37e-05,1.3426059067678347e-05,4.863,4.872
3445000,1.39e-05,1.347976330394906e-05,4.857,4.87
3098507,1.4e-05,1.3533467540219773e-05,4.854,4.869
5552166,1.4e-05,1.3587171776490487e-05,4.854,4.867
14947101,1.41e-05,1.3640876012761201e-05,4.851,4.865
5231969,1.42e-05,1.3694580249031914e-05,4.848,4.863
12243805,1.42e-05,1.3748284485302628e-05,4.848,4.862
12246419,1.42e-05,1.380198872157334e-05,4.848,4.86
18554578,1.43e-05,1.3855692957844054e-05,4.845,4.858
5109529,1.44e-05,1.3909397194114767e-05,4.842,4.857
12246480,1.44e-05,1.396310143038548e-05,4.842,4.855
13127939,1.44e-05,1.4016805666656195e-05,4.842,4.853
4404260,1.44e-05,1.4070509902926908e-05,4.842,4.852
18554594,1.45e-05,1.4124214139197621e-05,4.839,4.85
12246055,1.46e-05,1.4177918375468334e-05,4.836,4.848
182970,1.46e-05,1.4231622611739047e-05,4.836,4.847
7458915,1.46e-05,1.428532684800976e-05,4.836,4.845
14947060,1.46e-05,1.4339031084280475e-05,4.836,4.843
6280774,1.46e-05,1.4392735320551189e-05,4.836,4.842
9356283,1.47e-05,1.4446439556821902e-05,4.833,4.84
13798405,1.48e-05,1.4500143793092615e-05,4.83,4.839
18554593,1.49e-05,1.4553848029363328e-05,4.827,4.837
18554585,1.5e-05,1.4607552265634041e-05,4.824,4.835
14430561,1.5e-05,1.4661256501904754e-05,4.824,4.834
18554584,1.5e-05,1.4714960738175469e-05,4.824,4.832
1069814,1.51e-05,1.4768664974446182e-05,4.821,4.831
1856458,1.51e-05,1.4822369210716895e-05,4.821,4.829
18554586,1.51e-05,1.4876073446987608e-05,4.821,4.828
8518554,1.51e-05,1.4929777683258322e-05,4.821,4.826
1856456,1.51e-05,1.4983481919529035e-05,4.821,4.824
18554591,1.52e-05,1.503718615579975e-05,4.818,4.823
13798423,1.52e-05,1.5090890392070463e-05,4.818,4.821
13798420,1.52e-05,1.5144594628341176e-05,4.818,4.82
13798422,1.53e-05,1.5198298864611889e-05,4.815,4.818
6280070,1.53e-05,1.5252003100882602e-05,4.815,4.817
10904818,1.54e-05,1.5305707337153317e-05,4.812,4.815
4404281,1.54e-05,1.535941157342403e-05,4.812,4.814
18554574,1.54e-05,1.5413115809694743e-05,4.812,4.812
1485933,1.55e-05,1.5466820045965456e-05,4.81,4.811
1487340,1.55e-05,1.552052428223617e-05,4.81,4.809
932976,1.55e-05,1.5574228518506883e-05,4.81,4.808
8971824,1.56e-05,1.5627932754777596e-05,4.807,4.806
13921292,1.57e-05,1.568163699104831e-05,4.804,4.805
5232032,1.57e-05,1.5735341227319022e-05,4.804,4.803
5232296,1.58e-05,1.5789045463589735e-05,4.801,4.802
18554576,1.59e-05,1.5842749699860448e-05,4.799,4.8
14900329,1.6e-05,1.589645393613116e-05,4.796,4.799
11322663,1.6e-05,1.5950158172401878e-05,4.796,4.797
5232274,1.6e-05,1.600386240867259e-05,4.796,4.796
5232038,1.61e-05,1.6057566644943304e-05,4.793,4.794
5232021,1.61e-05,1.6111270881214017e-05,4.793,4.793
18554581,1.62e-05,1.616497511748473e-05,4.79,4.791
6571302,1.62e-05,1.6218679353755443e-05,4.79,4.79
3170670,1.63e-05,1.6272383590026157e-05,4.788,4.789
10904826,1.63e-05,1.632608782629687e-05,4.788,4.787
17329522,1.63e-05,1.6379792062567583e-05,4.788,4.786
18554624,1.65e-05,1.6433496298838296e-05,4.783,4.784
18272635,1.67e-05,1.648720053510901e-05,4.777,4.783
13798427,1.68e-05,1.6540904771379722e-05,4.775,4.781
10904801,1.68e-05,1.6594609007650435e-05,4.775,4.78
18554652,1.69e-05,1.6648313243921152e-05,4.772,4.779
8043569,1.7e-05,1.6702017480191865e-05,4.77,4.777
11764344,1.7e-05,1.6755721716462578e-05,4.77,4.776
159186,1.71e-05,1.680942595273329e-05,4.767,4.774
91263,1.71e-05,1.6863130189004004e-05,4.767,4.773
17191730,1.72e-05,1.6916834425274718e-05,4.764,4.772
11087166,1.73e-05,1.697053866154543e-05,4.762,4.77
6162382,1.74e-05,1.7024242897816144e-05,4.759,4.769
8158093,1.74e-05,1.7077947134086857e-05,4.759,4.768
1071011,1.75e-05,1.713165137035757e-05,4.757,4.766
1869919,1.75e-05,1.7185355606628283e-05,4.757,4.765
17714441,1.76e-05,1.7239059842898996e-05,4.754,4.763
3912753,1.76e-05,1.729276407916971e-05,4.754,4.762
11239409,1.77e-05,1.7346468315440426e-05,4.752,4.761
18554589,1.77e-05,1.740017255171114e-05,4.752,4.759
18554605,1.77e-05,1.7453876787981852e-05,4.752,4.758
18554601,1.77e-05,1.7507581024252565e-05,4.752,4.757
7791558,1.77e-05,1.756128526052328e-05,4.752,4.755
5232284,1.78e-05,1.761498949679399e-05,4.75,4.754
18554620,1.78e-05,1.7668693733064705e-05,4.75,4.753
13798397,1.79e-05,1.7722397969335418e-05,4.747,4.751
18554596,1.8e-05,1.777610220560613e-05,4.745,4.75
8043550,1.81e-05,1.7829806441876844e-05,4.742,4.749
17732938,1.82e-05,1.7883510678147557e-05,4.74,4.748
6796076,1.82e-05,1.793721491441827e-05,4.74,4.746
11256453,1.82e-05,1.7990919150688984e-05,4.74,4.745
13191935,1.83e-05,1.80446233869597e-05,4.738,4.744
13191956,1.83e-05,1.8098327623230413e-05,4.738,4.742
17732883,1.83e-05,1.8152031859501126e-05,4.738,4.741
12321770,1.83e-05,1.820573609577184e-05,4.738,4.74
9855448,1.84e-05,1.8259440332042553e-05,4.735,4.739
7458874,1.84e-05,1.8313144568313266e-05,4.735,4.737
9063759,1.84e-05,1.836684880458398e-05,4.735,4.736
18554604,1.85e-05,1.8420553040854692e-05,4.733,4.735
14337154,1.85e-05,1.8474257277125405e-05,4.733,4.733
3603957,1.86e-05,1.8527961513396118e-05,4.73,4.732
18272634,1.86e-05,1.858166574966683e-05,4.73,4.731
17867643,1.87e-05,1.8635369985937545e-05,4.728,4.73
17732893,1.87e-05,1.8689074222208258e-05,4.728,4.728
5752267,1.87e-05,1.8742778458478974e-05,4.728,4.727
14820119,1.87e-05,1.8796482694749687e-05,4.728,4.726
17732921,1.87e-05,1.88501869310204e-05,4.728,4.725
14820120,1.88e-05,1.8903891167291114e-05,4.726,4.723
5232230,1.89e-05,1.8957595403561827e-05,4.724,4.722
2457199,1.89e-05,1.901129963983254e-05,4.724,4.721
10904769,1.9e-05,1.9065003876103253e-05,4.721,4.72
5565976,1.9e-05,1.9118708112373966e-05,4.721,4.719
18554626,1.9e-05,1.917241234864468e-05,4.721,4.717
17732900,1.91e-05,1.9226116584915392e-05,4.719,4.716
932808,1.91e-05,1.9279820821186106e-05,4.719,4.715
932757,1.92e-05,1.933352505745682e-05,4.717,4.714
13798387,1.92e-05,1.9387229293727532e-05,4.717,4.712
1709353,1.92e-05,1.9440933529998245e-05,4.717,4.711
18554650,1.93e-05,1.949463776626896e-05,4.714,4.71
11484406,1.93e-05,1.9548342002539675e-05,4.714,4.709
1487225,1.94e-05,1.9602046238810388e-05,4.712,4.708
1487652,1.94e-05,1.96557504750811e-05,4.712,4.707
18554610,1.94e-05,1.9709454711351814e-05,4.712,4.705
10904792,1.95e-05,1.9763158947622527e-05,4.71,4.704
10904782,1.95e-05,1.981686318389324e-05,4.71,4.703
14820107,1.95e-05,1.9870567420163953e-05,4.71,4.702
18272629,1.96e-05,1.9924271656434666e-05,4.708,4.701
10904789,1.97e-05,1.997797589270538e-05,4.706,4.699
1527381,1.98e-05,2.0031680128976093e-05,4.703,4.698
18554630,1.98e-05,2.0085384365246806e-05,4.703,4.697
2816390,1.99e-05,2.013908860151752e-05,4.701,4.696
7655349,1.99e-05,2.0192792837788236e-05,4.701,4.695
1858311,1.99e-05,2.024649707405895e-05,4.701,4.694
16433251,2e-05,2.0300201310329662e-05,4.699,4.692
17791976,2e-05,2.0353905546600375e-05,4.699,4.691
3170503,2.01e-05,2.0407609782871088e-05,4.697,4.69
18554582,2.01e-05,2.04613140191418e-05,4.697,4.689
13798376,2.02e-05,2.0515018255412514e-05,4.695,4.688
17006746,2.02e-05,2.0568722491683227e-05,4.695,4.687
6420744,2.02e-05,2.062242672795394e-05,4.695,4.686
7655365,2.04e-05,2.0676130964224654e-05,4.69,4.685
18554634,2.05e-05,2.0729835200495367e-05,4.688,4.683
18554637,2.05e-05,2.078353943676608e-05,4.688,4.682
7150183,2.06e-05,2.0837243673036793e-05,4.686,4.681
3448190,2.06e-05,2.089094790930751e-05,4.686,4.68
18328196,2.06e-05,2.0944652145578223e-05,4.686,4.679
18554636,2.06e-05,2.0998356381848936e-05,4.686,4.678
7459650,2.07e-05,2.105206061811965e-05,4.684,4.677
4539941,2.08e-05,2.1105764854390362e-05,4.682,4.676
4285759,2.09e-05,2.1159469090661075e-05,4.68,4.674
9422683,2.1e-05,2.121317332693179e-05,4.678,4.673
16937137,2.1e-05,2.12668775632025e-05,4.678,4.672
7127636,2.11e-05,2.1320581799473215e-05,4.676,4.671
16937136,2.11e-05,2.1374286035743928e-05,4.676,4.67
14323549,2.12e-05,2.142799027201464e-05,4.674,4.669
9422696,2.12e-05,2.1481694508285354e-05,4.674,4.668
7867073,2.14e-05,2.1535398744556067e-05,4.67,4.667
10016371,2.15e-05,2.1589102980826784e-05,4.668,4.666
14900009,2.15e-05,2.1642807217097497e-05,4.668,4.665
8032308,2.15e-05,2.169651145336821e-05,4.668,4.664
10029894,2.15e-05,2.1750215689638923e-05,4.668,4.663
7459652,2.16e-05,2.1803919925909636e-05,4.666,4.661
7459648,2.16e-05,2.185762416218035e-05,4.666,4.66
7127732,2.17e-05,2.1911328398451062e-05,4.664,4.659
10224383,2.17e-05,2.1965032634721776e-05,4.664,4.658
16918123,2.19e-05,2.201873687099249e-05,4.66,4.657
11256355,2.2e-05,2.2072441107263202e-05,4.658,4.656
16937157,2.2e-05,2.2126145343533915e-05,4.658,4.655
14451298,2.21e-05,2.2179849579804628e-05,4.656,4.654
4228718,2.21e-05,2.223355381607534e-05,4.656,4.653
15666999,2.21e-05,2.2287258052346058e-05,4.656,4.652
11256208,2.22e-05,2.234096228861677e-05,4.654,4.651
8171752,2.23e-05,2.2394666524887484e-05,4.652,4.65
8171805,2.24e-05,2.2448370761158197e-05,4.65,4.649
13084374,2.25e-05,2.250207499742891e-05,4.648,4.648
10016367,2.26e-05,2.2555779233699623e-05,4.646,4.647
7459665,2.26e-05,2.2609483469970337e-05,4.646,4.646
14890412,2.26e-05,2.266318770624105e-05,4.646,4.645
9229529,2.26e-05,2.2716891942511763e-05,4.646,4.644
13084375,2.28e-05,2.2770596178782476e-05,4.642,4.643
5232223,2.29e-05,2.282430041505319e-05,4.64,4.642
8171746,2.3e-05,2.2878004651323902e-05,4.638,4.641
5185529,2.31e-05,2.2931708887594615e-05,4.636,4.64
3912788,2.33e-05,2.2985413123865332e-05,4.633,4.639
7459539,2.34e-05,2.3039117360136045e-05,4.631,4.638
17596283,2.34e-05,2.3092821596406758e-05,4.631,4.637
3731350,2.35e-05,2.314652583267747e-05,4.629,4.636
7573849,2.36e-05,2.3200230068948184e-05,4.627,4.635
3076948,2.36e-05,2.3253934305218898e-05,4.627,4.634
3076909,2.36e-05,2.330763854148961e-05,4.627,4.633
11452245,2.39e-05,2.3361342777760324e-05,4.622,4.632
9422825,2.39e-05,2.3415047014031037e-05,4.622,4.631
6571368,2.4e-05,2.346875125030175e-05,4.62,4.63
5185382,2.41e-05,2.3522455486572463e-05,4.618,4.629
6683972,2.41e-05,2.3576159722843176e-05,4.618,4.628
7395382,2.41e-05,2.362986395911389e-05,4.618,4.627
3731337,2.41e-05,2.3683568195384603e-05,4.618,4.626
4660529,2.42e-05,2.373727243165532e-05,4.616,4.625
7458878,2.42e-05,2.3790976667926032e-05,4.616,4.624
4401653,2.43e-05,2.3844680904196745e-05,4.614,4.623
17596280,2.44e-05,2.389838514046746e-05,4.613,4.622
9423014,2.44e-05,2.395208937673817e-05,4.613,4.621
2995399,2.44e-05,2.4005793613008885e-05,4.613,4.62
5494647,2.45e-05,2.4059497849279598e-05,4.611,4.619
5232226,2.46e-05,2.411320208555031e-05,4.609,4.618
3076866,2.47e-05,2.4166906321821024e-05,4.607,4.617
1556369,2.48e-05,2.4220610558091737e-05,4.606,4.616
2710084,2.48e-05,2.427431479436245e-05,4.606,4.615
7127152,2.5e-05,2.4328019030633164e-05,4.602,4.614
7573893,2.51e-05,2.4381723266903877e-05,4.6,4.613
10016348,2.51e-05,2.4435427503174593e-05,4.6,4.612
12447358,2.51e-05,2.4489131739445306e-05,4.6,4.611
12112473,2.52e-05,2.454283597571602e-05,4.599,4.61
16776481,2.53e-05,2.4596540211986733e-05,4.597,4.609
1490287,2.53e-05,2.4650244448257446e-05,4.597,4.608
8288370,2.53e-05,2.470394868452816e-05,4.597,4.607
3690339,2.54e-05,2.4757652920798872e-05,4.595,4.606
16776496,2.54e-05,2.4811357157069585e-05,4.595,4.605
3184341,2.58e-05,2.4865061393340298e-05,4.588,4.604
3170522,2.59e-05,2.491876562961101e-05,4.587,4.603
7600944,2.61e-05,2.5026174102152438e-05,4.583,4.602
13880747,2.61e-05,2.507987833842315e-05,4.583,4.601
3170507,2.61e-05,2.5133582574693867e-05,4.583,4.6
3170537,2.62e-05,2.518728681096458e-05,4.582,4.599
5232099,2.62e-05,2.5240991047235294e-05,4.582,4.598
10726413,2.62e-05,2.5294695283506007e-05,4.582,4.597
9981503,2.62e-05,2.534839951977672e-05,4.582,4.596
15156060,2.62e-05,2.5402103756047433e-05,4.582,4.595
12095752,2.63e-05,2.5455807992318146e-05,4.58,4.594
16409125,2.64e-05,2.550951222858886e-05,4.578,4.593
1508781,2.64e-05,2.5563216464859572e-05,4.578,4.592
7779512,2.65e-05,2.5616920701130285e-05,4.577,4.591
12095759,2.65e-05,2.5724329173671712e-05,4.577,4.59
3520074,2.65e-05,2.5778033409942425e-05,4.577,4.589
15365029,2.66e-05,2.583173764621314e-05,4.575,4.588
1850959,2.66e-05,2.5885441882483854e-05,4.575,4.587
2646560,2.66e-05,2.5939146118754568e-05,4.575,4.586
159348,2.67e-05,2.599285035502528e-05,4.573,4.585
11225524,2.68e-05,2.6046554591295994e-05,4.572,4.584
1851177,2.69e-05,2.6100258827566707e-05,4.57,4.583
7779784,2.69e-05,2.615396306383742e-05,4.57,4.582
10258619,2.7e-05,2.6207667300108133e-05,4.569,4.582
10258618,2.7e-05,2.6261371536378846e-05,4.569,4.581
7619455,2.72e-05,2.631507577264956e-05,4.565,4.58
3604670,2.73e-05,2.6368780008920273e-05,4.564,4.579
7657991,2.76e-05,2.6422484245190986e-05,4.559,4.578
3175354,2.76e-05,2.64761884814617e-05,4.559,4.577
221656,2.77e-05,2.6529892717732415e-05,4.558,4.576
9033726,2.77e-05,2.658359695400313e-05,4.558,4.575
3912783,2.78e-05,2.6691005426544555e-05,4.556,4.574
2558828,2.79e-05,2.6744709662815268e-05,4.554,4.573
4660631,2.79e-05,2.679841389908598e-05,4.554,4.572
4285959,2.8e-05,2.6852118135356694e-05,4.553,4.571
80049,2.81e-05,2.6905822371627407e-05,4.551,4.57
5232233,2.83e-05,2.695952660789812e-05,4.548,4.569
5635757,2.84e-05,2.7013230844168834e-05,4.547,4.568
7120250,2.84e-05,2.712063931671026e-05,4.547,4.567
5109262,2.86e-05,2.7174343552980973e-05,4.544,4.566
7457704,2.87e-05,2.722804778925169e-05,4.542,4.565
12304689,2.9e-05,2.7281752025522403e-05,4.538,4.564
4005616,2.91e-05,2.7335456261793116e-05,4.536,4.563
1885324,2.92e-05,2.738916049806383e-05,4.535,4.562
4285715,2.94e-05,2.7442864734334542e-05,4.532,4.562
3604553,2.94e-05,2.7496568970605255e-05,4.532,4.561
31514,2.96e-05,2.755027320687597e-05,4.529,4.56
5565615,2.97e-05,2.760397744314668e-05,4.527,4.559
5108846,2.97e-05,2.7657681679417395e-05,4.527,4.558
17383401,2.98e-05,2.7711385915688108e-05,4.526,4.557
5565629,2.98e-05,2.7818794388229534e-05,4.526,4.556
9423096,2.99e-05,2.7872498624500247e-05,4.524,4.555
13191969,2.99e-05,2.792620286077096e-05,4.524,4.554
7658075,3e-05,2.7979907097041677e-05,4.523,4.553
3467830,3e-05,2.803361133331239e-05,4.523,4.552
11521629,3.01e-05,2.8087315569583103e-05,4.521,4.551
1005320,3.02e-05,2.8141019805853816e-05,4.52,4.551
5232199,3.03e-05,2.819472404212453e-05,4.519,4.55
17191675,3.03e-05,2.8248428278395242e-05,4.519,4.549
10016383,3.03e-05,2.8302132514665956e-05,4.519,4.548
9422993,3.04e-05,2.835583675093667e-05,4.517,4.547
3076930,3.04e-05,2.8463245223478095e-05,4.517,4.546
3076923,3.05e-05,2.8516949459748808e-05,4.516,4.545
18554629,3.05e-05,2.857065369601952e-05,4.516,4.544
17596269,3.05e-05,2.8624357932290234e-05,4.516,4.543
12447758,3.07e-05,2.867806216856095e-05,4.513,4.542
6740708,3.07e-05,2.8785470641102377e-05,4.513,4.541
3690347,3.07e-05,2.883917487737309e-05,4.513,4.54
3076897,3.08e-05,2.8892879113643803e-05,4.511,4.539
3076924,3.08e-05,2.8946583349914517e-05,4.511,4.538
6395804,3.1e-05,2.9053991822455943e-05,4.509,4.537
5635761,3.1e-05,2.9107696058726656e-05,4.509,4.536
6586284,3.1e-05,2.916140029499737e-05,4.509,4.535
5232171,3.11e-05,2.9215104531268082e-05,4.507,4.534
9422358,3.12e-05,2.9268808767538795e-05,4.506,4.534
7120450,3.14e-05,2.932251300380951e-05,4.503,4.533
10987171,3.15e-05,2.9376217240080225e-05,4.502,4.532
11256091,3.15e-05,2.9429921476350938e-05,4.502,4.531
14161787,3.15e-05,2.948362571262165e-05,4.502,4.53
9851231,3.16e-05,2.9537329948892364e-05,4.5,4.53
4348445,3.16e-05,2.9591034185163077e-05,4.5,4.529
2523980,3.17e-05,2.964473842143379e-05,4.499,4.528
5635799,3.17e-05,2.9698442657704504e-05,4.499,4.527
11256094,3.17e-05,2.9752146893975217e-05,4.499,4.526
11090402,3.17e-05,2.9859555366516643e-05,4.499,4.525
3076828,3.18e-05,2.9913259602787356e-05,4.498,4.524
2108071,3.18e-05,2.996696383905807e-05,4.498,4.523
5232091,3.19e-05,3.0020668075328783e-05,4.496,4.523
2193975,3.19e-05,3.00743723115995e-05,4.496,4.522
5232172,3.19e-05,3.0128076547870212e-05,4.496,4.521
5232148,3.19e-05,3.0181780784140925e-05,4.496,4.52
3731303,3.2e-05,3.023548502041164e-05,4.495,4.519
3076871,3.21e-05,3.0342893492953065e-05,4.493,4.518
3731231,3.22e-05,3.0396597729223778e-05,4.492,4.517
18551645,3.22e-05,3.045030196549449e-05,4.492,4.516
13255763,3.23e-05,3.0504006201765204e-05,4.491,4.516
5635794,3.24e-05,3.055771043803592e-05,4.489,4.515
17596251,3.25e-05,3.0611414674306634e-05,4.488,4.514
14303264,3.25e-05,3.066511891057735e-05,4.488,4.513
11646463,3.26e-05,3.071882314684806e-05,4.487,4.513
3170519,3.28e-05,3.077252738311877e-05,4.484,4.512
17783767,3.28e-05,3.0826231619389486e-05,4.484,4.511
5565418,3.29e-05,3.08799358556602e-05,4.483,4.51
7459220,3.29e-05,3.0987344328201626e-05,4.483,4.509
2209188,3.3e-05,3.104104856447234e-05,4.481,4.508
5635805,3.3e-05,3.109475280074305e-05,4.481,4.507
15193300,3.31e-05,3.120216127328448e-05,4.48,4.506
7626415,3.33e-05,3.125586550955519e-05,4.478,4.505
16011703,3.34e-05,3.1309569745825904e-05,4.476,4.504
2108097,3.34e-05,3.141697821836733e-05,4.476,4.503
8268037,3.35e-05,3.1470682454638044e-05,4.475,4.502
5028459,3.35e-05,3.152438669090876e-05,4.475,4.501
16981324,3.37e-05,3.157809092717947e-05,4.472,4.501
17600569,3.37e-05,3.163179516345018e-05,4.472,4.5
3731080,3.38e-05,3.1685499399720896e-05,4.471,4.499
7868363,3.39e-05,3.173920363599161e-05,4.47,4.498
9797273,3.4e-05,3.179290787226232e-05,4.469,4.498
6663765,3.41e-05,3.184661210853304e-05,4.467,4.497
11335804,3.41e-05,3.1900316344803756e-05,4.467,4.496
5232218,3.42e-05,3.195402058107447e-05,4.466,4.495
3520045,3.43e-05,3.200772481734518e-05,4.465,4.495
15055956,3.43e-05,3.2061429053615895e-05,4.465,4.494
7657949,3.44e-05,3.211513328988661e-05,4.463,4.493
18320269,3.44e-05,3.2222541762428034e-05,4.463,4.492
7657966,3.45e-05,3.227624599869875e-05,4.462,4.491
4417717,3.45e-05,3.232995023496946e-05,4.462,4.49
7657974,3.46e-05,3.243735870751089e-05,4.461,4.489
6068856,3.46e-05,3.24910629437816e-05,4.461,4.488
6072815,3.47e-05,3.254476718005231e-05,4.46,4.488
18343822,3.48e-05,3.2598471416323026e-05,4.458,4.487
5635778,3.49e-05,3.265217565259374e-05,4.457,4.486
16858473,3.49e-05,3.270587988886445e-05,4.457,4.485
8288160,3.49e-05,3.281328836140588e-05,4.457,4.484
5109419,3.5e-05,3.286699259767659e-05,4.456,4.483
1749708,3.51e-05,3.2920696833947305e-05,4.455,4.483
9423770,3.51e-05,3.297440107021802e-05,4.455,4.482
16858298,3.52e-05,3.302810530648873e-05,4.453,4.481
16011769,3.53e-05,3.3081809542759445e-05,4.452,4.48
16011766,3.53e-05,3.318921801530087e-05,4.452,4.479
5635800,3.53e-05,3.324292225157159e-05,4.452,4.478
1858279,3.54e-05,3.335033072411302e-05,4.451,4.477
16011771,3.54e-05,3.340403496038373e-05,4.451,4.476
6581596,3.55e-05,3.3511443432925156e-05,4.45,4.475
1596801,3.55e-05,3.356514766919587e-05,4.45,4.474
1856225,3.55e-05,3.361885190546658e-05,4.45,4.473
12986469,3.56e-05,3.3672556141737296e-05,4.449,4.473
12084943,3.56e-05,3.372626037800801e-05,4.449,4.472
16857481,3.56e-05,3.377996461427872e-05,4.449,4.471
7127218,3.57e-05,3.3833668850549435e-05,4.447,4.471
182907,3.59e-05,3.388737308682015e-05,4.445,4.47
641979,3.59e-05,3.394107732309086e-05,4.445,4.469
2987763,3.61e-05,3.3994781559361575e-05,4.442,4.469
16981366,3.62e-05,3.404848579563229e-05,4.441,4.468
1993939,3.63e-05,3.4102190031903e-05,4.44,4.467
10973167,3.64e-05,3.4155894268173714e-05,4.439,4.467
12447045,3.64e-05,3.420959850444443e-05,4.439,4.466
8289804,3.64e-05,3.426330274071514e-05,4.439,4.465
3278242,3.66e-05,3.431700697698585e-05,4.437,4.464
7626908,3.67e-05,3.4370711213256566e-05,4.435,4.464
13376151,3.68e-05,3.442441544952728e-05,4.434,4.463
9777000,3.68e-05,3.447811968579799e-05,4.434,4.462
18541600,3.68e-05,3.458552815833942e-05,4.434,4.461
15744953,3.68e-05,3.463923239461013e-05,4.434,4.46
16981314,3.69e-05,3.469293663088085e-05,4.433,4.46
18275955,3.7e-05,3.4746640867151565e-05,4.432,4.459
2037778,3.71e-05,3.480034510342228e-05,4.431,4.458
17330064,3.72e-05,3.485404933969299e-05,4.429,4.458
9039227,3.73e-05,3.4907753575963705e-05,4.428,4.457
11007408,3.73e-05,3.496145781223442e-05,4.428,4.456
3763466,3.74e-05,3.501516204850513e-05,4.427,4.456
1850857,3.75e-05,3.5068866284775844e-05,4.426,4.455
14663840,3.77e-05,3.512257052104656e-05,4.424,4.454
15745045,3.8e-05,3.522997899358798e-05,4.42,4.453
3912752,3.82e-05,3.5283683229858696e-05,4.418,4.452
15550945,3.83e-05,3.533738746612941e-05,4.417,4.452
8043554,3.83e-05,3.539109170240012e-05,4.417,4.451
16981289,3.84e-05,3.5444795938670836e-05,4.416,4.45
11851662,3.85e-05,3.549850017494155e-05,4.415,4.45
5941325,3.86e-05,3.555220441121226e-05,4.413,4.449
11355568,3.87e-05,3.5605908647482975e-05,4.412,4.448
14900452,3.88e-05,3.565961288375369e-05,4.411,4.448
5232076,3.89e-05,3.57133171200244e-05,4.41,4.447
17732813,3.9e-05,3.582072559256583e-05,4.409,4.446
3730954,3.9e-05,3.587442982883654e-05,4.409,4.445
10981331,3.91e-05,3.5928134065107254e-05,4.408,4.445
9688169,3.91e-05,3.598183830137797e-05,4.408,4.444
11349467,3.92e-05,3.603554253764868e-05,4.407,4.443
7525733,3.93e-05,3.60892467739194e-05,4.406,4.443
5635807,3.93e-05,3.614295101019011e-05,4.406,4.442
11726448,3.94e-05,3.6196655246460826e-05,4.405,4.441
17732808,3.95e-05,3.625035948273154e-05,4.403,4.441
11726449,3.96e-05,3.630406371900225e-05,4.402,4.44
5635771,3.96e-05,3.6357767955272966e-05,4.402,4.439
598986,3.97e-05,3.641147219154368e-05,4.401,4.439
12446925,3.98e-05,3.646517642781439e-05,4.4,4.438
5525094,3.98e-05,3.6518880664085105e-05,4.4,4.437
7459323,3.99e-05,3.657258490035582e-05,4.399,4.437
1071247,3.99e-05,3.662628913662653e-05,4.399,4.436
8647965,4e-05,3.673369760916796e-05,4.398,4.435
7658128,4e-05,3.678740184543867e-05,4.398,4.434
9150821,4.01e-05,3.6841106081709384e-05,4.397,4.434
9500772,4.02e-05,3.68948103179801e-05,4.396,4.433
3731060,4.03e-05,3.694851455425081e-05,4.395,4.432
12112073,4.04e-05,3.7002218790521523e-05,4.394,4.432
16433333,4.05e-05,3.7055923026792237e-05,4.393,4.431
16221136,4.06e-05,3.716333149933366e-05,4.391,4.43
12986626,4.07e-05,3.7217035735604376e-05,4.39,4.429
8268031,4.07e-05,3.73244442081458e-05,4.39,4.428
15055980,4.08e-05,3.7378148444416515e-05,4.389,4.427
5635781,4.09e-05,3.743185268068723e-05,4.388,4.427
11264059,4.1e-05,3.748555691695795e-05,4.387,4.426
16549439,4.11e-05,3.7592965389499375e-05,4.386,4.425
8382624,4.11e-05,3.764666962577009e-05,4.386,4.424
8043574,4.12e-05,3.77003738620408e-05,4.385,4.424
4028480,4.12e-05,3.7754078098311514e-05,4.385,4.423
5525170,4.13e-05,3.780778233458223e-05,4.384,4.422
14900464,4.13e-05,3.7915190807123653e-05,4.384,4.421
5635854,4.14e-05,3.7968895043394367e-05,4.383,4.421
3763425,4.16e-05,3.802259927966508e-05,4.381,4.42
12631589,4.16e-05,3.807630351593579e-05,4.381,4.419
7796161,4.16e-05,3.818371198847722e-05,4.381,4.418
16761544,4.17e-05,3.823741622474793e-05,4.38,4.418
5232139,4.17e-05,3.8291120461018645e-05,4.38,4.417
14484871,4.17e-05,3.834482469728936e-05,4.38,4.416
3731120,4.2e-05,3.839852893356007e-05,4.377,4.416
12986608,4.2e-05,3.8452233169830785e-05,4.377,4.415
14964904,4.22e-05,3.85059374061015e-05,4.375,4.414
7408366,4.24e-05,3.855964164237221e-05,4.373,4.414
2995072,4.24e-05,3.8613345878642924e-05,4.373,4.413
5827874,4.25e-05,3.866705011491364e-05,4.372,4.413
3933152,4.25e-05,3.872075435118435e-05,4.372,4.412
6650208,4.3e-05,3.8774458587455064e-05,4.367,4.411
642526,4.3e-05,3.888186705999649e-05,4.367,4.41
3526305,4.32e-05,3.898927553253792e-05,4.365,4.409
8161550,4.32e-05,3.9042979768808636e-05,4.365,4.408
16981410,4.33e-05,3.909668400507935e-05,4.364,4.408
17732775,4.33e-05,3.915038824135006e-05,4.364,4.407
16011897,4.34e-05,3.9204092477620775e-05,4.363,4.407
8158099,4.34e-05,3.925779671389149e-05,4.363,4.406
15203478,4.34e-05,3.93115009501622e-05,4.363,4.405
14900019,4.35e-05,3.941890942270363e-05,4.362,4.404
11256419,4.36e-05,3.947261365897434e-05,4.361,4.404
17732767,4.36e-05,3.9526317895245054e-05,4.361,4.403
707658,4.37e-05,3.958002213151577e-05,4.36,4.403
9680582,4.37e-05,3.963372636778648e-05,4.36,4.402
2607682,4.37e-05,3.9687430604057194e-05,4.36,4.401
12195636,4.38e-05,3.979483907659862e-05,4.359,4.4
6421675,4.39e-05,3.984854331286933e-05,4.358,4.4
2995181,4.39e-05,3.9902247549140046e-05,4.358,4.399
16858026,4.4e-05,3.995595178541076e-05,4.357,4.398
2607633,4.41e-05,4.000965602168147e-05,4.356,4.398
15237720,4.41e-05,4.0063360257952185e-05,4.356,4.397
16138142,4.42e-05,4.017076873049361e-05,4.355,4.396
13026404,4.43e-05,4.027817720303504e-05,4.354,4.395
16863840,4.43e-05,4.033188143930576e-05,4.354,4.394
17732753,4.44e-05,4.038558567557647e-05,4.353,4.394
16262259,4.44e-05,4.0439289911847184e-05,4.353,4.393
4660739,4.45e-05,4.04929941481179e-05,4.352,4.393
9850782,4.45e-05,4.054669838438861e-05,4.352,4.392
17702034,4.45e-05,4.0600402620659324e-05,4.352,4.391
13037336,4.46e-05,4.065410685693004e-05,4.351,4.391
13037335,4.46e-05,4.070781109320075e-05,4.351,4.39
12351747,4.47e-05,4.0815219565742176e-05,4.35,4.389
1611138,4.48e-05,4.086892380201289e-05,4.349,4.389
14900401,4.5e-05,4.09226280382836e-05,4.347,4.388
16981287,4.5e-05,4.0976332274554315e-05,4.347,4.387
1611140,4.51e-05,4.108374074709574e-05,4.346,4.386
14137202,4.52e-05,4.1137444983366455e-05,4.345,4.386
3730888,4.52e-05,4.119114921963717e-05,4.345,4.385
8947198,4.53e-05,4.124485345590788e-05,4.344,4.385
1071651,4.54e-05,4.1298557692178594e-05,4.343,4.384
2107979,4.54e-05,4.140596616472002e-05,4.343,4.383
1071668,4.57e-05,4.1459670400990734e-05,4.34,4.382
4436493,4.58e-05,4.156707887353216e-05,4.339,4.381
4436472,4.58e-05,4.1674487346073586e-05,4.339,4.38
11079878,4.59e-05,4.1728191582344306e-05,4.338,4.38
3543509,4.6e-05,4.178189581861502e-05,4.337,4.379
12807615,4.6e-05,4.183560005488573e-05,4.337,4.378
12085134,4.61e-05,4.1889304291156445e-05,4.336,4.378
5001406,4.61e-05,4.194300852742716e-05,4.336,4.377
3588680,4.62e-05,4.199671276369787e-05,4.335,4.377
1267869,4.63e-05,4.2050416999968585e-05,4.334,4.376
2107953,4.64e-05,4.21041212362393e-05,4.333,4.376
14827668,4.65e-05,4.215782547251001e-05,4.333,4.375
15567626,4.67e-05,4.2211529708780724e-05,4.331,4.375
15791766,4.67e-05,4.226523394505144e-05,4.331,4.374
5185408,4.67e-05,4.231893818132215e-05,4.331,4.373
4436471,4.68e-05,4.242634665386358e-05,4.33,4.372
5941415,4.71e-05,4.2533755126405e-05,4.327,4.371
8108542,4.73e-05,4.2587459362675716e-05,4.325,4.371
16864113,4.73e-05,4.264116359894643e-05,4.325,4.37
7574076,4.74e-05,4.269486783521714e-05,4.324,4.37
15339255,4.75e-05,4.2748572071487856e-05,4.323,4.369
14323756,4.76e-05,4.280227630775857e-05,4.322,4.369
14323778,4.76e-05,4.285598054402928e-05,4.322,4.368
2426684,4.76e-05,4.2909684780299995e-05,4.322,4.367
182900,4.77e-05,4.296338901657071e-05,4.321,4.367
2426682,4.77e-05,4.301709325284142e-05,4.321,4.366
7127141,4.78e-05,4.312450172538285e-05,4.321,4.365
7574084,4.78e-05,4.323191019792428e-05,4.321,4.364
3604652,4.79e-05,4.3285614434194994e-05,4.32,4.364
2426694,4.79e-05,4.333931867046571e-05,4.32,4.363
9851419,4.8e-05,4.344672714300713e-05,4.319,4.362
11807408,4.81e-05,4.355413561554856e-05,4.318,4.361
16323020,4.81e-05,4.360783985181927e-05,4.318,4.36
1852116,4.81e-05,4.37152483243607e-05,4.318,4.359
18246533,4.82e-05,4.3822656796902125e-05,4.317,4.358
7868437,4.82e-05,4.393006526944355e-05,4.317,4.357
16452557,4.83e-05,4.3983769505714264e-05,4.316,4.357
18554575,4.83e-05,4.403747374198498e-05,4.316,4.356
3087381,4.84e-05,4.4144882214526404e-05,4.315,4.355
8897742,4.85e-05,4.425229068706783e-05,4.314,4.354
2426687,4.85e-05,4.4359699159609256e-05,4.314,4.353
1417210,4.87e-05,4.441340339587997e-05,4.312,4.352
12631553,4.91e-05,4.4520811868421396e-05,4.309,4.351
13255719,4.92e-05,4.462822034096283e-05,4.308,4.35
11646465,4.93e-05,4.4735628813504255e-05,4.307,4.349
1852959,4.95e-05,4.478933304977497e-05,4.305,4.349
1004709,4.95e-05,4.484303728604568e-05,4.305,4.348
79390,4.98e-05,4.495044575858711e-05,4.303,4.347
4285899,4.99e-05,4.500414999485782e-05,4.302,4.347
6071412,4.99e-05,4.5057854231128534e-05,4.302,4.346
11769683,5e-05,4.511155846739925e-05,4.301,4.346
15911507,5.01e-05,4.516526270366996e-05,4.3,4.345
10220596,5.02e-05,4.5272671176211386e-05,4.299,4.344
7453181,5.02e-05,4.538007964875281e-05,4.299,4.343
18123071,5.03e-05,4.5433783885023526e-05,4.298,4.343
15666745,5.04e-05,4.548748812129424e-05,4.298,4.342
8267949,5.05e-05,4.554119235756495e-05,4.297,4.342
16283223,5.06e-05,4.5594896593835665e-05,4.296,4.341
1070957,5.07e-05,4.570230506637709e-05,4.295,4.34
7459491,5.08e-05,4.580971353891852e-05,4.294,4.339
13762301,5.09e-05,4.5917122011459944e-05,4.293,4.338
9685672,5.11e-05,4.5970826247730664e-05,4.292,4.338
5752076,5.11e-05,4.602453048400138e-05,4.292,4.337
8971788,5.13e-05,4.61319389565428e-05,4.29,4.336
16528097,5.16e-05,4.6185643192813516e-05,4.287,4.335
1070581,5.16e-05,4.629305166535494e-05,4.287,4.334
4437424,5.18e-05,4.640046013789637e-05,4.286,4.333
5231907,5.19e-05,4.645416437416708e-05,4.285,4.333
12770566,5.19e-05,4.6507868610437795e-05,4.285,4.332
3170538,5.2e-05,4.656157284670851e-05,4.284,4.332
17691686,5.22e-05,4.661527708297922e-05,4.282,4.331
11318572,5.22e-05,4.672268555552065e-05,4.282,4.33
8289785,5.24e-05,4.677638979179136e-05,4.281,4.33
5231850,5.25e-05,4.6830094028062074e-05,4.28,4.329
5231910,5.26e-05,4.69375025006035e-05,4.279,4.328
16981194,5.27e-05,4.7044910973144926e-05,4.278,4.327
4660817,5.27e-05,4.715231944568635e-05,4.278,4.326
11394023,5.28e-05,4.7206023681957066e-05,4.277,4.326
1070656,5.29e-05,4.731343215449849e-05,4.277,4.325
15573180,5.3e-05,4.7420840627039925e-05,4.276,4.324
1070775,5.31e-05,4.747454486331064e-05,4.275,4.324
3622541,5.32e-05,4.752824909958135e-05,4.274,4.323
16051491,5.33e-05,4.7581953335852064e-05,4.273,4.323
5565836,5.33e-05,4.763565757212278e-05,4.273,4.322
703282,5.35e-05,4.7743066044664204e-05,4.272,4.321
7408883,5.35e-05,4.785047451720563e-05,4.272,4.32
106164,5.36e-05,4.790417875347634e-05,4.271,4.32
1556354,5.36e-05,4.7957882989747056e-05,4.271,4.319
15487907,5.37e-05,4.801158722601777e-05,4.27,4.319
5565821,5.38e-05,4.806529146228848e-05,4.269,4.318
11726440,5.4e-05,4.8118995698559196e-05,4.268,4.318
4285888,5.41e-05,4.817269993482991e-05,4.267,4.317
5383476,5.41e-05,4.8280108407371335e-05,4.267,4.316
5231922,5.42e-05,4.833381264364205e-05,4.266,4.316
15515055,5.42e-05,4.838751687991276e-05,4.266,4.315
4285883,5.43e-05,4.849492535245419e-05,4.265,4.314
11726434,5.45e-05,4.8602333824995614e-05,4.264,4.313
7459675,5.45e-05,4.870974229753704e-05,4.264,4.312
6557084,5.46e-05,4.876344653380775e-05,4.263,4.312
11318501,5.46e-05,4.881715077007847e-05,4.263,4.311
5565941,5.47e-05,4.8870855006349186e-05,4.262,4.311
1070681,5.47e-05,4.89245592426199e-05,4.262,4.31
4436399,5.48e-05,4.897826347889061e-05,4.261,4.31
2426676,5.49e-05,4.9031967715161326e-05,4.26,4.31
14039730,5.49e-05,4.908567195143204e-05,4.26,4.309
6340689,5.49e-05,4.9193080423973465e-05,4.26,4.308
7574086,5.51e-05,4.930048889651489e-05,4.259,4.307
17868785,5.52e-05,4.9354193132785605e-05,4.258,4.307
16981409,5.54e-05,4.940789736905632e-05,4.256,4.306
4437468,5.55e-05,4.9515305841597744e-05,4.256,4.305
1611153,5.56e-05,4.956901007786846e-05,4.255,4.305
6162297,5.56e-05,4.962271431413917e-05,4.255,4.304
2653028,5.57e-05,4.967641855040988e-05,4.254,4.304
18541430,5.58e-05,4.9730122786680596e-05,4.253,4.303
18315403,5.59e-05,4.983753125922202e-05,4.253,4.302
15983519,5.6e-05,4.9891235495492736e-05,4.252,4.302
11224877,5.61e-05,4.994493973176345e-05,4.251,4.302
2426693,5.61e-05,4.999864396803416e-05,4.251,4.301
18474855,5.62e-05,5.010605244057559e-05,4.25,4.3
2426696,5.63e-05,5.01597566768463e-05,4.249,4.3
9752404,5.64e-05,5.021346091311702e-05,4.249,4.299
8535450,5.65e-05,5.0267165149387735e-05,4.248,4.299
16857558,5.65e-05,5.032086938565845e-05,4.248,4.298
8108504,5.67e-05,5.037457362192916e-05,4.246,4.298
5453417,5.68e-05,5.0428277858199874e-05,4.246,4.297
15527041,5.68e-05,5.05356863307413e-05,4.246,4.296
11224864,5.7e-05,5.0643094803282726e-05,4.244,4.295
11224878,5.71e-05,5.069679903955344e-05,4.243,4.295
12983920,5.72e-05,5.0804207512094866e-05,4.243,4.294
9668645,5.73e-05,5.091161598463629e-05,4.242,4.293
11224862,5.74e-05,5.101902445717772e-05,4.241,4.292
14292514,5.74e-05,5.1126432929719145e-05,4.241,4.291
4754752,5.75e-05,5.118013716598986e-05,4.24,4.291
4754751,5.75e-05,5.123384140226057e-05,4.24,4.29
1611155,5.77e-05,5.1287545638531284e-05,4.239,4.29
16895774,5.78e-05,5.139495411107271e-05,4.238,4.289
12465526,5.79e-05,5.1502362583614137e-05,4.237,4.288
16012158,5.8e-05,5.160977105615556e-05,4.237,4.287
1556361,5.82e-05,5.166347529242628e-05,4.235,4.287
8032303,5.83e-05,5.1717179528696996e-05,4.234,4.286
18076445,5.84e-05,5.182458800123842e-05,4.234,4.285
12723221,5.85e-05,5.1878292237509135e-05,4.233,4.285
15056163,5.86e-05,5.198570071005056e-05,4.232,4.284
7459540,5.87e-05,5.209310918259199e-05,4.231,4.283
4436492,5.89e-05,5.2200517655133414e-05,4.23,4.282
10224451,5.9e-05,5.230792612767484e-05,4.229,4.281
1611154,5.91e-05,5.2415334600216267e-05,4.228,4.281
2426673,5.92e-05,5.246903883648698e-05,4.228,4.28
5231820,5.93e-05,5.252274307275769e-05,4.227,4.28
6339966,5.94e-05,5.2576447309028406e-05,4.226,4.279
12246748,5.95e-05,5.268385578156983e-05,4.225,4.278
15637490,5.95e-05,5.279126425411126e-05,4.225,4.277
7710307,5.97e-05,5.29523769629234e-05,4.224,4.276
7868444,5.98e-05,5.300608119919411e-05,4.223,4.276
710597,5.99e-05,5.305978543546483e-05,4.223,4.275
106180,6.02e-05,5.3113489671735544e-05,4.22,4.275
9816250,6.05e-05,5.316719390800626e-05,4.218,4.274
9816441,6.05e-05,5.3274602380547683e-05,4.218,4.273
4436452,6.08e-05,5.338201085308911e-05,4.216,4.273
16824484,6.09e-05,5.343571508935982e-05,4.215,4.272
8659644,6.11e-05,5.354312356190125e-05,4.214,4.271
1993943,6.12e-05,5.359682779817196e-05,4.213,4.271
16937215,6.13e-05,5.3650532034442675e-05,4.213,4.27
8493155,6.14e-05,5.370423627071339e-05,4.212,4.27
8158107,6.15e-05,5.37579405069841e-05,4.211,4.27
7606071,6.16e-05,5.3811644743254815e-05,4.21,4.269
8590103,6.16e-05,5.391905321579624e-05,4.21,4.268
13141954,6.16e-05,5.402646168833767e-05,4.21,4.267
5185520,6.2e-05,5.418757439714981e-05,4.208,4.266
7363839,6.21e-05,5.424127863342052e-05,4.207,4.266
3699360,6.24e-05,5.429498286969123e-05,4.205,4.265
11493601,6.25e-05,5.4348687105961946e-05,4.204,4.265
15487854,6.25e-05,5.440239134223266e-05,4.204,4.264
11225132,6.26e-05,5.4563504051044805e-05,4.203,4.263
5231867,6.27e-05,5.467091252358623e-05,4.203,4.262
8065229,6.28e-05,5.477832099612766e-05,4.202,4.261
5524954,6.29e-05,5.483202523239837e-05,4.201,4.261
3850808,6.3e-05,5.49394337049398e-05,4.201,4.26
1271643,6.31e-05,5.5046842177481224e-05,4.2,4.259
5185463,6.31e-05,5.515425065002265e-05,4.2,4.258
16262325,6.32e-05,5.5261659122564076e-05,4.199,4.258
2995204,6.32e-05,5.531536335883479e-05,4.199,4.257
18556503,6.32e-05,5.5422771831376215e-05,4.199,4.256
1941743,6.32e-05,5.553018030391764e-05,4.199,4.255
16283209,6.33e-05,5.569129301272978e-05,4.199,4.254
2426659,6.34e-05,5.579870148527121e-05,4.198,4.253
2426664,6.35e-05,5.585240572154192e-05,4.197,4.253
6663803,6.36e-05,5.5959814194083354e-05,4.197,4.252
1941689,6.37e-05,5.606722266662478e-05,4.196,4.251
10328985,6.38e-05,5.612092690289549e-05,4.195,4.251
14444300,6.38e-05,5.6174631139166206e-05,4.195,4.25
12315258,6.39e-05,5.6335743847978345e-05,4.194,4.249
9660420,6.4e-05,5.644315232051977e-05,4.194,4.248
2426662,6.41e-05,5.6496856556790485e-05,4.193,4.248
5231839,6.42e-05,5.65505607930612e-05,4.192,4.248
18359951,6.42e-05,5.660426502933191e-05,4.192,4.247
18264447,6.43e-05,5.671167350187334e-05,4.192,4.246
12723245,6.44e-05,5.676537773814405e-05,4.191,4.246
4437663,6.45e-05,5.687278621068548e-05,4.19,4.245
16981452,6.45e-05,5.69801946832269e-05,4.19,4.244
17702039,6.46e-05,5.708760315576833e-05,4.19,4.243
5453534,6.47e-05,5.724871586458047e-05,4.189,4.242
1850533,6.47e-05,5.73561243371219e-05,4.189,4.241
17495372,6.48e-05,5.7409828573392615e-05,4.188,4.241
1832271,6.48e-05,5.751723704593404e-05,4.188,4.24
3214376,6.5e-05,5.7570941282204754e-05,4.187,4.24
13329316,6.5e-05,5.762464551847547e-05,4.187,4.239
16981285,6.51e-05,5.778575822728761e-05,4.186,4.238
12216697,6.51e-05,5.789316669982903e-05,4.186,4.237
6609900,6.52e-05,5.805427940864117e-05,4.186,4.236
7606019,6.53e-05,5.81616878811826e-05,4.185,4.235
7606023,6.53e-05,5.832280058999474e-05,4.185,4.234
2426671,6.54e-05,5.837650482626545e-05,4.184,4.234
16433111,6.55e-05,5.8430209062536164e-05,4.184,4.233
31075,6.56e-05,5.853761753507759e-05,4.183,4.233
9118195,6.57e-05,5.8591321771348304e-05,4.182,4.232
7606118,6.57e-05,5.869873024388974e-05,4.182,4.231
16496138,6.59e-05,5.8859842952701876e-05,4.181,4.23
12973039,6.6e-05,5.89672514252433e-05,4.18,4.229
11091073,6.6e-05,5.912836413405544e-05,4.18,4.228
14323524,6.61e-05,5.923577260659687e-05,4.18,4.227
1786686,6.62e-05,5.9343181079138294e-05,4.179,4.227
14106422,6.62e-05,5.939688531540901e-05,4.179,4.226
3912797,6.64e-05,5.9504293787950434e-05,4.178,4.225
11224843,6.65e-05,5.966540649676257e-05,4.177,4.224
17006828,6.65e-05,5.9772814969304e-05,4.177,4.223
381797,6.65e-05,5.993392767811614e-05,4.177,4.222
3735029,6.66e-05,6.009504038692828e-05,4.177,4.221
9349836,6.66e-05,6.020244885946971e-05,4.177,4.22
10705961,6.68e-05,6.0256153095740424e-05,4.175,4.22
17596162,6.71e-05,6.036356156828185e-05,4.173,4.219
15678746,6.71e-05,6.047097004082328e-05,4.173,4.218
3175320,6.73e-05,6.05783785133647e-05,4.172,4.218
4712764,6.73e-05,6.0632082749635416e-05,4.172,4.217
3454014,6.74e-05,6.068578698590613e-05,4.171,4.217
17402847,6.74e-05,6.0793195458447556e-05,4.171,4.216
10412725,6.76e-05,6.090060393098898e-05,4.17,4.215
12214564,6.77e-05,6.0954308167259695e-05,4.169,4.215
2351716,6.77e-05,6.106171663980112e-05,4.169,4.214
11256532,6.78e-05,6.116912511234255e-05,4.169,4.213
381795,6.79e-05,6.127653358488397e-05,4.168,4.213
16433499,6.79e-05,6.13302378211547e-05,4.168,4.212
11256511,6.8e-05,6.13839420574254e-05,4.167,4.212
1481779,6.81e-05,6.149135052996683e-05,4.167,4.211
1700240,6.82e-05,6.154505476623755e-05,4.166,4.211
1420794,6.82e-05,6.159875900250825e-05,4.166,4.21
11224888,6.83e-05,6.17598717113204e-05,4.166,4.209
17468940,6.84e-05,6.18135759475911e-05,4.165,4.209
1480709,6.85e-05,6.192098442013253e-05,4.164,4.208
5523635,6.85e-05,6.202839289267396e-05,4.164,4.207
7606037,6.86e-05,6.21895056014861e-05,4.164,4.206
7081767,6.87e-05,6.229691407402753e-05,4.163,4.206
8437951,6.87e-05,6.235061831029825e-05,4.163,4.205
16981444,6.89e-05,6.245802678283968e-05,4.162,4.204
18247525,6.9e-05,6.261913949165181e-05,4.161,4.203
3734720,6.91e-05,6.278025220046396e-05,4.161,4.202
5294352,6.91e-05,6.288766067300538e-05,4.161,4.201
10701313,6.93e-05,6.294136490927609e-05,4.159,4.201
11256478,6.93e-05,6.304877338181751e-05,4.159,4.2
932445,6.95e-05,6.320988609062966e-05,4.158,4.199
4437603,6.95e-05,6.331729456317109e-05,4.158,4.198
10614107,6.96e-05,6.337099879944179e-05,4.157,4.198
12124262,6.96e-05,6.347840727198322e-05,4.157,4.197
10614081,6.97e-05,6.363951998079537e-05,4.157,4.196
10614129,6.98e-05,6.374692845333679e-05,4.156,4.196
13330966,6.98e-05,6.380063268960751e-05,4.156,4.195
16496118,6.99e-05,6.390804116214894e-05,4.156,4.194
12014046,7e-05,6.401544963469036e-05,4.155,4.194
16981443,7e-05,6.406915387096107e-05,4.155,4.193
4286094,7.01e-05,6.412285810723179e-05,4.154,4.193
1869653,7.02e-05,6.423026657977322e-05,4.154,4.192
11224837,7.03e-05,6.428397081604392e-05,4.153,4.192
10165106,7.03e-05,6.439137928858535e-05,4.153,4.191
5635904,7.04e-05,6.449878776112678e-05,4.152,4.19
11048767,7.05e-05,6.465990046993892e-05,4.152,4.189
3228887,7.07e-05,6.471360470620963e-05,4.151,4.189
15888512,7.08e-05,6.476730894248035e-05,4.15,4.189
9207390,7.09e-05,6.482101317875105e-05,4.149,4.188
10904813,7.12e-05,6.492842165129248e-05,4.148,4.188
1072215,7.12e-05,6.49821258875632e-05,4.148,4.187
1753120,7.12e-05,6.508953436010463e-05,4.148,4.186
4436410,7.13e-05,6.514323859637535e-05,4.147,4.186
5185509,7.14e-05,6.519694283264605e-05,4.146,4.186
1071154,7.16e-05,6.525064706891677e-05,4.145,4.185
16011521,7.16e-05,6.54117597777289e-05,4.145,4.184
5185491,7.17e-05,6.546546401399963e-05,4.144,4.184
15692363,7.18e-05,6.557287248654105e-05,4.144,4.183
4285505,7.19e-05,6.568028095908248e-05,4.143,4.183
17094791,7.21e-05,6.573398519535318e-05,4.142,4.182
10639493,7.22e-05,6.589509790416533e-05,4.141,4.181
17358133,7.23e-05,6.600250637670676e-05,4.141,4.18
7884008,7.24e-05,6.610991484924818e-05,4.14,4.18
8659632,7.24e-05,6.616361908551889e-05,4.14,4.179
12246648,7.26e-05,6.632473179433104e-05,4.139,4.178
13376824,7.27e-05,6.637843603060174e-05,4.138,4.178
13492661,7.27e-05,6.648584450314318e-05,4.138,4.177
2786966,7.28e-05,6.664695721195531e-05,4.138,4.176
15055996,7.29e-05,6.675436568449674e-05,4.137,4.176
586878,7.31e-05,6.680806992076746e-05,4.136,4.175
18038469,7.31e-05,6.691547839330889e-05,4.136,4.174
6163247,7.33e-05,6.696918262957959e-05,4.135,4.174
9850798,7.34e-05,6.702288686585031e-05,4.134,4.174
8736115,7.34e-05,6.707659110212102e-05,4.134,4.173
10614048,7.36e-05,6.723770381093317e-05,4.133,4.172
17794676,7.37e-05,6.73988165197453e-05,4.133,4.171
16495525,7.38e-05,6.745252075601602e-05,4.132,4.171
1528570,7.39e-05,6.755992922855744e-05,4.131,4.17
16981378,7.41e-05,6.766733770109887e-05,4.13,4.17
15034235,7.42e-05,6.772104193736958e-05,4.13,4.169
16981518,7.43e-05,6.77747461736403e-05,4.129,4.169
13837123,7.43e-05,6.788215464618172e-05,4.129,4.168
5231774,7.44e-05,6.798956311872315e-05,4.128,4.168
4150264,7.44e-05,6.804326735499387e-05,4.128,4.167
4229259,7.46e-05,6.81506758275353e-05,4.127,4.167
17315168,7.46e-05,6.8204380063806e-05,4.127,4.166
6249796,7.48e-05,6.836549277261815e-05,4.126,4.165
18210535,7.49e-05,6.847290124515957e-05,4.126,4.164
10410101,7.51e-05,6.8580309717701e-05,4.124,4.164
2037151,7.51e-05,6.86340139539717e-05,4.124,4.163
15113906,7.52e-05,6.879512666278385e-05,4.124,4.162
16051496,7.53e-05,6.884883089905456e-05,4.123,4.162
10614062,7.53e-05,6.895623937159599e-05,4.123,4.161
3817485,7.55e-05,6.90099436078667e-05,4.122,4.161
3933157,7.57e-05,6.906364784413741e-05,4.121,4.161
1152437,7.57e-05,6.911735208040813e-05,4.121,4.16
5747645,7.58e-05,6.917105631667884e-05,4.12,4.16
5231766,7.59e-05,6.927846478922026e-05,4.12,4.159
12177256,7.6e-05,6.933216902549098e-05,4.119,4.159
18474842,7.61e-05,6.943957749803241e-05,4.119,4.158
2209315,7.62e-05,6.949328173430313e-05,4.118,4.158
16981463,7.63e-05,6.954698597057384e-05,4.117,4.158
5185652,7.64e-05,6.960069020684456e-05,4.117,4.157
5185373,7.65e-05,6.970809867938598e-05,4.116,4.157
14899978,7.65e-05,6.976180291565669e-05,4.116,4.156
5185621,7.65e-05,6.992291562446884e-05,4.116,4.155
12465402,7.66e-05,7.008402833328097e-05,4.116,4.154
7622357,7.67e-05,7.013773256955169e-05,4.115,4.154
16012420,7.68e-05,7.024514104209311e-05,4.115,4.153
13921258,7.69e-05,7.040625375090525e-05,4.114,4.152
13037381,7.7e-05,7.056736645971739e-05,4.114,4.151
414195,7.71e-05,7.067477493225882e-05,4.113,4.151
6649559,7.71e-05,7.072847916852954e-05,4.113,4.15
12246727,7.73e-05,7.083588764107097e-05,4.112,4.15
16495247,7.74e-05,7.088959187734167e-05,4.111,4.149
15056067,7.74e-05,7.105070458615382e-05,4.111,4.148
4594576,7.76e-05,7.121181729496595e-05,4.11,4.147
7920491,7.77e-05,7.13729300037781e-05,4.11,4.146
5581338,7.78e-05,7.148033847631952e-05,4.109,4.146
15792124,7.78e-05,7.153404271259023e-05,4.109,4.145
8659662,7.79e-05,7.158774694886095e-05,4.108,4.145
3309068,7.8e-05,7.174885965767308e-05,4.108,4.144
11082002,7.81e-05,7.185626813021451e-05,4.107,4.144
12897175,7.82e-05,7.190997236648523e-05,4.107,4.143
9931744,7.83e-05,7.201738083902665e-05,4.106,4.143
15356308,7.83e-05,7.207108507529736e-05,4.106,4.142
14655854,7.86e-05,7.212478931156808e-05,4.105,4.142
5524935,7.87e-05,7.22321977841095e-05,4.104,4.141
9325962,7.88e-05,7.228590202038023e-05,4.103,4.141
6649540,7.9e-05,7.239331049292165e-05,4.102,4.14
3221640,7.94e-05,7.255442320173379e-05,4.1,4.139
5185631,7.96e-05,7.266183167427521e-05,4.099,4.139
3520064,7.97e-05,7.271553591054593e-05,4.099,4.138
3183042,7.98e-05,7.276924014681664e-05,4.098,4.138
10220593,7.99e-05,7.287664861935806e-05,4.097,4.137
6555033,7.99e-05,7.303776132817021e-05,4.097,4.136
11355094,7.99e-05,7.319887403698234e-05,4.097,4.135
3520039,8.01e-05,7.325257827325306e-05,4.096,4.135
11228612,8.01e-05,7.34136909820652e-05,4.096,4.134
11224847,8.04e-05,7.346739521833592e-05,4.095,4.134
5339685,8.05e-05,7.357480369087734e-05,4.094,4.133
183152,8.06e-05,7.373591639968949e-05,4.094,4.132
16658889,8.08e-05,7.37896206359602e-05,4.093,4.132
12442309,8.1e-05,7.384332487223091e-05,4.092,4.132
7459651,8.1e-05,7.389702910850162e-05,4.092,4.131
852118,8.12e-05,7.395073334477234e-05,4.09,4.131
8736090,8.12e-05,7.405814181731377e-05,4.09,4.13
12599374,8.14e-05,7.42192545261259e-05,4.089,4.129
9592149,8.16e-05,7.443407147120875e-05,4.088,4.128
17007013,8.18e-05,7.454147994375018e-05,4.087,4.128
10410079,8.18e-05,7.45951841800209e-05,4.087,4.127
6160643,8.2e-05,7.475629688883303e-05,4.086,4.126
3087488,8.22e-05,7.486370536137446e-05,4.085,4.126
18353728,8.23e-05,7.491740959764518e-05,4.085,4.125
1480706,8.24e-05,7.49711138339159e-05,4.084,4.125
391234,8.25e-05,7.507852230645732e-05,4.084,4.124
10183143,8.26e-05,7.523963501526946e-05,4.083,4.124
17469406,8.26e-05,7.529333925154018e-05,4.083,4.123
16776544,8.27e-05,7.534704348781088e-05,4.082,4.123
16981493,8.28e-05,7.545445196035231e-05,4.082,4.122
10224346,8.29e-05,7.561556466916445e-05,4.081,4.121
1749906,8.3e-05,7.577667737797659e-05,4.081,4.12
16981508,8.32e-05,7.588408585051801e-05,4.08,4.12
1850511,8.33e-05,7.593779008678873e-05,4.079,4.12
6998150,8.33e-05,7.599149432305944e-05,4.079,4.119
645882,8.35e-05,7.609890279560087e-05,4.078,4.119
8203183,8.35e-05,7.615260703187159e-05,4.078,4.118
13998253,8.36e-05,7.631371974068372e-05,4.078,4.117
16936986,8.37e-05,7.636742397695444e-05,4.077,4.117
12177480,8.37e-05,7.647483244949586e-05,4.077,4.116
12039646,8.39e-05,7.668964939457872e-05,4.076,4.115
3134992,8.39e-05,7.685076210339086e-05,4.076,4.114
2607473,8.41e-05,7.7011874812203e-05,4.075,4.113
8609095,8.43e-05,7.722669175728585e-05,4.074,4.112
15343258,8.47e-05,7.733410022982727e-05,4.072,4.112
18569171,8.49e-05,7.7387804466098e-05,4.071,4.111
12986569,8.5e-05,7.754891717491013e-05,4.071,4.11
17494629,8.51e-05,7.760262141118085e-05,4.07,4.11
7985945,8.51e-05,7.776373411999298e-05,4.07,4.109
14623603,8.53e-05,7.787114259253442e-05,4.069,4.109
12893159,8.53e-05,7.792484682880513e-05,4.069,4.108
4229317,8.55e-05,7.808595953761727e-05,4.068,4.107
16981453,8.58e-05,7.82470722464294e-05,4.067,4.107
15563877,8.58e-05,7.830077648270012e-05,4.067,4.106
9931664,8.59e-05,7.840818495524155e-05,4.066,4.106
3087608,8.59e-05,7.846188919151226e-05,4.066,4.105
15487850,8.61e-05,7.86230019003244e-05,4.065,4.104
12014148,8.62e-05,7.867670613659511e-05,4.064,4.104
15741477,8.63e-05,7.883781884540726e-05,4.064,4.103
16937031,8.64e-05,7.889152308167796e-05,4.063,4.103
5579607,8.65e-05,7.899893155421939e-05,4.063,4.102
5581482,8.65e-05,7.916004426303153e-05,4.063,4.101
15446563,8.66e-05,7.921374849930225e-05,4.062,4.101
12084980,8.66e-05,7.937486120811439e-05,4.062,4.1
15982478,8.68e-05,7.948226968065581e-05,4.061,4.1
1850561,8.69e-05,7.953597391692653e-05,4.061,4.099
5581449,8.7e-05,7.969708662573867e-05,4.06,4.099
16901830,8.71e-05,7.975079086200939e-05,4.06,4.098
9931667,8.72e-05,7.991190357082152e-05,4.059,4.097
14497978,8.73e-05,8.012672051590437e-05,4.059,4.096
2647568,8.74e-05,8.018042475217509e-05,4.058,4.096
15520605,8.74e-05,8.028783322471652e-05,4.058,4.095
7459579,8.75e-05,8.044894593352865e-05,4.058,4.094
10904722,8.77e-05,8.06100586423408e-05,4.057,4.094
9325955,8.78e-05,8.066376287861152e-05,4.057,4.093
12216163,8.8e-05,8.082487558742365e-05,4.056,4.092
10614019,8.81e-05,8.093228405996507e-05,4.055,4.092
14137212,8.82e-05,8.10396925325065e-05,4.055,4.091
6978892,8.83e-05,8.114710100504793e-05,4.054,4.091
11079894,8.83e-05,8.120080524131865e-05,4.054,4.09
13616180,8.84e-05,8.14156221864015e-05,4.054,4.089
18038452,8.85e-05,8.157673489521363e-05,4.053,4.088
4228412,8.87e-05,8.168414336775506e-05,4.052,4.088
17794688,8.87e-05,8.179155184029648e-05,4.052,4.087
1071688,8.88e-05,8.195266454910863e-05,4.052,4.086
5565849,8.89e-05,8.200636878537934e-05,4.051,4.086
8659665,8.9e-05,8.216748149419148e-05,4.051,4.085
16902066,8.91e-05,8.22211857304622e-05,4.05,4.085
5231884,8.92e-05,8.232859420300363e-05,4.05,4.084
12014073,8.93e-05,8.243600267554506e-05,4.049,4.084
186358,8.95e-05,8.254341114808648e-05,4.048,4.083
15193091,8.96e-05,8.270452385689861e-05,4.048,4.082
7491687,8.97e-05,8.275822809316933e-05,4.047,4.082
4896472,8.98e-05,8.291934080198147e-05,4.047,4.081
13492974,8.99e-05,8.30267492745229e-05,4.046,4.081
3466926,8.99e-05,8.313415774706432e-05,4.046,4.08
3076836,9.01e-05,8.324156621960575e-05,4.045,4.08
13331161,9.03e-05,8.329527045587647e-05,4.044,4.079
11079185,9.05e-05,8.345638316468861e-05,4.043,4.079
8535622,9.05e-05,8.351008740095932e-05,4.043,4.078
4437670,9.06e-05,8.367120010977146e-05,4.043,4.077
6546533,9.07e-05,8.372490434604217e-05,4.042,4.077
5231798,9.09e-05,8.377860858231289e-05,4.041,4.077
174862,9.09e-05,8.388601705485432e-05,4.041,4.076
16221472,9.11e-05,8.399342552739574e-05,4.04,4.076
17007044,9.11e-05,8.404712976366645e-05,4.04,4.075
15667080,9.12e-05,8.42619467087493e-05,4.04,4.074
7491536,9.14e-05,8.436935518129073e-05,4.039,4.074
14137177,9.14e-05,8.447676365383215e-05,4.039,4.073
13411201,9.17e-05,8.458417212637358e-05,4.038,4.073
10614088,9.18e-05,8.46378763626443e-05,4.037,4.072
14755488,9.19e-05,8.485269330772715e-05,4.037,4.071
10614003,9.2e-05,8.496010178026858e-05,4.036,4.071
11246708,9.21e-05,8.506751025281e-05,4.036,4.07
9668639,9.22e-05,8.522862296162215e-05,4.035,4.069
9689022,9.24e-05,8.538973567043428e-05,4.034,4.069
15055187,9.25e-05,8.5443439906705e-05,4.034,4.068
12899170,9.26e-05,8.555084837924643e-05,4.033,4.068
15193078,9.26e-05,8.565825685178786e-05,4.033,4.067
16275261,9.27e-05,8.581936956059999e-05,4.033,4.066
7403692,9.28e-05,8.592677803314142e-05,4.032,4.066
15445986,9.29e-05,8.603418650568284e-05,4.032,4.065
12831724,9.31e-05,8.614159497822427e-05,4.031,4.065
15056022,9.31e-05,8.62490034507657e-05,4.031,4.064
8252062,9.33e-05,8.635641192330713e-05,4.03,4.064
17792183,9.33e-05,8.641011615957784e-05,4.03,4.063
13849678,9.36e-05,8.646382039584856e-05,4.029,4.063
13329991,9.37e-05,8.66249331046607e-05,4.028,4.062
14820124,9.37e-05,8.683975004974355e-05,4.028,4.061
3045686,9.39e-05,8.694715852228497e-05,4.027,4.061
1852553,9.39e-05,8.700086275855569e-05,4.027,4.06
15446389,9.4e-05,8.721567970363854e-05,4.027,4.059
9118316,9.41e-05,8.732308817617997e-05,4.026,4.059
15236659,9.41e-05,8.74304966487214e-05,4.026,4.058
7765547,9.42e-05,8.764531359380425e-05,4.026,4.057
18554657,9.44e-05,8.769901783007497e-05,4.025,4.057
7459743,9.44e-05,8.78064263026164e-05,4.025,4.056
8735639,9.46e-05,8.796753901142853e-05,4.024,4.056
2426582,9.47e-05,8.802124324769925e-05,4.024,4.055
15216401,9.48e-05,8.812865172024067e-05,4.023,4.055
12076415,9.49e-05,8.82360601927821e-05,4.023,4.054
14820038,9.5e-05,8.845087713786495e-05,4.022,4.053
11246854,9.52e-05,8.850458137413566e-05,4.021,4.053
13859641,9.53e-05,8.86656940829478e-05,4.021,4.052
4404358,9.54e-05,8.877310255548923e-05,4.02,4.052
11573143,9.55e-05,8.882680679175994e-05,4.02,4.051
10876334,9.57e-05,8.904162373684279e-05,4.019,4.05
14137170,9.58e-05,8.925644068192566e-05,4.019,4.049
4832262,9.59e-05,8.931014491819636e-05,4.018,4.049
7145854,9.6e-05,8.947125762700851e-05,4.018,4.048
5294359,9.61e-05,8.952496186327922e-05,4.017,4.048
10402432,9.62e-05,8.968607457209136e-05,4.017,4.047
10054975,9.63e-05,8.98471872809035e-05,4.016,4.046
6474314,9.64e-05,9.006200422598635e-05,4.016,4.045
13331174,9.65e-05,9.02768211710692e-05,4.015,4.044
12657074,9.67e-05,9.049163811615205e-05,4.015,4.043
9754625,9.69e-05,9.059904658869349e-05,4.014,4.043
18554503,9.7e-05,9.070645506123492e-05,4.013,4.042
642641,9.71e-05,9.092127200631777e-05,4.013,4.041
14820042,9.72e-05,9.10286804788592e-05,4.012,4.041
10410722,9.73e-05,9.113608895140062e-05,4.012,4.04
1271566,9.74e-05,9.118979318767133e-05,4.011,4.04
15216463,9.77e-05,9.135090589648348e-05,4.01,4.039
4437673,9.78e-05,9.156572284156633e-05,4.01,4.038
14943265,9.79e-05,9.161942707783704e-05,4.009,4.038
12215672,9.82e-05,9.167313131410776e-05,4.008,4.038
12484759,9.84e-05,9.178053978664918e-05,4.007,4.037
7447736,9.86e-05,9.183424402291989e-05,4.006,4.037
2652132,9.87e-05,9.194165249546133e-05,4.006,4.036
5635732,9.88e-05,9.204906096800275e-05,4.005,4.036
4594589,9.89e-05,9.215646944054418e-05,4.005,4.035
6978917,9.91e-05,9.22638779130856e-05,4.004,4.035
3228881,9.91e-05,9.237128638562703e-05,4.004,4.034
7409280,9.92e-05,9.247869485816846e-05,4.003,4.034
7408100,9.94e-05,9.258610333070989e-05,4.003,4.033
7123194,9.95e-05,9.263980756698059e-05,4.002,4.033
13141733,9.96e-05,9.280092027579274e-05,4.002,4.032
14137140,9.97e-05,9.285462451206344e-05,4.001,4.032
12986476,9.98e-05,9.301573722087559e-05,4.001,4.031
10904703,9.99e-05,9.317684992968772e-05,4.0,4.031
14900031,9.99e-05,9.323055416595844e-05,4.0,4.03
11240401,0.0001,9.34453711110413e-05,4.0,4.029
14137193,0.0001,9.366018805612415e-05,4.0,4.028
14498044,0.0001,9.3875005001207e-05,4.0,4.027
16981526,0.000101,9.403611771001915e-05,3.996,4.027
10032428,0.000101,9.408982194628985e-05,3.996,4.026
11240406,0.000101,9.43046388913727e-05,3.996,4.025
12072383,0.000102,9.451945583645556e-05,3.991,4.024
12085013,0.000102,9.473427278153841e-05,3.991,4.023
17150696,0.000102,9.500279396289198e-05,3.991,4.022
3604195,0.000102,9.521761090797484e-05,3.991,4.021
7459809,0.000103,9.532501938051626e-05,3.987,4.021
12014141,0.000103,9.543242785305769e-05,3.987,4.02
12657165,0.000103,9.564724479814054e-05,3.987,4.019
1013340,0.000103,9.586206174322339e-05,3.987,4.018
8067557,0.000103,9.607687868830625e-05,3.987,4.017
842867,0.000104,9.618428716084769e-05,3.983,4.017
14487063,0.000104,9.629169563338911e-05,3.983,4.016
851378,0.000104,9.650651257847196e-05,3.983,4.015
3214438,0.000104,9.672132952355482e-05,3.983,4.014
5052676,0.000104,9.698985070490838e-05,3.983,4.013
8009828,0.000105,9.70435549411791e-05,3.979,4.013
12807608,0.000105,9.720466764999123e-05,3.979,4.012
8512166,0.000105,9.741948459507408e-05,3.979,4.011
10613967,0.000105,9.763430154015695e-05,3.979,4.01
12085123,0.000106,9.774171001269837e-05,3.975,4.01
16189440,0.000106,9.78491184852398e-05,3.975,4.009
10410064,0.000106,9.806393543032265e-05,3.975,4.008
14888090,0.000106,9.833245661167621e-05,3.975,4.007
11375781,0.000107,9.849356932048836e-05,3.971,4.007
4915067,0.000107,9.854727355675906e-05,3.971,4.006
9035787,0.000107,9.876209050184192e-05,3.971,4.005
14820197,0.000107,9.897690744692477e-05,3.971,4.004
15667065,0.000108,9.924542862827834e-05,3.967,4.003
18592282,0.000108,9.946024557336119e-05,3.967,4.002
3033642,0.000108,9.967506251844405e-05,3.967,4.001
5626375,0.000108,9.98898794635269e-05,3.967,4.0
14137241,0.000109,9.999728793606832e-05,3.963,4.0
12408387,0.000109,0.00010015840064488047,3.963,3.999
8171812,0.000109,0.00010037321758996332,3.963,3.998
13492683,0.000109,0.00010058803453504618,3.963,3.997
7122905,0.000109,0.00010085655571639975,3.963,3.996
7519552,0.00011,0.00010091025995267045,3.959,3.996
14137234,0.00011,0.0001010713726614826,3.959,3.995
6903523,0.00011,0.00010128618960656545,3.959,3.994
14137246,0.00011,0.00010155471078791901,3.959,3.993
7519546,0.00011,0.00010176952773300186,3.959,3.992
12761056,0.000111,0.00010182323196927258,3.955,3.992
7519562,0.000111,0.00010198434467808473,3.955,3.991
8512142,0.000111,0.00010225286585943829,3.955,3.99
11709596,0.000111,0.00010246768280452114,3.955,3.989
7519554,0.000112,0.00010273620398587471,3.951,3.988
10614008,0.000112,0.00010295102093095757,3.951,3.987
13128531,0.000112,0.00010316583787604042,3.951,3.986
16495472,0.000112,0.00010343435905739399,3.951,3.985
15216373,0.000113,0.0001034880632936647,3.947,3.985
15571750,0.000113,0.00010364917600247684,3.947,3.984
14575573,0.000113,0.0001039176971838304,3.947,3.983
8314991,0.000113,0.00010413251412891326,3.947,3.982
8535666,0.000113,0.00010440103531026683,3.947,3.981
12214274,0.000113,0.00010461585225534968,3.947,3.98
15962863,0.000114,0.00010472326072789111,3.943,3.98
18551708,0.000114,0.00010488437343670325,3.943,3.979
2752699,0.000114,0.0001050991903817861,3.943,3.978
10987170,0.000114,0.00010536771156313966,3.943,3.977
1480732,0.000115,0.00010552882427195181,3.939,3.977
18038534,0.000115,0.00010558252850822252,3.939,3.976
12893035,0.000115,0.00010585104968957609,3.939,3.975
7459759,0.000115,0.00010606586663465894,3.939,3.974
5635779,0.000115,0.00010633438781601251,3.939,3.973
2919544,0.000115,0.00010654920476109537,3.939,3.972
6419951,0.000115,0.00010681772594244893,3.939,3.971
8171510,0.000116,0.00010687143017871965,3.936,3.971
18006757,0.000116,0.00010703254288753178,3.936,3.97
18006882,0.000116,0.00010730106406888535,3.936,3.969
3318442,0.000116,0.00010756958525023892,3.936,3.968
10987160,0.000116,0.00010778440219532178,3.936,3.967
15679847,0.000117,0.00010799921914040463,3.932,3.967
7519539,0.000117,0.00010805292337667533,3.932,3.966
14541677,0.000117,0.00010832144455802891,3.932,3.965
7461060,0.000117,0.00010853626150311176,3.932,3.964
17794668,0.000118,0.00010880478268446532,3.928,3.963
1379459,0.000118,0.00010901959962954818,3.928,3.962
2426667,0.000118,0.00010928812081090174,3.928,3.961
13492934,0.000118,0.00010955664199225532,3.928,3.96
6650062,0.000119,0.00010971775470106745,3.924,3.96
17869149,0.000119,0.00010982516317360887,3.924,3.959
6162726,0.000119,0.00011003998011869173,3.924,3.958
2037328,0.000119,0.0001103085013000453,3.924,3.957
18592258,0.00012,0.00011036220553631602,3.921,3.957
15679159,0.00012,0.00011057702248139887,3.921,3.956
9405970,0.00012,0.00011079183942648172,3.921,3.955
5940064,0.00012,0.00011106036060783528,3.921,3.954
13331682,0.000121,0.00011127517755291814,3.917,3.954
12913208,0.000121,0.00011132888178918886,3.917,3.953
11904374,0.000121,0.00011159740297054241,3.917,3.952
12931293,0.000121,0.00011186592415189599,3.917,3.951
10429437,0.000121,0.00011208074109697884,3.917,3.95
1480727,0.000122,0.00011234926227833241,3.914,3.949
9325941,0.000122,0.00011261778345968597,3.914,3.948
8680460,0.000122,0.00011288630464103954,3.914,3.947
12893024,0.000123,0.00011304741734985168,3.91,3.947
1142455,0.000123,0.00011315482582239312,3.91,3.946
10613954,0.000123,0.00011342334700374667,3.91,3.945
2404580,0.000123,0.00011363816394882953,3.91,3.944
18550302,0.000123,0.0001139066851301831,3.91,3.943
13493109,0.000123,0.00011417520631153666,3.91,3.942
17903576,0.000124,0.00011439002325661951,3.907,3.942
1480766,0.000124,0.00011444372749289023,3.907,3.941
11079568,0.000124,0.0001147122486742438,3.907,3.94
7491492,0.000124,0.00011498076985559736,3.907,3.939
54697,0.000125,0.00011519558680068021,3.903,3.939
16134962,0.000125,0.00011524929103695093,3.903,3.938
11579357,0.000125,0.0001155178122183045,3.903,3.937
14820071,0.000125,0.00011578633339965807,3.903,3.936
8659714,0.000126,0.00011600115034474092,3.9,3.936
12048559,0.000126,0.00011605485458101164,3.9,3.935
6828281,0.000126,0.0001163233757623652,3.9,3.934
7560113,0.000126,0.00011659189694371877,3.9,3.933
851258,0.000126,0.00011686041812507233,3.9,3.932
4605678,0.000127,0.00011707523507015518,3.896,3.932
8252001,0.000127,0.0001171289393064259,3.896,3.931
3555018,0.000127,0.00011739746048777947,3.896,3.93
8659699,0.000127,0.00011766598166913303,3.896,3.929
9405968,0.000127,0.0001179345028504866,3.896,3.928
1480746,0.000128,0.00011820302403184016,3.893,3.927
7987092,0.000128,0.00011847154521319374,3.893,3.926
16784576,0.000128,0.0001187400663945473,3.893,3.925
9295943,0.000128,0.00011900858757590087,3.893,3.924
12245410,0.000129,0.00011922340452098372,3.889,3.924
5635804,0.000129,0.00011927710875725444,3.889,3.923
1810672,0.000129,0.000119545629938608,3.889,3.922
4605382,0.000129,0.00011981415111996157,3.889,3.921
7519480,0.000129,0.00012013637653758585,3.889,3.92
7556954,0.000129,0.00012040489771893942,3.889,3.919
1527436,0.00013,0.00012056601042775156,3.886,3.919
8535613,0.00013,0.00012067341890029298,3.886,3.918
3170531,0.000131,0.00012094194008164655,3.883,3.917
12320878,0.000131,0.00012121046126300011,3.883,3.916
5828378,0.000131,0.00012147898244435369,3.883,3.915
11644994,0.000131,0.00012180120786197796,3.883,3.914
3261019,0.000132,0.00012201602480706082,3.879,3.914
7685169,0.000132,0.00012206972904333154,3.879,3.913
5828072,0.000132,0.0001223382502246851,3.879,3.912
14820048,0.000132,0.00012260677140603867,3.879,3.911
381175,0.000133,0.00012292899682366293,3.876,3.91
2426632,0.000133,0.0001231975180050165,3.876,3.909
3045635,0.000134,0.00012346603918637008,3.873,3.908
9091125,0.000134,0.00012378826460399437,3.873,3.907
7453112,0.000134,0.00012405678578534792,3.873,3.906
11225512,0.000135,0.00012427160273043077,3.87,3.906
5526056,0.000135,0.0001243253069667015,3.87,3.905
12447759,0.000135,0.00012464753238432578,3.87,3.904
6162702,0.000135,0.00012491605356567935,3.87,3.903
2160287,0.000135,0.0001251845747470329,3.87,3.902
12681738,0.000136,0.00012529198321957434,3.866,3.902
11271586,0.000136,0.0001255068001646572,3.866,3.901
17042931,0.000136,0.00012577532134601076,3.866,3.9
17732955,0.000136,0.00012604384252736434,3.866,3.899
1097167,0.000137,0.0001262586594724472,3.863,3.899
9405957,0.000137,0.0001263660679449886,3.863,3.898
9405959,0.000137,0.00012663458912634217,3.863,3.897
3691354,0.000137,0.00012695681454396644,3.863,3.896
1071619,0.000138,0.0001271179272527786,3.86,3.896
13725351,0.000138,0.00012722533572532,3.86,3.895
18006958,0.000138,0.0001275475611429443,3.86,3.894
11652537,0.000138,0.00012781608232429788,3.86,3.893
13331806,0.000139,0.00012803089926938073,3.857,3.893
18006930,0.000139,0.00012813830774192214,3.857,3.892
4772954,0.000139,0.0001284068289232757,3.857,3.891
4725604,0.00014,0.0001287290543409,3.854,3.89
10893497,0.00014,0.00012899757552225355,3.854,3.889
11981877,0.00014,0.00012931980093987784,3.854,3.888
10610908,0.00014,0.00012958832212123142,3.854,3.887
7447782,0.000141,0.00012991054753885568,3.851,3.886
10893348,0.000141,0.00013017906872020925,3.851,3.885
514950,0.000141,0.00013050129413783355,3.851,3.884
2652039,0.000141,0.0001307698153191871,3.851,3.883
8161391,0.000142,0.00013098463226426994,3.848,3.883
9091124,0.000142,0.00013109204073681138,3.848,3.882
12246223,0.000142,0.00013141426615443565,3.848,3.881
11375804,0.000142,0.00013168278733578922,3.848,3.88
11299625,0.000143,0.0001320050127534135,3.845,3.879
1480755,0.000143,0.00013232723817103778,3.845,3.878
11228271,0.000143,0.00013259575935239135,3.845,3.877
4575017,0.000143,0.00013291798477001564,3.845,3.876
6162622,0.000144,0.00013302539324255706,3.842,3.876
5000698,0.000144,0.0001332402101876399,3.842,3.875
16371031,0.000144,0.00013350873136899348,3.842,3.874
8735660,0.000144,0.00013383095678661777,3.842,3.873
2453164,0.000144,0.00013415318220424204,3.842,3.872
16495283,0.000145,0.0001343679991493249,3.839,3.872
12913547,0.000145,0.00013447540762186633,3.839,3.871
9326179,0.000145,0.0001347439288032199,3.839,3.87
1676825,0.000145,0.00013506615422084417,3.839,3.869
13435232,0.000146,0.00013533467540219774,3.836,3.869
9326110,0.000146,0.00013538837963846846,3.836,3.868
8139934,0.000146,0.00013571060505609273,3.836,3.867
13493124,0.000146,0.00013603283047371702,3.836,3.866
15510954,0.000147,0.00013608653470998774,3.833,3.866
5940421,0.000147,0.0001363013516550706,3.833,3.865
642622,0.000147,0.00013662357707269486,3.833,3.864
8971767,0.000147,0.00013694580249031915,3.833,3.863
5014952,0.000148,0.00013705321096286056,3.83,3.863
7453115,0.000148,0.0001372680279079434,3.83,3.862
7447818,0.000148,0.0001375902533255677,3.83,3.861
8512268,0.000148,0.00013791247874319197,3.83,3.86
9689015,0.000149,0.00013823470416081626,3.827,3.859
5514467,0.000149,0.00013855692957844053,3.827,3.858
6929649,0.000149,0.00013887915499606482,3.827,3.857
1071556,0.00015,0.0001392013804136891,3.824,3.856
11360550,0.00015,0.00013952360583131338,3.824,3.855
4574999,0.00015,0.00013984583124893767,3.824,3.854
2352924,0.000151,0.00014006064819402052,3.821,3.854
11360709,0.000151,0.00014016805666656194,3.821,3.853
8659683,0.000151,0.00014049028208418623,3.821,3.852
10148095,0.000151,0.0001408125075018105,3.821,3.851
7519343,0.000152,0.00014097362021062265,3.818,3.851
12098367,0.000152,0.00014113473291943479,3.818,3.85
4813776,0.000152,0.00014145695833705908,3.818,3.849
2479146,0.000152,0.00014177918375468334,3.818,3.848
1274709,0.000152,0.00014210140917230764,3.818,3.847
3033643,0.000153,0.00014215511340857833,3.815,3.847
4228954,0.000153,0.0001424236345899319,3.815,3.846
17753242,0.000153,0.0001427458600075562,3.815,3.845
2453163,0.000153,0.00014306808542518046,3.815,3.844
6795715,0.000154,0.00014312178966145118,3.812,3.844
17791793,0.000154,0.00014339031084280475,3.812,3.843
10276784,0.000154,0.00014376624049669974,3.812,3.842
18543605,0.000154,0.00014408846591432403,3.812,3.841
14209509,0.000155,0.0001444106913319483,3.81,3.84
721575,0.000155,0.00014473291674957259,3.81,3.839
17139953,0.000155,0.00014505514216719685,3.81,3.838
15190137,0.000156,0.0001451625506397383,3.807,3.838
6903240,0.000156,0.00014543107182109186,3.807,3.837
1753287,0.000156,0.00014575329723871613,3.807,3.836
7239437,0.000156,0.00014607552265634042,3.807,3.835
12245870,0.000157,0.00014612922689261114,3.804,3.835
15190139,0.000157,0.00014639774807396469,3.804,3.834
1993901,0.000157,0.0001467736777278597,3.804,3.833
16070175,0.000158,0.0001468810862004011,3.801,3.833
7519488,0.000158,0.00014709590314548396,3.801,3.832
15193118,0.000158,0.00014741812856310826,3.801,3.831
850937,0.000158,0.00014779405821700324,3.801,3.83
14441655,0.000159,0.00014790146668954468,3.799,3.83
16323185,0.000159,0.00014811628363462753,3.799,3.829
13864424,0.000159,0.0001484385090522518,3.799,3.828
12014017,0.00016,0.00014859962176106396,3.796,3.828
8534021,0.00016,0.0001488144387061468,3.796,3.827
16051412,0.00016,0.00014913666412377108,3.796,3.826
12067798,0.00016,0.00014945888954139537,3.796,3.825
4693023,0.000161,0.00014951259377766606,3.793,3.825
18146408,0.000161,0.00014983481919529035,3.793,3.824
4693031,0.000161,0.00015015704461291465,3.793,3.823
7332077,0.000162,0.0001503718615579975,3.79,3.823
3773760,0.000162,0.00015053297426680963,3.79,3.822
13304548,0.000162,0.0001508551996844339,3.79,3.821
18538391,0.000162,0.0001512311293383289,3.79,3.82
18264765,0.000163,0.00015144594628341176,3.788,3.82
18324862,0.000163,0.00015155335475595317,3.788,3.819
16138438,0.000163,0.00015192928440984819,3.788,3.818
11153326,0.000163,0.00015225150982747245,3.788,3.817
15193255,0.000164,0.00015252003100882602,3.785,3.817
17104758,0.000164,0.00015262743948136744,3.785,3.816
5052491,0.000164,0.00015294966489899173,3.785,3.815
15193237,0.000164,0.00015332559455288671,3.785,3.814
6162642,0.000165,0.00015343300302542815,3.783,3.814
10449148,0.000165,0.000153647819970511,3.783,3.813
6571363,0.000165,0.000154023749624406,3.783,3.812
9151423,0.000166,0.00015434597504203028,3.78,3.812
13433621,0.000166,0.000154399679278301,3.78,3.811
7332197,0.000166,0.00015472190469592527,3.78,3.81
15155712,0.000166,0.00015509783434982025,3.78,3.809
17134778,0.000167,0.00015542005976744455,3.777,3.808
9368005,0.000167,0.00015579598942133953,3.777,3.807
17197616,0.000168,0.00015590339789388097,3.775,3.807
7459846,0.000168,0.00015617191907523454,3.775,3.806
10232797,0.000168,0.00015654784872912953,3.775,3.805
8765982,0.000169,0.0001568163699104831,3.772,3.805
4898361,0.000169,0.0001568700741467538,3.772,3.804
17226771,0.000169,0.0001572460038006488,3.772,3.803
8038096,0.000169,0.0001576219334545438,3.772,3.802
14137260,0.00017,0.00015772934192708523,3.77,3.802
10251310,0.00017,0.00015794415887216808,3.77,3.801
14137253,0.00017,0.00015832008852606307,3.77,3.8
7462394,0.000171,0.0001583737927623338,3.767,3.8
10067889,0.000171,0.00015869601817995805,3.767,3.799
16085787,0.000172,0.00015896453936131163,3.764,3.799
3863428,0.000172,0.00015907194783385307,3.764,3.798
4754748,0.000172,0.00015944787748774805,3.764,3.797
15578505,0.000173,0.0001596626944328309,3.762,3.797
5514544,0.000173,0.00015982380714164304,3.762,3.796
115851,0.000173,0.00016014603255926733,3.762,3.795
13128878,0.000173,0.00016052196221316231,3.762,3.794
13991657,0.000174,0.00016068307492197445,3.759,3.794
6162658,0.000174,0.0001608978918670573,3.759,3.793
31697,0.000174,0.0001612738215209523,3.759,3.792
8252015,0.000175,0.00016148863846603516,3.757,3.792
16668820,0.000175,0.0001616497511748473,3.757,3.791
4334812,0.000175,0.00016202568082874228,3.757,3.79
4754703,0.000175,0.0001624016104826373,3.757,3.789
2878600,0.000175,0.00016277754013653228,3.757,3.788
2685144,0.000176,0.00016315346979042726,3.754,3.787
4090111,0.000176,0.00016352939944432228,3.754,3.786
6162621,0.000176,0.00016390532909821726,3.754,3.785
16698009,0.000176,0.00016428125875211225,3.754,3.784
12246754,0.000177,0.0001643886672246537,3.752,3.784
11993091,0.000177,0.00016465718840600726,3.752,3.783
4575203,0.000177,0.00016503311805990224,3.752,3.782
15486136,0.000178,0.00016508682229617296,3.75,3.782
18149488,0.000178,0.00016540904771379723,3.75,3.781
8171769,0.000178,0.00016578497736769224,3.75,3.78
8172039,0.000179,0.00016589238584023365,3.747,3.78
14338307,0.000179,0.00016616090702158723,3.747,3.779
5294788,0.00018,0.00016637572396667008,3.745,3.779
4033559,0.00018,0.0001665368366754822,3.745,3.778
31759,0.00018,0.00016696647056564792,3.745,3.777
15569009,0.000181,0.0001672886959832722,3.742,3.777
7459590,0.000181,0.00016734240021954293,3.742,3.776
17150656,0.000181,0.00016771832987343791,3.742,3.775
17770041,0.000182,0.0001680942595273329,3.74,3.774
9440747,0.000182,0.0001684701891812279,3.74,3.773
7498580,0.000182,0.00016889982307139362,3.74,3.772
4382444,0.000183,0.00016911464001647647,3.738,3.772
7498480,0.000183,0.0001692757527252886,3.738,3.771
7491487,0.000183,0.0001696516823791836,3.738,3.77
8043539,0.000184,0.00016981279508799575,3.735,3.77
18541846,0.000184,0.0001700276120330786,3.735,3.769
1635106,0.000184,0.0001704572459232443,3.735,3.768
11658986,0.000185,0.00017061835863205644,3.733,3.768
3087387,0.000185,0.0001708331755771393,3.733,3.767
420974,0.000185,0.00017120910523103427,3.733,3.766
1941728,0.000186,0.00017137021793984643,3.73,3.766
9405938,0.000186,0.00017163873912119998,3.73,3.765
3917513,0.000186,0.000172014668775095,3.73,3.764
7507671,0.000187,0.00017239059842898998,3.728,3.763
15888534,0.000187,0.00017282023231915568,3.728,3.762
6474312,0.000188,0.00017314245773677997,3.726,3.762
12180880,0.000188,0.00017319616197305067,3.726,3.761
12072339,0.000188,0.00017362579586321637,3.726,3.76
10626765,0.000189,0.00017389431704456994,3.724,3.76
11450310,0.000189,0.00017400172551711138,3.724,3.759
11874953,0.000189,0.0001744313594072771,3.724,3.758
4473061,0.00019,0.00017480728906117207,3.721,3.757
10097077,0.00019,0.00017523692295133778,3.721,3.756
11892042,0.000191,0.0001756128526052328,3.719,3.755
15215987,0.000191,0.0001760424864953985,3.719,3.754
10654235,0.000192,0.00017641841614929348,3.717,3.753
12657330,0.000192,0.0001768480500394592,3.717,3.752
45205,0.000193,0.00017706286698454204,3.714,3.752
2646363,0.000193,0.00017722397969335417,3.714,3.751
6903166,0.000193,0.00017765361358351988,3.714,3.75
12072508,0.000194,0.0001777073178197906,3.712,3.75
5751186,0.000194,0.00017808324747368558,3.712,3.749
9091101,0.000195,0.00017835176865503916,3.71,3.749
10067816,0.000195,0.0001784591771275806,3.71,3.748
17495329,0.000195,0.0001788888110177463,3.71,3.747
16286406,0.000195,0.000179318444907912,3.71,3.746
1440438,0.000196,0.00017942585338045342,3.708,3.746
5751087,0.000196,0.000179694374561807,3.708,3.745
15193376,0.000196,0.0001801240084519727,3.708,3.744
2685141,0.000196,0.0001805536423421384,3.708,3.743
12215470,0.000197,0.00018060734657840912,3.706,3.743
16062223,0.000197,0.0001809295719960334,3.706,3.742
10716692,0.000197,0.00018135920588619912,3.706,3.741
16495423,0.000198,0.00018152031859501125,3.703,3.741
15860088,0.000198,0.00018178883977636482,3.703,3.74
14137268,0.000199,0.00018221847366653053,3.701,3.739
9440439,0.000199,0.00018264810755669623,3.701,3.738
10716606,0.000199,0.00018302403721059122,3.701,3.737
17495587,0.0002,0.00018307774144686194,3.699,3.737
6640203,0.0002,0.00018345367110075692,3.699,3.736
12723165,0.000201,0.00018377589651838122,3.697,3.736
17287548,0.000201,0.00018388330499092265,3.697,3.735
4223611,0.000201,0.00018431293888108836,3.697,3.734
9688172,0.000201,0.00018474257277125407,3.697,3.733
5294353,0.000202,0.0001849036854800662,3.695,3.733
17495353,0.000202,0.00018517220666141977,3.695,3.732
1799980,0.000202,0.00018560184055158548,3.695,3.731
6437033,0.000203,0.00018581665749666833,3.693,3.731
9478455,0.000203,0.00018603147444175118,3.693,3.73
623674,0.000204,0.00018629999562310475,3.69,3.73
14621775,0.000204,0.00018646110833191689,3.69,3.729
5751182,0.000204,0.0001868907422220826,3.69,3.728
3526296,0.000204,0.0001873203761122483,3.69,3.727
16969216,0.000205,0.00018742778458478974,3.688,3.727
8161560,0.000205,0.000187750010002414,3.688,3.726
3526285,0.000205,0.0001881796438925797,3.688,3.725
10844803,0.000205,0.0001886092777827454,3.688,3.724
14694060,0.000206,0.00018903891167291112,3.686,3.723
15461422,0.000206,0.00018946854556307682,3.686,3.722
11170095,0.000206,0.00018989817945324255,3.686,3.721
3045796,0.000207,0.0001901129963983254,3.684,3.721
5281332,0.000207,0.00019032781334340826,3.684,3.72
13141958,0.000207,0.00019081115146984466,3.684,3.719
5281315,0.000208,0.0001909185599423861,3.682,3.719
16008859,0.000208,0.0001912407853600104,3.682,3.718
2611307,0.000208,0.0001916704192501761,3.682,3.717
4690851,0.000209,0.00019172412348644679,3.68,3.717
17904170,0.000209,0.0001921000531403418,3.68,3.716
7519158,0.000209,0.00019258339126677822,3.68,3.715
3261105,0.00021,0.00019263709550304892,3.678,3.715
16042024,0.00021,0.00019301302515694393,3.678,3.714
3526306,0.00021,0.00019344265904710963,3.678,3.713
2299628,0.000211,0.00019371118022846318,3.676,3.713
3087319,0.000211,0.00019387229293727534,3.676,3.712
7145863,0.000211,0.00019435563106371176,3.676,3.711
6903519,0.000212,0.00019473156071760675,3.674,3.711
4010017,0.000212,0.00019478526495387747,3.674,3.71
16735002,0.000212,0.00019521489884404317,3.674,3.709
7907049,0.000212,0.0001956982369704796,3.674,3.708
13330568,0.000212,0.0001961278708606453,3.674,3.707
5751168,0.000213,0.000196181575096916,3.672,3.707
18541189,0.000213,0.00019661120898708173,3.672,3.706
16433062,0.000213,0.00019704084287724743,3.672,3.705
10716554,0.000214,0.00019720195558605957,3.67,3.705
9498772,0.000214,0.00019747047676741314,3.67,3.704
7491504,0.000214,0.00019795381489384954,3.67,3.703
12671841,0.000215,0.0001982223360752031,3.668,3.703
7461606,0.000215,0.00019838344878401527,3.668,3.702
13254636,0.000215,0.00019886678691045167,3.668,3.701
16070475,0.000216,0.00019913530809180524,3.666,3.701
9460970,0.000216,0.0001993501250368881,3.666,3.7
5185789,0.000216,0.0001997797589270538,3.666,3.699
10904647,0.000217,0.00019994087163586596,3.664,3.699
3526304,0.000217,0.00020026309705349022,3.664,3.698
6551016,0.000217,0.00020069273094365593,3.664,3.697
2088314,0.000218,0.00020074643517992665,3.662,3.697
12181003,0.000218,0.00020117606907009235,3.662,3.696
11229500,0.000218,0.00020160570296025806,3.662,3.695
10220571,0.000219,0.0002017668156690702,3.66,3.695
10417709,0.000219,0.00020208904108669448,3.66,3.694
15190100,0.00022,0.00020241126650431877,3.658,3.694
5108826,0.00022,0.0002025723792131309,3.658,3.693
14923210,0.00022,0.0002030020131032966,3.658,3.692
14317843,0.000221,0.00020343164699346232,3.656,3.692
13981093,0.000221,0.00020348535122973304,3.656,3.691
6605033,0.000221,0.00020396868935616946,3.656,3.69
3555024,0.000222,0.0002041835063012523,3.654,3.69
3526220,0.000222,0.00020445202748260586,3.654,3.689
16826387,0.000222,0.00020488166137277156,3.654,3.688
5750888,0.000222,0.000205364999499208,3.654,3.687
6068394,0.000223,0.00020547240797174943,3.652,3.687
5108812,0.000223,0.00020584833762564441,3.652,3.686
16969259,0.000223,0.00020633167575208084,3.652,3.685
12246920,0.000224,0.00020665390116970513,3.65,3.685
2337738,0.000224,0.00020681501387851726,3.65,3.684
5542211,0.000224,0.0002072983520049537,3.65,3.683
8652326,0.000225,0.00020756687318630723,3.648,3.683
15349507,0.000225,0.00020778169013139009,3.648,3.682
18113136,0.000225,0.00020821132402155582,3.648,3.681
16925010,0.000226,0.00020837243673036795,3.646,3.681
14296571,0.000226,0.00020869466214799222,3.646,3.68
16059282,0.000226,0.00020917800027442864,3.646,3.679
78699,0.000227,0.00020960763416459435,3.644,3.679
5751828,0.000227,0.00020966133840086507,3.644,3.678
7129003,0.000227,0.0002101446765273015,3.644,3.677
11496732,0.000228,0.0002105743104174672,3.642,3.677
2453017,0.000228,0.00021062801465373792,3.642,3.676
15402603,0.000228,0.00021111135278017434,3.642,3.675
3639117,0.000229,0.00021159469090661074,3.64,3.674
9355437,0.000229,0.00021213173326931788,3.64,3.673
5751170,0.00023,0.00021240025445067146,3.638,3.673
14209507,0.00023,0.0002126150713957543,3.638,3.672
11450999,0.00023,0.00021309840952219073,3.638,3.671
6805715,0.000231,0.00021347433917608572,3.636,3.671
7573603,0.000231,0.00021358174764862716,3.636,3.67
21621,0.000231,0.00021406508577506356,3.636,3.669
15780877,0.000232,0.00021438731119268785,3.635,3.669
8293097,0.000232,0.00021454842390149998,3.635,3.668
5262416,0.000232,0.0002150317620279364,3.635,3.667
8687341,0.000232,0.00021556880439064355,3.635,3.666
18433239,0.000233,0.00021572991709945568,3.633,3.666
11981390,0.000233,0.00021605214251707995,3.633,3.665
7532475,0.000234,0.00021653548064351637,3.631,3.664
18474866,0.000234,0.00021707252300622352,3.631,3.663
8536050,0.000235,0.00021728733995130637,3.629,3.663
2645716,0.000235,0.00021755586113265994,3.629,3.662
5751757,0.000235,0.00021803919925909637,3.629,3.661
3926134,0.000236,0.0002182003119679085,3.627,3.661
14896054,0.000236,0.0002185762416218035,3.627,3.66
17810329,0.000237,0.00021889846703942778,3.625,3.66
5060259,0.000237,0.0002190595797482399,3.625,3.659
9145637,0.000237,0.00021954291787467634,3.625,3.658
12242018,0.000238,0.00021965032634721775,3.623,3.658
15678576,0.000238,0.00022007996023738345,3.623,3.657
1110662,0.000239,0.00022040218565500775,3.622,3.657
12026144,0.000239,0.00022056329836381988,3.622,3.656
5679239,0.000239,0.00022110034072652702,3.622,3.655
3261032,0.000239,0.00022158367885296345,3.622,3.654
16969205,0.00024,0.00022163738308923414,3.62,3.654
14663781,0.00024,0.00022212072121567057,3.62,3.653
3526266,0.000241,0.000222604059342107,3.618,3.652
4689292,0.000241,0.00022314110170481414,3.618,3.651
11225176,0.000241,0.00022362443983125056,3.618,3.65
16034689,0.000242,0.00022416148219395768,3.616,3.649
5625229,0.000242,0.00022469852455666482,3.616,3.648
18515955,0.000243,0.0002249670457380184,3.614,3.648
7519132,0.000243,0.00022518186268310125,3.614,3.647
12567966,0.000244,0.00022571890504580837,3.613,3.646
2453176,0.000244,0.0002262559474085155,3.613,3.645
18554625,0.000245,0.00022647076435359836,3.611,3.645
8735357,0.000245,0.00022673928553495194,3.611,3.644
12348952,0.000245,0.00022727632789765905,3.611,3.643
7407525,0.000246,0.00022754484907901263,3.609,3.643
1101530,0.000246,0.0002278133702603662,3.609,3.642
7765913,0.000246,0.00022835041262307332,3.609,3.641
3526248,0.000247,0.00022845782109561476,3.607,3.641
1101496,0.000247,0.00022883375074950974,3.607,3.64
9752455,0.000248,0.0002290485676945926,3.606,3.64
2160595,0.000248,0.0002293707931122169,3.606,3.639
12724266,0.000248,0.000229907835474924,3.606,3.638
9316691,0.000249,0.00023012265242000686,3.604,3.638
18211886,0.000249,0.00023044487783763115,3.604,3.637
6109068,0.00025,0.00023060599054644328,3.602,3.637
2995339,0.00025,0.0002309819202003383,3.602,3.636
515120,0.000251,0.0002314652583267747,3.6,3.636
1781445,0.000251,0.0002315189625630454,3.6,3.635
3856984,0.000251,0.00023205600492575256,3.6,3.634
10402898,0.000252,0.00023237823034337682,3.599,3.634
641416,0.000252,0.00023259304728845967,3.599,3.633
3626787,0.000253,0.0002329689769423547,3.597,3.633
3261102,0.000253,0.00023313008965116682,3.597,3.632
3448168,0.000253,0.00023366713201387396,3.597,3.631
8037975,0.000254,0.00023372083625014466,3.595,3.631
1611146,0.000254,0.00023420417437658108,3.595,3.63
14209477,0.000255,0.00023458010403047607,3.593,3.63
3277923,0.000255,0.00023474121673928823,3.593,3.629
1186797,0.000256,0.0002351171463931832,3.592,3.629
9733729,0.000256,0.00023527825910199534,3.592,3.628
12177201,0.000256,0.0002358153014647025,3.592,3.627
7724803,0.000257,0.00023608382264605606,3.59,3.627
9592687,0.000257,0.00023635234382740963,3.59,3.626
9663155,0.000258,0.00023662086500876318,3.588,3.626
598545,0.000258,0.00023688938619011675,3.588,3.625
91027,0.000258,0.0002374264285528239,3.588,3.624
15236572,0.000259,0.00023758754126163603,3.587,3.624
7573690,0.000259,0.00023796347091553102,3.587,3.623
13511835,0.000259,0.00023855421751450888,3.587,3.622
13864694,0.00026,0.00023860792175077957,3.585,3.622
6273594,0.00026,0.000239091259877216,3.585,3.621
3881850,0.000261,0.00023930607682229885,3.583,3.621
7507704,0.000261,0.00023962830223992314,3.583,3.62
10990443,0.000262,0.00023978941494873528,3.582,3.62
4832436,0.000262,0.00024016534460263026,3.582,3.619
10338961,0.000263,0.0002407023869653374,3.58,3.619
10220546,0.000263,0.00024075609120160812,3.58,3.618
18348527,0.000263,0.00024129313356431524,3.58,3.617
3520418,0.000263,0.0002418301759270224,3.58,3.616
18000018,0.000264,0.00024204499287210524,3.578,3.616
10799490,0.000264,0.00024242092252600023,3.578,3.615
18090915,0.000264,0.00024295796488870737,3.578,3.614
3401223,0.000265,0.00024322648607006094,3.577,3.614
15402605,0.000265,0.0002435487114876852,3.577,3.613
18290395,0.000266,0.00024376352843276806,3.575,3.613
2574231,0.000266,0.00024408575385039235,3.575,3.612
1512988,0.000266,0.0002446765004493702,3.575,3.611
11228693,0.000267,0.0002447302046856409,3.573,3.611
7507675,0.000267,0.00024521354281207734,3.573,3.61
9355512,0.000268,0.0002458042894110552,3.572,3.609
10097115,0.000268,0.0002463413317737623,3.572,3.608
11393097,0.000269,0.000246770965663928,3.57,3.608
14261173,0.000269,0.00024693207837274016,3.57,3.607
12013984,0.000269,0.0002474691207354473,3.57,3.606
14620819,0.000269,0.00024805986733442516,3.57,3.605
9091091,0.00027,0.00024816727580696655,3.569,3.605
6182873,0.00027,0.000248650613933403,3.569,3.604
16936657,0.00027,0.0002491876562961101,3.569,3.603
16291839,0.000271,0.00024967099442254655,3.567,3.603
3033667,0.000271,0.000249778402895088,3.567,3.602
12674325,0.000271,0.0002503691494940658,3.567,3.601
4286142,0.000272,0.00025053026220287796,3.565,3.601
4515465,0.000272,0.00025090619185677294,3.565,3.6
4229135,0.000272,0.0002514969384557508,3.565,3.599
9850909,0.000273,0.0002515506426920215,3.564,3.599
16807705,0.000273,0.00025208768505472867,3.564,3.598
3261131,0.000274,0.0002523025019998115,3.562,3.598
3174957,0.000274,0.0002526784316537065,3.562,3.597
3723253,0.000274,0.00025326917825268435,3.562,3.596
3209279,0.000275,0.0002535914036703086,3.561,3.596
16475153,0.000275,0.0002538062206153915,3.561,3.595
10536158,0.000275,0.0002543969672143693,3.561,3.594
7671240,0.000276,0.00025450437568691074,3.559,3.594
12657358,0.000276,0.00025498771381334717,3.559,3.593
13849671,0.000277,0.0002554710519397836,3.558,3.593
9800525,0.000277,0.00025557846041232503,3.558,3.592
18343964,0.000278,0.00025595439006622,3.556,3.592
6007533,0.000278,0.00025616920701130284,3.556,3.591
7166562,0.000278,0.0002567599536102807,3.556,3.59
3974219,0.000279,0.00025735070020925857,3.554,3.589
627756,0.000279,0.0002579414468082364,3.554,3.588
17217797,0.00028,0.00025815626375331926,3.553,3.588
17801836,0.00028,0.00025853219340721425,3.553,3.587
68494,0.00028,0.0002591229400061921,3.553,3.586
8997725,0.000281,0.00025939146118754566,3.551,3.586
13651121,0.000281,0.00025976739084144064,3.551,3.585
17400652,0.000281,0.0002603581374404185,3.551,3.584
4223641,0.000282,0.0002604118416766892,3.55,3.584
6135772,0.000282,0.00026094888403939637,3.55,3.583
16275262,0.000283,0.0002615396306383742,3.548,3.582
11225483,0.000283,0.00026213037723735205,3.548,3.581
6162666,0.000284,0.00026261371536378847,3.547,3.581
15072778,0.000284,0.00026277482807260063,3.547,3.58
4641535,0.000284,0.00026336557467157844,3.547,3.579
1686814,0.000285,0.00026363409585293204,3.545,3.579
17932075,0.000285,0.0002639563212705563,3.545,3.578
2588741,0.000285,0.00026454706786953417,3.545,3.577
12012175,0.000286,0.0002649767017596999,3.544,3.577
6361092,0.000286,0.0002651915187047827,3.544,3.576
18526032,0.000286,0.00026578226530376057,3.544,3.575
14209515,0.000287,0.0002660507864851141,3.542,3.575
1565204,0.000287,0.0002664267161390091,3.542,3.574
739858,0.000287,0.00026701746273798696,3.542,3.573
13433719,0.000288,0.0002671248712105284,3.541,3.573
9197757,0.000288,0.00026766191357323555,3.541,3.572
13520729,0.000289,0.00026771561780950627,3.539,3.572
15055929,0.000289,0.00026825266017221336,3.539,3.571
13789325,0.00029,0.0002688434067711912,3.538,3.571
14896592,0.00029,0.00026889711100746194,3.538,3.57
15123340,0.000291,0.0002694341533701691,3.536,3.57
12784187,0.000291,0.0002694878576064398,3.536,3.569
6135727,0.000292,0.00027013230844168834,3.535,3.568
9929512,0.000292,0.0002707230550406662,3.535,3.567
11619227,0.000293,0.0002712063931671026,3.533,3.567
11321591,0.000293,0.00027136750587591473,3.533,3.566
6182913,0.000293,0.0002719582524748926,3.533,3.565
15819167,0.000294,0.0002723341821287876,3.532,3.565
15343253,0.000294,0.0002726027033101412,3.532,3.564
15155958,0.000295,0.0002732471541453897,3.53,3.563
6182912,0.000295,0.0002738916049806383,3.53,3.562
15874740,0.000296,0.0002741064219257211,3.529,3.562
8775320,0.000296,0.0002744823515796161,3.529,3.561
8029549,0.000296,0.0002751268024148647,3.529,3.56
3184521,0.000297,0.00027566384477757184,3.527,3.56
11228971,0.000297,0.0002757712532501132,3.527,3.559
7007387,0.000297,0.0002764157040853618,3.527,3.558
630240,0.000298,0.0002768453379755275,3.526,3.558
673021,0.000298,0.0002770601549206104,3.526,3.557
11619678,0.000298,0.0002777046057558589,3.526,3.556
16474008,0.000299,0.00027818794388229535,3.524,3.556
3329015,0.000299,0.0002782953523548368,3.524,3.555
6162736,0.000299,0.0002789398031900853,3.524,3.554
1508780,0.0003,0.00027931573284398036,3.523,3.554
15564661,0.0003,0.0002795842540253339,3.523,3.553
11176308,0.0003,0.0002802287048605825,3.523,3.552
10489032,0.000301,0.00028028240909685315,3.521,3.552
7166428,0.000301,0.000280873155695831,3.521,3.551
11462235,0.000302,0.00028098056416837246,3.52,3.551
316462,0.000302,0.0002815176065310796,3.52,3.55
6361020,0.000303,0.0002818935361849746,3.519,3.55
5554882,0.000303,0.00028221576160259885,3.519,3.549
5730612,0.000303,0.00028286021243784744,3.519,3.548
17499209,0.000304,0.00028302132514665954,3.517,3.548
5828135,0.000304,0.00028350466327309597,3.517,3.547
11202759,0.000304,0.00028414911410834455,3.517,3.546
18004842,0.000305,0.00028473986070732236,3.516,3.546
8652393,0.000305,0.0002847935649435931,3.516,3.545
18592268,0.000305,0.00028543801577884167,3.516,3.544
1611131,0.000306,0.00028586764966900737,3.514,3.544
9856534,0.000306,0.0002861361708503609,3.514,3.543
18036578,0.000306,0.0002867806216856095,3.514,3.542
15982732,0.000307,0.0002868343259218802,3.513,3.542
16972212,0.000307,0.00028742507252085803,3.513,3.541
18504212,0.000308,0.00028790841064729446,3.511,3.541
2736442,0.000308,0.00028812322759237734,3.511,3.54
3626940,0.000308,0.00028876767842762587,3.511,3.539
10306372,0.000309,0.00028919731231779157,3.51,3.539
6437036,0.000309,0.00028941212926287445,3.51,3.538
2046214,0.000309,0.0002901102843343937,3.51,3.537
1480848,0.00031,0.0002903788055157473,3.509,3.537
1013432,0.00031,0.0002907547351696423,3.509,3.536
3261095,0.000311,0.00029145289024116154,3.507,3.535
514442,0.000311,0.0002920973410764101,3.507,3.534
17309184,0.000312,0.00029215104531268084,3.506,3.534
9915219,0.000312,0.00029279549614792937,3.506,3.533
528135,0.000313,0.0002932788342743658,3.504,3.533
12030444,0.000313,0.00029343994698317796,3.504,3.532
5751558,0.000313,0.0002941381020546972,3.504,3.531
11619684,0.000314,0.00029451403170859225,3.503,3.531
11619689,0.000314,0.0002947825528899458,3.503,3.53
11229082,0.000314,0.00029548070796146504,3.503,3.529
15190159,0.000315,0.0002956418206702772,3.502,3.529
5679240,0.000315,0.00029617886303298435,3.502,3.528
381096,0.000316,0.0002962862715055258,3.5,3.528
7724646,0.000316,0.0002968770181045036,3.5,3.527
2138307,0.000317,0.0002971455392858572,3.499,3.527
12657390,0.000317,0.0002975214689397522,3.499,3.526
8841886,0.000318,0.0002979511028299179,3.498,3.526
3429461,0.000318,0.00029821962401127143,3.498,3.525
1540172,0.000319,0.0002984344409563543,3.496,3.525
11229171,0.000319,0.00029891777908279074,3.496,3.524
18420862,0.00032,0.0002992937087366857,3.495,3.524
11947763,0.00032,0.00029961593415431,3.495,3.523
18332824,0.000321,0.0003000455680444757,3.493,3.523
16628654,0.000321,0.0003003140892258293,3.493,3.522
15156081,0.000321,0.0003009585400610778,3.493,3.521
5525907,0.000322,0.0003013344697149728,3.492,3.521
6662791,0.000322,0.00030165669513259713,3.492,3.52
11764359,0.000322,0.0003023548502041164,3.492,3.519
9549748,0.000323,0.0003024622586766578,3.491,3.519
12239852,0.000323,0.00030305300527563563,3.491,3.518
2588705,0.000324,0.00030337523069325995,3.489,3.518
4111590,0.000324,0.00030375116034715493,3.489,3.517
10874972,0.000324,0.0003044493154186742,3.489,3.516
14422163,0.000325,0.0003048789493088399,3.488,3.516
13353274,0.000325,0.0003051474704901935,3.488,3.515
15354124,0.000326,0.0003057382170891713,3.487,3.515
4555692,0.000326,0.00030584562556171274,3.487,3.514
18272542,0.000326,0.0003065974848695027,3.487,3.513
4772936,0.000327,0.00030697341452339775,3.485,3.513
2036674,0.000327,0.000307295639941022,3.485,3.512
6437027,0.000327,0.00030799379501254126,3.485,3.511
16011003,0.000328,0.0003083697246664363,3.484,3.511
9326057,0.000328,0.00030869195008406057,3.484,3.51
6437011,0.000328,0.0003093901051555798,3.484,3.509
2457161,0.000329,0.0003098197390457455,3.483,3.509
3555032,0.000329,0.00031014196446336984,3.483,3.508
15297696,0.000329,0.0003108401195348891,3.483,3.507
18348545,0.00033,0.00031100123224370125,3.481,3.507
9151459,0.00033,0.00031153827460640834,3.481,3.506
3670225,0.000331,0.0003121290212053862,3.48,3.506
1161061,0.000331,0.00031229013391419837,3.48,3.505
935851,0.000331,0.0003129882889857176,3.48,3.504
7724534,0.000332,0.00031304199322198834,3.479,3.504
15190040,0.000332,0.0003137401482935076,3.479,3.503
11993055,0.000333,0.00031416978218367335,3.478,3.503
12990917,0.000333,0.0003144383033650269,3.478,3.502
6437040,0.000334,0.00031513645843654614,3.476,3.502
5185115,0.000334,0.00031519016267281686,3.476,3.501
3890120,0.000334,0.00031588831774433617,3.476,3.5
183186,0.000335,0.0003159420219806069,3.475,3.5
6796129,0.000335,0.00031664017705212614,3.475,3.499
16936656,0.000336,0.00031669388128839686,3.474,3.499
11619234,0.000336,0.0003173383321236454,3.474,3.498
1450,0.000337,0.00031744574059618683,3.472,3.498
16178334,0.000337,0.0003180901914314354,3.472,3.497
14541731,0.000338,0.00031814389566770613,3.471,3.497
12079888,0.000338,0.00031878834650295466,3.471,3.496
15788452,0.000339,0.00031900316344803754,3.47,3.496
12778774,0.000339,0.00031954020581074463,3.47,3.495
10409931,0.00034,0.0003201846566459932,3.469,3.495
11563208,0.00034,0.00032029206511853466,3.469,3.494
6555134,0.00034,0.00032104392442632463,3.469,3.493
16474033,0.00034,0.00032174207949784393,3.469,3.492
13425742,0.000341,0.0003220106006791975,3.467,3.492
5594709,0.000341,0.0003224939388056339,3.467,3.491
3312825,0.000342,0.00032303098116834105,3.466,3.491
12258781,0.000342,0.0003232457981134239,3.466,3.49
15679100,0.000342,0.0003239976574212139,3.466,3.489
14384041,0.000343,0.00032431988283883816,3.465,3.489
15531955,0.000343,0.00032474951672900387,3.465,3.488
18343976,0.000344,0.00032534026332798173,3.463,3.488
9564205,0.000344,0.00032550137603679384,3.463,3.487
45252,0.000344,0.0003262532353445838,3.463,3.486
9359778,0.000345,0.00032636064381712525,3.462,3.486
15911473,0.000345,0.00032700509465237383,3.462,3.485
45234,0.000346,0.0003273273200699981,3.461,3.485
9428694,0.000346,0.0003277569539601638,3.461,3.484
15890508,0.000347,0.0003279717709052467,3.46,3.484
10722182,0.000347,0.0003285088132679538,3.46,3.483
3426197,0.000348,0.0003287773344493074,3.458,3.483
9333219,0.000348,0.0003292606725757438,3.458,3.482
12447744,0.000349,0.00032979771493845094,3.457,3.482
16824891,0.000349,0.00033001253188353377,3.457,3.481
10417443,0.00035,0.000330710686955053,3.456,3.481
514494,0.00035,0.00033076439119132374,3.456,3.48
2647814,0.000351,0.00033151625049911376,3.455,3.479
3862671,0.000351,0.00033232181404317445,3.455,3.478
5060729,0.000352,0.0003324292225157159,3.453,3.478
3208472,0.000353,0.0003329125606421523,3.452,3.478
14108903,0.000353,0.0003330736733509644,3.452,3.477
15459758,0.000354,0.0003336644199499423,3.451,3.477
2240048,0.000354,0.00033382553265875445,3.451,3.476
857240,0.000355,0.0003345236877302737,3.45,3.476
15459748,0.000355,0.00033463109620281514,3.45,3.475
18619027,0.000356,0.00033527554703806367,3.449,3.475
11080214,0.000356,0.0003353829555106051,3.449,3.474
4813655,0.000356,0.0003361348148183951,3.449,3.473
12124032,0.000357,0.00033629592752720724,3.447,3.473
12124013,0.000357,0.0003369403783624558,3.447,3.472
8134234,0.000358,0.0003372626037800801,3.446,3.472
7670143,0.000358,0.0003376922376702458,3.446,3.471
10536684,0.000359,0.0003381755757966822,3.445,3.471
15637656,0.000359,0.0003384978012143065,3.445,3.47
18332801,0.000359,0.00033924966052209645,3.445,3.469
15066411,0.00036,0.0003396255901759915,3.444,3.469
5752061,0.00036,0.0003400552240661572,3.444,3.468
1755338,0.000361,0.0003404848579563229,3.442,3.468
15349488,0.000361,0.00034080708337394717,3.442,3.467
9197688,0.000362,0.0003414515342091957,3.441,3.467
15297691,0.000362,0.00034161264691800786,3.441,3.466
9197563,0.000363,0.0003420959850444443,3.44,3.466
3184200,0.000363,0.00034241821046206855,3.44,3.465
7862726,0.000364,0.00034306266129731713,3.439,3.465
1686887,0.000364,0.0003431700697698586,3.439,3.464
228757,0.000364,0.00034397563331391926,3.439,3.463
12180685,0.000365,0.0003442441544952728,3.438,3.463
4980511,0.000365,0.00034478119685797995,3.438,3.462
16809088,0.000366,0.00034521083074814566,3.437,3.462
3662185,0.000366,0.00034558676040204064,3.437,3.461
1993848,0.000367,0.00034596269005593563,3.435,3.461
6436827,0.000367,0.0003463386197098306,3.435,3.46
15637532,0.000368,0.00034709047901762064,3.434,3.46
16052244,0.000368,0.00034714418325389136,3.434,3.459
13967581,0.000368,0.00034794974679795205,3.434,3.458
10788071,0.000369,0.0003480571552704935,3.433,3.458
4951512,0.000369,0.00034875531034201274,3.433,3.457
16944438,0.00037,0.0003492923527047199,3.432,3.457
13521912,0.00037,0.00034956087388607343,3.432,3.456
4175254,0.000371,0.00034999050777623913,3.431,3.456
3170582,0.000371,0.0003503664374301341,3.431,3.455
17806635,0.000372,0.000350957184029112,3.429,3.455
4228685,0.000372,0.00035117200097419486,3.429,3.454
1947552,0.000373,0.0003518701560457141,3.428,3.454
10215337,0.000373,0.00035197756451825555,3.428,3.453
10967526,0.000373,0.00035278312806231624,3.428,3.452
14931184,0.000374,0.0003529442407711284,3.427,3.452
6922258,0.000374,0.00035364239584264765,3.427,3.451
10654214,0.000375,0.0003538035085514598,3.426,3.451
11619209,0.000375,0.00035444795938670834,3.426,3.45
5828173,0.000376,0.00035471648056806194,3.425,3.45
1747882,0.000376,0.0003552535229307691,3.425,3.449
3393769,0.000377,0.0003556294525846641,3.424,3.449
15679769,0.000377,0.0003560590864748298,3.424,3.448
16425461,0.000378,0.0003565424246012662,3.423,3.448
4134282,0.000378,0.00035686465001889047,3.423,3.447
2426238,0.000379,0.00035718687543651473,3.421,3.447
16639200,0.000379,0.0003577239177992219,3.421,3.446
8736230,0.00038,0.0003579924389805754,3.42,3.446
10232800,0.00038,0.00035852948134328257,3.42,3.445
7460862,0.000381,0.00035890541099717756,3.419,3.445
6381552,0.000381,0.000359388749123614,3.419,3.444
7247210,0.000382,0.0003597109745412383,3.418,3.444
10602615,0.000382,0.00036019431266767467,3.418,3.443
5730588,0.000383,0.00036046283384902827,3.417,3.443
18194465,0.000383,0.0003609998762117354,3.417,3.442
2126740,0.000384,0.00036126839739308896,3.416,3.442
12737178,0.000384,0.0003618591439920668,3.416,3.441
5894650,0.000385,0.00036234248211850325,3.415,3.441
13794371,0.000385,0.0003626647075361275,3.415,3.44
11714153,0.000386,0.0003632554541351054,3.413,3.44
17569168,0.000386,0.0003635239753164589,3.413,3.439
17940274,0.000387,0.0003641147219154368,3.412,3.439
14620915,0.000387,0.00036438324309679034,3.412,3.438
11283791,0.000388,0.0003646517642781439,3.411,3.438
11118564,0.000388,0.000365188806640851,3.411,3.437
13353260,0.000389,0.00036567214476728745,3.41,3.437
14800997,0.000389,0.00036604807442118244,3.41,3.436
18315740,0.00039,0.0003665851167838896,3.409,3.436
3555511,0.00039,0.00036690734220151385,3.409,3.435
16275265,0.000391,0.000367444384564221,3.408,3.435
627599,0.000391,0.0003677129057455746,3.408,3.434
13921966,0.000392,0.0003685184692896353,3.407,3.434
9151506,0.000392,0.000368572173525906,3.407,3.433
9197701,0.000392,0.0003694314413062374,3.407,3.432
1605538,0.000393,0.00036964625825132024,3.406,3.432
7460805,0.000393,0.0003702907090865688,3.406,3.431
11980730,0.000394,0.0003708814556855467,3.405,3.431
13141937,0.000394,0.00037114997686690023,3.405,3.43
6562242,0.000395,0.00037163331499333666,3.403,3.43
10340558,0.000395,0.00037200924464723164,3.403,3.429
12188414,0.000396,0.0003726536954824802,3.402,3.429
8734242,0.000396,0.00037286851242756305,3.402,3.428
15033037,0.000397,0.0003734055547902702,3.401,3.428
13725036,0.000397,0.00037372778020789446,3.401,3.427
15040396,0.000398,0.00037458704798822587,3.4,3.426
18283799,0.000398,0.0003754463157685573,3.4,3.425
15469519,0.000399,0.00037560742847736944,3.399,3.425
8849408,0.000399,0.0003763055835488887,3.399,3.424
13353267,0.0004,0.00037646669625770085,3.398,3.424
11807325,0.0004,0.0003771648513292201,3.398,3.423
11619782,0.000401,0.00037727225980176154,3.397,3.423
17006185,0.000402,0.0003779167106370101,3.396,3.423
8849444,0.000402,0.00037802411910955157,3.396,3.422
6978898,0.000403,0.00037856116147225866,3.395,3.422
9198249,0.000403,0.000378883386889883,3.395,3.421
5179133,0.000404,0.0003793667250163194,3.394,3.421
17690162,0.000404,0.0003797963589064851,3.394,3.42
7796574,0.000405,0.00037985006314275577,3.393,3.42
17673742,0.000405,0.0003806556266868165,3.393,3.419
16228130,0.000406,0.0003807630351593579,3.391,3.419
3175345,0.000406,0.0003815148944671479,3.391,3.418
6152947,0.000407,0.00038210564106612574,3.39,3.418
2134954,0.000407,0.00038242786648375006,3.39,3.417
11079911,0.000408,0.00038280379613764504,3.389,3.417
7796513,0.000408,0.00038328713426408147,3.389,3.416
11080451,0.000408,0.0003842001062806836,3.389,3.415
5554911,0.000409,0.0003844149232257664,3.388,3.415
5524366,0.000409,0.000385059374061015,3.388,3.414
13700403,0.00041,0.00038538159947863927,3.387,3.414
9679324,0.00041,0.00038597234607761714,3.387,3.413
11258667,0.000411,0.00038613345878642924,3.386,3.413
15931542,0.000411,0.00038683161385794855,3.386,3.412
6436853,0.000412,0.00038731495198438497,3.385,3.412
7420619,0.000412,0.0003877445858745507,3.385,3.411
5751671,0.000412,0.0003886038536548821,3.385,3.41
18247022,0.000413,0.0003887112621274235,3.384,3.41
14819231,0.000414,0.0003894631214352135,3.383,3.41
11391830,0.000414,0.0003895168256714842,3.383,3.409
9064801,0.000414,0.00039042979768808635,3.383,3.408
5828213,0.000415,0.0003907520231057106,3.382,3.408
11226463,0.000415,0.0003913427697046885,3.382,3.407
1103511,0.000416,0.0003915038824135006,3.381,3.407
17966551,0.000416,0.0003922020374850199,3.381,3.406
6381434,0.000417,0.00039273907984772703,3.38,3.406
3825630,0.000417,0.000393115009501622,3.38,3.405
15188475,0.000418,0.000393866868809412,3.379,3.405
10348343,0.000418,0.00039402798151822415,3.379,3.404
9679249,0.000419,0.00039483354506228484,3.378,3.404
6831439,0.000419,0.0003949409535348263,3.378,3.403
2843142,0.00042,0.00039547799589753337,3.377,3.403
9198233,0.00042,0.0003958539255514284,3.377,3.402
8652691,0.000421,0.0003966594890954891,3.376,3.402
12667472,0.000421,0.00039676689756803054,3.376,3.401
15780233,0.000421,0.00039767986958463267,3.376,3.4
6702847,0.000422,0.00039773357382090333,3.375,3.4
7461712,0.000422,0.00039859284160123474,3.375,3.399
7361828,0.000423,0.0003988076585463176,3.374,3.399
5594581,0.000423,0.00039950581361783687,3.374,3.398
8512550,0.000424,0.00039966692632664903,3.373,3.398
5732496,0.000425,0.0004002576729256269,3.372,3.398
7447630,0.000425,0.000400418785634439,3.372,3.397
8733847,0.000425,0.00040133175765104113,3.372,3.396
9678881,0.000426,0.00040138546188731185,3.371,3.396
7045612,0.000426,0.000402298433903914,3.371,3.395
18216824,0.000427,0.0004023521381401847,3.37,3.395
15670584,0.000427,0.0004032114059205161,3.37,3.394
13266179,0.000428,0.00040326511015678683,3.369,3.394
12737125,0.000428,0.00040412437793711824,3.369,3.393
6437048,0.000429,0.00040417808217338896,3.368,3.393
1427401,0.000429,0.0004050910541899911,3.368,3.392
739576,0.00043,0.00040525216689880325,3.367,3.392
9440757,0.00043,0.0004060040262065932,3.367,3.391
7372521,0.000431,0.0004063262516242175,3.366,3.391
534199,0.000431,0.00040691699822319535,3.366,3.39
9440761,0.000432,0.0004074003363496318,3.365,3.39
183081,0.000432,0.0004078836744760682,3.365,3.389
8736014,0.000433,0.00040820589989369247,3.364,3.389
1573821,0.000433,0.00040879664649267033,3.364,3.388
16956958,0.000434,0.0004091188719102946,3.363,3.388
4555736,0.000434,0.00040976332274554313,3.363,3.387
11619592,0.000435,0.000410354069344521,3.362,3.387
10875065,0.000435,0.000410729998998416,3.362,3.386
11077220,0.000436,0.0004116429710150181,3.361,3.385
1650687,0.000437,0.0004123411260865374,3.36,3.385
13128734,0.000437,0.00041260964726789096,3.36,3.384
9378849,0.000438,0.0004135226192844931,3.359,3.384
2126724,0.000438,0.0004135763235207638,3.359,3.383
18146921,0.000438,0.00041448929553736594,3.359,3.382
5115571,0.000439,0.00041454299977363666,3.358,3.382
11851515,0.000439,0.0004154559717902388,3.358,3.381
6162690,0.00044,0.00041556338026278017,3.357,3.381
12448070,0.000441,0.0004163689438068409,3.356,3.381
14256616,0.000441,0.00041642264804311164,3.356,3.38
6550739,0.000442,0.00041706709887836017,3.355,3.38
6714375,0.000442,0.00041738932429598443,3.355,3.379
12914129,0.000442,0.0004183560005488573,3.355,3.378
11201080,0.000443,0.000418409704785128,3.354,3.378
2639714,0.000444,0.00041916156409291797,3.353,3.378
1161075,0.000444,0.00041932267680173013,3.353,3.377
12737148,0.000445,0.00042018194458206154,3.352,3.377
4660937,0.000445,0.000420289353054603,3.352,3.376
5381008,0.000446,0.00042104121236239295,3.351,3.376
13371966,0.000446,0.00042125602930747583,3.351,3.375
12737204,0.000447,0.000421793071670183,3.35,3.375
8849562,0.000447,0.0004222227055603487,3.35,3.374
2819094,0.000448,0.00042302826910440937,3.349,3.374
11619469,0.000448,0.0004231893818132215,3.349,3.373
18452143,0.000449,0.00042415605806609433,3.348,3.372
3672615,0.00045,0.000424961621610155,3.347,3.372
15002465,0.00045,0.0004251227343189672,3.347,3.371
906848,0.000451,0.00042592829786302787,3.346,3.371
8736418,0.000451,0.00042608941057184003,3.346,3.37
1597585,0.000452,0.0004268949741159007,3.345,3.37
16504760,0.000452,0.0004271097910609836,3.345,3.369
12761004,0.000453,0.00042780794613250285,3.344,3.369
16293215,0.000453,0.0004280764673138564,3.344,3.368
3526210,0.000453,0.00042904314356672924,3.344,3.367
7863020,0.000454,0.0004292042562755414,3.343,3.367
8647727,0.000454,0.0004300635240558728,3.343,3.366
15679815,0.000455,0.00043011722829214353,3.342,3.366
183273,0.000456,0.0004308690875999335,3.341,3.366
31803,0.000456,0.00043103020030874566,3.341,3.365
5632428,0.000457,0.00043183576385280635,3.34,3.365
11619512,0.000457,0.00043205058079788923,3.34,3.364
9541817,0.000458,0.00043301725705076203,3.339,3.363
1318976,0.000459,0.00043376911635855205,3.338,3.363
8710421,0.000459,0.0004340376375399056,3.338,3.362
8735855,0.00046,0.00043478949684769557,3.337,3.362
1597582,0.00046,0.00043505801802904917,3.337,3.361
15772180,0.00046,0.000436024694281922,3.337,3.36
14261164,0.000461,0.0004361858069907341,3.336,3.36
14845276,0.000461,0.00043704507477106553,3.336,3.359
7459383,0.000462,0.0004372598917161484,3.335,3.359
14736258,0.000463,0.0004380654552602091,3.334,3.358
8653890,0.000463,0.0004390858357493527,3.334,3.357
11310484,0.000464,0.00043946176540324766,3.333,3.357
7387993,0.000464,0.0004400525120022255,3.333,3.356
132175,0.000466,0.00044096548401882765,3.332,3.356
4432927,0.000466,0.00044107289249136904,3.332,3.355
3690187,0.000467,0.0004417173433266176,3.331,3.355
9982889,0.000467,0.0004420932729805126,3.331,3.354
9763196,0.000468,0.0004426840195794905,3.33,3.354
15066414,0.000468,0.0004431136534696562,3.33,3.353
9361924,0.000469,0.00044391921701371687,3.329,3.353
7387973,0.000469,0.00044413403395879975,3.329,3.352
14780690,0.00047,0.00044499330173913116,3.328,3.352
9192085,0.00047,0.00044515441444794326,3.328,3.351
2785696,0.000471,0.00044558404833810897,3.327,3.351
11144904,0.000471,0.00044617479493708683,3.327,3.35
4432925,0.000472,0.00044638961188216966,3.326,3.35
11201107,0.000473,0.0004472488796625011,3.325,3.349
12915626,0.000474,0.0004480544432065618,3.324,3.349
5751334,0.000474,0.00044826926015164464,3.324,3.348
2345257,0.000475,0.00044853778133299824,3.323,3.348
9198018,0.000475,0.0004492896406407882,3.323,3.347
10716600,0.000476,0.0004496118660584125,3.322,3.347
15637552,0.000476,0.0004503100211299318,3.322,3.346
5331988,0.000477,0.0004505248380750146,3.321,3.346
10976944,0.000478,0.000451384105855346,3.321,3.345
10635647,0.000479,0.0004521896693994067,3.32,3.345
3204296,0.000479,0.0004524044863444896,3.32,3.344
10340551,0.00048,0.0004532100498885503,3.319,3.344
2920766,0.00048,0.00045342486683363315,3.319,3.343
8735761,0.000481,0.00045385450072379886,3.318,3.343
5595706,0.000481,0.0004544989515590474,3.318,3.342
15671218,0.000482,0.000455143402394296,3.317,3.342
10716581,0.000482,0.00045551933204819096,3.317,3.341
8022149,0.000483,0.0004557878532295445,3.316,3.341
9473676,0.000483,0.00045659341677360525,3.316,3.34
10765448,0.000484,0.00045696934642750023,3.315,3.34
7387975,0.000484,0.0004576675014990195,3.315,3.339
3690460,0.000485,0.00045820454386172663,3.314,3.339
10251396,0.000485,0.00045868788198816305,3.314,3.338
10251403,0.000486,0.0004597082624773066,3.313,3.338
15788254,0.000486,0.00045976196671357734,3.313,3.337
12141785,0.000487,0.00046056753025763803,3.312,3.337
11080686,0.000487,0.0004608360514389916,3.312,3.336
1214143,0.000488,0.00046185643192813515,3.312,3.335
16275270,0.000488,0.0004629305166535494,3.312,3.334
3221654,0.000489,0.0004629842208898201,3.311,3.334
15983376,0.00049,0.0004637897844338808,3.31,3.334
5624481,0.00049,0.0004640046013789637,3.31,3.333
4419270,0.000491,0.0004649712776318365,3.309,3.333
13606723,0.000491,0.00046507868610437796,3.309,3.332
2948004,0.000492,0.0004657768411758972,3.308,3.332
16130159,0.000492,0.0004661527708297922,3.308,3.331
3690379,0.000493,0.00046711944708266505,3.307,3.331
4717178,0.000493,0.0004672268555552065,3.307,3.33
3780795,0.000493,0.0004683009402806207,3.307,3.329
6436986,0.000494,0.0004684620529894329,3.306,3.329
12657140,0.000494,0.000469375025006035,3.306,3.328
11503092,0.000495,0.00046975095465993,3.305,3.328
18573928,0.000495,0.0004704491097314493,3.305,3.327
2615264,0.000496,0.00047152319445686354,3.305,3.326
6401911,0.000497,0.0004722750537646535,3.304,3.326
9659819,0.000497,0.00047265098341854855,3.304,3.325
7538304,0.000498,0.00047302691307244353,3.303,3.325
11619668,0.000498,0.0004737250681439628,3.303,3.324
15036215,0.000499,0.00047388618085277494,3.302,3.324
12657220,0.000499,0.0004747991528693771,3.302,3.323
10340554,0.0005,0.0004749602655781892,3.301,3.323
11154000,0.0005,0.00047592694183106203,3.301,3.322
9378312,0.000501,0.00047598064606733275,3.3,3.322
16651226,0.000501,0.0004770010265564763,3.3,3.321
1394891,0.000502,0.0004771621392652885,3.299,3.321
12394746,0.000502,0.0004781288155181613,3.299,3.32
11521282,0.000503,0.00047834363246324415,3.298,3.32
6569199,0.000503,0.00047920290024357556,3.298,3.319
15060298,0.000504,0.0004803306892052605,3.298,3.318
4938929,0.000505,0.00048043809767780196,3.297,3.318
3545896,0.000506,0.00048108254851305054,3.296,3.318
1944239,0.000506,0.0004814047739306748,3.296,3.317
4511231,0.000507,0.0004818344078208405,3.295,3.317
3757014,0.000507,0.0004825325628923598,3.295,3.316
8158063,0.000508,0.0004829621967825255,3.294,3.316
9176748,0.000509,0.00048355294338150334,3.293,3.316
93304,0.000509,0.0004836603518540448,3.293,3.315
5108890,0.00051,0.0004846270281069176,3.292,3.315
12207892,0.00051,0.00048473443657945906,3.292,3.314
1188387,0.000511,0.000485862225541144,3.292,3.313
18548206,0.000512,0.00048591592977741474,3.291,3.313
14262106,0.000512,0.00048699001450282903,3.291,3.312
12245549,0.000513,0.00048720483144791186,3.29,3.312
3209368,0.000513,0.000488117803464514,3.29,3.311
17939438,0.000514,0.0004885474373546797,3.289,3.311
6722267,0.000514,0.0004892455924261989,3.289,3.31
16857668,0.000515,0.0004896752263163647,3.288,3.31
9358584,0.000515,0.000490373381387884,3.288,3.309
12259910,0.000516,0.0004904807898604254,3.287,3.309
12178011,0.000516,0.000491501170349569,3.287,3.308
5632203,0.000518,0.0004921993254210882,3.286,3.308
13606474,0.000518,0.0004926289593112539,3.286,3.307
3621254,0.000519,0.000493541931327856,3.285,3.307
15788225,0.000519,0.0004937567482729389,3.285,3.306
15561065,0.00052,0.0004945623118169996,3.284,3.306
13606470,0.00052,0.0004948845372346239,3.284,3.305
54699,0.000521,0.0004953141711247895,3.283,3.305
15144486,0.000521,0.0004960660304325796,3.283,3.304
10723504,0.000522,0.0004962808473776624,3.282,3.304
10957762,0.000523,0.000496925298212911,3.281,3.304
15399733,0.000523,0.0004971938193942645,3.281,3.303
13492887,0.000524,0.0004983216083559495,3.281,3.302
11336311,0.000525,0.0004990197634274688,3.28,3.302
9325430,0.000525,0.0004995031015539053,3.28,3.301
8044616,0.000526,0.0005002549608616952,3.279,3.301
10340604,0.000526,0.0005006308905155902,3.279,3.3
11240503,0.000527,0.0005014901582959217,3.278,3.3
167178,0.000527,0.0005018123837135459,3.278,3.299
6165124,0.000528,0.0005022957218399824,3.277,3.299
5145700,0.000528,0.0005029401726752309,3.277,3.298
513712,0.000529,0.0005041216658731866,3.277,3.297
15529073,0.00053,0.0005048198209447059,3.276,3.297
1014323,0.00053,0.0005052494548348715,3.276,3.296
11726166,0.000531,0.0005058402014338494,3.275,3.296
15248917,0.000531,0.0005064309480328273,3.275,3.295
9666285,0.000532,0.0005070216946318051,3.274,3.295
399747,0.000532,0.000507612441230783,3.274,3.294
9374103,0.000533,0.0005080957793572194,3.273,3.294
10340588,0.000534,0.0005087402301924679,3.272,3.294
15066390,0.000534,0.0005087939344287386,3.272,3.293
18032171,0.000535,0.0005099217233904236,3.272,3.292
10994009,0.000536,0.0005106735826982136,3.271,3.292
8161359,0.000536,0.0005111032165883793,3.271,3.291
8043427,0.000537,0.0005118550758961693,3.27,3.291
14165989,0.000537,0.000512284709786335,3.27,3.29
4754812,0.000538,0.0005127680479127714,3.269,3.29
11702134,0.000538,0.0005134662029842907,3.269,3.289
6978875,0.000539,0.0005135736114568321,3.268,3.289
18281351,0.000539,0.0005146476961822464,3.268,3.288
1611118,0.00054,0.000515829189380202,3.268,3.287
16944501,0.000541,0.0005162051190340971,3.267,3.287
15533556,0.000542,0.0005167421613968042,3.266,3.287
4489646,0.000542,0.0005170643868144285,3.266,3.286
15248816,0.000543,0.0005176551334134063,3.265,3.286
12448088,0.000543,0.0005182458800123842,3.265,3.285
15459729,0.000544,0.0005185681054300084,3.264,3.285
1759242,0.000545,0.0005194273732103398,3.264,3.284
9178361,0.000546,0.000519964415573047,3.263,3.284
11521654,0.000546,0.0005206088664082956,3.263,3.283
15386982,0.000547,0.0005211996130072734,3.262,3.283
6420578,0.000547,0.000521844063842522,3.262,3.282
12671329,0.000548,0.0005221125850238755,3.261,3.282
15669755,0.000548,0.0005230255570404776,3.261,3.281
10340707,0.000549,0.0005232940782218312,3.26,3.281
3881559,0.00055,0.0005242070502384334,3.26,3.28
4432961,0.000551,0.0005245829798923284,3.259,3.28
15637555,0.000551,0.0005254422476726598,3.259,3.279
17616093,0.000552,0.0005254959519089305,3.258,3.279
12187768,0.000553,0.0005263015154529912,3.257,3.279
2639665,0.000553,0.0005266237408706154,3.257,3.278
6702854,0.000554,0.0005272144874695934,3.256,3.278
13921216,0.000554,0.0005278589383048419,3.256,3.277
17923354,0.000556,0.0005287182060851733,3.255,3.277
15459815,0.000556,0.0005290941357390683,3.255,3.276
3236285,0.000557,0.0005294700653929633,3.254,3.276
1138325,0.000557,0.000530275628937024,3.254,3.275
17670442,0.000558,0.0005303830374095654,3.253,3.275
3566712,0.000559,0.0005315108263712504,3.253,3.274
7079016,0.00056,0.0005320478687339575,3.252,3.274
15795764,0.00056,0.0005327460238054769,3.252,3.273
8434714,0.000561,0.0005330682492231011,3.251,3.273
11228410,0.000562,0.0005339812212397032,3.25,3.272
14384713,0.000562,0.0005352164186739297,3.25,3.271
32526,0.000563,0.0005353238271464711,3.249,3.271
8736224,0.000564,0.000536451616108156,3.249,3.27
1528978,0.000565,0.0005370960669434046,3.248,3.27
12696266,0.000565,0.0005376868135423824,3.248,3.269
10999082,0.000566,0.0005382775601413603,3.247,3.269
1406375,0.000566,0.0005389220109766089,3.247,3.268
7662255,0.000567,0.0005391905321579624,3.246,3.268
325359,0.000567,0.0005401572084108352,3.246,3.267
14753678,0.000568,0.0005413924058450617,3.246,3.266
10340530,0.000569,0.0005417683354989566,3.245,3.266
5470373,0.000569,0.000542627603279288,3.245,3.265
11327394,0.00057,0.0005428424202243709,3.244,3.265
6992248,0.000571,0.0005439165049497852,3.243,3.264
14256580,0.000572,0.0005451517023840116,3.243,3.263
17631744,0.000573,0.0005457424489829895,3.242,3.263
10741294,0.000574,0.000546386899818238,3.241,3.262
5305648,0.000575,0.0005472998718348401,3.24,3.262
12029408,0.000575,0.0005476758014887352,3.24,3.261
13141944,0.000576,0.0005489109989229615,3.24,3.26
10716377,0.000577,0.0005495554497582101,3.239,3.26
10340622,0.000577,0.0005501999005934587,3.239,3.259
12274522,0.000578,0.000550522126011083,3.238,3.259
13966856,0.000578,0.0005514888022639558,3.238,3.258
9072186,0.000579,0.0005515962107364972,3.237,3.258
10340451,0.00058,0.0005527239996981822,3.237,3.257
16981367,0.000581,0.0005535295632422429,3.236,3.257
16311706,0.000582,0.0005540129013686793,3.235,3.256
2085164,0.000582,0.0005553018030391764,3.235,3.255
6152990,0.000583,0.0005553555072754471,3.234,3.255
10340737,0.000584,0.0005565907047096736,3.234,3.254
14691377,0.000585,0.000557449972490005,3.233,3.254
15066383,0.000585,0.0005578796063801706,3.233,3.253
18142485,0.000586,0.0005584703529791486,3.232,3.253
12385721,0.000586,0.0005591148038143971,3.232,3.252
7209524,0.000587,0.0005594907334682921,3.231,3.252
10536709,0.000588,0.0005604037054848943,3.231,3.251
3892609,0.000589,0.0005612629732652257,3.23,3.251
4607982,0.000589,0.000561746311391662,3.23,3.25
9325483,0.00059,0.0005626592834082642,3.229,3.25
10340803,0.00059,0.0005630352130621592,3.229,3.249
16182598,0.000591,0.0005635722554248663,3.228,3.249
12208527,0.000591,0.0005643241147326563,3.228,3.248
2016976,0.000593,0.000565505607930612,3.227,3.248
12627120,0.000593,0.0005656130164031534,3.227,3.247
15155801,0.000594,0.0005662037630021312,3.226,3.247
12029143,0.000594,0.0005669019180736505,3.226,3.246
2058931,0.000595,0.0005675463689088991,3.225,3.246
7119005,0.000595,0.0005682445239804184,3.225,3.245
6395818,0.000597,0.0005693723129421034,3.224,3.245
12274265,0.000597,0.0005695334256509154,3.224,3.244
907636,0.000598,0.0005707149188488712,3.223,3.244
16969297,0.000598,0.0005708223273214126,3.223,3.243
3076993,0.000599,0.0005721649332281804,3.223,3.242
3795668,0.0006,0.0005723260459369926,3.222,3.242
3501840,0.000601,0.0005734538348986776,3.221,3.242
17094817,0.000601,0.0005735075391349483,3.221,3.241
3421437,0.000602,0.0005745816238603626,3.22,3.241
11726172,0.000602,0.0005747964408054453,3.22,3.24
17674062,0.000603,0.0005761390467122132,3.22,3.239
10489139,0.000604,0.0005765149763661083,3.219,3.239
4432955,0.000605,0.0005773742441464397,3.218,3.239
7864053,0.000605,0.000577481652618981,3.218,3.238
851429,0.000606,0.0005787705542894782,3.218,3.237
10724768,0.000607,0.0005790927797071025,3.217,3.237
13577622,0.000608,0.0005800057517237046,3.216,3.237
17524583,0.000608,0.0005801131601962461,3.216,3.236
17670414,0.000609,0.000580865019504036,3.215,3.236
16808583,0.00061,0.0005814557661030139,3.215,3.235
9015245,0.000611,0.000582368738119616,3.214,3.235
7492048,0.000611,0.0005827983720097817,3.214,3.234
15155873,0.000612,0.0005831743016636767,3.213,3.234
4473521,0.000613,0.0005841409779165495,3.213,3.233
8882820,0.000614,0.0005852150626419638,3.212,3.233
17939895,0.000614,0.0005854835838233173,3.212,3.232
13982852,0.000615,0.0005863428516036488,3.211,3.232
2639705,0.000615,0.0005868261897300852,3.211,3.231
13264820,0.000616,0.0005872021193839802,3.21,3.231
15637585,0.000616,0.000588168795636853,3.21,3.23
14820282,0.000618,0.0005894039930710794,3.209,3.23
16972793,0.000618,0.0005895651057798916,3.209,3.229
10027197,0.000619,0.0005906928947415766,3.208,3.229
16957072,0.000619,0.0005909077116866594,3.208,3.228
12761003,0.00062,0.0005922503175934273,3.208,3.227
10147716,0.000621,0.0005924114303022394,3.207,3.227
16302187,0.000622,0.0005932169938463001,3.206,3.227
10027218,0.000622,0.0005936466277364658,3.206,3.226
3928280,0.000623,0.0005949892336432336,3.206,3.225
6136355,0.000624,0.0005951503463520458,3.205,3.225
11091865,0.000625,0.0005961707268411894,3.204,3.225
230293,0.000625,0.0005963855437862721,3.204,3.224
9263113,0.000626,0.0005972985158028743,3.203,3.224
6437960,0.000626,0.00059772814969304,3.203,3.223
17320904,0.000628,0.0005991244598360785,3.202,3.222
14072595,0.000629,0.0006001448403252221,3.201,3.222
7658019,0.000629,0.0006005207699791171,3.201,3.221
10340695,0.000631,0.0006017559674133435,3.2,3.221
13697687,0.000631,0.0006019170801221556,3.2,3.22
18315801,0.000632,0.0006026152351936749,3.199,3.22
3666413,0.000632,0.0006032596860289235,3.199,3.219
9263484,0.000634,0.0006044948834631499,3.198,3.219
6436819,0.000634,0.000604655996171962,3.198,3.218
10215174,0.000635,0.0006056226724248349,3.197,3.218
613320,0.000635,0.0006060523063150005,3.197,3.217
7492061,0.000636,0.0006074486164580391,3.197,3.216
10607084,0.000637,0.0006075023206943099,3.196,3.216
10027935,0.000638,0.0006086301096559949,3.195,3.216
14169150,0.000638,0.0006088449266010776,3.195,3.215
16302146,0.000639,0.0006099190113264919,3.194,3.215
11287531,0.000639,0.0006102412367441163,3.194,3.214
8735803,0.00064,0.0006116912511234255,3.194,3.213
4659378,0.000641,0.0006117986595959669,3.193,3.213
12669661,0.000642,0.000612711631612569,3.192,3.213
15769697,0.000642,0.0006130875612664641,3.192,3.212
12245936,0.000644,0.0006144301671732319,3.191,3.212
8548572,0.000644,0.0006144838714095026,3.191,3.211
533231,0.000645,0.0006150746180084804,3.19,3.211
17191641,0.000646,0.0006159338857888118,3.19,3.21
11578804,0.000647,0.0006166857450966019,3.189,3.21
8083881,0.000647,0.0006173301959318504,3.189,3.209
4215980,0.000648,0.0006182431679484525,3.188,3.209
17988140,0.000648,0.0006187802103111596,3.188,3.208
4624524,0.00065,0.0006197468865640325,3.187,3.208
10340639,0.00065,0.0006201765204541982,3.187,3.207
16776409,0.000651,0.0006208209712894468,3.186,3.207
16169590,0.000651,0.0006216265348335075,3.186,3.206
15101707,0.000652,0.000623022844976546,3.186,3.205
12776656,0.000653,0.0006231839576853581,3.185,3.205
16860169,0.000654,0.000624150633938231,3.184,3.205
9440794,0.000654,0.0006244728593558553,3.184,3.204
11310313,0.000656,0.0006259228737351645,3.183,3.203
7535691,0.000657,0.0006271043669331202,3.182,3.203
15024755,0.000657,0.0006273728881144738,3.182,3.202
10323486,0.000658,0.0006288229024937831,3.182,3.201
10215346,0.000659,0.0006289303109663245,3.181,3.201
4971831,0.00066,0.0006297895787466559,3.18,3.201
3221359,0.00066,0.0006302729168730923,3.18,3.2
10940623,0.000661,0.0006317229312524016,3.18,3.199
799826,0.000662,0.0006322599736151087,3.179,3.199
3082029,0.000662,0.0006331729456317108,3.179,3.198
533322,0.000663,0.0006333877625767937,3.178,3.198
15341605,0.000664,0.0006346229600110201,3.178,3.197
105633,0.000665,0.0006351600023737273,3.177,3.197
1738146,0.000665,0.0006360729743903294,3.177,3.196
4650469,0.000667,0.0006372544675882851,3.176,3.196
12928920,0.000667,0.0006375766930059093,3.176,3.195
10197237,0.000668,0.00063838225654997,3.175,3.195
17603363,0.000668,0.0006390267073852187,3.175,3.194
1488307,0.00067,0.0006404767217645279,3.174,3.193
6563704,0.000671,0.0006419267361438371,3.173,3.193
14883507,0.000671,0.0006419804403801078,3.173,3.192
15203491,0.000672,0.0006434304547594171,3.173,3.191
11229985,0.000673,0.0006435378632319586,3.172,3.191
10340736,0.000674,0.0006442360183034778,3.171,3.191
13492655,0.000674,0.0006449341733749971,3.171,3.19
5658971,0.000676,0.0006463304835180356,3.17,3.19
15399681,0.000676,0.000646437891990577,3.17,3.189
17309415,0.000677,0.0006473508640071792,3.169,3.189
3018508,0.000677,0.0006479416106061571,3.169,3.188
18371498,0.000679,0.000649069399567842,3.168,3.188
5726409,0.000679,0.0006493916249854663,3.168,3.187
2036426,0.00068,0.0006500360758207148,3.167,3.187
4599836,0.00068,0.0006508953436010462,3.167,3.186
9982511,0.000681,0.0006523990622166263,3.167,3.185
8430149,0.000682,0.0006527212876342505,3.166,3.185
2178065,0.000683,0.0006539027808322062,3.166,3.184
7790931,0.000684,0.0006545472316674548,3.165,3.184
9377007,0.000684,0.0006554064994477862,3.165,3.183
13546330,0.000685,0.0006556750206291398,3.164,3.183
5028869,0.000686,0.0006569102180633662,3.164,3.182
13819581,0.000687,0.0006570176265359075,3.163,3.182
13207775,0.000688,0.0006576083731348855,3.162,3.182
8469564,0.000688,0.0006584676409152169,3.162,3.181
2639681,0.00069,0.0006592732044592776,3.161,3.181
6508630,0.00069,0.0006599713595307968,3.161,3.18
6436820,0.000691,0.0006614750781463768,3.161,3.179
16292149,0.000692,0.0006617973035640011,3.16,3.179
12076282,0.000693,0.0006624954586355203,3.159,3.179
8280706,0.000693,0.0006630325009982275,3.159,3.178
16606514,0.000695,0.000664428811141266,3.158,3.178
8722026,0.000695,0.0006645362196138075,3.158,3.177
4976153,0.000696,0.0006657714170480339,3.157,3.177
8474494,0.000696,0.0006660399382293874,3.157,3.176
7491947,0.000697,0.0006675973610812382,3.157,3.175
3545889,0.000698,0.0006676510653175089,3.156,3.175
8224207,0.000699,0.0006691547839330888,3.156,3.174
12137239,0.0007,0.000669315896641901,3.155,3.174
16902306,0.000701,0.0006701751644222324,3.154,3.174
16824514,0.000701,0.0006706585025486688,3.154,3.173
6137248,0.000703,0.0006720011084554367,3.153,3.173
17903798,0.000703,0.0006722159254005194,3.153,3.172
10893431,0.000704,0.0006727529677632266,3.152,3.172
10712864,0.000704,0.0006737733482523702,3.152,3.171
12059554,0.000706,0.0006747937287415138,3.151,3.171
15078724,0.000707,0.0006753307711042209,3.151,3.17
9753237,0.000708,0.0006762974473570937,3.15,3.17
17071211,0.000708,0.0006768881939560715,3.15,3.169
17808035,0.000709,0.0006772641236099666,3.149,3.169
9549325,0.00071,0.0006784456168079222,3.149,3.168
10026955,0.000711,0.000678875250698088,3.148,3.168
878796,0.000712,0.000680003039659773,3.148,3.167
17923399,0.000713,0.0006809160116763751,3.147,3.167
8583010,0.000713,0.0006815604625116236,3.147,3.166
12987205,0.000714,0.0006821512091106014,3.146,3.166
8061646,0.000714,0.000683171589599745,3.146,3.165
2250654,0.000716,0.0006846753082153249,3.145,3.165
3520726,0.000716,0.0006847290124515957,3.145,3.164
1070780,0.000716,0.0006862864353034464,3.145,3.163
6705669,0.000717,0.0006863938437759879,3.144,3.163
13831863,0.000718,0.0006878975623915678,3.144,3.162
16525102,0.000719,0.0006884346047542749,3.143,3.162
9695386,0.000719,0.0006894549852434185,3.143,3.161
15361257,0.000721,0.000690475365732562,3.142,3.161
6437000,0.000721,0.0006910661123315398,3.142,3.16
363064,0.000722,0.0006914420419854349,3.141,3.16
9560020,0.000723,0.0006926772394196612,3.141,3.159
11355361,0.000724,0.0006931605775460977,3.14,3.159
7091553,0.000725,0.000694234662271512,3.14,3.158
14743538,0.000726,0.0006952013385243848,3.139,3.158
4223618,0.000726,0.0006958457893596334,3.139,3.157
4538513,0.000727,0.0006963828317223405,3.138,3.157
866631,0.000728,0.0006974569164477548,3.138,3.156
8548570,0.000729,0.0006985847054094398,3.137,3.156
7004070,0.000729,0.0006990680435358761,3.137,3.155
15066362,0.00073,0.0007006791706239976,3.137,3.154
11616175,0.000731,0.0007008402833328097,3.136,3.154
11624890,0.000732,0.000701914368058224,3.135,3.154
11504642,0.000732,0.000702290297712119,3.135,3.153
1611384,0.000733,0.0007039014248002404,3.135,3.152
17560042,0.000734,0.000704331058690406,3.134,3.152
3285453,0.000735,0.0007055125518883618,3.134,3.151
10340774,0.000736,0.0007063181154324225,3.133,3.151
11702305,0.000737,0.0007071773832127539,3.133,3.15
11579413,0.000738,0.0007078218340480025,3.132,3.15
2816399,0.000738,0.0007087885103008753,3.132,3.149
9549225,0.000739,0.0007090570314822288,3.131,3.149
14133642,0.00074,0.0007103996373889967,3.131,3.148
15984258,0.000741,0.0007113126094055989,3.13,3.148
9376397,0.000742,0.0007120644687133888,3.13,3.147
14290422,0.000743,0.0007130311449662617,3.129,3.147
9183311,0.000743,0.0007136755958015102,3.129,3.146
5536787,0.000744,0.0007138367085103224,3.128,3.146
13207959,0.000745,0.0007153404271259023,3.128,3.145
15056121,0.000746,0.0007158237652523388,3.127,3.145
7504736,0.000747,0.0007170052584502944,3.127,3.144
2036251,0.000748,0.0007174885965767309,3.126,3.144
3806343,0.000749,0.0007186700897746865,3.126,3.143
7504724,0.00075,0.0007190460194285816,3.125,3.143
10742538,0.000751,0.0007200663999177251,3.124,3.143
15522392,0.000751,0.000720281216862808,3.124,3.142
11670693,0.000752,0.0007219460481872001,3.124,3.141
18255768,0.000753,0.0007224293863136365,3.123,3.141
14130821,0.000754,0.0007236108795115922,3.123,3.14
12467828,0.000755,0.0007242553303468407,3.122,3.14
3046122,0.000756,0.00072495348541836,3.121,3.14
16981342,0.000756,0.0007252757108359843,3.121,3.139
18411592,0.000758,0.0007265109082702108,3.12,3.139
9761619,0.000758,0.0007269942463966471,3.12,3.138
7842049,0.00076,0.0007282831480671443,3.119,3.138
3751525,0.00076,0.0007286590777210392,3.119,3.137
10233544,0.000762,0.0007294646412650999,3.118,3.137
2016300,0.000762,0.0007303239090454313,3.118,3.136
18344771,0.000763,0.000730377613281702,3.117,3.136
11618385,0.000764,0.0007319887403698234,3.117,3.135
11879672,0.000765,0.0007323646700237185,3.116,3.135
6112758,0.000766,0.0007337072759304864,3.116,3.134
2211125,0.000767,0.0007343517267657349,3.115,3.134
6241345,0.000768,0.0007353721072548785,3.115,3.133
2137846,0.000769,0.0007360702623263977,3.114,3.133
2199306,0.00077,0.0007370906428155413,3.114,3.132
2003833,0.000771,0.0007376276851782484,3.113,3.132
1786247,0.000772,0.0007381110233046849,3.112,3.132
2059331,0.000772,0.0007387554741399334,3.112,3.131
8882704,0.000774,0.0007400443758104304,3.111,3.131
10082736,0.000774,0.0007404740097005962,3.111,3.13
1392235,0.000776,0.0007418703198436347,3.11,3.13
3320708,0.000776,0.000742192545261259,3.11,3.129
8775271,0.000778,0.000743696263876839,3.109,3.129
4195708,0.000778,0.0007439110808219218,3.109,3.128
13861227,0.000779,0.0007447166443659825,3.108,3.128
4133372,0.000779,0.0007456296163825847,3.108,3.127
12259277,0.000781,0.0007469185180530818,3.107,3.127
5730358,0.000781,0.0007473481519432475,3.107,3.126
12245838,0.000783,0.0007487981663225568,3.106,3.126
2698931,0.000783,0.0007490666875039103,3.106,3.125
9440451,0.000785,0.0007504092934106782,3.105,3.125
18394093,0.000785,0.0007507852230645731,3.105,3.124
11619254,0.000787,0.0007522352374438825,3.104,3.124
5731066,0.000787,0.000752503758625236,3.104,3.123
6436992,0.000788,0.0007535241391143795,3.103,3.123
3545921,0.000789,0.0007542759984221696,3.103,3.122
10623913,0.00079,0.0007550815619662303,3.102,3.122
13325301,0.00079,0.0007559945339828324,3.102,3.121
8576545,0.000792,0.0007569612102357053,3.101,3.121
5950848,0.000792,0.0007577130695434952,3.101,3.12
4381401,0.000794,0.0007592167881590752,3.1,3.12
16121395,0.000794,0.0007594853093404288,3.1,3.119
14835499,0.000796,0.0007608816194834673,3.099,3.119
4763844,0.000796,0.0007612038449010916,3.099,3.118
13882847,0.000798,0.0007626538592804008,3.098,3.118
4473800,0.000798,0.0007629760846980251,3.098,3.117
4133195,0.000799,0.0007638890567146273,3.097,3.117
15475088,0.0008,0.0007647483244949587,3.097,3.116
8426780,0.000801,0.0007659298176929143,3.096,3.116
5730270,0.000801,0.0007665205642918922,3.096,3.115
6609094,0.000803,0.0007677020574898478,3.095,3.115
18106831,0.000803,0.0007682928040888258,3.095,3.114
10340755,0.000805,0.000769742818468135,3.094,3.114
7796,0.000805,0.0007700650438857593,3.094,3.113
244781,0.000806,0.0007718372836826928,3.094,3.112
14929111,0.000807,0.0007722132133365878,3.093,3.112
9477467,0.000808,0.0007736095234796264,3.093,3.111
1851763,0.000809,0.0007743613827874163,3.092,3.111
4133214,0.00081,0.0007753817632765599,3.092,3.11
11079972,0.000811,0.0007757576929304548,3.091,3.11
3727391,0.000812,0.0007769928903646813,3.09,3.11
2199290,0.000812,0.0007771540030734935,3.09,3.109
1400814,0.000813,0.0007789799471066977,3.09,3.108
17294928,0.000814,0.0007790873555792392,3.089,3.108
17313274,0.000815,0.0007807521869036313,3.089,3.107
18329695,0.000816,0.0007809670038487141,3.088,3.107
1303095,0.000817,0.0007825781309368355,3.088,3.106
12259320,0.000818,0.0007828466521181891,3.087,3.106
12657376,0.000819,0.000784350370733769,3.087,3.105
15701769,0.00082,0.0007852633427503712,3.086,3.105
6579151,0.00082,0.0007861763147669733,3.086,3.104
5254140,0.000822,0.0007871966952561169,3.085,3.104
18315718,0.000823,0.0007880022588001776,3.085,3.103
8027418,0.000824,0.0007887004138716968,3.084,3.103
5549625,0.000825,0.0007897744985971111,3.084,3.102
16439650,0.000826,0.0007905800621411718,3.083,3.102
13846647,0.000827,0.0007913319214489618,3.082,3.102
8936215,0.000827,0.0007916004426303154,3.082,3.101
5526005,0.000829,0.0007929967527733539,3.081,3.101
2875367,0.000829,0.0007934263866635196,3.081,3.1
4814413,0.000831,0.0007949838095153703,3.08,3.1
11916142,0.000831,0.0007952523306967239,3.08,3.099
12259265,0.000833,0.0007970782747299282,3.079,3.098
12826904,0.000835,0.0007988505145268617,3.078,3.098
15508455,0.000835,0.000798957922999403,3.078,3.097
15088882,0.000837,0.0008004079373787124,3.077,3.097
4026376,0.000837,0.0008007838670326073,3.077,3.096
9358555,0.000839,0.0008016968390492094,3.076,3.096
15886870,0.00084,0.0008026098110658115,3.076,3.095
9482442,0.000841,0.0008036838957912258,3.075,3.095
7794004,0.000842,0.0008044894593352865,3.075,3.094
15642552,0.000843,0.0008052413186430765,3.074,3.094
18295217,0.000844,0.0008063154033684908,3.074,3.093
14502860,0.000845,0.0008073357838576344,3.073,3.093
2544529,0.000845,0.0008081950516379658,3.073,3.092
15966068,0.000847,0.000808893206709485,3.072,3.092
8451430,0.000848,0.0008100746999074407,3.072,3.091
5161898,0.000849,0.0008104506295613358,3.071,3.091
3565852,0.00085,0.000811900643940645,3.071,3.09
18348671,0.000851,0.0008123839820670814,3.07,3.09
13055597,0.000852,0.00081378029221012,3.07,3.089
17466256,0.000853,0.0008139414049189321,3.069,3.089
8271927,0.000855,0.0008154451235345121,3.068,3.089
3890258,0.000855,0.000815659940479595,3.068,3.088
12670942,0.000857,0.0008173784760402578,3.067,3.088
1151549,0.000857,0.0008175395887490699,3.067,3.087
11986408,0.000859,0.000819204420073462,3.066,3.087
3526334,0.000859,0.0008194192370185449,3.066,3.086
8710334,0.00086,0.0008212988852880198,3.066,3.085
8275071,0.000861,0.0008214062937605612,3.065,3.085
18077817,0.000862,0.0008224266742497048,3.064,3.085
15667002,0.000862,0.0008232322377937655,3.064,3.084
14489456,0.000864,0.0008246285479368041,3.063,3.084
8274968,0.000864,0.0008251118860632405,3.063,3.083
7001276,0.000866,0.0008266156046788205,3.062,3.083
11936263,0.000866,0.0008269915343327155,3.062,3.082
11335301,0.000868,0.0008286026614208368,3.061,3.082
3868910,0.000868,0.0008289248868384612,3.061,3.081
14702749,0.00087,0.0008303211969814997,3.06,3.081
4300040,0.00087,0.0008308582393442069,3.06,3.08
1070888,0.000872,0.0008323082537235161,3.059,3.08
13263434,0.000872,0.0008327378876136818,3.059,3.079
3915765,0.000874,0.0008342953104655325,3.058,3.079
12253999,0.000874,0.0008346712401194275,3.058,3.078
8083078,0.000876,0.0008360138460261953,3.057,3.078
10492215,0.000876,0.0008366045926251731,3.057,3.077
9504282,0.000878,0.0008385379451309188,3.057,3.076
16855014,0.000879,0.0008385916493671895,3.056,3.076
3928544,0.000881,0.0008404712976366645,3.055,3.075
8521006,0.000882,0.0008424046501424102,3.055,3.074
16291510,0.000883,0.0008426731713237638,3.054,3.074
650227,0.000884,0.0008443380026481559,3.054,3.073
14791141,0.000885,0.0008446602280657801,3.053,3.073
6162672,0.000886,0.0008462713551539016,3.053,3.072
6579332,0.000887,0.0008470232144616916,3.052,3.072
6459179,0.000888,0.0008482047076596472,3.052,3.071
17196419,0.000889,0.0008489028627311666,3.051,3.071
3114191,0.000889,0.0008501917644016636,3.051,3.07
5827869,0.000891,0.000851051032181995,3.05,3.07
5996890,0.000892,0.0008521251169074093,3.05,3.069
10998767,0.000893,0.00085293068045147,3.049,3.069
8288456,0.000894,0.0008541121736494258,3.049,3.068
11789394,0.000895,0.0008546492160121328,3.048,3.068
876453,0.000896,0.0008560992303914422,3.048,3.067
7616,0.000897,0.0008567973854629614,3.047,3.067
13468641,0.000898,0.0008580325828971878,3.047,3.066
2544420,0.000899,0.0008591066676226021,3.046,3.066
2819102,0.000899,0.0008600196396392042,3.046,3.065
3851401,0.000901,0.0008612548370734306,3.045,3.065
7765841,0.000901,0.0008620066963812206,3.045,3.064
8474006,0.000903,0.0008626511472164691,3.044,3.064
3088036,0.000904,0.000863993753123237,3.044,3.063
2855101,0.000905,0.0008647993166672977,3.043,3.063
13798358,0.000906,0.0008659808098652533,3.043,3.062
3477851,0.000907,0.0008666789649367727,3.042,3.062
3863336,0.000908,0.0008679678666072698,3.042,3.061
6349725,0.000909,0.000868504908969977,3.041,3.061
6624879,0.00091,0.0008700086275855569,3.041,3.06
13382626,0.000911,0.000870545669948264,3.04,3.06
9180926,0.000912,0.0008719956843275733,3.04,3.059
7862417,0.000914,0.0008734994029431533,3.039,3.059
18348687,0.000914,0.0008739827410695896,3.039,3.058
9440721,0.000916,0.0008754864596851697,3.038,3.058
11726198,0.000916,0.0008760235020478768,3.038,3.057
14850103,0.000918,0.0008772049952458325,3.037,3.057
7436274,0.000918,0.0008780642630261639,3.037,3.056
12448177,0.00092,0.0008788698265702246,3.036,3.056
10503468,0.000921,0.0008800513197681803,3.036,3.055
3995864,0.000922,0.0008806420663671581,3.035,3.055
5844258,0.000923,0.0008820920807464674,3.035,3.054
5494563,0.000924,0.0008828976442905282,3.034,3.054
3526336,0.000925,0.0008841328417247545,3.034,3.053
3670307,0.000926,0.000884616179851191,3.033,3.053
5523194,0.000927,0.0008861736027030416,3.033,3.052
16410404,0.000928,0.0008867643493020194,3.032,3.052
12914122,0.000929,0.0008882143636813288,3.032,3.051
11433898,0.000931,0.0008897717865331794,3.031,3.051
8522826,0.000931,0.0008902551246596158,3.031,3.05
1480523,0.000933,0.0008913292093850301,3.03,3.05
13192581,0.000933,0.000892295885637903,3.03,3.049
2951597,0.000935,0.0008932088576545051,3.029,3.049
8654320,0.000936,0.0008943366466161901,3.029,3.048
14761423,0.000937,0.0008954107313416044,3.028,3.048
14681205,0.000937,0.0008964311118307478,3.028,3.047
1755514,0.000939,0.0008975589007924328,3.027,3.047
13701899,0.000939,0.000898471872809035,3.027,3.046
1744114,0.000941,0.0008994922532981785,3.026,3.046
7658069,0.000942,0.0009005663380235928,3.026,3.045
15659944,0.000943,0.0009012644930951121,3.025,3.045
2744149,0.000944,0.0009026608032381506,3.025,3.044
14850122,0.000946,0.0009039497049086478,3.024,3.044
3152761,0.000946,0.0009047015642164377,3.024,3.043
12448697,0.000948,0.0009056682404693106,3.023,3.043
18103830,0.000949,0.0009067960294309956,3.023,3.042
5730656,0.00095,0.0009074941845025148,3.022,3.042
4665675,0.000952,0.0009088367904092826,3.021,3.042
2987785,0.000952,0.0009088904946455533,3.021,3.041
9321677,0.000954,0.0009105016217336748,3.02,3.041
3219101,0.000954,0.0009109849598601112,3.02,3.04
11895522,0.000957,0.0009130794250746691,3.019,3.039
374869,0.000959,0.000914959073344144,3.018,3.039
15325839,0.000959,0.0009151738902892268,3.018,3.038
3742432,0.000961,0.000916462791959724,3.017,3.038
3973353,0.000961,0.0009173220597400554,3.017,3.037
9549682,0.000963,0.0009184498487017404,3.016,3.037
3477799,0.000964,0.0009194165249546132,3.016,3.036
3973340,0.000965,0.0009198461588447789,3.015,3.036
630233,0.000966,0.000921510990169171,3.015,3.035
5492932,0.000968,0.0009225850748945853,3.014,3.035
7082289,0.000969,0.0009236591596199996,3.014,3.034
9440443,0.00097,0.0009242499062189774,3.013,3.034
1392220,0.000971,0.000925807329070828,3.013,3.033
6199306,0.000972,0.0009267203010874302,3.012,3.033
6957381,0.000973,0.0009279017942853859,3.012,3.032
16937717,0.000974,0.0009287610620657173,3.011,3.032
15569763,0.000975,0.0009300499637362145,3.011,3.031
2579810,0.000977,0.0009316073865880651,3.01,3.031
16047806,0.000977,0.000932198133187043,3.01,3.03
15984164,0.000979,0.0009333796263849987,3.009,3.03
18320533,0.00098,0.0009343463026378715,3.009,3.029
4588238,0.000981,0.0009348833450005786,3.008,3.029
6669699,0.000983,0.0009361722466710758,3.007,3.029
16981553,0.000983,0.0009364944720887001,3.007,3.028
77320,0.000985,0.0009386426415395286,3.007,3.027
17794526,0.000986,0.0009390722754296943,3.006,3.027
5894771,0.000987,0.0009408445152266279,3.006,3.026
5389926,0.000988,0.0009408982194628986,3.005,3.026
16952318,0.000989,0.0009429926846774564,3.005,3.025
6763302,0.00099,0.0009433149100950807,3.004,3.025
16183499,0.000992,0.0009450871498920142,3.003,3.025
7917980,0.000992,0.0009451945583645557,3.003,3.024
5523129,0.000994,0.0009473427278153841,3.003,3.023
16121394,0.000995,0.0009476112489967377,3.002,3.023
17774097,0.000996,0.0009495446015024834,3.002,3.022
3701180,0.000997,0.0009497057142112956,3.001,3.022
4321782,0.000999,0.0009515853624807706,3.0,3.022
14890130,0.000999,0.0009517464751895826,3.0,3.021
10656088,0.001,0.0009538946446404112,3.0,3.02
5895168,0.001002,0.0009549150251295548,2.999,3.02
13543236,0.001003,0.0009560965183275105,2.999,3.019
6583871,0.001004,0.0009573317157617368,2.998,3.019
3483109,0.001004,0.0009582983920146097,2.998,3.018
12567941,0.001006,0.0009589965470861289,2.997,3.018
13999445,0.001007,0.0009605539699379797,2.997,3.017
7592101,0.001009,0.0009622725054986425,2.996,3.017
9610454,0.001009,0.0009627558436250789,2.996,3.016
9176690,0.001011,0.0009647429003670953,2.995,3.016
9549609,0.001011,0.0009649577173121782,2.995,3.015
5035017,0.001013,0.0009668373655816532,2.994,3.015
9545686,0.001013,0.0009672132952355481,2.994,3.014
14019300,0.001016,0.0009692003519775645,2.993,3.014
10986173,0.001016,0.0009694151689226474,2.993,3.013
4873256,0.001018,0.0009711337044833102,2.992,3.013
5226551,0.001018,0.0009716707468460173,2.992,3.012
18445596,0.00102,0.0009729596485165145,2.991,3.012
388882,0.00102,0.0009738726205331166,2.991,3.011
15052511,0.001022,0.0009761281984564865,2.991,3.01
10624047,0.001023,0.000976235606929028,2.99,3.01
15563574,0.001025,0.0009779004382534202,2.989,3.01
2816238,0.001025,0.0009783837763798564,2.989,3.009
15149433,0.001027,0.0009802634246493314,2.988,3.009
3477706,0.001027,0.0009806393543032265,2.988,3.008
1003447,0.00103,0.0009828949322265965,2.987,3.007
15886851,0.001032,0.0009845597635509886,2.986,3.007
15291471,0.001032,0.0009851505101499665,2.986,3.006
13743718,0.001034,0.0009863857075841928,2.985,3.006
18428109,0.001035,0.000987459792309607,2.985,3.005
15973564,0.001037,0.0009891246236339991,2.984,3.005
9610435,0.001037,0.000989715370232977,2.984,3.004
10724533,0.001039,0.0009914339057936399,2.983,3.004
5731374,0.001039,0.0009920246523926178,2.983,3.003
530689,0.00104,0.0009942802303159876,2.983,3.002
6997117,0.001042,0.0009952469065688605,2.982,3.002
15795910,0.001043,0.0009965895124756283,2.982,3.001
13803342,0.001044,0.0009975024844922306,2.981,3.001
17649155,0.001045,0.000998898794635269,2.981,3.0
5594410,0.001046,0.0009994895412342468,2.98,3.0
363828,0.001048,0.001001154372558639,2.98,2.999
11611929,0.001049,0.0010018525276301582,2.979,2.999
1616092,0.00105,0.0010034636547182796,2.979,2.998
12628612,0.001051,0.0010036247674270918,2.978,2.998
16482119,0.001053,0.001005826641114191,2.978,2.997
6579193,0.001054,0.001006041458059274,2.977,2.997
6384326,0.001055,0.0010081359232738318,2.977,2.996
12258423,0.001056,0.0010081896275101025,2.976,2.996
389044,0.001057,0.0010104452054334723,2.976,2.995
7082386,0.001059,0.0010117878113402403,2.975,2.995
10503864,0.00106,0.001012754487593113,2.975,2.994
333970,0.001061,0.0010136674596097153,2.974,2.994
11918883,0.001062,0.0010151174739890245,2.974,2.993
14231298,0.001063,0.0010152785866978367,2.973,2.993
10956410,0.001064,0.001017426756148665,2.973,2.992
18592423,0.001066,0.001018393432401538,2.972,2.992
9780961,0.001067,0.0010197897425445765,2.972,2.991
3912645,0.001068,0.001020273080671013,2.971,2.991
7126449,0.001069,0.001022152728940488,2.971,2.99
14481548,0.001071,0.0010237101517923386,2.97,2.99
6734083,0.001071,0.0010245157153363992,2.97,2.989
943400,0.001073,0.0010258583212431672,2.969,2.989
11624705,0.001073,0.0010268787017323107,2.969,2.988
17633521,0.001076,0.0010289731669468685,2.968,2.988
10324362,0.001076,0.0010292416881282221,2.968,2.987
7507838,0.001078,0.0010305305897987192,2.967,2.987
9711974,0.001079,0.0010316046745241336,2.967,2.986
10810978,0.001081,0.0010334306185573376,2.966,2.986
14260700,0.001081,0.0010339676609200448,2.966,2.985
12510142,0.001083,0.00103509544988173,2.965,2.985
10701276,0.001084,0.001036384351552227,2.965,2.984
4459847,0.001086,0.0010377806616952655,2.964,2.984
12085186,0.001087,0.0010387473379481385,2.964,2.983
1038001,0.001088,0.0010398214226735526,2.963,2.983
3670287,0.001089,0.0010411640285803204,2.963,2.982
13594197,0.001091,0.001042560338723359,2.962,2.982
10175646,0.001091,0.0010435270149762319,2.962,2.981
9440478,0.001093,0.0010447085081741875,2.961,2.981
6265670,0.001094,0.0010459437056084138,2.961,2.98
1502,0.001096,0.0010475548326965354,2.96,2.98
14831268,0.001096,0.001048360396240596,2.96,2.979
18315629,0.001098,0.0010497567063836345,2.959,2.979
8522865,0.001099,0.0010507770868727782,2.959,2.978
605493,0.001101,0.0010524419181971703,2.958,2.978
2816280,0.001102,0.0010531937775049602,2.958,2.977
6704898,0.001103,0.0010540530452852917,2.957,2.977
5264824,0.001104,0.0010556104681371423,2.957,2.976
284685,0.001106,0.0010571141867527223,2.956,2.976
2712939,0.001106,0.0010580808630055952,2.956,2.975
6957384,0.001108,0.001059423468912363,2.955,2.975
16051830,0.001109,0.0010604975536377772,2.955,2.974
175414,0.001111,0.0010625383146160643,2.954,2.974
14443924,0.001111,0.00106296794850623,2.954,2.973
827112,0.001113,0.0010653846391384123,2.954,2.972
15223084,0.001114,0.001065599456083495,2.953,2.972
2016384,0.001116,0.0010676939212980528,2.952,2.972
11233507,0.001116,0.001067855034006865,2.952,2.971
414727,0.001118,0.0010703254288753179,2.952,2.97
12737110,0.001119,0.0010705939500566715,2.951,2.97
13594189,0.00112,0.0010727958237437705,2.951,2.969
3340152,0.001121,0.0010728495279800413,2.95,2.969
11077227,0.001123,0.0010752662186122234,2.95,2.968
10137500,0.001124,0.0010756958525023892,2.949,2.968
10410926,0.001126,0.0010768773457003448,2.948,2.968
7569195,0.001127,0.0010777366134806763,2.948,2.967
3394764,0.001129,0.0010798847829315047,2.947,2.967
3742506,0.001129,0.001080207008349129,2.947,2.966
9549619,0.001132,0.0010823014735636869,2.946,2.966
1371324,0.001132,0.0010827311074538526,2.946,2.965
8552292,0.001134,0.0010840737133606204,2.945,2.965
3670317,0.001135,0.0010852015023223055,2.945,2.964
10662997,0.001137,0.001086812629410427,2.944,2.964
11060184,0.001138,0.001087725601427029,2.944,2.963
8782802,0.001139,0.0010882089395534654,2.943,2.963
4458887,0.001141,0.0010901959962954818,2.943,2.962
14638531,0.001142,0.001091484897965979,2.942,2.962
9769600,0.001143,0.0010927200954002052,2.942,2.961
8212452,0.001145,0.001093901588598161,2.941,2.961
12371930,0.001146,0.0010952441945049289,2.941,2.96
5316529,0.001147,0.0010958886453401775,2.94,2.96
9192107,0.001148,0.0010977682936096523,2.94,2.959
13413667,0.00115,0.001099164603752691,2.939,2.959
14694307,0.001151,0.0011002923927143759,2.939,2.958
231178,0.001153,0.00110136647743979,2.938,2.958
12002742,0.001154,0.0011028164918190995,2.938,2.957
10631786,0.001155,0.001102923900291641,2.937,2.957
18042482,0.001157,0.0011053942951600936,2.937,2.956
15888267,0.001158,0.0011060387459953423,2.936,2.956
18006937,0.00116,0.0011079183942648172,2.936,2.955
4813742,0.001161,0.0011087776620451485,2.935,2.955
3764304,0.001162,0.0011104961976058114,2.935,2.954
14474923,0.001163,0.0011106036060783528,2.934,2.954
9176689,0.001166,0.0011125369585840985,2.933,2.954
14656340,0.001166,0.001113020296710535,2.933,2.953
109538,0.001169,0.0011152221703976343,2.932,2.953
17868081,0.001169,0.001115598100051529,2.932,2.952
10362859,0.001171,0.0011170481144308385,2.931,2.952
11201538,0.001172,0.0011181759033925234,2.931,2.951
17982438,0.001174,0.001119196283881667,2.93,2.951
8545782,0.001175,0.0011207537067335178,2.93,2.95
10849401,0.001177,0.0011224185380579099,2.929,2.95
7079642,0.001177,0.001123331510074512,2.929,2.949
13353282,0.001179,0.0011247278202175504,2.928,2.949
5764348,0.00118,0.0011259093134155062,2.928,2.948
6344090,0.001182,0.0011269833981409204,2.927,2.948
1212629,0.001183,0.001128540820992771,2.927,2.947
1942040,0.001185,0.0011298834268995389,2.926,2.947
16070204,0.001186,0.0011311186243337654,2.926,2.946
3748517,0.001188,0.0011326223429493454,2.925,2.946
1942074,0.001189,0.0011337501319110303,2.925,2.945
7826159,0.00119,0.0011342334700374667,2.924,2.945
17897087,0.001193,0.0011361668225432124,2.923,2.945
5750970,0.001193,0.0011363279352520246,2.923,2.944
7862348,0.001195,0.0011389594428292894,2.923,2.943
13011745,0.001196,0.001139227964010643,2.922,2.943
17898166,0.001199,0.0011415909504065545,2.921,2.942
2866937,0.001201,0.0011435243029123002,2.92,2.942
1301430,0.001201,0.0011442224579838193,2.92,2.941
708881,0.001204,0.0011465854443797308,2.919,2.941
15516647,0.001204,0.0011468539655610844,2.919,2.94
12751625,0.001207,0.0011492169519569959,2.918,2.94
1301339,0.001207,0.0011494854731383495,2.918,2.939
17179223,0.00121,0.0011519021637705314,2.917,2.939
17717869,0.00121,0.001152170684951885,2.917,2.938
13067677,0.001212,0.0011535132908586528,2.916,2.938
11983218,0.001213,0.00115480219252915,2.916,2.937
15821195,0.001215,0.0011570577704525199,2.915,2.937
13889015,0.001215,0.0011574874043426856,2.915,2.936
14928715,0.001218,0.0011593670526121606,2.914,2.936
17627506,0.001218,0.0011601189119199507,2.914,2.935
12516019,0.001221,0.001162105968661967,2.913,2.935
12058987,0.001221,0.0011628041237334863,2.913,2.934
10592575,0.001224,0.0011649522931843148,2.912,2.934
4788113,0.001224,0.001165489335547022,2.912,2.933
5765130,0.001227,0.0011678523219429333,2.911,2.933
3530954,0.001227,0.0011681745473605576,2.911,2.932
9549552,0.001229,0.0011703227168113862,2.91,2.932
9549510,0.001229,0.0011708597591740934,2.91,2.931
4917627,0.001231,0.0011735986752238997,2.91,2.93
11625093,0.001232,0.0011741894218228776,2.909,2.93
3526398,0.001234,0.0011762838870374354,2.909,2.929
1456191,0.001235,0.0011764449997462474,2.908,2.929
14831192,0.001237,0.001178969098850971,2.908,2.928
9376684,0.001238,0.0011794524369774075,2.907,2.928
18343975,0.00124,0.0011817080149007773,2.907,2.927
18560921,0.001241,0.0011824061699722966,2.906,2.927
2123325,0.001243,0.0011844469309505838,2.906,2.926
9549540,0.001244,0.0011854136072034565,2.905,2.926
2555572,0.001244,0.00118718584700039,2.905,2.925
14198650,0.001246,0.001188152523253263,2.904,2.925
5423227,0.001247,0.0011899247630501966,2.904,2.924
8214490,0.001249,0.0011914821859020472,2.903,2.924
9197949,0.00125,0.0011926636791000029,2.903,2.923
11202245,0.001252,0.0011945433273694778,2.902,2.923
5028561,0.001252,0.0011954025951498093,2.902,2.922
5805705,0.001255,0.0011980341027270742,2.901,2.922
5028556,0.001255,0.0011981415111996156,2.901,2.921
4459592,0.001257,0.0012009341314856928,2.901,2.92
13382210,0.001258,0.0012013100611395879,2.9,2.92
8533877,0.001259,0.0012036730475354991,2.9,2.919
9976399,0.001261,0.0012055526958049741,2.899,2.919
10417448,0.001261,0.0012064656678215763,2.899,2.918
10967348,0.001264,0.0012088286542174876,2.898,2.918
13724857,0.001264,0.0012092582881076534,2.898,2.917
5684553,0.001266,0.0012119972041574598,2.898,2.916
12217540,0.001267,0.0012126416549927083,2.897,2.916
11355653,0.001268,0.0012147898244435369,2.897,2.915
11032459,0.00127,0.0012155953879875976,2.896,2.915
9549465,0.001272,0.0012176361489658846,2.896,2.914
9693763,0.001273,0.0012187639379275697,2.895,2.914
9549458,0.001274,0.0012204287692519618,2.895,2.913
11201851,0.001275,0.0012204824734882325,2.894,2.913
12481160,0.001278,0.0012232213895380388,2.893,2.912
18374076,0.00128,0.0012260677140603867,2.893,2.911
1887361,0.001281,0.0012261214182966574,2.892,2.911
4696643,0.001283,0.0012288603343464637,2.892,2.91
3662039,0.001284,0.001229773306363066,2.891,2.91
5494756,0.001286,0.0012317066588688115,2.891,2.909
9549514,0.001287,0.0012320288842864358,2.89,2.909
5028464,0.001289,0.0012345529833911594,2.89,2.908
7531764,0.00129,0.0012349289130450544,2.889,2.908
6774683,0.001291,0.0012373993079135071,2.889,2.907
11203373,0.001293,0.0012387956180565458,2.888,2.907
9151685,0.001294,0.001240245632435855,2.888,2.906
166809,0.001296,0.0012415882383426228,2.887,2.906
13945432,0.001297,0.0012430919569582028,2.887,2.905
534332,0.001299,0.0012438438162659929,2.886,2.905
14711510,0.001301,0.0012459919857168212,2.886,2.904
11272764,0.001302,0.0012461530984256334,2.885,2.904
14633116,0.001304,0.0012488383102391692,2.885,2.903
2922534,0.001305,0.001249053127184252,2.884,2.903
5937200,0.001307,0.0012517383389977876,2.884,2.902
3454977,0.001308,0.001251845747470329,2.883,2.902
10604866,0.00131,0.0012546383677564063,2.883,2.901
12912763,0.001311,0.0012551754101191132,2.882,2.901
105392,0.001313,0.001257484692278754,2.882,2.9
14045253,0.001314,0.0012581828473502733,2.881,2.9
5345534,0.001316,0.0012603847210373724,2.881,2.899
14220407,0.001317,0.0012608143549275382,2.88,2.899
5625132,0.001318,0.001263284749795991,2.88,2.898
1000913,0.00132,0.0012642514260488638,2.879,2.898
5083729,0.001321,0.0012662384827908802,2.879,2.897
18214023,0.001323,0.0012673662717525654,2.878,2.897
2043830,0.001324,0.0012691385115494989,2.878,2.896
5894824,0.001326,0.0012705885259288081,2.877,2.896
9526077,0.001327,0.0012720385403081173,2.877,2.895
6456819,0.001329,0.001273220033506073,2.876,2.895
13724817,0.00133,0.0012749922733030065,2.876,2.894
10245801,0.001332,0.001276388583446045,2.875,2.894
4903415,0.001334,0.0012779460062978959,2.875,2.893
14957389,0.001336,0.001279234907968393,2.874,2.893
5093249,0.001337,0.001280899739292785,2.874,2.892
3083599,0.001339,0.001282403457908365,2.873,2.892
5751668,0.00134,0.0012838534722876742,2.873,2.891
7792069,0.001342,0.0012856794163208785,2.872,2.891
6195498,0.001342,0.0012868072052825636,2.872,2.89
3236277,0.001344,0.0012897609382774527,2.872,2.889
4687630,0.001345,0.0012898146425137235,2.871,2.889
9263221,0.001347,0.001292714671272342,2.871,2.888
8805738,0.001348,0.001292875783981154,2.87,2.888
280521,0.001351,0.001295722108503502,2.869,2.887
2046158,0.001354,0.0012980313906631425,2.868,2.887
11580936,0.001354,0.0012986758414983912,2.868,2.886
186737,0.001357,0.0013007166024766783,2.867,2.886
3806347,0.001358,0.001301683278729551,2.867,2.885
991936,0.00136,0.0013034555185264846,2.866,2.885
9878431,0.001361,0.0013046907159607111,2.866,2.884
3600727,0.001364,0.0013073759277742467,2.865,2.884
18099237,0.001364,0.001307698153191871,2.865,2.883
13251072,0.001367,0.0013097926184064289,2.864,2.883
13875906,0.001367,0.001310705590423031,2.864,2.882
940052,0.00137,0.0013131759852914838,2.863,2.882
3666699,0.00137,0.001313713027654191,2.863,2.881
11201961,0.001373,0.0013161834225226437,2.862,2.881
11153262,0.001373,0.0013167741691216216,2.862,2.88
12521658,0.001376,0.0013189223385724502,2.861,2.88
10020771,0.001376,0.0013197816063527815,2.861,2.879
15468688,0.001379,0.001322842747820212,2.86,2.878
1755233,0.001382,0.0013255279596337479,2.859,2.878
1036738,0.001382,0.001325903889287643,2.859,2.877
9003924,0.001386,0.0013289650307550735,2.858,2.876
18315628,0.001389,0.0013314891298597971,2.857,2.876
628721,0.001389,0.001332026172222504,2.857,2.875
14754283,0.001392,0.0013338521162557084,2.856,2.875
3996185,0.001393,0.001335087313689935,2.856,2.874
14302780,0.001395,0.0013368058492505977,2.855,2.874
1014947,0.001396,0.0013381484551573655,2.855,2.873
4772861,0.001398,0.0013400281034268405,2.854,2.873
7529749,0.001399,0.0013412633008610668,2.854,2.872
6616914,0.001401,0.0013443244423284974,2.854,2.871
10588352,0.001402,0.001345183710108829,2.853,2.871
1755560,0.001404,0.001347439288032199,2.853,2.87
5125868,0.001405,0.001348352260048801,2.852,2.87
15108550,0.001407,0.0013505541337359003,2.852,2.869
7261688,0.001408,0.0013508763591535246,2.851,2.869
6260866,0.00141,0.0013536689794396016,2.851,2.868
7988479,0.001411,0.0013540449090934967,2.85,2.868
2285010,0.001413,0.001356783825143303,2.85,2.867
11201954,0.001415,0.001358287543758883,2.849,2.867
13381611,0.001416,0.0013598986708470045,2.849,2.866
10607269,0.001418,0.0013612412767537723,2.848,2.866
18258057,0.001419,0.0013630135165507058,2.848,2.865
16932303,0.001421,0.0013647320521113686,2.847,2.865
12860064,0.001422,0.0013661820664906778,2.847,2.864
6069365,0.001424,0.0013683839401777771,2.846,2.864
12529869,0.001425,0.0013693506164306499,2.846,2.863
7081774,0.001427,0.0013724654621343514,2.846,2.862
17337255,0.001428,0.0013727876875519757,2.845,2.862
12155371,0.00143,0.0013756340120743235,2.845,2.861
8352526,0.001431,0.001376439575618384,2.844,2.861
4573783,0.001433,0.0013788025620142955,2.844,2.86
553795,0.001434,0.0013794470128495441,2.843,2.86
17924579,0.001436,0.0013820248161905383,2.843,2.859
12403005,0.001438,0.0013844415068227204,2.842,2.859
16039513,0.001439,0.0013851933661305105,2.842,2.858
12272881,0.001441,0.0013867507889823612,2.841,2.858
10588602,0.001442,0.0013883619160704826,2.841,2.857
18312836,0.001444,0.001390134155867416,2.84,2.857
6436706,0.001445,0.0013915841702467253,2.84,2.856
13820638,0.001448,0.0013940545651151782,2.839,2.856
7079987,0.001449,0.001394806424422968,2.839,2.855
16107556,0.001451,0.0013967397769287138,2.838,2.855
7080120,0.001452,0.0013980286785992108,2.838,2.854
4029501,0.001454,0.0014001231438137687,2.837,2.854
7880981,0.001454,0.0014012509327754538,2.837,2.853
9197473,0.001458,0.0014038824403527187,2.836,2.853
11974205,0.001458,0.0014044731869516966,2.836,2.852
6395671,0.001461,0.0014069435818201493,2.835,2.852
17009093,0.001461,0.0014076954411279393,2.835,2.851
15637614,0.001464,0.001410380652941475,2.834,2.851
11117752,0.001464,0.001410917695304182,2.834,2.85
3703340,0.001467,0.0014141936537166956,2.834,2.849
14997617,0.001468,0.0014149992172607564,2.833,2.849
2194576,0.001471,0.0014173622036566678,2.832,2.849
6456845,0.001471,0.0014174696121292093,2.832,2.848
14601350,0.001474,0.0014207455705417228,2.832,2.847
12274266,0.001475,0.0014210140917230764,2.831,2.847
3666696,0.001477,0.0014239678247179655,2.831,2.846
18136166,0.001478,0.0014241826416630484,2.83,2.846
6687787,0.001481,0.0014271900788942083,2.829,2.846
10013722,0.001481,0.0014272974873667497,2.829,2.845
18212150,0.001485,0.0014303049245979096,2.828,2.845
7336654,0.001485,0.0014305734457792632,2.828,2.844
11202049,0.001488,0.0014330975448839868,2.827,2.844
13529177,0.001488,0.0014338494041917767,2.827,2.843
13766911,0.001492,0.001436427207532771,2.826,2.843
17990881,0.001492,0.0014371790668405609,2.826,2.842
16440738,0.001495,0.0014402939125442624,2.825,2.842
8399201,0.001495,0.0014405087294893453,2.825,2.841
1797538,0.001498,0.0014431939413028809,2.824,2.841
13179392,0.001498,0.0014437846879018588,2.824,2.84
3703546,0.001501,0.001447114350550643,2.824,2.839
7627919,0.001502,0.0014472217590231844,2.823,2.839
7080964,0.001505,0.001449692153891637,2.822,2.839
5121694,0.001506,0.0014504440131994272,2.822,2.838
5473376,0.001509,0.0014526995911227972,2.821,2.838
7368542,0.00151,0.001453827380084482,2.821,2.837
12177954,0.001512,0.0014556533241176864,2.82,2.837
12258745,0.001513,0.0014571570427332663,2.82,2.836
3669748,0.001516,0.0014593052121840949,2.819,2.836
12233463,0.001517,0.0014605404096183212,2.819,2.835
6683649,0.001519,0.0014624200578877962,2.818,2.835
16824476,0.001521,0.0014638700722671056,2.818,2.834
17990853,0.001523,0.0014652126781738734,2.817,2.834
10604802,0.001525,0.0014672534391521606,2.817,2.833
18026858,0.001526,0.0014675756645697847,2.816,2.833
13928884,0.001528,0.0014706368060372155,2.816,2.832
1995919,0.00153,0.0014719794119439833,2.815,2.832
3703327,0.001532,0.0014740201729222704,2.815,2.831
5875925,0.001533,0.001474825736466331,2.814,2.831
3758948,0.001536,0.001477457244043596,2.814,2.83
3750624,0.001537,0.0014779942864063032,2.813,2.83
18146733,0.001539,0.001480840610928651,2.813,2.829
368379,0.00154,0.0014811628363462753,2.812,2.829
9197700,0.001543,0.0014842776820499766,2.812,2.828
3477240,0.001544,0.0014847073159401424,2.811,2.828
8752914,0.001547,0.0014876610489350315,2.811,2.827
12112065,0.001548,0.0014885740209516338,2.81,2.827
8166565,0.00155,0.0014910981200563572,2.81,2.826
10343970,0.001551,0.0014915814581827936,2.809,2.826
6254899,0.001553,0.0014945351911776828,2.809,2.825
2016768,0.001555,0.0014957703886119094,2.808,2.825
7932759,0.001557,0.0014979722622990084,2.808,2.824
15856932,0.001558,0.0014989389385518814,2.807,2.824
3659942,0.001561,0.0015014630376566048,2.807,2.823
4006082,0.001562,0.0015023223054369363,2.806,2.823
8809158,0.001565,0.0015046852918328478,2.805,2.823
15206967,0.001565,0.0015049001087779307,2.805,2.822
1574579,0.001569,0.001508390884135527,2.804,2.821
3699702,0.001572,0.0015118279552568527,2.804,2.82
13044697,0.001573,0.0015129557442185376,2.803,2.82
17097117,0.001575,0.001515318730614449,2.803,2.819
11268404,0.001576,0.001516446519576134,2.802,2.819
14220955,0.001578,0.0015188095059720454,2.802,2.818
17813914,0.00158,0.001520366928823896,2.801,2.818
4109045,0.001581,0.0015223002813296417,2.801,2.817
9223030,0.001584,0.001524126225362846,2.8,2.817
5478301,0.001585,0.0015258447609235088,2.8,2.816
9823701,0.001587,0.0015270799583577352,2.799,2.816
9191712,0.001589,0.0015293355362811052,2.799,2.815
7531670,0.001591,0.0015307855506604144,2.798,2.815
6396769,0.001592,0.0015328800158749723,2.798,2.814
5472765,0.001595,0.001534598551435635,2.797,2.814
18148636,0.001596,0.0015364244954688393,2.797,2.813
9225451,0.001598,0.0015380893267932314,2.796,2.813
13996837,0.0016,0.0015399689750627064,2.796,2.812
790563,0.001602,0.0015417949190959107,2.795,2.812
9377232,0.001604,0.0015435134546565735,2.795,2.811
10451866,0.001606,0.001544909764799612,2.794,2.811
9786066,0.001607,0.0015470579342504406,2.794,2.81
11618584,0.001609,0.0015489912867561863,2.793,2.81
10212726,0.001611,0.0015506024138443077,2.793,2.809
2042086,0.001613,0.0015517302028059926,2.792,2.809
14620970,0.001615,0.0015542005976744455,2.792,2.808
8459636,0.001617,0.0015557043162900254,2.791,2.808
16400611,0.001619,0.0015577987815045833,2.791,2.807
8130854,0.00162,0.0015581747111584783,2.79,2.807
3775241,0.001623,0.001561396965334721,2.79,2.806
3690088,0.001624,0.0015619340076974283,2.789,2.806
9377313,0.001627,0.0015649951491648589,2.789,2.805
10058247,0.001628,0.001565532191527566,2.788,2.805
15467172,0.001631,0.0015685933329949967,2.788,2.804
4661643,0.001632,0.0015697748261929523,2.787,2.804
16065290,0.001634,0.0015721915168251345,2.787,2.803
9365130,0.001635,0.0015723526295339466,2.786,2.803
7120059,0.001638,0.001575843404891543,2.786,2.802
8322478,0.001639,0.0015760582218366259,2.785,2.802
9583268,0.001642,0.0015794415887216808,2.785,2.801
18290520,0.001643,0.0015798712226118465,2.784,2.801
506693,0.001646,0.0015830934767880893,2.784,2.8
10260438,0.001647,0.0015838453360958792,2.783,2.8
229727,0.001649,0.0015867453648544978,2.783,2.799
2442993,0.001651,0.0015876046326348291,2.782,2.799
13859563,0.001653,0.0015903972529209063,2.782,2.798
7912835,0.001654,0.0015905583656297185,2.781,2.798
15009325,0.001657,0.0015940491409873149,2.781,2.797
3175422,0.001658,0.0015943176621686685,2.78,2.797
7535663,0.001661,0.001597754733289994,2.78,2.796
10085180,0.001662,0.001598130662943889,2.779,2.796
11532231,0.001664,0.0016014066213564026,2.779,2.795
8352498,0.001666,0.0016023732976092754,2.778,2.795
11264083,0.001668,0.0016051122136590816,2.778,2.794
5478556,0.00167,0.0016060788899119546,2.777,2.794
18221897,0.001673,0.0016088178059617609,2.777,2.793
6427299,0.001674,0.001609945594923446,2.776,2.793
5478912,0.001677,0.0016122548770830865,2.775,2.793
14740768,0.001677,0.0016125233982644401,2.775,2.792
5493295,0.00168,0.0016162289905671194,2.775,2.791
16544050,0.001681,0.00161628269480339,2.774,2.791
4814083,0.001685,0.0016198808786335279,2.773,2.791
10341368,0.001685,0.0016199882871060693,2.773,2.79
17990739,0.001689,0.0016233179497548535,2.772,2.79
8211985,0.001689,0.0016236938794087486,2.772,2.789
12103299,0.001693,0.001627184654766345,2.771,2.789
17338428,0.001693,0.0016274531759476985,2.771,2.788
368419,0.001697,0.0016306217258876706,2.77,2.788
10525224,0.001697,0.0016312124724866485,2.77,2.787
9091363,0.001701,0.0016347032478442448,2.769,2.787
8765207,0.001701,0.0016349717690255984,2.769,2.786
10679864,0.001705,0.0016374958681303218,2.768,2.786
1527887,0.001706,0.0016387310655645484,2.768,2.785
5451446,0.001709,0.0016413088689055425,2.767,2.785
13412229,0.00171,0.0016424903621034984,2.767,2.784
9453826,0.001712,0.0016444774188455146,2.766,2.784
1001776,0.001713,0.0016463033628787188,2.766,2.783
613323,0.001716,0.001648344123857006,2.765,2.783
11176732,0.001717,0.0016500626594176688,2.765,2.782
183279,0.00172,0.0016527478712312046,2.764,2.782
9031420,0.001721,0.0016538756601928895,2.764,2.781
5939072,0.001724,0.0016565071677701545,2.763,2.781
1580773,0.001725,0.0016576886609681101,2.763,2.78
4814103,0.001728,0.001660373872781646,2.762,2.78
7535655,0.001728,0.0016615016617433308,2.762,2.779
8038030,0.001732,0.0016645628032107614,2.761,2.779
507614,0.001732,0.0016653683667548222,2.761,2.778
6897458,0.001736,0.0016681609870408992,2.76,2.778
96708,0.001737,0.001669181367530043,2.76,2.777
3710221,0.00174,0.0016724573259425564,2.759,2.777
16504662,0.00174,0.001673048072541534,2.759,2.776
10449707,0.001744,0.0016760555097726942,2.758,2.776
11702295,0.001745,0.0016769147775530255,2.758,2.775
16522967,0.001748,0.0016798148063116441,2.757,2.775
13789735,0.001749,0.0016807814825645169,2.757,2.774
534518,0.001752,0.0016835741028505941,2.756,2.774
4814028,0.001753,0.0016846481875760083,2.756,2.773
9203817,0.001756,0.0016868500612631076,2.755,2.773
2584275,0.001758,0.0016885148925874997,2.755,2.772
10538957,0.00176,0.0016896426815491846,2.754,2.772
5199717,0.001763,0.0016924353018352618,2.754,2.771
17287782,0.001765,0.0016941538373959246,2.753,2.771
12245646,0.001767,0.001696302006846753,2.753,2.77
4664886,0.001769,0.0016974835000447088,2.752,2.77
1003829,0.001772,0.0017002224160945151,2.752,2.769
4473889,0.001773,0.0017017798389463658,2.751,2.769
7911112,0.001775,0.0017041428253422772,2.751,2.768
12217691,0.001777,0.00170586136090294,2.75,2.768
6457508,0.001779,0.0017080632345900394,2.75,2.767
7173826,0.001781,0.0017092984320242657,2.749,2.767
7146070,0.001784,0.0017120373480740722,2.749,2.766
14303007,0.001785,0.0017123058692554256,2.748,2.766
5242853,0.001789,0.0017157966446130221,2.747,2.766
184008,0.001789,0.001715957757321834,2.747,2.765
16342733,0.001793,0.0017192337157343478,2.746,2.765
17060714,0.001793,0.001719931870805867,2.746,2.764
12951967,0.001797,0.0017230467165095683,2.745,2.764
13249341,0.001798,0.001723852280053629,2.745,2.763
3566098,0.001801,0.0017267523088122475,2.744,2.763
9198084,0.001802,0.0017278263935376619,2.744,2.762
17323978,0.001806,0.0017312634646589875,2.743,2.762
3644569,0.001806,0.0017318542112579655,2.743,2.761
5730782,0.00181,0.0017348079442528546,2.742,2.761
6574948,0.001811,0.001735828324741998,2.742,2.76
1172126,0.001814,0.001737922789956556,2.741,2.76
12606869,0.001816,0.0017398561424623016,2.741,2.759
5818465,0.001818,0.0017415209737866937,2.74,2.759
4471667,0.00182,0.0017438302559463345,2.74,2.758
261871,0.001822,0.0017457099042158095,2.739,2.758
5757958,0.001824,0.001747858073666638,2.739,2.757
11618880,0.001826,0.0017494154965184887,2.738,2.757
132814,0.001828,0.0017518858913869414,2.738,2.756
10613912,0.001831,0.0017543562862553943,2.737,2.756
5146969,0.001832,0.001755913709107245,2.737,2.755
1559615,0.001835,0.00175854521668451,2.736,2.755
10973690,0.001836,0.0017599952310638192,2.736,2.754
16981594,0.001839,0.0017628952598224377,2.735,2.754
32458,0.00184,0.0017640230487841228,2.735,2.753
15024960,0.001843,0.0017662249224712219,2.734,2.753
15795094,0.001845,0.0017681045707406968,2.734,2.752
3741861,0.001848,0.0017703064444277961,2.733,2.752
8735162,0.00185,0.0017721860926972711,2.733,2.751
235987,0.001852,0.0017740120367304754,2.732,2.751
14086454,0.001854,0.0017762676146538454,2.732,2.75
13996568,0.001856,0.0017779324459782375,2.731,2.75
8735023,0.001859,0.0017803491366104195,2.731,2.749
18109163,0.00186,0.0017814769255721046,2.73,2.749
293299,0.001862,0.0017844843628032645,2.73,2.748
14477252,0.001865,0.0017866862364903638,2.729,2.748
18048118,0.001867,0.0017885658847598387,2.729,2.747
12118595,0.001869,0.001789639969485253,2.728,2.747
13976277,0.001871,0.0017927011109526835,2.728,2.746
3630041,0.001873,0.0017942048295682637,2.727,2.746
4071437,0.001876,0.0017968363371455285,2.727,2.745
7044639,0.001878,0.0017979641261072136,2.726,2.745
5973988,0.001881,0.0018009715633383735,2.726,2.744
7310550,0.001882,0.0018014011972285393,2.725,2.744
3232553,0.001886,0.0018047308598773235,2.724,2.744
12233032,0.001886,0.0018051067895312185,2.724,2.743
1786270,0.00189,0.001809295719960334,2.724,2.742
7081329,0.001891,0.0018094031284328755,2.723,2.742
3055747,0.001895,0.001813055016499284,2.722,2.742
3661125,0.001895,0.001813430946153179,2.722,2.741
9652602,0.001899,0.0018167606088019632,2.721,2.741
14584210,0.001899,0.0018176198765822947,2.721,2.74
10956328,0.001903,0.0018218088070114102,2.721,2.739
14584203,0.001904,0.0018223995536103882,2.72,2.739
2016677,0.001908,0.001825997737440526,2.719,2.738
4286434,0.001913,0.0018295959212706638,2.718,2.738
6396313,0.001913,0.0018302403721059122,2.718,2.737
11355722,0.001917,0.0018331404008645308,2.717,2.737
5461007,0.001917,0.001834429302535028,2.717,2.736
3020348,0.001921,0.0018372756270573758,2.716,2.736
13282301,0.001922,0.0018386719372004143,2.716,2.735
1734931,0.001926,0.0018413034447776792,2.715,2.735
2900983,0.001927,0.0018429145718658006,2.715,2.734
13794103,0.00193,0.0018449553328440877,2.714,2.734
17420501,0.001932,0.001847157206531187,2.714,2.733
13282306,0.001935,0.00184962760139964,2.713,2.733
3062154,0.001936,0.0018513998411965734,2.713,2.732
10362075,0.001939,0.0018533868979385896,2.712,2.732
18382034,0.001942,0.0018556961800982304,2.712,2.731
8381567,0.001944,0.0018575758283677054,2.711,2.731
15324101,0.001946,0.0018599925189998875,2.711,2.73
2397693,0.001948,0.0018611740121978432,2.71,2.73
15293901,0.001951,0.0018642351536652738,2.71,2.729
6145377,0.001953,0.0018658999849896659,2.709,2.729
17569683,0.001956,0.001868531492566931,2.709,2.728
8595700,0.001957,0.0018687463095120138,2.708,2.728
11500723,0.001961,0.0018728815357048588,2.708,2.727
5254201,0.001962,0.0018734185780675658,2.707,2.727
6120495,0.001966,0.0018764797195349966,2.706,2.727
12103469,0.001966,0.0018771778746065157,2.706,2.726
1877888,0.001971,0.0018807760584366535,2.705,2.726
17530537,0.001971,0.0018815279177444436,2.705,2.725
15723477,0.001975,0.001884427946503062,2.704,2.725
7407885,0.001976,0.0018858242566461006,2.704,2.724
8296346,0.00198,0.0018895835531850505,2.703,2.724
8214611,0.001981,0.0018901742997840284,2.703,2.723
11004468,0.001984,0.00189253728617994,2.702,2.723
6394986,0.001986,0.001894524342921956,2.702,2.722
16498864,0.001989,0.0018961891742463484,2.701,2.722
18556268,0.001992,0.0018989280902961547,2.701,2.721
14057986,0.001993,0.0018991429072412376,2.7,2.721
15544645,0.001997,0.0019032781334340826,2.7,2.72
10723374,0.001998,0.001903546654615436,2.699,2.72
6933384,0.002002,0.001907681880808281,2.699,2.719
8480799,0.002003,0.0019083263316435296,2.698,2.719
3185694,0.002007,0.0019120319239462088,2.697,2.719
11722001,0.002007,0.0019120856281824796,2.697,2.718
16045765,0.002012,0.0019161671501390536,2.696,2.718
12165550,0.002012,0.001916489375556678,2.696,2.717
17284718,0.002017,0.0019207320102220644,2.695,2.717
4076718,0.002017,0.0019208931229308765,2.695,2.716
18244196,0.002021,0.0019246524194698265,2.694,2.716
9406453,0.002022,0.0019253505745413456,2.694,2.715
6103766,0.002026,0.0019286802371901298,2.693,2.715
5887238,0.002027,0.0019297543219155442,2.693,2.714
3304656,0.002031,0.0019325469422016212,2.692,2.714
5469601,0.002032,0.0019342117735260133,2.692,2.713
10706205,0.002035,0.001936359942976842,2.691,2.713
100047,0.002037,0.0019386692251364827,2.691,2.712
4140527,0.00204,0.0019414618454225597,2.69,2.712
14540325,0.002042,0.0019431266767469518,2.69,2.711
10041317,0.002045,0.001945167437725239,2.689,2.711
7417040,0.002047,0.0019476378325936918,2.689,2.71
1670878,0.002049,0.0019489267342641889,2.688,2.71
15475100,0.002053,0.001952095284204161,2.688,2.709
7507754,0.002054,0.0019526860308031388,2.687,2.709
17536856,0.002058,0.0019566064400509007,2.687,2.708
7130080,0.002059,0.0019566601442871714,2.686,2.708
11946068,0.002064,0.00196106389166137,2.685,2.708
7550737,0.002064,0.0019611175958976408,2.685,2.707
9263305,0.002068,0.001964662075491508,2.684,2.707
8896303,0.002069,0.001965628751744381,2.684,2.706
4053823,0.002073,0.001969925090646038,2.683,2.706
17523998,0.002073,0.0019701936118273916,2.683,2.705
14736003,0.002078,0.0019742751337839654,2.682,2.705
16233995,0.002078,0.001974704767674131,2.682,2.704
15742412,0.002083,0.001979269627757142,2.681,2.703
16787578,0.002086,0.0019838344878401527,2.681,2.702
7824727,0.002087,0.001983941896312694,2.68,2.702
17210091,0.00209,0.001988399347923163,2.68,2.701
12381055,0.002092,0.0019900641792475553,2.679,2.701
183910,0.002094,0.0019930179122424445,2.679,2.7
15150248,0.002097,0.00199570312405598,2.678,2.7
6798260,0.002099,0.0019975827723254552,2.678,2.699
4775619,0.002102,0.002000429096847803,2.677,2.699
5752461,0.002103,0.0020022013366447367,2.677,2.698
6227672,0.002107,0.002006068041656228,2.676,2.698
15628204,0.002107,0.0020068199009640178,2.676,2.697
2172654,0.002112,0.0020100421551402605,2.675,2.697
13996351,0.002113,0.0020114384652832992,2.675,2.696
3710028,0.002116,0.0020131032966076916,2.674,2.696
1776162,0.002119,0.0020160570296025807,2.674,2.695
10981424,0.002121,0.0020169700016191825,2.673,2.695
17616771,0.002123,0.0020207292981581325,2.673,2.694
2402397,0.002126,0.002022125608301171,2.672,2.694
10569438,0.002129,0.0020254015667136847,2.672,2.693
17280849,0.002131,0.00202728121498316,2.671,2.693
9624278,0.002134,0.002030020131032966,2.671,2.692
17046086,0.002136,0.002031899779302441,2.67,2.692
6328271,0.002139,0.0020347461038247886,2.67,2.691
13251313,0.002141,0.0020363035266766395,2.669,2.691
12085215,0.002144,0.002039418372380341,2.669,2.69
5679362,0.002146,0.002041459133358628,2.668,2.69
11827227,0.002149,0.002044090640935893,2.668,2.689
7795399,0.002151,0.0020447350917711417,2.667,2.689
4152652,0.002154,0.002048816613727716,2.667,2.688
2016706,0.002156,0.002050427740815837,2.666,2.688
5729954,0.002158,0.0020535425865195384,2.666,2.687
2016745,0.002161,0.002056603727986969,2.665,2.687
10757163,0.002162,0.0020582685593113614,2.665,2.686
13492726,0.002166,0.0020607926584160848,2.664,2.686
3274345,0.002168,0.002063048236339455,2.664,2.685
10804973,0.002171,0.0020659482650980734,2.663,2.685
5750741,0.002172,0.0020677742091312775,2.663,2.684
7550725,0.002176,0.0020714798014339567,2.662,2.684
17934847,0.002176,0.002072553886159371,2.662,2.683
13997778,0.002181,0.0020762594784620504,2.661,2.683
8829995,0.002182,0.0020773335631874648,2.661,2.682
16953245,0.002186,0.0020812002681989557,2.66,2.682
10741121,0.002187,0.002082113240215558,2.66,2.681
1755664,0.002191,0.002085496607100613,2.659,2.681
2397565,0.002192,0.0020868929172436516,2.659,2.68
16953104,0.002196,0.00208979294600227,2.658,2.68
13088328,0.002198,0.002091726298508016,2.658,2.679
10394438,0.002201,0.0020944652145578222,2.657,2.679
12259352,0.002203,0.00209655967977238,2.657,2.678
16376719,0.002206,0.0020994060042947276,2.656,2.678
15699627,0.002208,0.0021013930610367442,2.656,2.677
1652120,0.002211,0.0021035412304875726,2.655,2.677
9603560,0.002213,0.002106226442301108,2.655,2.676
13551342,0.002216,0.002108159794806854,2.654,2.676
9033009,0.002218,0.0021110598235654725,2.654,2.675
14951548,0.002221,0.0021129394718349477,2.653,2.675
3603113,0.002223,0.0021159469090661076,2.653,2.674
15815800,0.002226,0.002117719148863041,2.652,2.674
8544953,0.002228,0.0021208339945667423,2.652,2.673
8225064,0.002232,0.0021243247699243386,2.651,2.673
1050610,0.002233,0.0021257210800673773,2.651,2.672
17106102,0.002237,0.00212894333424362,2.65,2.672
11081708,0.002239,0.0021306081655680124,2.65,2.671
414558,0.002242,0.002132863743491382,2.649,2.671
1786026,0.002244,0.0021355489553049178,2.649,2.67
15468980,0.002247,0.00213721378662931,2.648,2.67
9052434,0.00225,0.002140436040805553,2.648,2.669
10876016,0.002252,0.0021418323509485916,2.647,2.669
14468968,0.002255,0.0021453768305424586,2.647,2.668
9062975,0.002257,0.002146182394086519,2.646,2.668
11326760,0.002261,0.002150317620279364,2.646,2.667
6500493,0.002263,0.0021523046770213806,2.645,2.667
3866081,0.002266,0.0021553121142525405,2.645,2.666
5109526,0.002268,0.0021567621286318495,2.644,2.666
5730162,0.002271,0.002160252903989446,2.644,2.665
14361051,0.002273,0.0021616492141324846,2.643,2.665
5269838,0.002277,0.0021652473979626224,2.643,2.664
10568858,0.002278,0.0021659992572704125,2.642,2.664
3475082,0.002281,0.002170241891935799,2.642,2.663
11450382,0.002283,0.002170940047007318,2.641,2.663
5146983,0.002287,0.002175236385908975,2.641,2.662
3881903,0.002289,0.0021766864002882844,2.64,2.662
14019132,0.002292,0.0021802308798821515,2.64,2.661
8224567,0.002294,0.0021815197815526484,2.639,2.661
5478142,0.002298,0.0021852790780915983,2.639,2.66
157055,0.002299,0.00218613834587193,2.638,2.66
9945010,0.002303,0.0021903272763010456,2.638,2.659
11837124,0.002305,0.0021914550652627307,2.637,2.659
9219850,0.002309,0.002195375474510493,2.637,2.658
11618489,0.00231,0.002196610671944719,2.636,2.658
4110995,0.002314,0.0022004236727199396,2.636,2.657
4468825,0.002315,0.002201336644736542,2.635,2.657
8752433,0.002319,0.002205471870929387,2.635,2.656
5730037,0.002321,0.0022071367022537787,2.634,2.656
10492285,0.002324,0.0022105737733751044,2.634,2.655
16444866,0.002326,0.002211808970809331,2.633,2.655
9624244,0.002331,0.0022154608588757395,2.632,2.655
14015549,0.002331,0.0022156756758208223,2.632,2.654
17094718,0.002336,0.00222077757826654,2.632,2.653
7387212,0.002337,0.0022212072121567056,2.631,2.653
1735380,0.002341,0.002225879480712258,2.631,2.652
16783289,0.002342,0.00222604059342107,2.63,2.652
6516537,0.002346,0.0022310350873942465,2.63,2.651
1755673,0.002347,0.002231088791630517,2.629,2.651
10649811,0.002353,0.0022358147644223397,2.628,2.651
14540411,0.002353,0.0022361906940762347,2.628,2.65
8827274,0.002358,0.002239735173670102,2.627,2.65
81363,0.002359,0.0022413463007582234,2.627,2.649
16664212,0.002364,0.002245481526951068,2.626,2.649
12367436,0.002364,0.0022465019074402117,2.626,2.648
10304443,0.002369,0.0022495630489076423,2.625,2.648
17297380,0.002371,0.0022516575141222003,2.625,2.647
4095440,0.002375,0.002255094585243526,2.624,2.647
960924,0.002376,0.0022568668250404593,2.624,2.646
11854531,0.00238,0.002259874262271619,2.623,2.646
17173310,0.002382,0.0022620761359587187,2.623,2.645
15050173,0.002386,0.002265566911316315,2.622,2.645
8184874,0.002387,0.0022672854468769777,2.622,2.644
3783498,0.002391,0.002270292884108138,2.621,2.644
7891344,0.002393,0.002272494757795237,2.621,2.643
17410733,0.002397,0.0022755558992626677,2.62,2.643
18554874,0.002399,0.0022777577729497667,2.62,2.642
18071610,0.002402,0.002279852238164325,2.619,2.642
13859595,0.002405,0.002283020788104297,2.619,2.641
16820060,0.002408,0.0022849541406100423,2.618,2.641
7672976,0.002412,0.002288283803258827,2.618,2.64
10867009,0.002413,0.002288767141385263,2.617,2.64
9453740,0.002419,0.002293439409940815,2.616,2.64
1429145,0.002419,0.0022935468184133567,2.616,2.639
702295,0.002424,0.002297413523424848,2.615,2.639
10870486,0.002425,0.0022988098335678868,2.615,2.638
11807338,0.00243,0.0023024080173980246,2.614,2.638
3542338,0.002432,0.002304126552958687,2.614,2.637
1924465,0.002436,0.0023066506520634106,2.613,2.637
13439834,0.002439,0.002309443272349488,2.613,2.636
3086154,0.002441,0.002310302540129819,2.612,2.636
17279992,0.002446,0.0023147599917402884,2.612,2.635
1100140,0.002447,0.002315189625630454,2.611,2.635
329427,0.002451,0.0023200767111310893,2.611,2.634
12177933,0.002452,0.0023201841196036307,2.61,2.634
10342248,0.002458,0.0023254471347581604,2.609,2.633
14255952,0.002464,0.0023305490372038783,2.608,2.633
15683076,0.002464,0.002330817558385232,2.608,2.632
18026880,0.002469,0.002334523150687911,2.607,2.632
1334229,0.002471,0.002336187982012303,2.607,2.631
18113604,0.002475,0.0023390343065346508,2.606,2.631
7661956,0.002477,0.0023415584056393746,2.606,2.63
11043565,0.002481,0.0023437602793264737,2.605,2.63
9668453,0.002484,0.0023469825335027165,2.605,2.629
1832098,0.002486,0.0023481103224644016,2.604,2.629
11686675,0.00249,0.002352352957129788,2.604,2.628
12977553,0.002492,0.002353802971509097,2.603,2.628
5880291,0.002495,0.00235777708499313,2.603,2.627
8894810,0.002498,0.002360140071389041,2.602,2.627
1558305,0.002501,0.002363201212856472,2.602,2.626
3327831,0.002504,0.002365617903488654,2.601,2.626
2074595,0.002506,0.0023686790449560847,2.601,2.625
11971024,0.002509,0.0023707198059343716,2.6,2.625
4821600,0.002513,0.0023741568770556973,2.6,2.624
3690122,0.002515,0.0023764124549790675,2.599,2.624
18256736,0.002518,0.0023795810049190395,2.599,2.623
18206640,0.002521,0.0023815680616610557,2.598,2.623
2650957,0.002524,0.002385112541254923,2.598,2.622
1691916,0.002527,0.0023870995979969395,2.597,2.622
11326792,0.002531,0.002390590373354536,2.597,2.621
15637814,0.002533,0.002391879275025033,2.596,2.621
1359586,0.002537,0.002396121909690419,2.596,2.62
13492818,0.002539,0.002397303402888375,2.595,2.62
9763342,0.002544,0.0024013849248449492,2.594,2.62
15452266,0.002544,0.002401599741790032,2.594,2.619
14166663,0.00255,0.0024064868272906667,2.593,2.619
17290305,0.00255,0.002407184982362186,2.593,2.618
11748958,0.002556,0.002411910955154009,2.592,2.618
3690467,0.002556,0.00241271651869807,2.592,2.617
14996784,0.002562,0.0024174424914898923,2.591,2.617
7082404,0.002562,0.002418248055033953,2.591,2.616
13444686,0.002568,0.0024225443939356103,2.59,2.616
4331881,0.002569,0.0024238332956061075,2.59,2.615
10980316,0.002574,0.0024275925921450575,2.589,2.615
3947558,0.002576,0.0024294185361782615,2.589,2.614
6709085,0.00258,0.0024332315369534822,2.588,2.614
7105936,0.002582,0.0024350574809866863,2.588,2.613
1001801,0.002586,0.002438870481761907,2.587,2.613
16367844,0.002587,0.0024406427215588407,2.587,2.612
16823204,0.002592,0.0024444020180977907,2.586,2.612
8647827,0.002594,0.0024462816663672654,2.586,2.611
4425704,0.002598,0.002449074286653343,2.585,2.611
17045748,0.002601,0.0024519206111756906,2.585,2.61
17940367,0.002604,0.0024534243297912703,2.584,2.61
5751822,0.002608,0.0024575595559841153,2.584,2.609
17045891,0.00261,0.0024590632745996955,2.583,2.609
8534805,0.002614,0.002463252205028811,2.583,2.608
8719637,0.002616,0.0024642725855179544,2.582,2.608
12676987,0.002621,0.002468891149837236,2.582,2.607
16041447,0.002622,0.0024693207837274017,2.581,2.607
18443317,0.002628,0.002473993052282954,2.58,2.607
3779702,0.002629,0.0024745837988819313,2.58,2.606
11618486,0.002634,0.0024789338420198592,2.579,2.606
15203136,0.002635,0.0024802764479266272,2.579,2.605
7419951,0.00264,0.0024843042656469308,2.578,2.605
2135143,0.002641,0.0024860228012075934,2.578,2.604
4707062,0.002646,0.0024899432104553555,2.577,2.604
1124535,0.002648,0.00249176915448856,2.577,2.603
1450250,0.002652,0.002495098817137344,2.576,2.603
17971887,0.002654,0.002497515507769526,2.576,2.602
8184876,0.002658,0.0025002007195830617,2.575,2.602
11636774,0.002662,0.0025032618610504923,2.575,2.601
14016974,0.002664,0.0025046044669572603,2.574,2.601
103833,0.002669,0.002509008214331459,2.574,2.6
16801427,0.00267,0.002509598960930437,2.573,2.6
7418869,0.002674,0.002514808271848696,2.573,2.599
5612259,0.002677,0.002517010145535795,2.572,2.599
15779103,0.00268,0.0025206083293659327,2.572,2.598
17125422,0.002683,0.0025233472454157394,2.571,2.598
14075351,0.002685,0.00252640838688317,2.571,2.597
1228224,0.002689,0.0025301139791858492,2.57,2.597
1088392,0.002691,0.0025322621486366776,2.57,2.596
2397258,0.002695,0.0025356992197580032,2.569,2.596
13854809,0.002697,0.002538062206153915,2.569,2.595
6499326,0.002701,0.002541015939148804,2.568,2.595
1038368,0.002704,0.0025439159679074225,2.568,2.594
18528576,0.002708,0.0025478363771551846,2.567,2.594
6551081,0.00271,0.00254976972966093,2.567,2.593
10148920,0.002714,0.0025528845753646314,2.566,2.593
9028221,0.002716,0.002555677195650709,2.566,2.592
1214553,0.00272,0.002558093886282891,2.565,2.592
514336,0.002722,0.002561584661640487,2.565,2.591
12490587,0.002726,0.00256405505650894,2.564,2.591
472547,0.002729,0.002567438423393995,2.564,2.59
4041182,0.002733,0.0025708754945153204,2.563,2.59
9269217,0.002736,0.0025733995936200443,2.563,2.589
3236224,0.002739,0.0025761385096698505,2.562,2.589
15260470,0.002743,0.0025793070596098226,2.562,2.588
14292619,0.002745,0.0025804885528077784,2.561,2.588
11619350,0.00275,0.0025852682298358716,2.561,2.587
4092759,0.002752,0.002586181201852474,2.56,2.587
9445840,0.002757,0.002591229400061921,2.56,2.586
8399209,0.002758,0.002591981259369711,2.559,2.586
8705904,0.002763,0.00259719057028797,2.559,2.585
2125848,0.002764,0.0025976739084144066,2.558,2.585
11326795,0.002771,0.0026030980362777485,2.557,2.585
12518612,0.002771,0.00260320544475029,2.557,2.584
5657297,0.002777,0.0026083610514322786,2.556,2.584
7334935,0.002777,0.0026091666149763394,2.556,2.583
12259452,0.002783,0.002613677770823079,2.555,2.583
15563998,0.002784,0.002615181489438659,2.555,2.582
10958481,0.00279,0.0026203908003569185,2.554,2.582
17820608,0.002791,0.0026212500681372496,2.554,2.581
6390263,0.002796,0.002625492702802636,2.553,2.581
16005400,0.002798,0.00262726494259957,2.553,2.58
960791,0.002803,0.002630970534902249,2.552,2.58
15148096,0.002806,0.0026333335212981603,2.552,2.579
13859594,0.002809,0.0026357502119303423,2.551,2.579
2498808,0.002813,0.002639402099996751,2.551,2.578
16435947,0.002816,0.0026409595228486017,2.55,2.578
10197308,0.002821,0.0026454706786953417,2.55,2.577
216562,0.002822,0.0026459540168217778,2.549,2.577
18283809,0.002828,0.002651592961630203,2.549,2.576
15842033,0.002829,0.0026522911167017223,2.548,2.576
13524909,0.002835,0.002657554131856252,2.547,2.576
4587841,0.002835,0.002657715244565064,2.547,2.575
4131603,0.002842,0.002662817147010782,2.546,2.575
2470609,0.002843,0.0026638375274999253,2.546,2.574
15236668,0.002848,0.0026682949791103946,2.545,2.574
16701759,0.002849,0.002669959810434787,2.545,2.573
3725142,0.002855,0.0026754913467706702,2.544,2.573
1564969,0.002855,0.002676135797605919,2.544,2.572
1168506,0.002861,0.0026813988127604486,2.543,2.572
4571812,0.002862,0.00268225808054078,2.543,2.571
11152110,0.002868,0.002687145166041415,2.542,2.571
10648625,0.002869,0.0026884877719481827,2.542,2.57
5020011,0.002875,0.002693374857448818,2.541,2.57
854171,0.002876,0.002694663759119315,2.541,2.569
4659932,0.002881,0.0026981545344769114,2.54,2.569
11839988,0.002883,0.0027008934505267177,2.54,2.568
10171239,0.002888,0.0027045453385931262,2.539,2.568
4815113,0.00289,0.0027071231419341204,2.539,2.567
153836,0.002895,0.0027105065088191753,2.538,2.567
16369616,0.002898,0.0027133528333415234,2.538,2.566
18152402,0.002901,0.002715823228209976,2.537,2.566
16473543,0.002905,0.002719582524748926,2.537,2.565
7566230,0.002908,0.0027219455111448373,2.536,2.565
7873432,0.002912,0.0027258659203925994,2.536,2.564
1386743,0.002915,0.0027286585406786764,2.535,2.564
1121447,0.002919,0.002732149316036273,2.535,2.563
10425913,0.002921,0.0027337604431243944,2.534,2.563
15202916,0.002925,0.0027384327116799466,2.534,2.562
8592378,0.002928,0.002740419768421963,2.533,2.562
2178875,0.002933,0.0027447698115598907,2.533,2.561
11554957,0.002935,0.0027464346428842826,2.532,2.561
7391902,0.002939,0.0027511069114398348,2.532,2.56
10488738,0.002942,0.002753255080890663,2.531,2.56
18086089,0.002947,0.002757444011319779,2.531,2.559
7417280,0.002948,0.0027578736452099446,2.53,2.559
12778066,0.002954,0.002763781111199723,2.53,2.558
4764313,0.002955,0.002763995928144806,2.529,2.558
3548476,0.002961,0.002770171915315938,2.529,2.557
11144766,0.002962,0.0027709774788599985,2.528,2.557
9864801,0.002967,0.002776562719432153,2.528,2.556
11151991,0.002969,0.0027775830999212966,2.527,2.556
14427852,0.002975,0.0027829535235483678,2.527,2.555
2127102,0.002976,0.002783275748965992,2.526,2.555
7142880,0.002981,0.0027893443276645826,2.526,2.554
7336208,0.002982,0.0027901498912086434,2.525,2.554
14084932,0.002987,0.002795788836017068,2.525,2.553
7009014,0.002989,0.0027973999631051897,2.524,2.553
8897753,0.002994,0.002802233344369554,2.524,2.552
7085274,0.002996,0.0028040055841664874,2.523,2.552
14216106,0.003002,0.0028086778527220396,2.523,2.551
11798040,0.003003,0.0028096982332111832,2.522,2.551
9809395,0.003009,0.002815176065310796,2.522,2.55
10125598,0.00301,0.002816089037327398,2.521,2.55
4632361,0.003017,0.0028210298270643034,2.52,2.55
459636,0.003017,0.002821674277899552,2.52,2.549
2593055,0.003024,0.0028279039693069547,2.519,2.549
597129,0.003024,0.0028281724904883083,2.519,2.548
11618703,0.00303,0.002834670703077065,2.519,2.547
12385943,0.003031,0.002835368858148584,2.518,2.547
7085309,0.003038,0.0028411152114295505,2.517,2.547
3133536,0.003038,0.002841222619902092,2.517,2.546
2387589,0.003045,0.0028472374943644117,2.516,2.546
531529,0.003045,0.002847774536727119,2.516,2.545
12202241,0.003052,0.0028536282984806265,2.515,2.545
12775429,0.003052,0.002854326453552146,2.515,2.544
1448285,0.003059,0.0028594820602341345,2.514,2.544
6970678,0.00306,0.0028609320746134435,2.514,2.543
4814549,0.003066,0.0028659802728228908,2.513,2.543
13879739,0.003067,0.0028674839914384705,2.513,2.542
11684966,0.003073,0.0028721562599940227,2.512,2.542
15704857,0.003074,0.0028740896124997686,2.512,2.541
12196429,0.00308,0.0028783322471651546,2.511,2.541
8066346,0.003082,0.002880748937797337,2.511,2.54
5228453,0.003087,0.002885152685171535,2.51,2.54
18096764,0.003089,0.0028873545588586347,2.51,2.539
16233949,0.003094,0.002891436080815209,2.509,2.539
15325789,0.003096,0.002894013884156203,2.509,2.538
15764410,0.003101,0.0028987935611842967,2.508,2.538
16932006,0.003102,0.002900726913690042,2.508,2.537
5432507,0.003109,0.002906204745789655,2.507,2.537
5077710,0.00311,0.0029073862389876106,2.507,2.536
6627994,0.003116,0.002912004803306892,2.506,2.536
11202145,0.003118,0.0029140992685214497,2.506,2.535
14290543,0.003123,0.002918395607423107,2.505,2.535
11201465,0.003126,0.002920812298055289,2.505,2.534
6264675,0.00313,0.002924356777649156,2.504,2.534
8127179,0.003133,0.0029275253275891284,2.504,2.533
2797535,0.003137,0.0029305327648202883,2.503,2.533
8405854,0.003141,0.0029342920613592382,2.503,2.532
7332186,0.003145,0.0029378365409531053,2.502,2.532
11124125,0.003148,0.002941058795129348,2.502,2.531
8651898,0.003152,0.0029435828942340715,2.501,2.531
886129,0.003155,0.002947825528899458,2.501,2.53
2717278,0.003159,0.0029505107407129935,2.5,2.53
4620727,0.003163,0.0029546459669058385,2.5,2.529
9381690,0.003166,0.002957707108373269,2.499,2.529
12950211,0.003169,0.002961466404912219,2.499,2.528
17508981,0.003174,0.002966192377704042,2.498,2.528
10895427,0.003176,0.0029682868429185996,2.498,2.527
4243423,0.003181,0.0029733887453643176,2.497,2.527
14488188,0.003182,0.00297510728092498,2.497,2.526
16537149,0.003188,0.002980585113024593,2.496,2.526
11439447,0.003189,0.0029819814231676314,2.496,2.525
5950027,0.003196,0.002987566663739786,2.495,2.525
14600797,0.003197,0.0029888555654102827,2.495,2.524
77379,0.003203,0.0029940111720922714,2.494,2.524
7491966,0.003204,0.0029957297076529344,2.494,2.523
7214286,0.00321,0.0030012612439888177,2.493,2.523
10171270,0.003211,0.0030026575541318564,2.493,2.522
3580038,0.003218,0.0030087798370667176,2.492,2.522
625234,0.003218,0.0030095854006107784,2.492,2.521
3566211,0.003225,0.0030151169369466617,2.491,2.521
3370866,0.003226,0.0030165132470897004,2.491,2.52
12928624,0.003232,0.0030234410935686224,2.491,2.519
16801410,0.003233,0.003024139248640142,2.49,2.519
285700,0.00324,0.0030299930103936494,2.489,2.519
12611437,0.00324,0.003030422644283815,2.489,2.518
4544760,0.003247,0.003037404194999008,2.489,2.517
13606042,0.003248,0.0030376727161803615,2.488,2.517
4834543,0.003255,0.003043365365225057,2.487,2.517
3550751,0.003256,0.0030444394499504713,2.487,2.516
14761069,0.003263,0.0030501858032314375,2.486,2.516
16098473,0.003264,0.003051421000665664,2.486,2.515
7086826,0.00327,0.003057758100545608,2.485,2.515
10012300,0.00327,0.0030584562556171275,2.485,2.514
4247146,0.003277,0.003065491510568591,2.485,2.513
2426367,0.003278,0.0030661896656401103,2.484,2.513
11200846,0.003285,0.003072580469756325,2.483,2.512
6419858,0.003292,0.0030796694289440592,2.483,2.511
515240,0.003293,0.003079937950125413,2.482,2.511
4633933,0.0033,0.0030863287542416276,2.481,2.511
15015031,0.0033,0.0030867583881317934,2.481,2.51
11823312,0.003307,0.0030939010515557983,2.481,2.509
12619719,0.003308,0.0030948140235724005,2.48,2.509
1689855,0.003313,0.0031009900107435324,2.48,2.508
7408472,0.003316,0.003103299292903173,2.479,2.508
3399770,0.003321,0.003108186378403808,2.479,2.507
13521977,0.003323,0.003110388252090907,2.478,2.507
7085663,0.003328,0.003115329041827813,2.478,2.506
15150317,0.003331,0.003117530915514912,2.477,2.506
4872633,0.003336,0.0031225254094880885,2.477,2.505
15261679,0.003339,0.0031247272831751876,2.476,2.505
3703330,0.003344,0.003129721777148364,2.476,2.504
14101237,0.003346,0.0031313329042364857,2.475,2.504
9829666,0.003351,0.0031369181448086397,2.475,2.503
11619697,0.003354,0.0031393348354408217,2.474,2.503
14743226,0.003358,0.003144168216705186,2.474,2.502
5250034,0.003362,0.0031469071327549923,2.473,2.502
9778931,0.003366,0.0031514182886017324,2.473,2.501
17820736,0.003369,0.0031534053453437486,2.472,2.501
13102669,0.003373,0.0031586683604982787,2.472,2.5
18354102,0.003377,0.003161998023147063,2.471,2.5
14323002,0.00338,0.0031659721366310957,2.471,2.499
13596367,0.003385,0.00317005365858767,2.47,2.499
13456099,0.003387,0.003173222208527642,2.47,2.498
5543855,0.003393,0.0031781092940282767,2.469,2.498
3739703,0.003395,0.00318057968889673,2.469,2.497
18100889,0.003401,0.003186111225232613,2.468,2.497
12828808,0.003402,0.003187883465029547,2.468,2.496
8609000,0.003409,0.003192877959002723,2.467,2.496
11186127,0.003411,0.0031952409453986346,2.467,2.495
2272149,0.003416,0.003199805805481645,2.466,2.495
6649735,0.003419,0.0032025984257677224,2.466,2.494
392370,0.003424,0.0032073781027958156,2.465,2.494
3710206,0.003427,0.003210009610373081,2.465,2.493
785694,0.003432,0.0032144670619835497,2.464,2.493
7191877,0.003435,0.003217367090742168,2.464,2.492
4092885,0.00344,0.003221556021171284,2.463,2.492
13814909,0.003443,0.0032248319795837974,2.463,2.491
12014005,0.003448,0.003229611656611891,2.462,2.491
12324006,0.00345,0.003232243164189156,2.462,2.49
9170855,0.003456,0.0032378284047613103,2.461,2.49
13790232,0.003458,0.003239708053030785,2.461,2.489
10984295,0.003464,0.0032445414342951494,2.46,2.489
514653,0.003466,0.0032471729418724143,2.46,2.488
891382,0.003472,0.003251737801955425,2.459,2.488
12592801,0.003474,0.0032546378307140435,2.459,2.487
11356712,0.00348,0.0032601693670499267,2.458,2.487
9305987,0.003482,0.0032621564237919434,2.458,2.486
6538792,0.003488,0.0032666675796386834,2.457,2.486
6453414,0.003491,0.0032696750168698433,2.457,2.485
8378661,0.003496,0.0032741324684803126,2.456,2.485
4628477,0.003499,0.003277193609947743,2.456,2.484
11880081,0.003504,0.003281543653085671,2.455,2.484
15883989,0.003507,0.003284765907261914,2.455,2.483
3978810,0.003512,0.0032885789080371345,2.454,2.483
16383540,0.003516,0.003292338204576084,2.454,2.482
3864918,0.00352,0.0032955067545160565,2.453,2.482
14128871,0.003525,0.0032999105018902547,2.453,2.481
11814124,0.003528,0.0033026494179400614,2.452,2.481
16820349,0.003533,0.003307536503440696,2.452,2.48
10136276,0.003536,0.0033095772644189834,2.451,2.48
10895426,0.003541,0.0033151625049911374,2.451,2.479
9404156,0.003545,0.0033179551252772144,2.45,2.479
7284778,0.003551,0.0033227885065415788,2.45,2.478
10283764,0.003553,0.0033239699997395346,2.449,2.478
8039091,0.003558,0.003330468212328291,2.449,2.477
2130231,0.003561,0.0033323478605977656,2.448,2.477
17851270,0.003567,0.003338147918115003,2.448,2.476
18584363,0.003569,0.0033402423833295606,2.447,2.476
9097772,0.003575,0.003345827623901715,2.447,2.475
12220236,0.003577,0.003347492455226107,2.446,2.475
7472014,0.003583,0.0033535610339246974,2.446,2.474
8722592,0.003586,0.0033558703160843383,2.445,2.474
7087071,0.00359,0.00336129444394768,2.445,2.473
10530405,0.003594,0.0033646241065964644,2.444,2.473
3086689,0.003599,0.003369027853970663,2.444,2.472
14118595,0.003602,0.0033717667700204693,2.443,2.472
5679823,0.003606,0.0033767612639936458,2.443,2.471
9061604,0.00361,0.0033805205605325957,2.442,2.471
8381889,0.003614,0.0033845483782528993,2.442,2.47
13901221,0.003619,0.0033886299002094736,2.441,2.47
14220727,0.003622,0.003392389196748423,2.441,2.469
3803853,0.003627,0.0033960410848148316,2.44,2.469
10452031,0.003631,0.0034001763110076766,2.44,2.468
6988164,0.003635,0.00340345226942019,2.439,2.468
18539108,0.003639,0.003408017129503201,2.439,2.467
2582109,0.003644,0.0034124208768773995,2.438,2.467
11246598,0.003647,0.003415911652234996,2.438,2.466
8096573,0.003652,0.0034219802309335863,2.437,2.466
3779813,0.003653,0.00342375247073052,2.437,2.465
518866,0.003661,0.0034307340214457128,2.436,2.465
4073460,0.003661,0.0034316469934623146,2.436,2.464
4108961,0.003669,0.003438735952650049,2.435,2.464
12071497,0.003669,0.0034395415161941095,2.435,2.463
17927342,0.003677,0.0034474897431621752,2.435,2.462
7105696,0.003678,0.0034481878982336946,2.434,2.462
7083277,0.003684,0.003455437970130241,2.434,2.461
15629912,0.003686,0.0034567805760370085,2.433,2.461
10149301,0.003693,0.0034633861970983066,2.433,2.46
12303962,0.003695,0.0034652658453677813,2.432,2.46
8573062,0.0037,0.0034713881283026425,2.432,2.459
10021569,0.003703,0.0034736437062260128,2.431,2.459
14220822,0.003709,0.003479390059506979,2.431,2.458
18280231,0.003712,0.003482021567084244,2.43,2.458
1722185,0.003718,0.0034873919907113153,2.43,2.457
1214548,0.00372,0.003488627188145542,2.429,2.457
2676139,0.003726,0.0034954476261519225,2.429,2.456
18133360,0.003729,0.003497595795602751,2.428,2.456
16547210,0.003735,0.003503503261592529,2.428,2.455
18205544,0.003737,0.003504845867499297,2.427,2.455
5751899,0.003742,0.003511612601269407,2.427,2.454
5947677,0.003746,0.003514942263918191,2.426,2.454
17470975,0.00375,0.003519668236710014,2.426,2.453
11246976,0.003755,0.003524018279847942,2.425,2.453
8451394,0.003758,0.003527777576386892,2.425,2.452
14636609,0.003763,0.0035326646618875266,2.424,2.452
7758042,0.003767,0.00353594062030004,2.424,2.451
14269195,0.003772,0.0035413647481633823,2.423,2.451
3228795,0.003774,0.0035441036642131886,2.423,2.45
280501,0.003781,0.0035497426090216134,2.422,2.45
15100909,0.003783,0.003552266708126337,2.422,2.449
15039266,0.003789,0.003558442695297469,2.421,2.449
11065678,0.003791,0.0035604297520394853,2.421,2.448
9365258,0.003798,0.003566390922265535,2.42,2.448
13997852,0.0038,0.0035686465001889046,2.42,2.447
12463139,0.003807,0.003574929895832578,2.419,2.447
14807402,0.003808,0.003576863248338324,2.419,2.446
2792310,0.003816,0.003583415165163351,2.418,2.446
9440421,0.003817,0.003585133700724014,2.418,2.445
10954454,0.003824,0.0035915782090764994,2.417,2.445
17239914,0.003825,0.0035934041531097034,2.417,2.444
12676533,0.003833,0.0035994190275720236,2.416,2.444
1093416,0.003834,0.0036016746054953934,2.416,2.443
13635269,0.003842,0.003609032085864481,2.415,2.443
13959205,0.003842,0.0036099450578810834,2.415,2.442
7497101,0.00385,0.0036182692145030437,2.415,2.441
6005598,0.003851,0.0036196118204098117,2.414,2.441
10832615,0.003858,0.003626647075361275,2.414,2.44
2921760,0.00386,0.003628043385504314,2.413,2.44
854377,0.003867,0.003634971231983236,2.413,2.439
3301684,0.003869,0.0036366897675438985,2.412,2.439
134001,0.003877,0.003643349092841467,2.412,2.438
13379254,0.003878,0.0036439935436767155,2.411,2.438
14950184,0.003886,0.003651189911336991,2.41,2.438
6369876,0.003886,0.003651780657935969,2.41,2.437
2535731,0.003895,0.0036594066594864104,2.409,2.437
5250967,0.003895,0.003660212223030471,2.409,2.436
1736612,0.003904,0.0036685363796524315,2.408,2.436
10410559,0.003904,0.003668643788124973,2.408,2.435
6663672,0.003913,0.0036765920150930386,2.407,2.435
13044907,0.003913,0.003677075353219475,2.407,2.434
12486221,0.003921,0.0036855606225502475,2.407,2.433
18264580,0.003922,0.003685829143731601,2.406,2.433
2698990,0.00393,0.0036940458918810204,2.406,2.432
6775440,0.003931,0.003694475525771186,2.405,2.432
18049544,0.003939,0.003702584865448064,2.405,2.431
1095348,0.003941,0.0037036052459372072,2.404,2.431
8420072,0.003949,0.003711123839015107,2.404,2.43
5014206,0.00395,0.00371133865596019,2.403,2.43
10015926,0.003959,0.0037196628125821508,2.402,2.429
16047175,0.003967,0.0037282554903854646,2.402,2.428
7314724,0.003968,0.003728362898858006,2.401,2.428
4461988,0.003977,0.0037358277876996353,2.4,2.428
14438726,0.003978,0.003736848168188779,2.4,2.427
11949307,0.003986,0.003742648225706016,2.399,2.427
1747901,0.003989,0.0037454408459920933,2.399,2.426
1256317,0.003995,0.0037503816357289986,2.398,2.426
6351035,0.003998,0.003754087228031678,2.398,2.425
7084023,0.004005,0.0037598335813126445,2.397,2.425
12203938,0.004008,0.003762733610071263,2.397,2.424
12322795,0.004014,0.0037683725548796876,2.396,2.424
5125235,0.004017,0.0037713799921108475,2.396,2.423
5202758,0.004023,0.003777126345391814,2.395,2.423
13897935,0.004025,0.0037800800783867033,2.395,2.422
10177626,0.004032,0.003785235685068692,2.394,2.422
21290,0.004035,0.0037888338688988298,2.394,2.421
8267124,0.004042,0.0037950098560699617,2.393,2.421
461603,0.004044,0.003797533955174685,2.393,2.42
14414662,0.004051,0.0038047303228349607,2.392,2.42
12914217,0.004052,0.0038062877456868116,2.392,2.419
9462511,0.00406,0.003813108183693192,2.391,2.419
8416621,0.004062,0.0038150952404352083,2.391,2.418
7659867,0.00407,0.0038227212419856497,2.39,2.418
13118008,0.00407,0.003823849030947335,2.39,2.417
18616637,0.004079,0.0038317972579154,2.389,2.417
15224322,0.00408,0.0038327102299320023,2.389,2.416
16056581,0.004088,0.003839852893356007,2.388,2.416
11967173,0.004089,0.0038415177246803995,2.388,2.415
13518876,0.004098,0.0038489826135220287,2.387,2.415
16760535,0.004099,0.003850378923665067,2.387,2.414
8563647,0.004107,0.0038576289955616133,2.386,2.414
2948110,0.004109,0.003859240122649735,2.386,2.413
15920778,0.004117,0.0038660605606561154,2.385,2.413
11373055,0.004118,0.003868155025870673,2.385,2.412
9959051,0.004126,0.003874868055404512,2.384,2.412
11730943,0.004128,0.0038770699290916117,2.384,2.411
17972902,0.004136,0.003883407028971556,2.383,2.411
7179546,0.004138,0.00388598483231255,2.383,2.41
11149812,0.004145,0.00389199970677487,2.382,2.41
4104062,0.004148,0.0038949534397697593,2.382,2.409
1410973,0.004155,0.0039006460888144547,2.381,2.409
2422758,0.004158,0.003903922047226968,2.381,2.408
6081951,0.004164,0.003908916541200145,2.38,2.408
10341012,0.004168,0.003912944358920448,2.38,2.407
1855263,0.004174,0.003917079585113293,2.379,2.407
18357245,0.004179,0.003921966670613928,2.379,2.406
16956314,0.004184,0.003925242629026442,2.378,2.406
10790996,0.004189,0.003930988982307408,2.378,2.405
5644866,0.004193,0.003933942715302297,2.377,2.405
2615220,0.004199,0.003940064998237159,2.377,2.404
470673,0.004203,0.0039436094778310254,2.376,2.404
7337758,0.004209,0.003949141014166909,2.376,2.403
10539036,0.004213,0.003952416972579423,2.375,2.403
16942298,0.004219,0.00395827073433293,2.375,2.402
5199507,0.004222,0.003960418903783759,2.374,2.402
9316614,0.00423,0.003967346750262681,2.374,2.401
7289483,0.004232,0.003968635651933178,2.373,2.401
3076355,0.00424,0.003976530174664972,2.373,2.4
15874492,0.004242,0.00397787278057174,2.372,2.4
5963387,0.00425,0.003985659894830994,2.372,2.399
7366202,0.004252,0.0039865191626113254,2.371,2.399
11301348,0.004261,0.003994037755689225,2.37,2.399
415465,0.004261,0.003994897023469557,2.37,2.398
18364206,0.004271,0.004002737841965081,2.369,2.398
17370685,0.004272,0.004004080447871849,2.369,2.397
2641670,0.004281,0.004011760153658561,2.368,2.397
8537127,0.004283,0.004013317576510411,2.368,2.396
2793941,0.004291,0.004020460239934416,2.367,2.396
1116635,0.004293,0.004022554705148974,2.367,2.395
15017977,0.004301,0.004028784396556377,2.366,2.395
3783697,0.004305,0.004031845538023808,2.366,2.394
12123938,0.004311,0.004037430778595962,2.365,2.394
6424889,0.004314,0.004041136370898641,2.365,2.393
8567896,0.004321,0.004046506794525713,2.364,2.393
6319346,0.004325,0.004050427203773474,2.364,2.392
5416893,0.004331,0.004055958740109358,2.363,2.392
18579773,0.004334,0.004059771740884579,2.363,2.391
12334716,0.004341,0.004066269953473335,2.362,2.391
1445441,0.004343,0.004069116277995683,2.362,2.39
14996482,0.004351,0.004076044124474605,2.361,2.39
17572870,0.004353,0.004078514519343057,2.361,2.389
7086355,0.004361,0.0040842608726240235,2.36,2.389
15408291,0.004364,0.0040879127606904325,2.36,2.388
1647126,0.004371,0.00409301466313615,2.359,2.388
381788,0.004376,0.004097364706274078,2.359,2.387
15651425,0.004381,0.004101714749412006,2.358,2.387
11200248,0.004386,0.004106816651857723,2.358,2.386
6272665,0.004391,0.004110737061105486,2.357,2.386
2313272,0.004397,0.004116268597441369,2.357,2.385
13230370,0.004401,0.00411938344314507,2.356,2.385
6341357,0.004407,0.004125774247261286,2.356,2.384
1270649,0.004411,0.004128942797201257,2.355,2.384
9657551,0.004418,0.004135279897081201,2.355,2.383
11138016,0.004421,0.004137642883477113,2.354,2.383
1669608,0.004428,0.004144785546901118,2.354,2.382
1691027,0.004431,0.004147094829060759,2.353,2.382
16277699,0.004439,0.004154344900957305,2.353,2.381
15818265,0.004442,0.004156493070408133,2.352,2.381
17323947,0.00445,0.004163904255013492,2.352,2.38
12036381,0.004452,0.0041654616778653425,2.351,2.38
18105149,0.00446,0.00417351731330595,2.351,2.379
11237848,0.004462,0.004174806214976447,2.35,2.379
11909292,0.00447,0.004183130371598408,2.35,2.378
7031679,0.004472,0.004185385949521777,2.349,2.378
6183301,0.004479,0.0041927971341271355,2.349,2.377
11329241,0.004483,0.0041958582755945665,2.348,2.377
15120816,0.00449,0.004202463896655864,2.348,2.376
11717651,0.004493,0.004204773178815505,2.347,2.376
11709475,0.004501,0.004212130659184593,2.347,2.375
14322668,0.004503,0.004213204743910006,2.346,2.375
8100639,0.004513,0.0042218511259495915,2.346,2.374
12112689,0.004514,0.004222871506438735,2.345,2.374
15154275,0.004524,0.004230819733406801,2.344,2.374
11891272,0.004525,0.004231571592714591,2.344,2.373
15523900,0.004535,0.004240432791699259,2.343,2.373
16725828,0.004536,0.00424134576371586,2.343,2.372
929604,0.004545,0.004249831033046633,2.342,2.372
5867361,0.004546,0.00425111993471713,2.342,2.371
7209454,0.004556,0.004260464471828235,2.341,2.371
16942359,0.004556,0.0042608941057184005,2.341,2.37
5622500,0.004566,0.004270184938593233,2.34,2.37
16645606,0.004566,0.0042707219809559405,2.34,2.369
737773,0.004577,0.004280120222303316,2.339,2.369
5830326,0.004577,0.004280603560429752,2.339,2.368
220881,0.004587,0.004289196238233066,2.338,2.368
14937962,0.004588,0.004290431435667293,2.338,2.367
10410507,0.004598,0.004299346338888231,2.337,2.367
4561818,0.004599,0.004300313015141104,2.337,2.366
15245566,0.004608,0.004308583467526794,2.336,2.366
3695994,0.004609,0.004310248298851186,2.336,2.365
10970231,0.004619,0.0043188409766545,2.335,2.365
16534966,0.00462,0.0043201835825612675,2.335,2.364
15523896,0.00463,0.0043284540349469575,2.334,2.364
7954221,0.004632,0.0043301725705076205,2.334,2.363
2516020,0.00464,0.004337798572058062,2.333,2.363
11799586,0.004642,0.004340107854217703,2.333,2.362
11202206,0.004651,0.004348324602367121,2.332,2.362
400529,0.004652,0.004350150546400326,2.332,2.361
419157,0.004662,0.004359011745384994,2.331,2.361
2896151,0.004663,0.004360139534346679,2.331,2.36
12079133,0.004672,0.0043674970147157665,2.33,2.36
3063345,0.004674,0.004370235930765572,2.33,2.359
1501448,0.004683,0.004378452678914992,2.329,2.359
6070543,0.004684,0.004380278622948196,2.329,2.358
2904553,0.004694,0.004389354638877947,2.328,2.358
14739285,0.004695,0.004390375019367091,2.328,2.357
15615455,0.004705,0.004398269542098885,2.327,2.357
11933790,0.004708,0.004400525120022255,2.327,2.356
7799819,0.004716,0.004407291853792365,2.326,2.356
8085861,0.00472,0.00441067522067742,2.326,2.355
7842934,0.004727,0.00441669009513974,2.325,2.355
8076930,0.004731,0.004420825321332584,2.325,2.354
12316705,0.004737,0.0044259809280145735,2.324,2.354
11383157,0.004742,0.00443102912622402,2.324,2.353
3395211,0.004748,0.004435755099015843,2.323,2.353
16793716,0.004754,0.004441232931115455,2.323,2.352
7476399,0.004759,0.004445851495434737,2.322,2.352
16034530,0.004765,0.004451436736006891,2.322,2.351
18464450,0.00477,0.004456001596089902,2.321,2.351
16628351,0.004775,0.004461747949370869,2.321,2.35
2594362,0.004781,0.004466849851816586,2.32,2.35
14957387,0.004786,0.004472005458498574,2.32,2.349
1588936,0.004792,0.00447694624823548,2.319,2.349
6975396,0.004798,0.004482316671862552,2.319,2.348
7446784,0.004803,0.004485700038747606,2.318,2.348
10981441,0.00481,0.004492627885226528,2.318,2.347
437032,0.004814,0.004496064956347854,2.317,2.347
2574187,0.004821,0.004502992802826776,2.317,2.346
12319453,0.004826,0.0045064298739481016,2.316,2.346
14271412,0.004834,0.004513411424663294,2.316,2.345
12389100,0.004837,0.004516526270366996,2.315,2.345
7549168,0.004844,0.004523776342263542,2.315,2.344
15386706,0.004848,0.00452656896254962,2.314,2.344
4564213,0.004857,0.00453419496410006,2.314,2.343
2657055,0.004859,0.004535376457298016,2.313,2.343
9978111,0.004868,0.00454466729017285,2.313,2.342
7037425,0.00487,0.004546493234206054,2.312,2.342
17640632,0.00488,0.004555139616245639,2.312,2.341
8966166,0.004881,0.004555569250135804,2.311,2.341
6401719,0.004892,0.004565665646554699,2.311,2.34
9593493,0.004893,0.004566095280444864,2.31,2.34
6113628,0.004904,0.004575923155682405,2.309,2.34
10276294,0.004904,0.004576191676863759,2.309,2.339
3488177,0.004913,0.004586717707172818,2.309,2.338
1732383,0.004915,0.004588436242733481,2.308,2.338
4476640,0.004923,0.004597297441718149,2.308,2.337
6687374,0.004927,0.004600090062004226,2.307,2.337
14156855,0.004936,0.004607877176263479,2.307,2.336
6192083,0.004938,0.004609112373697706,2.306,2.336
3691294,0.004948,0.004618510615045081,2.306,2.335
17999797,0.004949,0.004618618023517622,2.305,2.335
1412415,0.00496,0.004629144053826682,2.305,2.334
14093597,0.004961,0.004629305166535494,2.304,2.334
329949,0.004972,0.004638166365520162,2.303,2.334
3516614,0.004973,0.004639831196844554,2.303,2.333
16230561,0.004984,0.004650518339862426,2.302,2.332
16448951,0.004995,0.004660990665935215,2.301,2.332
17441811,0.004995,0.004661259187116569,2.301,2.331
8069385,0.005007,0.00467194633013444,2.3,2.331
292612,0.005007,0.004672000034370711,2.3,2.33
17096166,0.005018,0.0046807538248828376,2.299,2.33
6943230,0.00502,0.004682740881624854,2.299,2.329
3037059,0.00503,0.004691440967900709,2.298,2.329
9176965,0.005032,0.004693535433115267,2.298,2.328
4733839,0.005041,0.004699872532995211,2.297,2.328
17989582,0.005046,0.004704383688841952,2.297,2.327
14821147,0.005053,0.004709915225177835,2.296,2.327
9194456,0.005059,0.004715231944568635,2.296,2.326
1178904,0.005065,0.0047202264385418115,2.295,2.326
4395780,0.005071,0.00472608020029532,2.295,2.325
11602264,0.005076,0.004730108018015623,2.294,2.325
2969961,0.005083,0.004736982160258274,2.294,2.324
9541543,0.005088,0.004741439611868743,2.293,2.324
7865353,0.005095,0.00474788412022123,2.293,2.323
3983514,0.0051,0.004752610093013052,2.292,2.323
12835421,0.005107,0.004758839784420455,2.292,2.322
3047937,0.005111,0.0047625453767231336,2.291,2.322
17114406,0.005118,0.004769849152855951,2.291,2.321
7716276,0.005123,0.004775219576483023,2.29,2.321
9453913,0.005128,0.004780804817055177,2.29,2.32
16876779,0.005135,0.00478633635339106,2.289,2.32
8602974,0.005141,0.004791867889726943,2.289,2.319
231035,0.005147,0.0047969697921726616,2.288,2.319
7174295,0.005152,0.00480287725816244,2.288,2.318
18508792,0.005159,0.004808838428388489,2.287,2.318
12367397,0.005165,0.0048139403308342064,2.287,2.317
6164680,0.005171,0.004819525571406361,2.286,2.317
7111838,0.005176,0.004825057107742245,2.286,2.316
7407894,0.005183,0.004830964573732023,2.285,2.316
3476993,0.005189,0.004836173884650282,2.285,2.315
3151550,0.005194,0.004840792448969564,2.284,2.315
11050185,0.005202,0.004847344365794591,2.284,2.314
8647879,0.005206,0.004850405507262021,2.283,2.314
11742483,0.005215,0.004858514846938899,2.283,2.313
9983547,0.005218,0.004860609312153457,2.282,2.313
10589145,0.005229,0.004869685328083207,2.282,2.312
8028303,0.00523,0.004870437187390997,2.281,2.312
10779208,0.00524,0.004880909513463786,2.281,2.311
7585432,0.005243,0.004883272499859698,2.28,2.311
3980850,0.005251,0.004892187403080636,2.28,2.31
10293481,0.005255,0.004894872614894172,2.279,2.31
18042930,0.005264,0.004903465292697486,2.279,2.309
11848,0.005267,0.004905667166384585,2.278,2.309
9530277,0.005275,0.004914743182314336,2.278,2.308
310056,0.005279,0.004917911732254308,2.277,2.308
14662738,0.005288,0.004926074776167457,2.277,2.307
8774735,0.005291,0.004928115537145743,2.276,2.307
14755437,0.005301,0.0049374600742568475,2.276,2.306
7651881,0.005303,0.004939232314053781,2.275,2.306
3979238,0.005312,0.004948845372346238,2.275,2.305
16394688,0.005315,0.004951047246033338,2.274,2.305
5125306,0.005324,0.00496023067043563,2.274,2.304
7253439,0.005328,0.004962754769540353,2.273,2.304
10393278,0.005338,0.004971669672761292,2.273,2.303
7868281,0.00534,0.004973549321030767,2.272,2.303
2640536,0.005351,0.004983108675086954,2.272,2.302
8074594,0.005352,0.004983699421685932,2.271,2.302
15569958,0.005365,0.004994440268940074,2.27,2.302
11874904,0.005365,0.0049946013816488865,2.27,2.301
18121134,0.005377,0.005005986679738277,2.269,2.301
3340989,0.005377,0.00500614779244709,2.269,2.3
5302807,0.005389,0.005017157160882586,2.268,2.3
12908432,0.005389,0.0050176942032452935,2.268,2.299
12254422,0.005402,0.005028166529318082,2.267,2.299
6579244,0.005403,0.0050292406140434965,2.267,2.298
11028084,0.005414,0.005038370334209518,2.266,2.298
11383033,0.005416,0.005040840729077971,2.266,2.297
8277691,0.005427,0.005050400083134158,2.265,2.297
8893680,0.005429,0.005052440844112445,2.265,2.296
6360075,0.005439,0.005061409451569654,2.264,2.296
17566177,0.005442,0.005064094663383189,2.264,2.295
15554115,0.005452,0.005073224383549211,2.263,2.295
14069804,0.005454,0.005075748482653935,2.263,2.294
5432676,0.005464,0.00508450227316606,2.262,2.294
16958986,0.005466,0.00508745600616095,2.262,2.293
1191072,0.005477,0.005097659811052386,2.261,2.293
8294672,0.005478,0.005099217233904236,2.261,2.292
3931466,0.005489,0.005110978461647523,2.261,2.291
15144459,0.00549,0.005111676616719042,2.26,2.291
2130076,0.005502,0.005122148942791831,2.259,2.291
12610577,0.005502,0.005122739689390809,2.259,2.29
4460515,0.005515,0.00513331942393614,2.258,2.29
14904969,0.005516,0.005134554621370365,2.258,2.289
3058495,0.005528,0.005144865834734343,2.257,2.289
16039629,0.005529,0.005146369553349923,2.257,2.288
17411098,0.00554,0.005156090020114921,2.256,2.288
2397416,0.005542,0.00515823818956575,2.256,2.287
11560961,0.005553,0.005166669754660252,2.255,2.287
6176927,0.005556,0.005170160530017848,2.255,2.286
8924612,0.005566,0.0051780013485133725,2.254,2.286
3788865,0.00557,0.005182082870469947,2.254,2.285
16498920,0.005579,0.0051889570127125985,2.253,2.285
3983491,0.005585,0.005194005210922045,2.253,2.284
15703004,0.005592,0.00519964415573047,2.252,2.284
37708,0.005599,0.005205981255610414,2.252,2.283
13583036,0.005605,0.00521092204534732,2.251,2.283
10865128,0.005612,0.005217957300298784,2.251,2.282
3975054,0.005617,0.005221877709546545,2.25,2.282
10790877,0.005626,0.005229987049223423,2.25,2.281
8136063,0.00563,0.005233692641526103,2.249,2.281
7165952,0.005639,0.0052420705023843335,2.249,2.28
1858978,0.005643,0.005245400165033118,2.248,2.28
322323,0.005652,0.005254153955545245,2.248,2.279
6424412,0.005656,0.005258396590210631,2.247,2.279
7178590,0.005664,0.005266237408706155,2.247,2.278
13810424,0.005669,0.0052711244942067895,2.246,2.278
11009162,0.005677,0.005278374566103336,2.246,2.277
3931690,0.005682,0.005282294975351098,2.245,2.277
7940505,0.005692,0.005290565427736788,2.245,2.276
7425325,0.005696,0.005293304343786594,2.244,2.276
2875245,0.005706,0.00530275628937024,2.244,2.275
17484544,0.005709,0.005304689641875986,2.243,2.275
6205212,0.00572,0.0053150008552399625,2.243,2.274
14407625,0.005722,0.005315967531492835,2.242,2.274
11083206,0.005734,0.005327245421109685,2.242,2.273
5478229,0.005735,0.005327406533818497,2.241,2.273
15094705,0.005748,0.005338362198017723,2.24,2.273
15295677,0.005749,0.005339543691215679,2.24,2.272
6761987,0.005762,0.0053500160172884675,2.239,2.272
4286589,0.005764,0.005351841961321672,2.239,2.271
6521816,0.005775,0.005361508723850401,2.238,2.271
2032065,0.005778,0.005364140231427665,2.238,2.27
17735033,0.005788,0.005372571796522167,2.237,2.27
17221631,0.005791,0.0053765459100062005,2.237,2.269
11850607,0.005801,0.005384708953919348,2.236,2.269
16484032,0.005806,0.005388951588584735,2.236,2.268
2812133,0.005815,0.005397114632497884,2.235,2.268
12791989,0.005819,0.00540135726716327,2.235,2.267
10208256,0.005828,0.005408661043296087,2.234,2.267
3835298,0.005834,0.005413816649978075,2.234,2.266
14264734,0.005842,0.005421066721874621,2.233,2.266
9520135,0.005848,0.005426276032792881,2.233,2.265
5696014,0.005855,0.005430948301348433,2.232,2.265
3886242,0.005864,0.005438789119843957,2.232,2.264
5692591,0.005869,0.005443300275690697,2.231,2.264
14537621,0.005878,0.005451302206895033,2.231,2.263
10008162,0.005882,0.005454148531417381,2.23,2.263
4984570,0.005892,0.00546386899818238,2.23,2.262
17068995,0.005896,0.0054675745904850595,2.229,2.262
16417798,0.005905,0.005476489493705998,2.229,2.261
2639797,0.005909,0.005480033973299865,2.228,2.261
7801435,0.005917,0.005489109989229616,2.228,2.26
7575864,0.005923,0.005493406328131272,2.227,2.26
2797520,0.005933,0.005501784188989504,2.227,2.259
10094492,0.005937,0.005505006443165747,2.226,2.259
3519610,0.005947,0.005514458388749392,2.226,2.258
13149663,0.00595,0.005517089896326657,2.225,2.258
1334085,0.005961,0.005527186292745551,2.225,2.257
4247196,0.005964,0.005530193729976711,2.224,2.257
6123087,0.005974,0.0055399141967417105,2.224,2.256
10444687,0.005978,0.005543297563626765,2.223,2.256
1179563,0.005988,0.00555269580497414,2.223,2.255
7724265,0.005992,0.005556132876095465,2.222,2.255
2023951,0.006002,0.00556547741320657,2.222,2.254
40703,0.006005,0.005567894103838752,2.221,2.254
16734712,0.006016,0.00557831272567527,2.221,2.253
16762897,0.006019,0.005580890529016265,2.22,2.253
6887318,0.00603,0.005591148038143971,2.22,2.252
1313244,0.006033,0.005592329531341926,2.219,2.252
9368172,0.006047,0.0056036074209587765,2.218,2.252
7307647,0.006047,0.005604037054848942,2.218,2.251
11223447,0.006061,0.005616389029191206,2.217,2.251
16577433,0.006061,0.005616979775790184,2.217,2.25
11132794,0.006075,0.0056286335950609286,2.216,2.25
13736051,0.006075,0.005629922496731426,2.216,2.249
8413171,0.006089,0.005641791132947253,2.215,2.249
6067021,0.006089,0.005642918921908938,2.215,2.248
4110286,0.006103,0.0056547875581247665,2.214,2.248
9662749,0.006104,0.005655915347086451,2.214,2.247
5883353,0.006117,0.005667945096011091,2.213,2.247
17317951,0.006118,0.005668965476500235,2.213,2.246
3969250,0.006131,0.005679652619518106,2.212,2.246
17290401,0.006133,0.005682015605914018,2.212,2.245
7799033,0.006145,0.005692273115041724,2.211,2.245
13261592,0.006147,0.005695119439564072,2.211,2.244
3632350,0.006159,0.005704088047021281,2.21,2.244
12398357,0.006164,0.005708223273214126,2.21,2.243
17731469,0.006174,0.0057167622467811695,2.209,2.243
16040307,0.006178,0.0057213808111004506,2.209,2.242
14255781,0.006188,0.005728738291469538,2.208,2.242
17630440,0.006193,0.005734592053223046,2.208,2.241
5239633,0.006202,0.005742056942064675,2.207,2.241
18032037,0.006208,0.005747803295345642,2.207,2.24
10054285,0.006216,0.005753442240154067,2.206,2.24
9361730,0.006224,0.005761068241704508,2.206,2.239
5462400,0.006231,0.005767351637348182,2.205,2.239
12519063,0.006239,0.005774333188063374,2.205,2.238
6587465,0.006245,0.00577852211849249,2.204,2.238
13028614,0.006256,0.005787651838658511,2.204,2.237
5460518,0.006259,0.005789907416581881,2.203,2.237
2912262,0.006271,0.005800970489253648,2.203,2.236
10631694,0.006274,0.005802689024814311,2.202,2.236
8532277,0.006288,0.0058143428440850554,2.201,2.235
1584956,0.006302,0.005827768903152734,2.201,2.234
13371129,0.006303,0.005828091128570358,2.2,2.234
10842856,0.006317,0.005840926441039059,2.199,2.234
4949014,0.006317,0.005841194962220413,2.199,2.233
12724466,0.006332,0.005854459908579279,2.198,2.233
2598616,0.006332,0.005854674725524362,2.198,2.232
16552756,0.006346,0.005866758178685272,2.197,2.232
368375,0.006347,0.005868154488828311,2.197,2.231
16061033,0.006361,0.005877874955593309,2.196,2.231
13494617,0.006365,0.00588168795636853,2.196,2.23
6336337,0.006376,0.005891193606188447,2.195,2.23
5561693,0.00638,0.00589522142390875,2.195,2.229
17192071,0.00639,0.0059041900313659594,2.194,2.229
11986510,0.006395,0.005908862299921511,2.194,2.228
11796505,0.006405,0.0059178309073787206,2.193,2.228
16887290,0.006409,0.005922449471698002,2.193,2.227
1118899,0.00642,0.005932438459644355,2.192,2.227
7373127,0.006424,0.005936090347710763,2.192,2.226
7165782,0.006435,0.00594564970176695,2.191,2.226
2470709,0.00644,0.005949784927959795,2.191,2.225
1117520,0.00645,0.005959827620142418,2.19,2.225
1874165,0.006454,0.005963533212445097,2.19,2.224
10619433,0.006464,0.0059715351436494335,2.189,2.224
7588037,0.00647,0.0059772814969304,2.189,2.223
16698422,0.006479,0.0059848000900083,2.188,2.223
7122781,0.006485,0.005991029781415703,2.188,2.222
16372088,0.006494,0.0059988705999112265,2.187,2.222
3732849,0.006499,0.006004831770137276,2.187,2.221
3271643,0.006509,0.006012994814050424,2.186,2.221
10764062,0.006516,0.00601868746309512,2.186,2.22
9804733,0.006524,0.006026098647700479,2.185,2.22
168108,0.006531,0.006032543156052964,2.185,2.219
1990624,0.006539,0.006039524706768157,2.184,2.219
18106790,0.006548,0.006046452553247079,2.184,2.218
12322885,0.006554,0.006051232230275172,2.183,2.218
3078026,0.006564,0.006060415654677465,2.183,2.217
9418428,0.00657,0.006065947191013348,2.182,2.217
6457121,0.006579,0.00607437875610785,2.182,2.216
16169931,0.006585,0.006079158433135943,2.181,2.216
11838838,0.006594,0.006088395561774506,2.181,2.215
18549091,0.0066,0.006093551168456494,2.18,2.215
4115213,0.006608,0.006102412367441162,2.18,2.214
6457102,0.006615,0.00610826612919467,2.179,2.214
2887645,0.006624,0.006116482877344089,2.179,2.213
1444244,0.00663,0.006122444047570138,2.178,2.213
17423530,0.006639,0.006130607091483287,2.178,2.212
5772673,0.006646,0.006136568261709336,2.177,2.212
2592759,0.006655,0.006144731305622484,2.177,2.211
12173220,0.006661,0.006149457278414307,2.176,2.211
6198988,0.006672,0.006158855519761682,2.176,2.21
2919786,0.006676,0.006162077773937925,2.175,2.21
7790267,0.006686,0.006173087142373421,2.175,2.209
17021335,0.006692,0.006177276072802536,2.174,2.209
447341,0.006703,0.00618731876498516,2.174,2.208
4890158,0.006707,0.00619027249798005,2.173,2.208
18052611,0.006719,0.006201550387596899,2.173,2.207
14602114,0.006723,0.0062049337544819545,2.172,2.207
17770001,0.006734,0.00621588941868118,2.172,2.206
10243269,0.006738,0.006219111672857423,2.171,2.206
15665351,0.006747,0.006230174745529189,2.171,2.205
3033716,0.006754,0.00623549146491999,2.17,2.205
130516,0.006764,0.006244567480849741,2.17,2.204
999034,0.006769,0.006249508270586646,2.169,2.204
17577231,0.006778,0.006258960216170292,2.169,2.203
5500582,0.006785,0.00626561954146786,2.168,2.203
763247,0.006792,0.006273406655727114,2.168,2.202
2929959,0.0068,0.006280603023387389,2.167,2.202
5120515,0.006808,0.006287853095283936,2.167,2.201
10377598,0.006816,0.006294512420581504,2.166,2.201
1358718,0.006824,0.006302353239077028,2.166,2.2
16127026,0.006832,0.006308207000830536,2.165,2.2
5267928,0.006841,0.006316853382870121,2.165,2.199
3548305,0.006847,0.006321579355661943,2.164,2.199
4131587,0.006858,0.006331407230899484,2.164,2.198
6690343,0.006863,0.006335488752856058,2.163,2.198
13123413,0.006874,0.006346014783165118,2.163,2.197
17975282,0.006879,0.006349720375467797,2.162,2.197
9850118,0.00689,0.006360676039667023,2.162,2.196
12266094,0.006895,0.00636422051926089,2.161,2.196
15638810,0.006906,0.006375337296168928,2.161,2.195
10005688,0.006911,0.0063790965927078775,2.16,2.195
7367941,0.006921,0.006389998552670833,2.16,2.194
7387886,0.006927,0.0063956374974792575,2.159,2.194
7940440,0.006937,0.006404767217645279,2.159,2.193
14859100,0.006943,0.006409815415854726,2.158,2.193
16183246,0.006954,0.006419535882619725,2.158,2.192
11847176,0.006959,0.00642297295374105,2.157,2.192
18384825,0.00697,0.0064343045475941715,2.157,2.191
11162986,0.006975,0.006437902731424309,2.156,2.191
12358143,0.006986,0.0064491269168048876,2.156,2.19
17211207,0.006991,0.006452563987926214,2.155,2.19
3764053,0.007004,0.006464002990251875,2.155,2.189
17679161,0.007007,0.006466204863938975,2.154,2.189
8056906,0.007019,0.006478932767935134,2.154,2.188
12735840,0.007023,0.006482316134820189,2.153,2.188
11753750,0.007035,0.006493862545618392,2.153,2.187
10249997,0.007039,0.0064987496311190275,2.152,2.187
399984,0.007049,0.00650879232330165,2.152,2.186
8076619,0.007056,0.006515290535890407,2.151,2.186
8235831,0.007065,0.00652382950945745,2.151,2.185
14026994,0.007072,0.006531401806771621,2.15,2.185
4475197,0.00708,0.00653886669561325,2.15,2.184
16552707,0.007088,0.006546814922581316,2.149,2.184
13195306,0.007096,0.00655390388176905,2.149,2.183
16952152,0.007104,0.006560831728247972,2.148,2.183
7446899,0.007112,0.006569048476397391,2.148,2.182
8443178,0.007121,0.006577050407601728,2.147,2.182
12492816,0.007128,0.0065841930710257325,2.147,2.181
14757948,0.007137,0.006592248706466339,2.146,2.181
10321530,0.007143,0.006599337665654073,2.146,2.18
6957541,0.007154,0.006608574794292636,2.145,2.18
7411238,0.00716,0.006614589668754956,2.145,2.179
7645989,0.00717,0.006624578656701309,2.144,2.179
14045916,0.007175,0.006629841671855838,2.144,2.178
8526542,0.007187,0.00664203253348929,2.143,2.178
12223012,0.007189,0.006645093674956721,2.143,2.177
357885,0.007203,0.00665932529756846,2.142,2.177
17954143,0.007203,0.0066603993822938745,2.142,2.176
5923695,0.00722,0.006675382864213404,2.141,2.176
6869479,0.00722,0.006675758793867299,2.141,2.175
11362370,0.007236,0.0066911719096769936,2.141,2.174
2587671,0.007237,0.006692031177457324,2.14,2.174
3236753,0.007253,0.006706370208541605,2.139,2.174
16582119,0.007253,0.0067065850254866876,2.139,2.173
1783267,0.007269,0.006722051845532653,2.139,2.172
515362,0.00727,0.006722266662477736,2.138,2.172
16698053,0.007286,0.0067375723698148895,2.138,2.171
12983707,0.007287,0.006738646454540304,2.137,2.171
900581,0.007302,0.006753092894097126,2.137,2.17
6474183,0.007303,0.006753576232223562,2.136,2.17
2440935,0.00732,0.006768667122615633,2.135,2.169
12519118,0.007337,0.006784080238425328,2.134,2.169
12998988,0.007337,0.00678424135113414,2.134,2.168
7551806,0.007354,0.006798311861037067,2.133,2.168
11296185,0.007355,0.006799869283888917,2.133,2.167
17320921,0.007371,0.006813886089555573,2.132,2.167
10340406,0.007372,0.006815550920879965,2.132,2.166
1078772,0.007388,0.006829836247727975,2.131,2.166
18532862,0.007389,0.0068312862621072844,2.131,2.165
9855482,0.007403,0.006847021603334604,2.131,2.164
1078775,0.007405,0.006848095688060018,2.13,2.164
9314613,0.007422,0.006862005085254133,2.129,2.164
16236281,0.007422,0.0068628106487981936,2.129,2.163
13625556,0.007439,0.00687768672224518,2.128,2.163
10096367,0.00744,0.006878599694261783,2.128,2.162
12830337,0.007456,0.0068914887109667545,2.127,2.162
2351769,0.007459,0.006894496148197914,2.127,2.161
14766799,0.007474,0.006907975911501863,2.126,2.161
6189158,0.007476,0.006910392602134045,2.126,2.16
3550590,0.007491,0.006925590900998657,2.125,2.16
10861180,0.007491,0.006926289056070177,2.125,2.159
18397371,0.007508,0.006940789199863269,2.124,2.159
3722430,0.00751,0.006942292918478849,2.124,2.158
3742793,0.007525,0.006957598625816002,2.123,2.158
16588622,0.007525,0.006958296780887521,2.123,2.157
9374724,0.007542,0.006974300643296194,2.123,2.156
15821389,0.007543,0.0069746228687138185,2.122,2.156
1947929,0.007559,0.0069904119141774084,2.122,2.155
21515,0.00756,0.006990573026886221,2.121,2.155
13277567,0.007577,0.007006523185058622,2.121,2.154
11828307,0.007578,0.0070071139316576,2.12,2.154
17417631,0.007595,0.007021184441560527,2.119,2.154
3763855,0.007596,0.007022634455939836,2.119,2.153
6336378,0.007613,0.007036866078551575,2.118,2.153
1572883,0.007615,0.007038853135293592,2.118,2.152
5254572,0.00763,0.007053997729921933,2.117,2.152
10802660,0.007631,0.007055071814647347,2.117,2.151
8889082,0.007648,0.0070712367897648315,2.116,2.151
7639117,0.007648,0.007071344198237373,2.116,2.15
10268164,0.007665,0.0070854147081403,2.115,2.15
8475179,0.007667,0.007087616581827399,2.115,2.149
11571417,0.007683,0.007100559302768641,2.114,2.149
5254595,0.007687,0.007103996373889967,2.114,2.148
17010946,0.007701,0.00711624093975969,2.113,2.148
2696656,0.007704,0.007120376165952535,2.113,2.147
13751464,0.007718,0.007131224421679219,2.112,2.147
7503871,0.007725,0.007136755958015102,2.112,2.146
630131,0.007736,0.007145456044290958,2.111,2.146
37609,0.007745,0.007153243158550211,2.111,2.145
13400585,0.007754,0.007160976568573194,2.11,2.145
5818170,0.007765,0.0071697303590853205,2.11,2.144
3971195,0.007772,0.007175047078476121,2.109,2.144
16907731,0.007784,0.007186217559620429,2.109,2.143
9901222,0.00779,0.0071920713213739365,2.108,2.143
17811774,0.007801,0.00720281216862808,2.108,2.142
2912591,0.007808,0.007208290000727692,2.107,2.142
3219011,0.007819,0.00721940677763573,2.107,2.141
18187457,0.007826,0.007224508680081448,2.106,2.141
2569432,0.007838,0.007236055090879651,2.106,2.14
8075727,0.007844,0.007240995880616557,2.105,2.14
3201522,0.007857,0.007252757108359843,2.105,2.139
11540360,0.007862,0.007256033066772357,2.104,2.139
4918013,0.007877,0.007269459125840035,2.104,2.138
12203327,0.00788,0.007271660999527134,2.103,2.138
14039931,0.007896,0.007286214847556497,2.103,2.137
4039036,0.007898,0.007288309312771055,2.102,2.137
6663482,0.007913,0.007303024273509231,2.102,2.136
3780264,0.007916,0.007305279851432601,2.101,2.136
9328590,0.007932,0.0073198336994619645,2.101,2.135
12609628,0.007935,0.007321981868912792,2.1,2.135
14952502,0.00795,0.007336696829650968,2.1,2.134
13494612,0.007953,0.007338146844030277,2.099,2.134
10278535,0.007969,0.007353613664076243,2.099,2.133
3879790,0.007971,0.00735490256574674,2.098,2.133
2362459,0.007987,0.007370584202737788,2.098,2.132
17629799,0.00799,0.00737375275267776,2.097,2.132
12071219,0.008003,0.007387554741399334,2.097,2.131
8993679,0.008008,0.007391152925229472,2.096,2.131
17953925,0.008021,0.00740457898429715,2.096,2.13
1701879,0.008027,0.007409788295215409,2.095,2.13
2685080,0.00804,0.007421656931431236,2.095,2.129
3537273,0.008045,0.0074250940025525625,2.094,2.129
12306230,0.00806,0.007438788582801594,2.094,2.128
4194791,0.008064,0.007442010836977837,2.093,2.128
16509357,0.008079,0.007455920234171952,2.093,2.127
8617480,0.008082,0.007457960995150239,2.092,2.127
2028018,0.008098,0.00747310558977858,2.092,2.126
399263,0.008101,0.007475790801592116,2.091,2.126
419225,0.008116,0.007490344649621479,2.091,2.125
5006626,0.008119,0.007492492819072307,2.09,2.125
2889507,0.008136,0.007507583709464378,2.09,2.124
1635965,0.008138,0.007508818906898604,2.089,2.124
12199282,0.008154,0.007524930177779819,2.089,2.123
15185293,0.008157,0.0075268635302855645,2.088,2.123
5260304,0.008175,0.0075422766460952586,2.088,2.122
16583460,0.008176,0.007543350730820673,2.087,2.122
16729240,0.008194,0.007559623114410699,2.087,2.121
4957633,0.008195,0.007560213861009677,2.086,2.121
15688659,0.008212,0.007577076991198682,2.086,2.12
11070405,0.008213,0.007577184399671223,2.085,2.12
12847898,0.008232,0.0075944234595141215,2.084,2.12
14612587,0.008232,0.007594530867986663,2.084,2.119
13453327,0.008249,0.007612038449010916,2.084,2.118
2036192,0.008251,0.007613381054917684,2.083,2.118
3218406,0.008268,0.007629599734271439,2.083,2.117
2551446,0.00827,0.0076307812274693946,2.082,2.117
811402,0.008285,0.007647161019531962,2.082,2.116
12148761,0.008289,0.007650974020307183,2.081,2.116
3637910,0.008302,0.007664829713265027,2.081,2.115
13354500,0.008309,0.007670951996199888,2.08,2.115
8378054,0.00832,0.007682498406998092,2.08,2.114
5994741,0.008328,0.0076885132814604115,2.079,2.114
13997035,0.008338,0.007700167100731156,2.079,2.113
6448797,0.008347,0.007706665313319912,2.078,2.113
10203876,0.008359,0.0077179432029367626,2.078,2.112
7312618,0.008366,0.007723904373162812,2.077,2.112
16051289,0.008377,0.007735719305142368,2.077,2.111
6528821,0.008385,0.007741358249950794,2.076,2.111
1078693,0.008399,0.0077535491115842455,2.076,2.11
5200917,0.008405,0.007757147295414383,2.075,2.11
1465723,0.008419,0.007771432622262393,2.075,2.109
955705,0.008424,0.007775084510328802,2.074,2.109
3007063,0.008438,0.007789369837176811,2.074,2.108
1759667,0.008444,0.007794203218441175,2.073,2.108
10278594,0.008458,0.007807307052091229,2.073,2.107
13756849,0.008463,0.0078106904189762846,2.072,2.107
13613985,0.008477,0.007825297971241919,2.072,2.106
5188774,0.008483,0.007830453577923908,2.071,2.106
12083232,0.008495,0.007843342594628879,2.071,2.105
9888479,0.008502,0.00785021673687153,2.07,2.105
11522406,0.008514,0.007861440922252109,2.07,2.104
18324631,0.008522,0.007868637289912384,2.069,2.104
15215208,0.008534,0.007879539249875339,2.069,2.103
15498540,0.008541,0.007885285603156305,2.068,2.103
16222482,0.008554,0.00789769128173484,2.068,2.102
4957611,0.008561,0.007904350607032408,2.067,2.102
6430299,0.008572,0.007915897017830612,2.067,2.101
4339557,0.008581,0.007923630427853596,2.066,2.101
16383709,0.008591,0.007934156458162655,2.066,2.1
2481074,0.008601,0.007942319502075803,2.065,2.1
15193887,0.008613,0.007952469602730968,2.065,2.099
13340798,0.00862,0.007959934491572597,2.064,2.099
6643109,0.008631,0.00797078274729928,2.064,2.098
14028044,0.00864,0.007977818002250744,2.063,2.098
15121524,0.008652,0.007989149596103865,2.063,2.097
2813036,0.00866,0.00799634596376414,2.062,2.097
17740529,0.00867,0.00800757014914472,2.062,2.096
5084148,0.00868,0.008017505432854802,2.061,2.096
18113884,0.008689,0.008026044406421845,2.061,2.095
5274467,0.0087,0.008038235268055298,2.06,2.095
4957470,0.008705,0.008044518663698971,2.06,2.094
14663027,0.00872,0.008057783610057836,2.059,2.094
622242,0.008725,0.008063100329448637,2.059,2.093
4535162,0.00874,0.008076687501225128,2.058,2.093
1053047,0.008745,0.008081681995198304,2.058,2.092
7940463,0.00876,0.008094732124612088,2.057,2.092
14334522,0.008765,0.008100317365184241,2.057,2.091
2800639,0.008781,0.008113797128488191,2.056,2.091
12110029,0.008786,0.008118952735170179,2.056,2.09
18325416,0.008801,0.008132808428128023,2.055,2.09
1418858,0.008806,0.008137695513628659,2.055,2.089
8376916,0.008821,0.0081506382345699,2.054,2.089
1610772,0.008827,0.008156438292087138,2.054,2.088
692331,0.008841,0.008168897674901943,2.053,2.088
4957305,0.008847,0.008175234774781886,2.053,2.087
9843059,0.008862,0.008188070087250587,2.052,2.087
6165224,0.008868,0.008194084961712908,2.052,2.086
11581997,0.008882,0.008206222119110089,2.051,2.086
14156919,0.00889,0.008212988852880198,2.051,2.085
630142,0.008903,0.008224857489096026,2.05,2.085
8242058,0.00891,0.00823194644828376,2.05,2.084
11313007,0.008923,0.008243170633664339,2.049,2.084
12983945,0.008932,0.008250904043687323,2.049,2.083
10203282,0.008944,0.0082612152570513,2.048,2.083
1015803,0.008953,0.008269915343327154,2.048,2.082
5728503,0.008964,0.008278776542311822,2.047,2.082
16673931,0.008975,0.008288980347203257,2.047,2.081
7873956,0.008985,0.008297841546187925,2.046,2.081
2249986,0.008994,0.008308099055315632,2.046,2.08
3915766,0.009006,0.008318571381388421,2.045,2.08
18404781,0.009014,0.008327271467664276,2.045,2.079
997588,0.009027,0.008337690089500796,2.044,2.079
17435046,0.009036,0.00834644388001292,2.044,2.078
14284502,0.009047,0.008355036557816236,2.043,2.078
4555645,0.009058,0.008365669996597836,2.043,2.077
7882704,0.009068,0.008373349702384549,2.042,2.077
6492010,0.009081,0.008384949817419022,2.042,2.076
3919542,0.009089,0.008391716551189133,2.041,2.076
15638505,0.009104,0.00840428334247648,2.041,2.075
10433737,0.00911,0.008409224132213386,2.04,2.075
18608603,0.009125,0.008423670571770207,2.04,2.074
12484312,0.009131,0.008428181727616947,2.039,2.074
2929130,0.009146,0.008443111505300206,2.039,2.073
16744637,0.009152,0.008447568956910675,2.038,2.073
8493808,0.009169,0.008462552438830203,2.038,2.072
3871989,0.009173,0.008465720988770176,2.037,2.072
10452014,0.00919,0.008482047076596472,2.037,2.071
6581512,0.009194,0.008485108218063904,2.036,2.071
14517137,0.009212,0.008501595418599012,2.036,2.07
3522423,0.009216,0.008504065813467465,2.035,2.07
17469733,0.009235,0.008521197464837822,2.035,2.069
10036669,0.009237,0.008522593774980861,2.034,2.069
11243165,0.009257,0.008540853215312904,2.034,2.068
6819000,0.009258,0.008541014328021715,2.033,2.068
4374599,0.009279,0.008558145979392074,2.032,2.068
14681123,0.009282,0.008560562670024256,2.032,2.067
13686124,0.009301,0.008577318391740718,2.031,2.067
3107280,0.009304,0.008580272124735607,2.031,2.066
12375035,0.009322,0.008598263043886296,2.03,2.066
15117031,0.009323,0.00860003528368323,2.03,2.065
3525038,0.009342,0.008619905851103393,2.03,2.064
12177578,0.009344,0.008620979935828808,2.029,2.064
7889455,0.009365,0.008639078263452038,2.028,2.064
12514591,0.009366,0.008639776418523558,2.028,2.063
5627194,0.009387,0.00865884142239966,2.027,2.063
346408,0.009387,0.008659646985943723,2.027,2.062
11685161,0.009409,0.008678711989819825,2.026,2.062
978390,0.00941,0.008679624961836427,2.026,2.061
17560144,0.00943,0.008699656641965403,2.025,2.06
15360038,0.009451,0.008719688322094379,2.025,2.059
13366515,0.009452,0.008720440181402169,2.024,2.059
2255847,0.009473,0.008739773706459626,2.024,2.058
196820,0.009474,0.00874009593187725,2.023,2.058
8212145,0.009495,0.008759966499297415,2.023,2.057
5632791,0.009496,0.00876034242895131,2.022,2.057
929581,0.009517,0.008778118531156915,2.021,2.057
3022174,0.009519,0.008780159292135202,2.021,2.056
17974054,0.009539,0.008797827985868267,2.02,2.056
12569532,0.009541,0.008800352084972991,2.02,2.055
3776861,0.009561,0.0088168392855081,2.019,2.055
10614727,0.009565,0.00882065228628332,2.019,2.054
6882613,0.009583,0.008837622824944866,2.018,2.054
7812704,0.009586,0.00884100619182992,2.018,2.053
7450185,0.009606,0.008858567477090445,2.017,2.053
10811373,0.009608,0.00886136009737652,2.017,2.052
15547393,0.009628,0.008878706565691962,2.016,2.052
3748626,0.009631,0.008881821411395662,2.016,2.051
14143196,0.00965,0.008898953062766021,2.015,2.051
18587023,0.009652,0.008902282725414806,2.015,2.05
7093721,0.009672,0.008920595869983118,2.014,2.05
12577911,0.009674,0.008922797743670217,2.014,2.049
1690580,0.009694,0.008941701634837509,2.013,2.049
13431534,0.009695,0.0089433664661619,2.013,2.048
6728441,0.009717,0.00896296851240071,2.012,2.048
15301744,0.009717,0.008963988892889855,2.012,2.047
18330968,0.009739,0.008983590939128665,2.011,2.047
1044687,0.00974,0.00898466502385408,2.011,2.046
16733493,0.009762,0.009004589295510514,2.01,2.046
7588376,0.009762,0.009005341154818304,2.01,2.045
15839595,0.009784,0.00902542653918355,2.009,2.045
11751720,0.009785,0.00902612469425507,2.009,2.044
11202857,0.009807,0.009044813768477279,2.008,2.044
13766844,0.009809,0.009046908233691836,2.008,2.043
13141526,0.009829,0.009064362110479817,2.007,2.043
17999403,0.009832,0.009067799181601143,2.007,2.042
5714455,0.009852,0.00908412526942744,2.006,2.042
2840079,0.009857,0.009088690129510451,2.006,2.041
12456503,0.009875,0.009104908808864207,2.005,2.041
12482258,0.009879,0.00910963478165603,2.005,2.04
18505415,0.009897,0.009126659024553846,2.004,2.04
13768498,0.009902,0.009130633138037879,2.004,2.039
18233827,0.00992,0.009146798113155363,2.003,2.039
3494097,0.009924,0.009151685198655998,2.003,2.038
18254760,0.009943,0.009168977962735168,2.002,2.038
10421861,0.009947,0.009172790963510388,2.002,2.037
18312113,0.009966,0.00919094299536989,2.001,2.037
2432430,0.009968,0.00919395043260105,2.001,2.036
16298871,0.009989,0.009214143225438837,2.0,2.036
1800040,0.00999,0.00921510990169171,2.0,2.035
5896421,0.010012,0.009234282314040354,1.999,2.035
4372535,0.010013,0.009236376779254913,1.999,2.034
603750,0.010035,0.009255441783131016,1.998,2.034
9818130,0.010037,0.009257643656818115,1.998,2.033
10019291,0.010058,0.009275956801386428,1.997,2.033
12611562,0.010061,0.00927901794285386,1.997,2.032
9163342,0.010081,0.00929405512900966,1.996,2.032
2426341,0.010087,0.009300392228889603,1.996,2.031
9779974,0.010105,0.009316234978589464,1.995,2.031
9810421,0.010111,0.009321820219161617,1.995,2.03
2516889,0.010128,0.009337394447680124,1.994,2.03
11264790,0.010133,0.009343301913669904,1.994,2.029
18533104,0.010151,0.00935817798711689,1.993,2.029
12026351,0.010158,0.00936483731241446,1.993,2.028
2843480,0.010175,0.00937928375197128,1.992,2.028
3438199,0.010182,0.009386426415395286,1.992,2.027
10524046,0.010198,0.009402645094749041,1.991,2.027
887965,0.010203,0.009408069222612383,1.991,2.026
5042973,0.010222,0.00942364345113089,1.99,2.026
5469283,0.010228,0.009429765734065752,1.99,2.025
16580528,0.010245,0.009444480694803928,1.989,2.025
16807023,0.010253,0.009451515949755391,1.989,2.024
7859297,0.010269,0.009464888304586798,1.988,2.024
18447206,0.010279,0.0094733198696813,1.988,2.023
18028190,0.010293,0.00948610147791373,1.987,2.023
3733767,0.010301,0.00949512378960721,1.987,2.022
4693076,0.010316,0.009508012806312182,1.986,2.022
1149154,0.010326,0.009517035118005661,1.986,2.021
866239,0.01034,0.009529333388111655,1.985,2.021
11116733,0.010352,0.009538946446404113,1.985,2.02
12914552,0.010364,0.009550116927548421,1.984,2.02
15333079,0.010376,0.009560965183275105,1.984,2.019
17161302,0.010388,0.009572833819490933,1.983,2.019
1783498,0.010397,0.009582983920146096,1.983,2.018
12784371,0.010412,0.009595819232614797,1.982,2.018
8511159,0.010421,0.009605110065489631,1.982,2.017
5303017,0.010436,0.009619126871156286,1.981,2.017
11189305,0.010444,0.009627236210833164,1.981,2.016
12547091,0.01046,0.00963969559364797,1.98,2.016
14074663,0.01047,0.009649416060412969,1.98,2.015
16804849,0.010484,0.009660210611903383,1.979,2.015
11327874,0.010496,0.009671649614229045,1.979,2.014
12064805,0.010508,0.009683034912318436,1.978,2.014
12247533,0.010519,0.009693936872281391,1.978,2.013
6381235,0.010532,0.009706235142387384,1.977,2.013
10991311,0.010544,0.009716331538806279,1.977,2.012
3287644,0.010557,0.009728146470785836,1.976,2.012
3042218,0.010568,0.009738726205331167,1.976,2.011
8117669,0.010581,0.009750702250019535,1.975,2.011
14784302,0.010592,0.009761174576092324,1.975,2.01
2562883,0.010605,0.00977223764876409,1.974,2.01
12618888,0.010618,0.009783676651089753,1.974,2.009
4433900,0.01063,0.00979473972376152,1.973,2.009
1535565,0.010641,0.009806232430323452,1.973,2.008
2195823,0.010654,0.00981734920723149,1.972,2.008
14415094,0.010666,0.009828841913793422,1.972,2.007
7592999,0.010679,0.009839475352575023,1.971,2.007
2661426,0.010691,0.009851451397263393,1.971,2.006
8243465,0.010703,0.009861816314863641,1.97,2.006
74641,0.010718,0.009874168289205905,1.97,2.005
17051000,0.010728,0.009881472065338723,1.969,2.005
7773258,0.010745,0.009896938885384687,1.969,2.004
17788494,0.010753,0.009902953759847007,1.968,2.004
9561048,0.010774,0.00991976318579974,1.968,2.003
3254907,0.010778,0.009922179876431923,1.967,2.003
8243462,0.010801,0.009942641190451065,1.967,2.002
15293741,0.010802,0.00994376897941275,1.966,2.002
2077556,0.010827,0.009963585842596642,1.965,2.002
9879555,0.010829,0.00996557289933866,1.965,2.001
14666292,0.010852,0.009985013832868657,1.964,2.001
18533085,0.010857,0.009988504608226255,1.964,2.0
14380871,0.010877,0.010005475146887799,1.963,2.0
17511137,0.010884,0.010011543725586389,1.963,1.999
3600333,0.010902,0.010027332771049979,1.962,1.999
16973062,0.01091,0.010034636547182797,1.962,1.998
13779638,0.010927,0.010050479296882657,1.961,1.998
17049777,0.010933,0.010057783073015475,1.961,1.997
5664751,0.010953,0.010074861020149562,1.96,1.997
7843204,0.01096,0.010080929598848152,1.96,1.996
13265500,0.010978,0.010096020489240222,1.959,1.996
5772069,0.010987,0.01010418353315337,1.959,1.995
15357919,0.011003,0.010119328127781711,1.958,1.995
13368363,0.011011,0.01012749117169486,1.958,1.994
9962570,0.011029,0.01014328021715845,1.957,1.994
7598539,0.011037,0.01015079881023635,1.957,1.993
2092614,0.011054,0.010166265630282315,1.956,1.993
3699399,0.011061,0.010174213857250381,1.956,1.992
778413,0.011079,0.01018844547986212,1.955,1.992
4297455,0.01109,0.010197682608500682,1.955,1.991
2196890,0.011105,0.010210464216733113,1.954,1.991
15376073,0.011116,0.010221205063987255,1.954,1.99
12408823,0.011131,0.01023447001034612,1.953,1.99
15567632,0.011142,0.010244727519473827,1.953,1.989
15957514,0.011156,0.010257348014997445,1.952,1.989
18309343,0.011168,0.01026835738343294,1.952,1.988
372913,0.011182,0.010280494540830123,1.951,1.988
16454372,0.011194,0.010292040951628325,1.951,1.987
5078080,0.011208,0.010304661447151944,1.95,1.987
13369225,0.011219,0.010315778224059982,1.95,1.986
16469586,0.011234,0.010328989466182577,1.949,1.986
3107383,0.011246,0.010339515496491637,1.949,1.985
9060999,0.01126,0.01035106190728984,1.948,1.985
3619052,0.011273,0.010363360177395833,1.948,1.984
8393490,0.011285,0.010372597306034397,1.947,1.984
1579263,0.011301,0.0103872585625363,1.947,1.983
11210912,0.011311,0.010394401225960305,1.946,1.983
9574384,0.01133,0.010411210651913038,1.946,1.982
1454383,0.011338,0.010418621836518397,1.945,1.982
5834471,0.011356,0.010435216445526047,1.945,1.981
11772411,0.011364,0.010441285024224638,1.944,1.981
17542803,0.011382,0.010459275943375328,1.944,1.98
17913521,0.01139,0.010466311198326791,1.943,1.98
11496469,0.011408,0.010483389145460877,1.943,1.979
7207204,0.011416,0.010489941062285905,1.942,1.979
17330071,0.011436,0.0105075560517827,1.942,1.978
3476033,0.011442,0.010512604249992145,1.941,1.978
14959193,0.011464,0.010531776662340791,1.941,1.977
5578708,0.011469,0.010534461874154325,1.94,1.977
7237818,0.011493,0.010556050977135153,1.94,1.976
15340072,0.011495,0.010557769512695816,1.939,1.976
13267233,0.01152,0.010580378996165787,1.939,1.975
16040095,0.011522,0.010581775306308825,1.938,1.975
91333,0.011546,0.01060476071943269,1.938,1.974
5314383,0.011548,0.010605834804158104,1.937,1.974
12439165,0.011571,0.010629196146935865,1.937,1.973
2704403,0.011575,0.01063182765451313,1.936,1.973
12319180,0.011598,0.010653738982911581,1.936,1.972
9423422,0.011602,0.010657176054032906,1.935,1.972
14830488,0.011627,0.010678281818887296,1.935,1.971
15078705,0.011628,0.010679141086667628,1.934,1.971
12044062,0.011655,0.010701535753192515,1.933,1.971
12418600,0.011656,0.010702878359099284,1.933,1.97
8232175,0.011682,0.010725756363750607,1.932,1.97
718058,0.011684,0.010727582307783812,1.932,1.969
16322963,0.011709,0.010749601044654803,1.931,1.969
17106763,0.011712,0.01075228625646834,1.931,1.968
4856733,0.011736,0.010773016091668836,1.93,1.968
312705,0.01174,0.010777097613625409,1.93,1.967
3715693,0.011763,0.010796377434446596,1.929,1.967
9283358,0.011769,0.01080190897078248,1.929,1.966
17395090,0.01179,0.010819953594169438,1.928,1.966
9372782,0.011798,0.01082682773641209,1.928,1.965
12697790,0.011817,0.010842885303057033,1.927,1.965
10465882,0.011826,0.010851800206277972,1.927,1.964
5888661,0.011845,0.010866891096670042,1.926,1.964
16184281,0.011856,0.010876772676143853,1.926,1.963
6238373,0.011872,0.010890682073337968,1.925,1.963
17900627,0.011883,0.010901852554482276,1.925,1.962
10272938,0.011899,0.010917856416890949,1.924,1.962
12894638,0.011911,0.01092698613705697,1.924,1.961
2431091,0.011927,0.01094051960459719,1.923,1.961
3066840,0.011939,0.010952173423867935,1.923,1.96
11956447,0.011954,0.010966351342243403,1.922,1.96
2108717,0.011965,0.01097741441491517,1.922,1.959
11349644,0.011982,0.010991914558708262,1.921,1.959
1277773,0.011993,0.011002762814434948,1.921,1.958
607082,0.012009,0.011017209253991769,1.92,1.958
18260818,0.012021,0.011028111213954724,1.92,1.957
3035558,0.012037,0.011042772470456628,1.919,1.957
7223740,0.012047,0.011053513317710772,1.919,1.956
15077282,0.012065,0.011066617151360826,1.918,1.956
9813346,0.012078,0.01107902282993936,1.918,1.955
8586222,0.012093,0.01109040812802875,1.917,1.955
4194742,0.012107,0.011104532342167949,1.917,1.954
2581817,0.01212,0.011115810231784798,1.916,1.954
10679242,0.012137,0.01113014926286908,1.916,1.953
11726372,0.012148,0.011140567884705598,1.915,1.953
8203675,0.012165,0.01115581988780648,1.915,1.952
14443115,0.012176,0.011165271833390125,1.914,1.952
12655295,0.012194,0.011181544216980152,1.914,1.951
11199523,0.012204,0.011190942458327526,1.913,1.951
8661372,0.012223,0.011207322250390095,1.913,1.95
11723880,0.012233,0.011216505674792387,1.912,1.95
18274007,0.012252,0.011233153988036306,1.912,1.949
7950047,0.012261,0.011241317031949456,1.911,1.949
6431288,0.01228,0.011259039429918792,1.911,1.948
14572383,0.012289,0.011265269121326194,1.91,1.948
9078718,0.01231,0.011284978576037545,1.91,1.947
13679355,0.012317,0.011290886042027324,1.909,1.947
3438244,0.012339,0.011311025130628842,1.909,1.946
1284642,0.012346,0.011317362230508787,1.908,1.946
18423203,0.012367,0.011337071685220138,1.908,1.945
9152014,0.012374,0.011343193968154999,1.907,1.945
10774522,0.012396,0.011363225648283974,1.907,1.944
1621385,0.012403,0.011369294226982565,1.906,1.944
17453137,0.012425,0.011389379611347812,1.906,1.943
18145766,0.012431,0.011394374105320989,1.905,1.943
12368123,0.012454,0.011415640982884192,1.905,1.942
10505121,0.01246,0.011420474364148555,1.904,1.942
12603948,0.012483,0.011441956058656841,1.904,1.941
17453133,0.012489,0.011447487594992724,1.903,1.941
7037405,0.012511,0.011468378542902032,1.903,1.94
142880,0.012517,0.01147348044534775,1.902,1.94
8221235,0.012539,0.011494801027147223,1.902,1.939
11358890,0.012546,0.011500815901609543,1.901,1.939
7467306,0.01257,0.011521277215628685,1.901,1.938
5507497,0.012575,0.011524821695222552,1.9,1.938
12610702,0.012602,0.011547860812582687,1.9,1.937
11207374,0.012604,0.011548881193071832,1.899,1.937
4030216,0.012633,0.011572833282448569,1.898,1.937
12915597,0.012634,0.01157444440953669,1.898,1.936
6449986,0.01266,0.011601135414963236,1.898,1.935
13223533,0.012662,0.01160226320392492,1.897,1.935
6159213,0.01269,0.011627880124626051,1.897,1.934
7854020,0.012692,0.011629222730532818,1.896,1.934
14853654,0.012719,0.011654678538525136,1.896,1.933
5123273,0.012721,0.011656235961376988,1.895,1.933
8843979,0.012749,0.011681584360896764,1.895,1.932
6911009,0.01275,0.011682121403259471,1.894,1.932
10813532,0.012777,0.011708490183268392,1.894,1.931
15790245,0.01278,0.011711229099318198,1.893,1.931
16546982,0.012808,0.01173550341411256,1.893,1.93
13739447,0.012809,0.011736684907310516,1.892,1.93
752543,0.012839,0.011762301828011646,1.891,1.93
15260225,0.012839,0.01176251664495673,1.891,1.929
7647017,0.012868,0.011787220593641257,1.89,1.929
13192987,0.01287,0.01178963728427344,1.89,1.928
8150295,0.012898,0.011816220881227442,1.889,1.928
2237115,0.012898,0.011816811627826421,1.889,1.927
6650934,0.012927,0.011844093379851943,1.889,1.926
18274907,0.012928,0.011844308196797026,1.888,1.926
14838473,0.012956,0.011871375131877466,1.888,1.925
18133491,0.012957,0.011872073286948984,1.887,1.925
3727946,0.012984,0.01189876429237553,1.887,1.924
12484483,0.012987,0.011901556912661607,1.886,1.924
3057836,0.013014,0.011926153452873593,1.886,1.923
6628201,0.013017,0.011928892368923399,1.885,1.923
9306364,0.013042,0.011953650021844198,1.885,1.922
15349639,0.013047,0.011958805628526187,1.884,1.922
15005756,0.013071,0.011981200295051075,1.884,1.921
14903988,0.013077,0.011987107761040852,1.883,1.921
14421044,0.0131,0.012008857976730491,1.883,1.92
16203245,0.013107,0.012013798766467397,1.882,1.92
3766141,0.013132,0.01203651565840991,1.882,1.919
4821580,0.013138,0.012042154603218334,1.881,1.919
8067444,0.013162,0.012064280748561867,1.881,1.918
3182930,0.013168,0.01206975858066148,1.88,1.918
15260231,0.013191,0.012092099542950097,1.88,1.917
12498350,0.013198,0.012097147741159544,1.879,1.917
5523301,0.013223,0.012119972041574598,1.879,1.916
17206819,0.013229,0.01212459060589388,1.878,1.916
7062753,0.013256,0.012147898244435369,1.878,1.915
18414800,0.013259,0.012150207526595009,1.877,1.915
7668219,0.013284,0.01217587815153241,1.877,1.914
18334961,0.01329,0.012181624504813377,1.876,1.914
10983153,0.013313,0.012203965467101993,1.876,1.913
4093780,0.01332,0.012210356271218208,1.875,1.913
3771404,0.013342,0.012232106486907847,1.875,1.912
11831971,0.013351,0.012239463967276935,1.874,1.912
412283,0.013372,0.012260301210949972,1.874,1.911
9153957,0.013382,0.012268034620972954,1.873,1.911
4607478,0.013403,0.012288549639228367,1.873,1.91
15107703,0.013413,0.012297464542449305,1.872,1.91
253837,0.013433,0.012316905475979304,1.872,1.909
12241338,0.013444,0.01232646483003549,1.871,1.909
4152711,0.013464,0.01234526131273024,1.871,1.908
15481373,0.013475,0.01235428362442372,1.87,1.908
13724414,0.013496,0.012373724557953719,1.87,1.907
6139300,0.013506,0.012381028334086535,1.869,1.907
14695647,0.013526,0.012402241507413467,1.869,1.906
357765,0.013537,0.012411854565705925,1.868,1.906
8942704,0.013559,0.012430865865345758,1.868,1.905
12480788,0.013568,0.012439780768566696,1.867,1.905
7172450,0.013591,0.012459490223278047,1.867,1.904
13114891,0.013599,0.012467223633301031,1.866,1.904
16454939,0.013621,0.01248822198968288,1.866,1.903
4866135,0.013631,0.012496170216650945,1.865,1.903
4115566,0.013652,0.012517007460323982,1.865,1.902
16630339,0.013662,0.012526298293198814,1.864,1.902
5634982,0.013685,0.012545900339437626,1.864,1.901
2708516,0.013694,0.01255374115793315,1.863,1.901
12336647,0.013717,0.01257479321855127,1.863,1.9
11093728,0.013725,0.012581452543848837,1.862,1.9
2414006,0.013749,0.012603793506137455,1.862,1.899
12687748,0.013757,0.012610345422962481,1.861,1.899
13025809,0.013781,0.01263284749795991,1.861,1.898
8010884,0.013788,0.012639238302076125,1.86,1.898
8656664,0.013812,0.012661955194018637,1.86,1.897
16454350,0.01382,0.0126689904489701,1.859,1.897
5282361,0.013842,0.012691170298549905,1.859,1.896
2871623,0.013852,0.012700407427188467,1.858,1.896
2612420,0.013874,0.012720385403081173,1.858,1.895
11925917,0.013884,0.012731179954571587,1.857,1.895
15678189,0.013902,0.012749707916084983,1.857,1.894
12343866,0.013916,0.012761737665009622,1.856,1.894
659163,0.013934,0.012779137837561334,1.856,1.893
14113427,0.013948,0.012792778713574095,1.855,1.893
9884268,0.013967,0.012808567759037685,1.855,1.892
2058607,0.01398,0.012820167874072159,1.854,1.892
2675387,0.013999,0.012838105088986577,1.854,1.891
9359196,0.014012,0.01285040335909257,1.853,1.891
7940740,0.014032,0.01286769612317174,1.853,1.89
10847121,0.014045,0.012878490674662154,1.852,1.89
9675524,0.014065,0.012897340861593174,1.852,1.889
5594361,0.014077,0.012907383553775797,1.851,1.889
15940822,0.014098,0.012927093008487149,1.851,1.888
10998340,0.01411,0.012937243109142314,1.85,1.888
12941493,0.014131,0.012956898859617394,1.85,1.887
8423917,0.014142,0.012966189692492228,1.849,1.887
5876349,0.014162,0.012986758414983911,1.849,1.886
16454408,0.014175,0.01299873445967228,1.848,1.886
18294915,0.014193,0.01301672537882297,1.848,1.885
1635461,0.014207,0.013029238465874046,1.847,1.885
907650,0.014226,0.013046692342662028,1.847,1.884
17167597,0.01424,0.01305813134498769,1.846,1.884
17805866,0.014259,0.013076766714973627,1.846,1.883
3345221,0.014273,0.013089655731678598,1.845,1.883
2407518,0.014293,0.013106948495757768,1.845,1.882
13175880,0.014306,0.013118978244682408,1.844,1.882
4887184,0.014327,0.01313713027654191,1.844,1.881
3162649,0.014339,0.013147495194142158,1.843,1.881
15564966,0.014359,0.013167419465798592,1.843,1.88
7334839,0.014372,0.01317789179187138,1.842,1.88
8754906,0.014393,0.013197762359291544,1.842,1.879
8765936,0.014405,0.01320871802349077,1.841,1.879
16698020,0.014426,0.013228212661257038,1.841,1.878
13795329,0.014438,0.013238362761912204,1.84,1.878
4518969,0.01446,0.013258716667458804,1.84,1.877
16803660,0.014472,0.013268007500333637,1.839,1.877
14635896,0.014493,0.01328927437789684,1.839,1.876
16454638,0.014505,0.013299370774315734,1.838,1.876
14428701,0.014526,0.013319885792571146,1.838,1.875
10992121,0.014538,0.013329659963572417,1.837,1.875
2771779,0.014562,0.013350604615717994,1.837,1.874
17893465,0.014572,0.013358284321504706,1.836,1.874
8843581,0.014599,0.013381377143101114,1.836,1.873
638507,0.014605,0.01338642534131056,1.835,1.873
1567683,0.014634,0.013412203374720502,1.835,1.872
11552744,0.014639,0.013415371924660476,1.834,1.872
10262778,0.01467,0.013443137014812433,1.834,1.871
8710642,0.014673,0.013444694437664285,1.833,1.871
268665,0.014706,0.013474124359140636,1.833,1.87
1701460,0.014707,0.013474178063376906,1.832,1.87
2897390,0.01474,0.013505219111941379,1.832,1.869
13405448,0.014741,0.013505272816177648,1.831,1.869
10615075,0.014775,0.013536260160505851,1.83,1.869
5155377,0.014775,0.013536313864742121,1.83,1.868
3785456,0.014809,0.013566549349762534,1.829,1.868
14190582,0.01481,0.013567516026015407,1.829,1.867
7551632,0.014843,0.013596731130546675,1.828,1.867
5173264,0.014845,0.013598825595761232,1.828,1.866
4274964,0.014877,0.013629920348561975,1.827,1.866
6271489,0.014877,0.013630135165507058,1.827,1.865
9018322,0.014909,0.013661552143725426,1.827,1.864
14903449,0.014911,0.013663055862341004,1.826,1.864
6804597,0.014944,0.013693076530416334,1.826,1.863
2949016,0.014946,0.013695224699867163,1.825,1.863
17021044,0.014975,0.013724654621343514,1.825,1.862
719650,0.01498,0.013729058368717711,1.824,1.862
7572049,0.015009,0.013756286416506964,1.824,1.861
6662762,0.015015,0.013761549431661494,1.823,1.861
7025456,0.015043,0.013787971915906685,1.823,1.86
15801941,0.015049,0.013793557156478838,1.822,1.86
10125364,0.015075,0.013819764823778946,1.822,1.859
3938788,0.015084,0.013827068599911764,1.821,1.859
2018985,0.015111,0.01385161143588748,1.821,1.858
17753935,0.015119,0.013858270761185048,1.82,1.858
18558679,0.015146,0.013883565456468554,1.82,1.857
4391855,0.015154,0.013889687739403416,1.819,1.857
2322954,0.015181,0.0139155731812859,1.819,1.856
17050195,0.015188,0.013921963985402115,1.818,1.856
12125871,0.015216,0.013947634610339515,1.818,1.855
6254271,0.015223,0.013954401344109626,1.817,1.855
1498319,0.015249,0.013979803447865672,1.817,1.854
13985030,0.015259,0.01398941650615813,1.816,1.854
13229299,0.015285,0.0140120259896281,1.816,1.853
6979600,0.015294,0.014020511258958873,1.815,1.853
860411,0.01532,0.0140443022356268,1.815,1.852
5029671,0.015329,0.01405257268801249,1.814,1.852
16583193,0.015354,0.014076685890098039,1.814,1.851
11148190,0.015364,0.014085063750956271,1.813,1.851
13762295,0.015389,0.01410912324880555,1.813,1.85
8749919,0.0154,0.01411964927911461,1.812,1.85
18305437,0.015425,0.014141668015985603,1.812,1.849
12493274,0.015435,0.014148810679409608,1.811,1.849
4825339,0.015461,0.014174266487401926,1.811,1.848
14820530,0.015471,0.014183449911804218,1.81,1.848
5430857,0.015495,0.01420697236729079,1.81,1.847
16707042,0.015507,0.014217659510308662,1.809,1.847
17638698,0.015531,0.014239678247179656,1.809,1.846
16324675,0.015542,0.014248915375818218,1.808,1.846
8883162,0.015567,0.014272545239777331,1.808,1.845
7666101,0.015578,0.014282050889597248,1.807,1.845
12530410,0.015606,0.014305412232375008,1.807,1.844
5542370,0.015614,0.014312984529689179,1.806,1.844
835132,0.015643,0.014338386633445227,1.806,1.843
9698598,0.01565,0.014344616324852628,1.805,1.843
11125336,0.015677,0.014371468442987985,1.805,1.842
16010711,0.015686,0.01437861110641199,1.804,1.842
18575512,0.015714,0.014404603956767017,1.804,1.841
15799307,0.015722,0.014411907732899833,1.803,1.841
5690403,0.015749,0.014437793174782316,1.803,1.84
10961802,0.015758,0.014444935838206321,1.802,1.84
14347501,0.015785,0.014471089801270159,1.802,1.839
7522350,0.015795,0.014479360253655848,1.801,1.839
13366886,0.015822,0.014504440131994272,1.801,1.838
7891064,0.015831,0.014512012429308442,1.8,1.838
15883264,0.01586,0.014537844166954656,1.8,1.837
5278141,0.015868,0.014544718309197307,1.799,1.837
4857817,0.015897,0.014571409314623852,1.799,1.836
8899251,0.015904,0.014576994555196005,1.798,1.836
9675434,0.015933,0.014604974462293047,1.798,1.835
12962582,0.015941,0.014611526379118075,1.797,1.835
8635723,0.015971,0.014638647018434784,1.797,1.834
6423195,0.015978,0.014644715597133375,1.796,1.834
10283276,0.016008,0.014672373278812793,1.796,1.833
6131334,0.016015,0.014678495561747653,1.795,1.833
46510,0.016045,0.014706206947663341,1.795,1.832
4819952,0.016051,0.01471136255434533,1.794,1.832
15660249,0.016081,0.014740094320750163,1.794,1.831
15539844,0.016088,0.014746162899448753,1.793,1.831
6625710,0.016118,0.014774089102309524,1.793,1.83
14876758,0.016126,0.01478064101913455,1.792,1.83
11359872,0.016154,0.014808137588105156,1.792,1.829
5454353,0.016163,0.01481587099812814,1.791,1.829
5177698,0.016192,0.01484229348237333,1.791,1.828
15509686,0.0162,0.014849597258506146,1.79,1.828
3687829,0.016229,0.014876503080877774,1.79,1.827
961797,0.016237,0.014883538335829238,1.789,1.827
14869189,0.016268,0.01491082008785476,1.789,1.826
1180447,0.016275,0.014917049779262163,1.788,1.826
983457,0.016307,0.014945190799068017,1.788,1.825
10329364,0.016312,0.014949701954914756,1.787,1.825
13522881,0.016341,0.014979615214517544,1.787,1.824
10002041,0.01635,0.014987831962666964,1.786,1.824
726206,0.01638,0.015014147038439613,1.786,1.823
5445394,0.016388,0.01502080636373718,1.785,1.823
12247820,0.016419,0.015048786270834223,1.785,1.822
12341249,0.016425,0.015054693736824002,1.784,1.822
3417708,0.016455,0.015083479207465104,1.784,1.821
2028304,0.016463,0.01509067557512538,1.783,1.821
6459620,0.016491,0.015118225848332256,1.783,1.82
16657885,0.016501,0.01512692593460811,1.782,1.82
9019675,0.016526,0.015153079897671949,1.782,1.819
2440970,0.016539,0.015164035561871174,1.781,1.819
678530,0.016564,0.015187987651247912,1.781,1.818
9675856,0.016577,0.01519985628746374,1.78,1.818
6598689,0.016601,0.015223002813296417,1.78,1.817
14527613,0.016615,0.015236965914726803,1.779,1.817
16086189,0.016637,0.015258125383817463,1.779,1.816
3880198,0.016654,0.015275364443660363,1.778,1.816
16554655,0.016672,0.01529330165857478,1.778,1.815
13580438,0.016692,0.015311185169252929,1.777,1.815
9525983,0.01671,0.015328531637568369,1.777,1.814
928945,0.016731,0.015348939247351239,1.776,1.814
1930753,0.016746,0.015363869025034498,1.776,1.813
160240,0.016769,0.015384598860234994,1.775,1.813
18266343,0.016785,0.01539931382097317,1.775,1.812
18034997,0.016808,0.015420043656173664,1.774,1.812
17024890,0.016825,0.01543481232114811,1.774,1.811
639989,0.016847,0.015454038437733027,1.773,1.811
16233296,0.016866,0.015470364525559322,1.773,1.81
11045025,0.016885,0.015487066543039515,1.772,1.81
17453274,0.016906,0.015506024138443077,1.772,1.809
4521611,0.016924,0.015521222437307688,1.771,1.809
6099960,0.016946,0.015541791159799371,1.771,1.808
12077431,0.016963,0.015556613529010088,1.77,1.808
11255777,0.016986,0.015577611885391937,1.77,1.807
1836936,0.017002,0.015591628691058594,1.769,1.807
4109958,0.017022,0.015613540019457044,1.769,1.806
3411739,0.017042,0.01563206798097044,1.768,1.806
17243421,0.01706,0.015649521857758423,1.768,1.805
2867069,0.017081,0.01566751277690911,1.767,1.805
8879325,0.017102,0.015685611104532343,1.767,1.804
14693671,0.01712,0.015703548319446762,1.766,1.804
18006304,0.017138,0.015721754055542533,1.766,1.803
9610578,0.01716,0.015743182045814548,1.765,1.803
16432869,0.017175,0.015758004415025263,1.765,1.802
3792204,0.017199,0.015780775011204045,1.764,1.802
4161757,0.017212,0.015794308478744266,1.764,1.801
9364835,0.017239,0.015817669821522027,1.763,1.801
16025410,0.017251,0.01583071995093581,1.763,1.8
16939698,0.017279,0.015858109111433875,1.762,1.8
6328204,0.01729,0.015867238831599895,1.762,1.799
7395050,0.017319,0.01589231870993832,1.761,1.799
14523638,0.01733,0.01590381141650025,1.761,1.798
7719874,0.017359,0.015930609830399338,1.76,1.798
12107268,0.01737,0.015940437705636877,1.76,1.797
4589538,0.017399,0.015966699077173255,1.759,1.797
16022692,0.017409,0.015977225107482316,1.759,1.796
13558325,0.017439,0.01600391611290886,1.758,1.796
15205661,0.01745,0.016014012509327755,1.758,1.795
16547384,0.017479,0.0160416164867709,1.757,1.795
2595836,0.017488,0.016050961023882006,1.757,1.794
15356990,0.017519,0.01607990760723192,1.756,1.794
1078953,0.017527,0.016087963242672528,1.756,1.793
1782610,0.01756,0.016117715389566502,1.755,1.793
3595311,0.017567,0.01612501916569932,1.755,1.792
11111537,0.0176,0.016154878721065836,1.754,1.792
10883162,0.017609,0.016162182497198654,1.754,1.791
4391753,0.017641,0.01619209575680144,1.753,1.791
8298149,0.017647,0.01619945323717053,1.753,1.79
18034085,0.017681,0.016232212821295663,1.752,1.79
10247893,0.017686,0.016236831385614943,1.752,1.789
5739830,0.017722,0.01627061135022922,1.751,1.789
17601535,0.017725,0.01627426323829563,1.751,1.788
9322227,0.017763,0.0163087950622177,1.75,1.788
8381833,0.017766,0.01631174879521259,1.75,1.787
719848,0.017804,0.01634789174622278,1.749,1.787
16087781,0.017805,0.016349341760602088,1.749,1.786
16066181,0.017845,0.016384303218414324,1.748,1.786
812604,0.017847,0.01638704213446413,1.748,1.785
953434,0.017886,0.016422057296512634,1.747,1.785
8067424,0.017888,0.01642484991679871,1.747,1.784
16725709,0.017927,0.01646002619155603,1.746,1.784
775551,0.017929,0.016462711403369565,1.746,1.783
12340203,0.017969,0.016498048790835693,1.745,1.783
17839043,0.017972,0.016500626594176688,1.745,1.782
18496537,0.01801,0.016535963981642816,1.744,1.782
15034922,0.018013,0.016538649193456354,1.744,1.781
4772886,0.018051,0.01657301990466961,1.743,1.781
12162101,0.018054,0.01657677920120856,1.743,1.78
4906784,0.018093,0.016613244377636373,1.742,1.78
12575001,0.018095,0.01661501661743331,1.742,1.779
15736264,0.018135,0.016649978075245542,1.741,1.779
10958140,0.018139,0.016653307737894328,1.741,1.778
16806632,0.018177,0.016688698829596726,1.74,1.778
10494718,0.01818,0.016691706266827887,1.74,1.777
1169087,0.018218,0.01672720476700283,1.739,1.777
16554510,0.018221,0.01673015849999772,1.739,1.776
8631555,0.01826,0.016765549591700117,1.738,1.776
5936599,0.018263,0.01676877184587636,1.738,1.775
1923876,0.018303,0.016805237022304177,1.737,1.775
7268856,0.018305,0.016807385191755002,1.737,1.774
2248218,0.018345,0.01684551519950721,1.736,1.774
14819896,0.018345,0.01684615965034246,1.736,1.773
14918716,0.018387,0.016884182249622123,1.735,1.773
9328849,0.018387,0.016884987813166184,1.735,1.772
11287707,0.018429,0.016923332637863473,1.734,1.772
861812,0.018429,0.016923923384462452,1.734,1.771
13237316,0.018472,0.016960925603252974,1.733,1.771
9375957,0.018474,0.01696291265999499,1.733,1.77
14756558,0.018514,0.016999270427950262,1.732,1.77
3435698,0.018516,0.01700200934400007,1.732,1.769
11807043,0.018557,0.0170382597034828,1.731,1.769
12616964,0.01856,0.01704121343647769,1.731,1.768
18013530,0.0186,0.017076658232416362,1.73,1.768
556328,0.018604,0.01708052493742785,1.73,1.767
8381590,0.018643,0.017116345663020418,1.729,1.767
17617663,0.018646,0.017119890142614284,1.729,1.766
4769723,0.018686,0.017154099741118728,1.728,1.766
60934,0.018691,0.01715936275627326,1.728,1.765
6038996,0.018729,0.017190618621782814,1.727,1.765
1074328,0.018737,0.017198889074168503,1.727,1.764
6652711,0.018772,0.017232131996420076,1.726,1.764
16514965,0.01878,0.01723852280053629,1.726,1.763
5364017,0.018815,0.017270476821117365,1.725,1.763
13569157,0.018823,0.01727826393537662,1.725,1.762
9538664,0.018859,0.01731005684324888,1.724,1.762
8431227,0.018869,0.017318112478689487,1.724,1.761
7815165,0.018902,0.01734603868155026,1.723,1.761
16101258,0.018915,0.017358014726238626,1.723,1.76
16455751,0.018946,0.017383202013049593,1.722,1.76
2198308,0.018962,0.01739807808649658,1.722,1.759
11738909,0.018989,0.017420365344548928,1.721,1.759
6103441,0.019007,0.017438141446754533,1.721,1.758
8230211,0.019033,0.017461019451405855,1.72,1.758
1884715,0.019051,0.017478365919721295,1.72,1.757
12744324,0.019077,0.01750199578368041,1.719,1.757
14758408,0.019096,0.017518644096924333,1.719,1.756
5981227,0.019121,0.017542273960883446,1.718,1.756
8412318,0.019139,0.017559029682599907,1.718,1.755
10262861,0.019165,0.017580457672871922,1.717,1.755
9109255,0.019186,0.017599522676748025,1.717,1.754
1282079,0.019209,0.01761788952555261,1.716,1.754
3903564,0.019233,0.017640069375132416,1.716,1.753
3862252,0.019254,0.017658758449354623,1.715,1.753
3997833,0.01928,0.017680723481989343,1.715,1.752
16821175,0.019298,0.01769683475287056,1.714,1.752
2641086,0.019324,0.017721484997318817,1.714,1.751
5906030,0.019342,0.017738777761397987,1.713,1.751
13382434,0.019366,0.01776235392112083,1.713,1.75
18508643,0.019387,0.017780774474161685,1.712,1.75
8179809,0.01941,0.017803330253395384,1.712,1.749
18034024,0.019432,0.017823952680123337,1.711,1.749
2051913,0.019453,0.017844360289906207,1.711,1.748
17788965,0.019477,0.017866808660667366,1.71,1.748
12014090,0.019496,0.017885497734889573,1.71,1.747
10800668,0.019521,0.01791014797933783,1.709,1.747
15219482,0.019538,0.017926688884109213,1.709,1.746
7535604,0.019566,0.017951607649738823,1.708,1.746
5246877,0.019583,0.01796804114603766,1.708,1.745
9180276,0.019612,0.017996450687024868,1.707,1.745
11710694,0.019627,0.01800944711220238,1.707,1.744
5111517,0.019657,0.0180380177658984,1.706,1.744
9683577,0.01967,0.018050960486839643,1.706,1.743
12274399,0.019702,0.018080390408315994,1.705,1.743
3046773,0.019714,0.018092581269949445,1.705,1.742
7240064,0.019747,0.018123461205805106,1.704,1.742
7950519,0.019758,0.01813430946153179,1.704,1.741
8219088,0.019793,0.018167122749893197,1.703,1.741
13428339,0.019802,0.018176091357350405,1.703,1.74
6534705,0.019839,0.01820648795507963,1.702,1.74
13040080,0.019852,0.018217980661641563,1.702,1.739
9830647,0.019884,0.018248538372079598,1.701,1.739
13411761,0.019895,0.01825997737440526,1.701,1.738
12565512,0.01993,0.0182923610288765,1.7,1.738
3312828,0.019939,0.018302081495641498,1.7,1.737
4433513,0.019976,0.01833602257296459,1.699,1.737
3699470,0.019985,0.01834429302535028,1.699,1.736
2145035,0.020022,0.018379523004343867,1.698,1.736
4562316,0.020029,0.01838655825929533,1.698,1.735
11440927,0.020068,0.018422271576415353,1.697,1.735
2444415,0.020075,0.018428930901712923,1.697,1.734
7472976,0.020115,0.018465181261195656,1.696,1.734
2376898,0.020123,0.018471410952603056,1.696,1.733
17693784,0.020161,0.018505083508744795,1.695,1.733
367935,0.02017,0.018513998411965733,1.695,1.732
3083083,0.020207,0.018546596883382057,1.694,1.732
9308790,0.020218,0.018556693279800952,1.694,1.731
2088958,0.020254,0.018588378779200672,1.693,1.731
5251567,0.020265,0.01859949555610871,1.693,1.73
1863378,0.020301,0.018630590308909453,1.692,1.73
5421293,0.020313,0.018642351536652738,1.692,1.729
16641160,0.020347,0.018673016655563316,1.691,1.729
17674174,0.02036,0.01868531492566931,1.691,1.728
7115486,0.020394,0.018714959664090744,1.69,1.728
9909907,0.020408,0.018728385723158422,1.69,1.727
7287517,0.020441,0.018757815644634773,1.689,1.727
6553263,0.020456,0.018771563929120074,1.689,1.726
14409197,0.020489,0.01880061792094253,1.688,1.726
4510978,0.020503,0.01881484954355427,1.688,1.725
6808589,0.020536,0.018845407253992304,1.687,1.725
16178241,0.020549,0.018858242566461007,1.687,1.724
5330476,0.020583,0.018890303995514623,1.686,1.724
18137610,0.020595,0.018901689293604012,1.686,1.723
6614010,0.020631,0.01893444887772915,1.685,1.723
5248155,0.020643,0.018945243429219563,1.685,1.722
9989401,0.020678,0.01897730485827318,1.684,1.722
5762716,0.020691,0.018988958677543924,1.684,1.721
669023,0.020726,0.01902112751507008,1.683,1.721
11402195,0.020739,0.019032727630104555,1.683,1.72
282626,0.020774,0.019064950171866983,1.682,1.72
13591890,0.020787,0.01907660399113773,1.682,1.719
14671136,0.020821,0.019108772828663884,1.681,1.719
2282563,0.020834,0.019120534056407172,1.681,1.718
11748061,0.020869,0.019151521400735373,1.68,1.718
11753728,0.020884,0.019164625234385425,1.68,1.717
9895602,0.020918,0.019194377381279402,1.679,1.717
16696054,0.020935,0.019208823820836222,1.679,1.716
10728760,0.020966,0.019236212981334287,1.678,1.716
13556163,0.020984,0.01925307611152329,1.678,1.715
8922915,0.021014,0.019280948610147793,1.677,1.715
11936316,0.021032,0.01929748951491917,1.677,1.714
1858796,0.021063,0.019322784210202677,1.676,1.714
2056331,0.021085,0.019341956622551323,1.676,1.713
12694715,0.021111,0.019363492021295878,1.675,1.713
6702887,0.021137,0.019386531138656012,1.675,1.712
9256803,0.02116,0.019408335058581923,1.674,1.712
10849338,0.021183,0.019431266767469518,1.674,1.711
8474121,0.021209,0.019455648490736423,1.673,1.711
4897326,0.021231,0.019476056100519293,1.673,1.71
11316678,0.021257,0.019500061894132302,1.672,1.71
12276578,0.021282,0.01952095284204161,1.672,1.709
8239036,0.021306,0.019541575268769564,1.671,1.709
3247186,0.021333,0.019565956992036466,1.671,1.708
6782357,0.021356,0.019586633123000692,1.67,1.708
3959111,0.021383,0.019611014846267597,1.67,1.707
15346874,0.021405,0.01963088541368776,1.669,1.707
12872293,0.02143,0.019656233813207538,1.669,1.706
6763108,0.021454,0.01967750069077074,1.668,1.706
13307839,0.021477,0.01970156018862002,1.668,1.705
10777057,0.021504,0.019724760418688966,1.667,1.705
15062749,0.021529,0.019746993972505043,1.667,1.704
13218982,0.021553,0.01976874418819468,1.666,1.704
13302798,0.021581,0.019792481460626336,1.666,1.703
17598368,0.021603,0.01981095571790346,1.665,1.703
16633262,0.021632,0.019838130061456443,1.665,1.702
6457861,0.021653,0.019857946924640334,1.664,1.702
11724286,0.021679,0.01988383236652282,1.664,1.701
5899040,0.021703,0.019904562201723316,1.663,1.701
339790,0.021732,0.01992969578429801,1.663,1.7
7794710,0.021753,0.01994634409754193,1.662,1.7
17876955,0.021786,0.01997561290630947,1.662,1.699
6237145,0.021803,0.0199893074865585,1.661,1.699
8383203,0.021839,0.02002169114102974,1.661,1.698
1300349,0.021853,0.020033183847591673,1.66,1.698
17717201,0.021894,0.020067823079986283,1.66,1.697
10315120,0.021903,0.020073945362921144,1.659,1.697
10348628,0.021948,0.02011411613165164,1.659,1.696
8227248,0.021954,0.020118895808679732,1.658,1.696
4711433,0.022,0.020160462887553264,1.658,1.695
3478358,0.022004,0.020163685141729507,1.657,1.695
15239156,0.02205,0.020206917051927432,1.657,1.694
18032706,0.022055,0.02021056893999384,1.656,1.694
3849128,0.022103,0.02025353232901041,1.656,1.693
3917110,0.022106,0.020256002723878865,1.655,1.693
18323472,0.022153,0.02030020131032966,1.655,1.692
1550844,0.022157,0.020302940226379466,1.654,1.692
7218407,0.022206,0.020347031404357722,1.654,1.691
12742520,0.022208,0.020348105489083137,1.653,1.691
7317415,0.022259,0.02039208925858885,1.652,1.691
5163675,0.02226,0.020393915202622057,1.652,1.69
17578510,0.022311,0.020436234140803377,1.651,1.69
18338328,0.022317,0.02044090640935893,1.651,1.689
1195963,0.022362,0.020481345699270778,1.65,1.689
8815755,0.02237,0.020488058728804617,1.65,1.688
13562009,0.022414,0.020527638750936134,1.649,1.688
16062080,0.022421,0.020535264752486574,1.649,1.687
5370422,0.022465,0.020573716985656403,1.648,1.687
14201552,0.022475,0.020582631888877344,1.648,1.686
8512328,0.022517,0.020622534136426483,1.647,1.686
13235561,0.022524,0.020630052729504383,1.647,1.685
14435924,0.022569,0.020669525343163356,1.646,1.685
1921134,0.022577,0.020677634682840236,1.646,1.684
5193231,0.022621,0.02071941657865885,1.645,1.684
15157371,0.022627,0.02072527034041236,1.645,1.683
15177222,0.022673,0.020769361518390612,1.644,1.683
8039111,0.022676,0.02077306711069329,1.644,1.682
17507868,0.022725,0.020816352725127486,1.643,1.682
3454911,0.022731,0.02082097128944677,1.643,1.681
16130080,0.022778,0.020862001325957592,1.642,1.681
9215379,0.022785,0.020868929172436514,1.642,1.68
13769352,0.02283,0.020907918447969052,1.641,1.68
11908843,0.022839,0.020917048168135076,1.641,1.679
18264394,0.022883,0.0209536744572717,1.64,1.679
3271874,0.022895,0.020965274572306174,1.64,1.678
888151,0.022936,0.021000558255536032,1.639,1.678
2176734,0.022952,0.021013608384949818,1.639,1.677
6035444,0.022988,0.021043629053025144,1.638,1.677
5292169,0.023008,0.021062049606066002,1.638,1.676
1604155,0.023041,0.021092338795322685,1.637,1.676
5193737,0.023061,0.021110598235654726,1.637,1.675
5483943,0.023095,0.02114088742491141,1.636,1.675
2653769,0.023116,0.021159254273715993,1.636,1.674
5888164,0.023148,0.021185300828307288,1.635,1.674
12777776,0.023173,0.0212080177202498,1.635,1.673
77233,0.023201,0.02123282907740687,1.634,1.673
17831867,0.023226,0.02125694227949242,1.634,1.672
6081022,0.023255,0.02128481477811692,1.633,1.672
9039046,0.023279,0.02130592054297131,1.633,1.671
3558057,0.023308,0.021333417111941914,1.632,1.671
11027015,0.023331,0.021355059919159012,1.632,1.67
15816758,0.023362,0.021383791685563844,1.631,1.67
12142072,0.023383,0.021404252999582988,1.631,1.669
11045531,0.023416,0.021432662540570194,1.63,1.669
3113777,0.023439,0.021453607192715773,1.63,1.668
17802680,0.02347,0.02147992226848842,1.629,1.668
13779084,0.023495,0.0215030687943211,1.629,1.667
3562342,0.023524,0.021529115348912397,1.628,1.667
6364701,0.02355,0.021552637804398967,1.628,1.666
10765924,0.023578,0.02157761027426485,1.627,1.666
8323245,0.023609,0.02160231422294938,1.627,1.665
11828306,0.023632,0.021620412550572607,1.626,1.665
1068254,0.023667,0.0216521517542086,1.626,1.664
588457,0.023687,0.021667672278490837,1.625,1.664
3795968,0.023724,0.02170204298970409,1.625,1.663
9363180,0.023742,0.021718906119893095,1.624,1.663
32048,0.023776,0.021752041633672125,1.624,1.662
3334992,0.023796,0.021769173285042485,1.623,1.662
11586974,0.023833,0.021802201390348972,1.623,1.661
4152532,0.023851,0.021818097844285105,1.622,1.661
15873131,0.023889,0.02185246855549836,1.622,1.66
16135294,0.023906,0.02186900946026974,1.621,1.66
10335601,0.023944,0.02190284312912029,1.621,1.659
4078576,0.023961,0.021917504385622195,1.62,1.659
12432014,0.023998,0.02195332511121476,1.62,1.658
817187,0.024016,0.021970671579530202,1.619,1.658
10030324,0.024051,0.02200396820601804,1.619,1.657
10282895,0.024072,0.022023677660729393,1.618,1.657
16935725,0.024105,0.022054665005057598,1.618,1.656
17528556,0.024127,0.022074267051296406,1.617,1.656
5650935,0.024161,0.022105522916805963,1.617,1.655
6780270,0.024183,0.022125930526588834,1.616,1.655
3698393,0.024215,0.02215648823702687,1.616,1.654
7037400,0.024239,0.022180440326403608,1.615,1.654
3751536,0.024268,0.022207560965720317,1.615,1.653
16599619,0.024295,0.02223188898475095,1.614,1.653
10773029,0.024324,0.022258741102886306,1.614,1.652
3227310,0.024351,0.022283982093933542,1.613,1.652
15798061,0.024378,0.022310028648524837,1.613,1.651
9825584,0.024407,0.0223365048370063,1.612,1.651
5828489,0.024435,0.02236147730687218,1.612,1.65
9813543,0.024463,0.02238768497417229,1.611,1.65
14677578,0.024492,0.022413033373692066,1.611,1.649
5896703,0.024519,0.02243596508257966,1.61,1.649
7837238,0.024551,0.022464696848984493,1.61,1.648
16381508,0.024576,0.02248537297994872,1.609,1.648
955870,0.024612,0.02251646773274946,1.609,1.647
4701980,0.024633,0.0225338142010649,1.608,1.647
9061273,0.024671,0.02256839972922324,1.608,1.646
16713674,0.024689,0.02258418877468683,1.607,1.646
5905026,0.024729,0.02262038542993329,1.607,1.645
5610166,0.024746,0.02263601336268807,1.606,1.645
8009270,0.024783,0.022672532243352153,1.606,1.644
14632267,0.024803,0.022689449077777427,1.605,1.644
1692851,0.024842,0.02272484016947983,1.605,1.643
8804714,0.02486,0.022740199581053253,1.604,1.643
189505,0.0249,0.022777201799843775,1.604,1.642
10046676,0.024918,0.022792776028362282,1.603,1.642
5979086,0.024955,0.022829724542916534,1.603,1.641
7786197,0.024975,0.022846211743451642,1.602,1.641
111996,0.025014,0.022882354694461832,1.602,1.64
6213363,0.025033,0.02289948634583219,1.601,1.64
10489151,0.025072,0.02293509225447967,1.601,1.639
11841080,0.02509,0.022950129440635472,1.6,1.639
2171719,0.025132,0.022987937222970052,1.6,1.638
14553376,0.025148,0.023003242930307206,1.599,1.638
7264330,0.025187,0.023040943304169247,1.599,1.637
9356172,0.025206,0.023058074955539607,1.598,1.637
9905064,0.025243,0.023094056793840984,1.598,1.636
6694417,0.025264,0.023113873657024876,1.597,1.636
15175861,0.025299,0.02314733139622153,1.597,1.635
7189733,0.025323,0.023170209400872856,1.596,1.635
4436753,0.025354,0.02320065970283835,1.596,1.634
8910584,0.025381,0.023223161777835778,1.595,1.634
17337916,0.025412,0.02325414912216398,1.595,1.633
16047842,0.025439,0.023281645691134584,1.594,1.633
5379895,0.02547,0.023307745949962152,1.594,1.632
7342770,0.025498,0.02333320175795447,1.593,1.632
12806265,0.025528,0.023361503890469135,1.593,1.631
495421,0.025557,0.02338975231874753,1.592,1.631
11320316,0.025583,0.02341531553521239,1.592,1.63
17909031,0.025616,0.02344748437273855,1.591,1.63
17629235,0.025638,0.02346934199690073,1.591,1.629
2334388,0.025675,0.02350312196151501,1.59,1.629
18324288,0.025696,0.023523422162825335,1.59,1.628
7425444,0.025734,0.023557094718967074,1.589,1.628
3471463,0.025756,0.023577663441458757,1.589,1.627
12306058,0.025793,0.02361241008232591,1.588,1.627
6799547,0.025813,0.02363201212856472,1.588,1.626
3467785,0.025853,0.023669121755827784,1.587,1.626
570353,0.025871,0.023686468224143224,1.587,1.625
2429467,0.025912,0.023722879696334766,1.586,1.625
16907118,0.02593,0.023741085432430538,1.586,1.624
5105520,0.025972,0.023778463580874955,1.585,1.624
3271965,0.025991,0.023795810049190395,1.585,1.623
15174396,0.026032,0.02383383264847006,1.584,1.623
2593156,0.026049,0.023850642074422793,1.584,1.622
11656623,0.026092,0.0238874831805045,1.583,1.622
5621694,0.026112,0.023905635212364003,1.583,1.621
16130606,0.026152,0.023942637431154525,1.582,1.621
10800788,0.02617,0.023960735758777756,1.582,1.62
16482351,0.026212,0.02400010096396419,1.581,1.62
18269181,0.026229,0.02401599741790032,1.581,1.619
14683609,0.026273,0.02405906821538943,1.58,1.619
12321812,0.026286,0.024071366485495425,1.58,1.618
11938224,0.026333,0.02411518914229233,1.579,1.618
14886566,0.026345,0.02412684296156307,1.579,1.617
957884,0.026394,0.024172008224266742,1.578,1.617
194992,0.026406,0.02418248055033953,1.578,1.616
1732346,0.026455,0.02423070695451063,1.577,1.616
7881607,0.026461,0.024238225547588532,1.577,1.615
5750782,0.026516,0.024288868642391815,1.576,1.615
11290599,0.026522,0.024294077953310074,1.576,1.614
7124785,0.026577,0.024346063654020124,1.575,1.614
2089235,0.026581,0.02435009147174043,1.575,1.613
17091233,0.026638,0.024403742003774872,1.574,1.613
2760128,0.02664,0.024406212398643323,1.574,1.612
11299779,0.026699,0.02446249443825503,1.574,1.611
10700827,0.0267,0.02446319259332655,1.573,1.611
14251937,0.026756,0.02451888388633928,1.573,1.61
5959688,0.026761,0.02452258947864196,1.572,1.61
1237480,0.026817,0.024575380742896072,1.572,1.609
16645497,0.026823,0.02457967708179773,1.571,1.609
14471798,0.026879,0.024632038712161672,1.571,1.608
12575870,0.026885,0.024636764684953495,1.57,1.608
15837775,0.026941,0.02468880408989982,1.57,1.607
10766118,0.026947,0.02469428192199943,1.569,1.607
11945368,0.027003,0.024745730580346775,1.569,1.606
7170694,0.027009,0.02474997321501216,1.568,1.606
13796017,0.02707,0.02480276447926627,1.568,1.605
12017472,0.027071,0.024803033000447623,1.567,1.605
10483318,0.027133,0.02485995949089458,1.567,1.604
18456538,0.027134,0.02486049653325729,1.566,1.604
12349986,0.027192,0.02491726191099543,1.566,1.603
1279986,0.027196,0.024920591573644218,1.565,1.603
3537256,0.027254,0.024974725443805097,1.565,1.602
16606705,0.027259,0.024979397712360647,1.564,1.602
11761375,0.027314,0.0250322963850873,1.564,1.601
15754374,0.027322,0.025039492752747576,1.563,1.601
10787567,0.027376,0.025089974734842046,1.563,1.6
13396365,0.027385,0.02509770814486503,1.562,1.6
7387671,0.027439,0.025147814197305603,1.562,1.599
15017980,0.027448,0.025155977241218753,1.561,1.599
15268659,0.027501,0.025205814772477974,1.561,1.598
1615905,0.027511,0.025214568562990102,1.56,1.598
4343322,0.027565,0.025263922756122888,1.56,1.597
13405124,0.027575,0.025273482110179074,1.559,1.597
14482535,0.027629,0.02532213814824034,1.559,1.596
3588783,0.027638,0.02533099934722501,1.558,1.596
15088773,0.02769,0.025380514653066608,1.558,1.595
13277778,0.027702,0.0253906110494855,1.557,1.595
11657577,0.027752,0.025438998566365414,1.557,1.594
6771865,0.027766,0.025451457949180217,1.556,1.594
10815757,0.027813,0.025497643592373033,1.556,1.593
9662665,0.02783,0.025513593750545432,1.555,1.593
6179824,0.027877,0.02555644973108946,1.555,1.592
1594256,0.027894,0.025571164691827637,1.554,1.592
2676671,0.027941,0.025615363278278437,1.554,1.591
8054257,0.027958,0.02562986342207153,1.553,1.591
1543676,0.028004,0.02567438423393995,1.553,1.59
16498546,0.028023,0.02569108625142014,1.552,1.59
1676706,0.028068,0.025733620006546547,1.552,1.589
561335,0.028087,0.025749247939301324,1.551,1.589
5825014,0.028135,0.025792909483389415,1.551,1.588
407382,0.028152,0.025807194810237424,1.55,1.588
3769109,0.028201,0.025852360072941092,1.55,1.587
15591080,0.028217,0.025866484287080292,1.549,1.587
3957423,0.028264,0.025911971775201586,1.549,1.586
13560162,0.028282,0.025926955257121114,1.548,1.586
12718075,0.028333,0.02597169088593462,1.548,1.585
17276005,0.028347,0.02598533176194738,1.547,1.585
7404520,0.028395,0.026031571109376463,1.547,1.584
6449925,0.028412,0.026046769408241077,1.546,1.584
11938910,0.028457,0.026091558741290852,1.546,1.583
3021492,0.028478,0.026111483012947287,1.545,1.583
6463738,0.028521,0.026151707485914052,1.545,1.582
10091354,0.028544,0.026173672518548772,1.544,1.582
1596706,0.028587,0.02621201734324606,1.544,1.581
8920028,0.028609,0.02623296199539164,1.543,1.581
17178367,0.028652,0.026272434609050613,1.543,1.58
5464758,0.028675,0.02628956626042097,1.542,1.58
13758372,0.028727,0.026333012987563978,1.542,1.579
925238,0.028741,0.026346761272049282,1.541,1.579
7788421,0.028795,0.026393698774549886,1.541,1.578
14241390,0.028808,0.02640707112938129,1.54,1.578
7615928,0.028858,0.026454545674244604,1.54,1.577
3990638,0.028874,0.02646861618414753,1.539,1.577
17997554,0.028926,0.026515553686648135,1.539,1.576
1762330,0.028941,0.02652951678807852,1.538,1.576
7053033,0.028992,0.026576669107524205,1.538,1.575
16514823,0.029007,0.026590954434372215,1.537,1.575
3992919,0.02906,0.02663794564110909,1.537,1.574
10697382,0.029074,0.02664938464343475,1.536,1.574
5829092,0.029129,0.026699329583166516,1.536,1.573
18200985,0.029141,0.026710392655838282,1.535,1.573
16534698,0.029196,0.026760874637932752,1.535,1.572
5850763,0.029208,0.026770809921642835,1.534,1.572
12804844,0.029264,0.0268225808054078,1.534,1.571
15159427,0.029276,0.026833375356898215,1.533,1.571
17620123,0.029335,0.026884394381355394,1.533,1.57
6637507,0.029343,0.026890677776999067,1.532,1.57
321342,0.029404,0.026946369070011796,1.532,1.569
3895073,0.029411,0.026952383944474117,1.531,1.569
16620339,0.02947,0.02700850487137701,1.531,1.568
10065577,0.029479,0.02701591605598237,1.53,1.568
9662469,0.029536,0.02707074808121477,1.53,1.567
16875264,0.029547,0.02708062966068858,1.529,1.567
5842239,0.029605,0.027133152403761338,1.529,1.566
11383858,0.029615,0.027142980278998877,1.528,1.566
6812807,0.029671,0.02719571783901672,1.528,1.565
18267608,0.029683,0.02720576053119934,1.527,1.565
3798979,0.029742,0.027258390682744642,1.527,1.564
9703461,0.029751,0.02726644631818525,1.526,1.564
7528030,0.029811,0.027321224639181376,1.526,1.563
15824276,0.02982,0.027329548795803335,1.525,1.563
6397516,0.029878,0.027384219708326923,1.525,1.562
17848225,0.029889,0.02739383276661938,1.524,1.562
11183709,0.029949,0.027447375890181282,1.524,1.561
11092893,0.029958,0.02745398151124258,1.523,1.561
18148672,0.030019,0.027510639480508182,1.523,1.56
5236579,0.030027,0.027518211777822352,1.522,1.56
9543233,0.030087,0.027574064183543894,1.522,1.559
15246236,0.030096,0.027580992030022816,1.521,1.559
9792926,0.03016,0.02763759629505215,1.521,1.558
17039950,0.030165,0.027642590789025326,1.52,1.558
7783342,0.030229,0.027701343223505485,1.52,1.557
14995377,0.030235,0.02770628401324239,1.519,1.557
13186934,0.030298,0.027765197560431363,1.519,1.556
11977609,0.030305,0.02777105132218487,1.518,1.556
10973204,0.030366,0.027829159305829784,1.518,1.555
12575268,0.030374,0.0278351741802921,1.517,1.555
17876174,0.030438,0.027893335868173285,1.517,1.554
11870947,0.030444,0.027897954432492565,1.516,1.554
2851153,0.030507,0.02795761983898933,1.516,1.553
3707142,0.030515,0.027965514361721126,1.515,1.553
13900790,0.030576,0.028022064922514186,1.515,1.552
9112725,0.030585,0.028029583515592087,1.514,1.552
7667931,0.030647,0.028086671118747852,1.514,1.551
9556477,0.030655,0.028094082303353213,1.513,1.551
12424038,0.030718,0.028151438427690335,1.513,1.55
18087956,0.030726,0.02815772182333401,1.512,1.55
14691152,0.030791,0.028216313145105355,1.512,1.549
8910715,0.030797,0.02822114652636972,1.511,1.549
9685088,0.030862,0.02828134897522919,1.511,1.548
7069050,0.030868,0.028286773103092532,1.51,1.548
5996553,0.030932,0.028346545918061836,1.51,1.547
1613703,0.030939,0.028352023750161447,1.509,1.547
17524702,0.031004,0.028411903973603294,1.509,1.546
9635557,0.03101,0.0284168447633402,1.508,1.546
6038153,0.031073,0.028477423141853565,1.508,1.545
1075239,0.031082,0.02848392135444232,1.507,1.545
11038064,0.031146,0.028543049718576376,1.507,1.544
6576750,0.031154,0.028549601635401402,1.506,1.544
13134981,0.031219,0.028608837408008,1.506,1.543
11290863,0.031225,0.028613617085036094,1.505,1.543
13235683,0.031291,0.028674786210148434,1.505,1.542
10001859,0.031297,0.02867967329564907,1.504,1.542
11582986,0.031363,0.028740896124997684,1.504,1.541
13900887,0.031369,0.028745622097789508,1.503,1.541
18441739,0.031434,0.028807167152555744,1.503,1.54
12162024,0.031442,0.0288145783371611,1.502,1.54
94482,0.031508,0.028873545588586347,1.502,1.539
4504534,0.031514,0.02887832526561444,1.501,1.539
10810284,0.031583,0.02894013884156203,1.501,1.538
16315422,0.031587,0.028943253687265733,1.5,1.538
15326167,0.031655,0.029006839503010258,1.5,1.537
3350985,0.03166,0.029012209926637327,1.499,1.537
13771340,0.031731,0.029073701277167296,1.499,1.536
13877462,0.031733,0.0290755272212005,1.498,1.536
18438825,0.031806,0.029138361177637233,1.497,1.536
16716750,0.031807,0.029140724164033144,1.497,1.535
1032500,0.031879,0.02920500813484919,1.496,1.535
2969904,0.031881,0.02920790816360781,1.496,1.534
7405413,0.031953,0.02927133286664352,1.495,1.534
9542047,0.031957,0.029275253275891283,1.495,1.533
10350490,0.032026,0.029336529809476167,1.494,1.533
10192005,0.032032,0.029342705796647297,1.494,1.532
2664914,0.0321,0.02940457307683116,1.493,1.532
16206164,0.032106,0.029410373134348397,1.493,1.531
17003643,0.032174,0.029471918189114633,1.492,1.531
16368073,0.032181,0.029478147880522037,1.492,1.53
4807429,0.032248,0.029538242920908966,1.491,1.53
9516794,0.032256,0.02954613744364076,1.491,1.529
11733387,0.032323,0.029607951019588352,1.49,1.529
9823977,0.032328,0.029614234415232026,1.49,1.528
13265527,0.032397,0.02967400723020133,1.489,1.528
12148281,0.032406,0.0296824924995321,1.489,1.527
6586709,0.032472,0.02974033196199566,1.488,1.527
3334894,0.032483,0.02975091169654099,1.488,1.526
3490413,0.032547,0.029808428933586924,1.487,1.526
2874052,0.03256,0.02981949200625869,1.487,1.525
4004624,0.032622,0.029874807369617527,1.486,1.525
6386622,0.032635,0.029888233428685206,1.486,1.524
15266095,0.032697,0.029938554298070862,1.485,1.524
14230440,0.03272,0.02995713596382053,1.485,1.523
17299088,0.032772,0.030005792001881797,1.484,1.523
7308443,0.032791,0.030026199611664667,1.484,1.522
8777285,0.032848,0.030073083409929,1.483,1.522
7376443,0.032871,0.030095424372217617,1.483,1.521
13215611,0.032924,0.030142737804372117,1.482,1.521
1478574,0.032947,0.03016481024547938,1.482,1.52
13849308,0.032999,0.030211049592908462,1.481,1.52
13264323,0.033023,0.030234357231449953,1.481,1.519
18364879,0.033076,0.030278179888246853,1.48,1.519
18116696,0.033104,0.03030401162589307,1.48,1.518
13281606,0.033152,0.030348049099635052,1.479,1.518
16501082,0.033178,0.030373880837281268,1.479,1.517
18103501,0.033228,0.030420227593182893,1.478,1.517
16074034,0.033253,0.030443911161378276,1.478,1.516
4759436,0.033305,0.030493426467219874,1.477,1.516
5913837,0.033325,0.030514102598184097,1.477,1.515
1961710,0.033382,0.03056560496076771,1.476,1.515
10965761,0.033401,0.03058445514769873,1.476,1.514
6680531,0.033459,0.030635044538265745,1.475,1.514
15096888,0.033483,0.03065491510568591,1.475,1.513
12749971,0.033536,0.03070383966492853,1.474,1.513
18541811,0.033559,0.030725589880618166,1.474,1.512
6485555,0.033613,0.030773708876316728,1.473,1.512
16753839,0.033634,0.03079642576825924,1.473,1.511
1863755,0.03369,0.03084384660888628,1.472,1.511
1355530,0.033714,0.030867422768609123,1.472,1.51
16370275,0.033768,0.03091618621514293,1.471,1.51
13386669,0.033792,0.03093858088166782,1.471,1.509
9367782,0.033846,0.030988901751053476,1.47,1.509
15723376,0.033869,0.031009900107435324,1.47,1.508
6137055,0.033924,0.03105855614549659,1.469,1.508
16848794,0.033946,0.031081380445911643,1.469,1.507
9711838,0.034002,0.0311320772449512,1.468,1.507
10526080,0.034024,0.031153021897096775,1.468,1.506
2979371,0.034081,0.03120543723169699,1.467,1.506
9022012,0.034101,0.03122482446099072,1.467,1.505
3620096,0.034159,0.03127879721844279,1.466,1.505
16331732,0.034178,0.031296841841829744,1.466,1.504
10069795,0.034238,0.031350062739974024,1.465,1.504
2219527,0.034258,0.03136896663114131,1.465,1.503
6203873,0.034317,0.031423315318247276,1.464,1.503
7614396,0.034337,0.031441306237397965,1.464,1.502
9722261,0.034396,0.03149323823387175,1.463,1.502
7622640,0.034416,0.03151375325212716,1.463,1.501
5531926,0.034475,0.03156783341805176,1.462,1.501
17062586,0.034494,0.03158641508380143,1.462,1.5
16868657,0.034555,0.03164452306744635,1.461,1.5
6516034,0.034572,0.03165923802818452,1.461,1.499
16407077,0.034634,0.03171713119488435,1.46,1.499
18076549,0.034652,0.03173222208527642,1.46,1.498
17394803,0.034714,0.03179145785788302,1.459,1.498
2224511,0.034728,0.031805367255077134,1.459,1.497
14548645,0.034794,0.0318642808022661,1.458,1.497
7101676,0.034809,0.03187867353758665,1.458,1.496
6920909,0.034874,0.03194107786013323,1.457,1.496
10931492,0.034885,0.03195219463704126,1.457,1.495
3454738,0.034955,0.032018734185780676,1.456,1.495
8476209,0.034963,0.03202582314496841,1.456,1.494
12145873,0.035035,0.032091234904746135,1.455,1.494
11949210,0.035044,0.03209966646984064,1.455,1.493
2608850,0.035116,0.03216561527198108,1.454,1.493
5569635,0.035124,0.03217367090742168,1.454,1.492
14547018,0.035197,0.032237847469765185,1.453,1.492
712786,0.035208,0.03224783645771154,1.453,1.491
313494,0.035278,0.032311583386164876,1.452,1.491
16817413,0.035288,0.03232216312071021,1.452,1.49
16474944,0.03536,0.032390098979592656,1.451,1.49
14522500,0.035366,0.03239665089641769,1.451,1.489
10527675,0.035441,0.032465123797662844,1.45,1.489
3204349,0.035448,0.03247135348907025,1.45,1.488
6203439,0.035523,0.032537302291210685,1.449,1.488
2617120,0.035532,0.032546217194431626,1.449,1.487
4335425,0.035605,0.03261232710928087,1.448,1.487
16678655,0.035616,0.03262124201250181,1.448,1.486
11965916,0.035687,0.03269052047729103,1.447,1.486
1559090,0.035693,0.03269642794328081,1.447,1.485
1292899,0.035769,0.03276645826737782,1.446,1.485
4726466,0.035774,0.03277182869100489,1.446,1.484
5158108,0.035851,0.03284266457864596,1.445,1.484
6986042,0.035855,0.032847336847201515,1.445,1.483
11894521,0.035934,0.03291956904498562,1.444,1.483
12255413,0.035937,0.03292305982034322,1.444,1.482
13021128,0.036017,0.03299529201812733,1.443,1.482
11413291,0.036021,0.032998943906193734,1.443,1.481
843489,0.0361,0.03307300204801105,1.442,1.481
18363968,0.036102,0.03307504280898934,1.442,1.48
12228596,0.036183,0.03314979910587817,1.441,1.48
1302240,0.036184,0.03315130282449375,1.441,1.479
18375730,0.036264,0.033227723952706976,1.441,1.478
4599066,0.036267,0.03322971100944899,1.44,1.478
2448705,0.036346,0.033304306193629014,1.44,1.477
8261992,0.03635,0.033307528447805254,1.439,1.477
14235805,0.036428,0.03338110325149613,1.439,1.476
8998963,0.036434,0.03338577552005168,1.438,1.476
12218984,0.036511,0.033458007717835796,1.438,1.475
12765889,0.036518,0.03346595594480386,1.437,1.475
3529173,0.036591,0.03353518070535681,1.437,1.474
2944631,0.036602,0.033546028961083496,1.436,1.474
17484266,0.036674,0.03361246110135037,1.436,1.473
5574529,0.036686,0.033624168624857384,1.435,1.473
7617829,0.036761,0.033689956314289005,1.435,1.472
12301453,0.036771,0.0336991397386913,1.434,1.472
2066738,0.036843,0.03376761263993646,1.434,1.471
8022069,0.036856,0.033778944233789576,1.433,1.471
8146778,0.036929,0.03384543007829272,1.433,1.47
7597451,0.036941,0.03385815798228888,1.432,1.47
13217414,0.037013,0.03392346233359407,1.432,1.469
3871742,0.037026,0.033935492082518705,1.431,1.469
8932598,0.037103,0.034001655701604225,1.431,1.468
7813062,0.037111,0.03400810020995671,1.43,1.468
14805386,0.037186,0.034080063886559465,1.43,1.467
2239995,0.037197,0.03408951583214311,1.429,1.467
10894218,0.037271,0.03415863318422352,1.429,1.466
4138324,0.037283,0.034169749961131556,1.428,1.466
12632906,0.037352,0.034237363594596386,1.428,1.465
5913535,0.037369,0.03425207855533456,1.427,1.465
12970070,0.037437,0.03431630882191434,1.427,1.464
1623901,0.037455,0.034333440473284696,1.426,1.464
10203963,0.037524,0.0343954151619411,1.426,1.463
9677565,0.037541,0.034410881981987065,1.425,1.463
5321913,0.037612,0.03447468261467667,1.425,1.462
16077415,0.037628,0.03448886053305214,1.424,1.462
18611753,0.037695,0.03455416488435733,1.424,1.461
12901688,0.037714,0.034571296535727686,1.423,1.461
3699668,0.03778,0.03463380826674679,1.423,1.46
7910364,0.037801,0.03465346401722187,1.422,1.46
6155808,0.037866,0.034713666466081344,1.422,1.459
4434039,0.037888,0.0347342888928093,1.421,1.459
3664036,0.037955,0.03479368577812471,1.421,1.458
1002061,0.037976,0.03481242855658319,1.42,1.458
11252398,0.038041,0.034873866202876885,1.42,1.457
13100198,0.038063,0.03489454233384111,1.419,1.457
7985515,0.038126,0.03495426144457414,1.419,1.456
16456480,0.038151,0.03497644129415395,1.418,1.456
15283875,0.038212,0.03503487150321648,1.418,1.455
6647875,0.038239,0.0350581254375217,1.417,1.455
15687964,0.0383,0.03511564267456763,1.417,1.454
16652552,0.038327,0.035141957750340284,1.416,1.454
14427655,0.038384,0.0351965749586276,1.416,1.453
15496223,0.038415,0.03522476968266972,1.415,1.453
5836429,0.038474,0.035277722059632644,1.415,1.452
3686275,0.038504,0.03530387602269648,1.414,1.452
13400002,0.038564,0.035359030273346505,1.414,1.451
5933619,0.038593,0.03538470089828391,1.413,1.451
11839972,0.03865,0.03544055330400545,1.413,1.45
8529210,0.038682,0.035469016549228925,1.412,1.45
16988444,0.038739,0.035522237447373206,1.412,1.449
10211761,0.038771,0.03555086180530549,1.411,1.449
588117,0.038828,0.035604136407686046,1.411,1.448
9595969,0.03886,0.03563383485034375,1.41,1.448
3046651,0.038916,0.03568619648070769,1.41,1.447
6023350,0.03895,0.0357164319657281,1.409,1.447
13406631,0.039005,0.035768471370674425,1.409,1.446
8542249,0.03904,0.03579795499638705,1.408,1.446
3464453,0.0391,0.03585090737334997,1.408,1.445
9785694,0.03913,0.03587926321010091,1.407,1.445
7828589,0.039188,0.0359335581929706,1.407,1.444
2631440,0.03922,0.035962504776320514,1.406,1.444
8503789,0.039279,0.036016423829536307,1.406,1.443
13507706,0.03931,0.036042470384127605,1.405,1.443
15799132,0.039373,0.03609945057881083,1.405,1.442
2244314,0.039401,0.036122435991934695,1.404,1.442
3357515,0.039469,0.03618263844079417,1.404,1.441
11235522,0.039492,0.0362047645861377,1.403,1.441
12435126,0.039559,0.036266041119722585,1.403,1.44
15180407,0.039583,0.03628660984221427,1.402,1.44
1602418,0.03965,0.03634965861559609,1.402,1.439
11225031,0.039674,0.0363707106762142,1.401,1.439
17186061,0.039741,0.0364334372241784,1.401,1.438
1470478,0.039765,0.036454435580560246,1.4,1.438
6709207,0.039836,0.03651743064970579,1.4,1.437
7322097,0.039857,0.03653628083663681,1.399,1.437
13288695,0.039927,0.036601638892178275,1.399,1.436
3783730,0.039949,0.036621240938417086,1.398,1.436
844691,0.040017,0.03668600824735956,1.398,1.435
2641494,0.040041,0.03670689919526887,1.397,1.435
18142276,0.04011,0.03677059241948594,1.397,1.434
6373702,0.040133,0.036793148198719636,1.396,1.434
18190715,0.040202,0.036855337704321124,1.396,1.433
12865957,0.040226,0.036877087920010765,1.395,1.433
4006810,0.0403,0.03694029780610139,1.395,1.432
10158795,0.040319,0.036956086851564984,1.394,1.432
13852167,0.040393,0.037025472724826744,1.394,1.431
140501,0.040412,0.03704292660161473,1.393,1.431
44390,0.040487,0.03711080875626091,1.393,1.43
3207984,0.040505,0.03712579223818044,1.392,1.43
15680143,0.040578,0.037196359604640156,1.392,1.429
10376990,0.040598,0.03721392088990068,1.391,1.429
3937283,0.040673,0.037282071565728214,1.391,1.428
4744268,0.040692,0.037299955076406356,1.39,1.428
253112,0.040761,0.037368052047997626,1.39,1.427
1534971,0.040785,0.0373902856018137,1.389,1.427
11602915,0.040853,0.03745419364297585,1.389,1.426
12813885,0.040879,0.037476588309500736,1.388,1.426
1926512,0.040948,0.03754049635066289,1.388,1.425
7166251,0.040974,0.037564126214622,1.387,1.425
17323840,0.041041,0.03762706757953128,1.387,1.424
3922031,0.041068,0.03765220116210597,1.386,1.424
3543116,0.041135,0.03771379992110847,1.386,1.423
1562315,0.041163,0.03773726867235878,1.385,1.423
11910010,0.041234,0.03780074707963076,1.385,1.422
7018022,0.041258,0.037823678788518354,1.384,1.422
7668546,0.041327,0.03788785535086186,1.384,1.421
10061167,0.041353,0.03790917593266133,1.383,1.421
3283691,0.041427,0.03797523214327431,1.383,1.42
1591362,0.041448,0.037993008245479916,1.382,1.42
6581249,0.041525,0.038062770048395575,1.382,1.419
10984165,0.041544,0.0380803313336561,1.381,1.419
13499580,0.041622,0.038150522770461916,1.381,1.418
17193392,0.041639,0.03816593588627161,1.38,1.418
946233,0.041718,0.038238436605237076,1.38,1.417
17700626,0.041735,0.03825325897444779,1.379,1.417
8876613,0.041815,0.03832661896119359,1.379,1.416
8403805,0.041832,0.0383409042880416,1.378,1.416
10333851,0.041912,0.03841496242985891,1.378,1.415
9520576,0.041928,0.03843032184143234,1.377,1.415
12362119,0.042007,0.038503520715469315,1.377,1.414
2840759,0.042025,0.038519954211768154,1.376,1.414
6387300,0.042102,0.03859229381802481,1.376,1.413
13671327,0.042122,0.03860926435668635,1.375,1.413
3188033,0.042198,0.038681228033289106,1.375,1.412
1169857,0.042219,0.03869916524820353,1.374,1.412
13526426,0.042297,0.03877037706549849,1.374,1.411
10378465,0.042316,0.03878842168888545,1.373,1.411
7888392,0.042393,0.03885979461888923,1.373,1.41
8581424,0.042414,0.03888004111596329,1.372,1.41
7441171,0.042491,0.03894937328498878,1.372,1.409
14468774,0.042511,0.038964947513507285,1.371,1.409
4064072,0.042588,0.039039166768033415,1.371,1.408
14568818,0.042609,0.03905635212364004,1.37,1.408
9713874,0.042683,0.03912912136378686,1.37,1.407
4085549,0.042708,0.03915259011503716,1.369,1.407
10862771,0.042784,0.03921934448072165,1.369,1.406
2952193,0.042806,0.03923910763966928,1.368,1.406
18173904,0.042882,0.03930972871036527,1.368,1.405
1204492,0.042905,0.03933013632014814,1.367,1.405
1577697,0.04298,0.03940038146119023,1.367,1.404
15223208,0.043004,0.039423742803967994,1.366,1.404
16011049,0.043074,0.039491195324724004,1.366,1.403
7703132,0.043103,0.039518101147095634,1.365,1.403
5807461,0.043178,0.039582224005202865,1.365,1.402
14759532,0.043202,0.03960279272769455,1.364,1.402
10981756,0.043277,0.039673467502626805,1.364,1.401
4034097,0.043302,0.03969516401408018,1.363,1.401
9537898,0.043375,0.03976492581699583,1.363,1.4
16288584,0.043402,0.0397888242021363,1.362,1.4
1958437,0.043476,0.039856598948309944,1.362,1.399
17585201,0.043502,0.03987920843177991,1.361,1.399
4795842,0.043575,0.03994848689656913,1.361,1.398
928547,0.043602,0.03997362047914382,1.36,1.398
7872018,0.043675,0.04004058966177341,1.36,1.397
2760707,0.043702,0.04006513249774912,1.359,1.397
13123023,0.043775,0.04013285353968649,1.359,1.396
8979973,0.043803,0.04015938343240422,1.358,1.396
14436578,0.043874,0.04022538593878093,1.358,1.395
16325176,0.043904,0.04025191583149866,1.357,1.395
11370786,0.043981,0.040318133154820454,1.357,1.394
5654177,0.044005,0.040339024102729756,1.356,1.394
8599880,0.044083,0.040411041483568784,1.356,1.393
10134716,0.044107,0.040433650967038756,1.355,1.393
3823596,0.044183,0.04050421833349847,1.355,1.392
5243517,0.044208,0.04052612966189693,1.354,1.392
2983549,0.044287,0.04059761000037324,1.354,1.391
1199132,0.04431,0.04061780279321103,1.353,1.391
14060323,0.044387,0.040691162779956824,1.353,1.39
16982466,0.044412,0.04071253706599257,1.352,1.39
2079658,0.04449,0.040784984080721766,1.352,1.389
15486317,0.044515,0.04080576762015853,1.351,1.389
6348546,0.044593,0.04087902019843178,1.351,1.388
15764451,0.044617,0.04090162968190175,1.35,1.388
442443,0.044695,0.040973217428850614,1.35,1.387
5206893,0.04472,0.04099405467252365,1.349,1.387
13739507,0.044798,0.0410676831804508,1.349,1.386
7632840,0.044823,0.04109034636815704,1.348,1.386
4428800,0.044903,0.04116236374899607,1.348,1.385
5027361,0.044927,0.041183469513850456,1.347,1.385
9342699,0.04501,0.04125725913448642,1.347,1.384
9431952,0.04503,0.04127487412398321,1.346,1.384
10898288,0.045113,0.04135236933692185,1.346,1.383
6182649,0.045134,0.04136917876287458,1.345,1.383
18510269,0.045223,0.04144769435630237,1.345,1.382
18189732,0.045238,0.04146074448571615,1.344,1.382
6452813,0.045331,0.04154323419262797,1.344,1.381
13275995,0.045342,0.04155322318057432,1.343,1.381
411529,0.045435,0.041638988845898645,1.343,1.38
4602155,0.045447,0.04164930005926262,1.342,1.38
889482,0.045544,0.04173501202035068,1.342,1.379
13078323,0.045552,0.04174204727530215,1.341,1.379
14722246,0.04565,0.04183119630751153,1.341,1.378
12455794,0.045657,0.041837694520100284,1.34,1.378
12184441,0.045758,0.041927649115853734,1.34,1.377
18617830,0.045762,0.0419311935954476,1.339,1.377
11603488,0.045862,0.04202426303690474,1.339,1.376
6742007,0.045867,0.04202872048851521,1.338,1.376
6376756,0.045968,0.04212114547913711,1.338,1.375
11968361,0.045973,0.0421250121841486,1.337,1.375
3749690,0.046075,0.042218242738314565,1.337,1.374
3534406,0.046079,0.04222259278145249,1.336,1.374
4381462,0.04618,0.04231555481443709,1.336,1.373
14902130,0.046185,0.04231947522368486,1.335,1.373
1463150,0.046285,0.04241313541174098,1.335,1.372
4885959,0.046292,0.04241931139891211,1.334,1.372
10459542,0.046393,0.04251087712175368,1.334,1.371
14142374,0.046399,0.04251640865808956,1.333,1.371
14706628,0.046499,0.04260888735294773,1.333,1.37
1587307,0.046506,0.042615278157063945,1.332,1.37
12775115,0.046607,0.042707112401086864,1.332,1.369
962393,0.046613,0.042712536528950205,1.331,1.369
3933190,0.046715,0.04280555226617108,1.331,1.368
10388252,0.04672,0.042809418971182574,1.33,1.368
9403734,0.046826,0.04290426065243665,1.33,1.367
12695077,0.046828,0.042905495849870884,1.329,1.367
8014344,0.046934,0.04300313015141104,1.329,1.366
5978858,0.046936,0.04300554684204322,1.328,1.366
5109016,0.047036,0.043102268171566774,1.328,1.365
16509838,0.047044,0.04310957194769959,1.327,1.365
14758463,0.047141,0.0432016210086676,1.327,1.364
7627016,0.047152,0.04320983775681701,1.326,1.364
18139514,0.047249,0.043301242366949766,1.326,1.363
4459936,0.047261,0.0433118221014951,1.325,1.363
10877706,0.047362,0.04340107854217703,1.325,1.362
6344417,0.04737,0.04340908047338136,1.324,1.362
15491506,0.047466,0.04350112953434936,1.324,1.361
6053691,0.047479,0.04351310557903773,1.323,1.361
11003655,0.047574,0.043601395343466784,1.323,1.36
3650633,0.047589,0.04361337138815515,1.322,1.36
17257465,0.047683,0.04370187596952929,1.322,1.359
18529224,0.047698,0.043715946479432215,1.321,1.359
6619270,0.047789,0.04380262511677315,1.321,1.358
10390597,0.047808,0.04382050862745129,1.32,1.358
8686183,0.047902,0.04390358908096209,1.32,1.357
926383,0.047919,0.043918035520518914,1.319,1.357
4372495,0.048015,0.04400482156633238,1.319,1.356
13381785,0.048029,0.044017334653383464,1.318,1.356
7959858,0.048124,0.04410626886864776,1.318,1.355
1816756,0.04814,0.04411985604042425,1.317,1.355
3500551,0.048236,0.04420793098790822,1.317,1.354
15961109,0.048251,0.0442217329766298,1.316,1.354
4554622,0.048347,0.04430986162835004,1.316,1.353
16201712,0.048362,0.0443231265747089,1.315,1.353
17630365,0.048455,0.044412007085736935,1.315,1.352
2427018,0.048474,0.04442865539898085,1.314,1.352
1352805,0.048571,0.04451436736006891,1.314,1.351
9371395,0.048585,0.044526773038647445,1.313,1.351
1343909,0.048682,0.04461699615558225,1.313,1.35
3104338,0.048697,0.044629777763814674,1.312,1.35
1035595,0.048796,0.04471983976804066,1.312,1.349
3233727,0.04881,0.04473213803814666,1.311,1.349
13357647,0.048912,0.04482295190168043,1.311,1.348
17753471,0.048922,0.04483106124135731,1.31,1.348
16103066,0.049027,0.044926278852265286,1.31,1.347
8340927,0.049035,0.04493374374110692,1.309,1.347
10750475,0.04914,0.04502982061979522,1.309,1.346
18148265,0.049148,0.04503733921287312,1.308,1.346
5996046,0.049248,0.04513363090850651,1.308,1.345
5853785,0.049261,0.04514662733368402,1.307,1.345
18070700,0.049357,0.04523765601416288,1.307,1.344
2040796,0.049375,0.045252370974901056,1.306,1.344
1808492,0.049475,0.045341949641000606,1.306,1.343
10428465,0.049489,0.045355483108540824,1.305,1.343
15700138,0.049587,0.04544645808478341,1.305,1.342
17034382,0.049603,0.04546111934128532,1.304,1.342
10892846,0.049702,0.04555123504974758,1.304,1.341
7259671,0.049717,0.04556498333423288,1.303,1.341
8516880,0.049813,0.04565622683165682,1.303,1.34
14568499,0.049832,0.045672499215246846,1.302,1.34
11763107,0.049932,0.04576148713474742,1.302,1.339
13044465,0.049946,0.045773463179435786,1.301,1.339
10644914,0.050047,0.04586701595901937,1.301,1.338
8945380,0.050062,0.04588119387739484,1.3,1.338
16495815,0.050163,0.04597270589600014,1.3,1.337
8542964,0.050177,0.04598500416610613,1.299,1.337
9768604,0.050279,0.04607871805839853,1.299,1.336
1947412,0.050293,0.04609058669461435,1.298,1.336
8523074,0.050395,0.046184945037741995,1.298,1.335
860803,0.050409,0.04619810257562832,1.297,1.335
10312045,0.050512,0.04629138683403055,1.297,1.334
18084943,0.050525,0.04630234249822977,1.296,1.334
14078164,0.050629,0.04639809715150046,1.296,1.333
2946320,0.050641,0.04640824725215562,1.295,1.333
7980165,0.050746,0.04650507599015172,1.295,1.332
13859434,0.050758,0.04651581683740586,1.294,1.332
5977614,0.050864,0.046612269645748064,1.294,1.331
13675954,0.050875,0.046622473450639496,1.293,1.331
16892074,0.050979,0.046719731822525756,1.293,1.33
8052515,0.050992,0.0467308485994338,1.292,1.33
16370731,0.051097,0.04682740881624854,1.292,1.329
10060025,0.05111,0.04683949226940945,1.291,1.329
4087706,0.051211,0.04693535433115267,1.291,1.328
156636,0.051228,0.04694947854529187,1.29,1.328
12979145,0.051328,0.04704356836723816,1.29,1.327
2554975,0.051346,0.04705887407457531,1.289,1.327
11275171,0.051451,0.04715199722026873,1.289,1.326
16553247,0.051464,0.04716295288446796,1.288,1.326
4265166,0.051574,0.04726069459448065,1.288,1.325
14877221,0.051583,0.047267353919778224,1.287,1.325
7684059,0.051694,0.047369660489873934,1.287,1.324
3383047,0.051702,0.04737637351940777,1.286,1.324
11244406,0.051814,0.04747884120221229,1.286,1.323
8803162,0.051821,0.04748474866820207,1.285,1.323
16749177,0.051932,0.047588290435732004,1.285,1.322
7009452,0.05194,0.04759559421186482,1.284,1.322
11154592,0.052057,0.04769800819043307,1.284,1.321
9320801,0.05206,0.04770090821919169,1.283,1.321
2609917,0.052176,0.047807940762079226,1.283,1.32
1421764,0.05218,0.047810411156947674,1.282,1.32
13821406,0.052296,0.047918195559143,1.282,1.319
12100745,0.0523,0.04792120299637416,1.281,1.319
17671984,0.052417,0.048028611468915586,1.281,1.318
16352888,0.052421,0.048032317061218265,1.28,1.318
8159031,0.052539,0.0481393496041058,1.28,1.317
1070839,0.052542,0.048141819998974246,1.279,1.317
8710010,0.052663,0.04824708030206485,1.278,1.317
16256468,0.052666,0.04825030255624109,1.278,1.316
4529153,0.052784,0.04836114809990384,1.277,1.316
2572556,0.052784,0.04836157773379401,1.277,1.315
5482089,0.052903,0.04847301402405574,1.277,1.314
10721380,0.052906,0.04847543071468792,1.276,1.314
16116154,0.053024,0.048584772539735095,1.276,1.313
5251889,0.053028,0.04858826331509269,1.275,1.313
10873326,0.053143,0.0486967995765958,1.275,1.312
16795338,0.05315,0.0487021162959866,1.274,1.312
18525716,0.05327,0.048809041430401594,1.274,1.311
9143013,0.053273,0.04881075996596226,1.273,1.311
12480789,0.053394,0.048921551805388735,1.273,1.31
1613070,0.053395,0.04892176662233382,1.272,1.31
12478074,0.053517,0.04903433070155724,1.272,1.309
2869850,0.053519,0.04903588812440909,1.271,1.309
6439501,0.053642,0.04914555217487388,1.27,1.309
16915465,0.053643,0.049147378118907084,1.27,1.308
12243244,0.053766,0.049257256986316965,1.269,1.308
648620,0.053769,0.049260640353202025,1.269,1.307
3477294,0.053889,0.04936820993845226,1.268,1.307
5747679,0.053895,0.04937422481291458,1.268,1.306
16674542,0.054014,0.04948195551087363,1.267,1.306
9055816,0.05402,0.04948802408957222,1.267,1.305
12254442,0.054138,0.049594304773151965,1.266,1.305
13658591,0.054145,0.04960214559164749,1.266,1.304
3956772,0.054263,0.049710520740441785,1.265,1.304
857247,0.054269,0.04971648191066784,1.265,1.303
7849395,0.054388,0.04982593114418755,1.264,1.303
612692,0.054394,0.04983108675086954,1.264,1.302
8812746,0.054513,0.04993838781493842,1.263,1.302
14883540,0.054521,0.049945960112252594,1.263,1.301
361092,0.054639,0.05005352969750283,1.262,1.301
10944861,0.054647,0.050061101994817,1.262,1.3
12694985,0.054765,0.05016743638263302,1.261,1.3
2384956,0.054774,0.0501764586943265,1.261,1.299
13185409,0.054891,0.050286391265972646,1.26,1.299
17593099,0.054897,0.050292137619253614,1.26,1.298
7123390,0.055018,0.05039804237317946,1.259,1.298
1247364,0.05503,0.05040808506536208,1.259,1.297
15450637,0.055145,0.05051253980490862,1.258,1.297
7621211,0.055157,0.05052430103265191,1.258,1.296
9278191,0.055272,0.05063224654755604,1.257,1.296
14383745,0.055281,0.05064078552112308,1.257,1.295
17682374,0.055399,0.050745401373378435,1.256,1.295
8764047,0.055412,0.05075748482653934,1.256,1.294
17929784,0.055527,0.05086091918559674,1.255,1.294
10394154,0.055542,0.05087450635737323,1.255,1.293
6628474,0.055655,0.05097939073080993,1.254,1.293
14282272,0.055667,0.050991796409388467,1.254,1.292
10243529,0.055783,0.051097808571786855,1.253,1.292
356153,0.055796,0.05110935498258506,1.253,1.291
3855375,0.055912,0.05121558196192853,1.252,1.291
11595098,0.055926,0.051227128372726735,1.252,1.29
3085513,0.056041,0.05133115347838311,1.251,1.29
35845,0.056055,0.05134522398828603,1.251,1.289
11363168,0.05617,0.0514496250235963,1.25,1.289
4953642,0.056184,0.05146358812502668,1.25,1.288
15539968,0.056299,0.05157008362555151,1.249,1.288
3480841,0.056312,0.05158222078294869,1.249,1.287
3240382,0.056429,0.05168780331145691,1.248,1.287
1756877,0.056443,0.05170117566628832,1.248,1.286
9347885,0.056559,0.05180589892701621,1.247,1.286
10283836,0.056575,0.05182034536657303,1.247,1.285
11344880,0.05669,0.05192522974000974,1.246,1.285
17200407,0.056705,0.0519397835880391,1.246,1.284
16853695,0.05682,0.05205121987830083,1.245,1.284
2917018,0.056829,0.05205954403492279,1.245,1.283
15457634,0.056951,0.05217334331158043,1.244,1.283
16756134,0.056956,0.052179519298751566,1.244,1.282
18264057,0.057083,0.05229025743394178,1.243,1.282
9517956,0.057092,0.052299816787997964,1.243,1.281
17254813,0.057214,0.052412917909584085,1.242,1.281
7150413,0.057222,0.052420382798425716,1.242,1.28
11307732,0.057346,0.05253412837084708,1.241,1.28
11767766,0.057354,0.05254121733003482,1.241,1.279
10043156,0.057478,0.052651633239807406,1.24,1.279
16616558,0.05749,0.05266237408706155,1.24,1.278
12045424,0.057611,0.052778751167060184,1.239,1.278
5917950,0.057616,0.05278374566103336,1.239,1.277
5217026,0.057744,0.052904365375697385,1.238,1.277
7474646,0.057745,0.052905439460422796,1.238,1.276
17352444,0.057873,0.053027401780993584,1.238,1.275
5924862,0.057877,0.053030785147878644,1.237,1.275
9022758,0.058008,0.05314963262274573,1.237,1.274
11886434,0.05801,0.05315119004559758,1.236,1.274
12858901,0.058143,0.053272131985679226,1.236,1.273
6106589,0.058144,0.05327256161956939,1.235,1.273
18030331,0.058278,0.05339468505284899,1.234,1.273
11125315,0.058278,0.05339495357403035,1.234,1.272
11353534,0.058404,0.053518043683562826,1.234,1.271
8414449,0.058412,0.05352513264275056,1.233,1.271
10111498,0.058539,0.05364140231427665,1.233,1.27
176081,0.058547,0.05364790052686541,1.232,1.27
13885929,0.058675,0.05376508317040811,1.232,1.269
13490215,0.058682,0.05377066841098026,1.231,1.269
13598012,0.05881,0.053889032547720914,1.231,1.268
15117829,0.058817,0.05389488630947442,1.23,1.268
6265712,0.058945,0.05401325044621507,1.23,1.267
13275123,0.058953,0.05401937272914994,1.229,1.267
15981220,0.059083,0.05413773686589059,1.229,1.266
13264556,0.059089,0.054143483219171555,1.228,1.266
15281045,0.059218,0.05426254551098372,1.228,1.265
7594625,0.059225,0.05426909742780875,1.227,1.265
14314677,0.059356,0.05438762267725822,1.227,1.264
11515080,0.059361,0.05439181160768733,1.226,1.264
9099449,0.05949,0.05451302206895033,1.226,1.263
6021208,0.059498,0.054519896211192985,1.225,1.263
6874058,0.059627,0.0546386899818238,1.225,1.262
5406949,0.059635,0.054646315983374244,1.224,1.262
3000026,0.059755,0.05476462641587863,1.224,1.261
6058219,0.059773,0.05478052286981475,1.223,1.261
14698948,0.059894,0.05489088507535107,1.223,1.26
14475050,0.059911,0.05490629819116077,1.222,1.26
15003333,0.060035,0.05501741225600487,1.222,1.259
14058454,0.060049,0.055031053132017636,1.221,1.259
7091308,0.060173,0.0551442616620763,1.221,1.258
5449998,0.060187,0.055157687721143975,1.22,1.258
11831271,0.06031,0.055271379589329074,1.22,1.257
7619432,0.060326,0.05528561121194082,1.219,1.257
13260987,0.060455,0.055398766037763204,1.219,1.256
13608012,0.060465,0.05540811057487431,1.218,1.256
630377,0.060591,0.05552647471161497,1.218,1.255
17247715,0.060604,0.05553931002408367,1.217,1.255
15533141,0.060728,0.05565450561088434,1.217,1.254
3637947,0.060744,0.05566803907842457,1.216,1.254
6177674,0.060868,0.05578280503133508,1.216,1.253
1098702,0.060884,0.05579768110478207,1.215,1.253
13362091,0.061013,0.055911372972967166,1.215,1.252
11444592,0.061024,0.05592007305924302,1.214,1.252
8023580,0.061154,0.05604026314001688,1.214,1.251
87472,0.061165,0.05604901693052901,1.213,1.251
4598636,0.061296,0.05616947553248421,1.213,1.25
15315349,0.061306,0.056177692280633636,1.212,1.25
9624936,0.06144,0.056298956446132906,1.212,1.249
11126641,0.061447,0.056304595390941334,1.211,1.249
16294423,0.06158,0.05642870588096295,1.211,1.248
3712452,0.061589,0.05643638558674966,1.21,1.248
16544384,0.06172,0.056558777541210616,1.21,1.247
11601377,0.061731,0.05656747762748647,1.209,1.247
14151865,0.061865,0.056689171426875906,1.209,1.246
7264194,0.061873,0.05669620668182737,1.208,1.246
10068784,0.062012,0.05681988753795882,1.208,1.245
1654129,0.062016,0.05682348572178896,1.207,1.245
5495136,0.062156,0.05695087217022309,1.207,1.244
16192741,0.062159,0.056953074043910194,1.206,1.244
11806770,0.062302,0.057079654928800266,1.205,1.244
8644202,0.062304,0.05708212532366872,1.205,1.243
134112,0.062446,0.057211337716136054,1.204,1.243
3295170,0.062448,0.05721370070253197,1.204,1.242
9759917,0.062586,0.05734559830681284,1.204,1.241
5736701,0.06259,0.05734806870168129,1.203,1.241
12264833,0.062732,0.05747781813651134,1.203,1.24
10189619,0.062734,0.0574791607424181,1.202,1.24
1812788,0.062876,0.05761030648739118,1.202,1.239
5179866,0.062879,0.05761197131871558,1.201,1.239
3286900,0.063021,0.05774311706368866,1.201,1.238
15963265,0.063024,0.05774558745855711,1.2,1.238
10684763,0.063169,0.05787587393574986,1.199,1.238
11353744,0.063169,0.05787624986540376,1.199,1.237
13225948,0.063313,0.05800965118830021,1.199,1.236
3395883,0.063315,0.05801120861115206,1.198,1.236
1679517,0.06345,0.05814337473661429,1.198,1.235
6830748,0.06346,0.05815212852712641,1.197,1.235
735277,0.063591,0.058277420510345984,1.197,1.234
16026824,0.063607,0.05829202806261162,1.196,1.234
10061342,0.063742,0.05841173480525904,1.196,1.233
8072214,0.063753,0.058421294159315226,1.195,1.233
17572840,0.063887,0.05854642502982599,1.195,1.232
3085059,0.0639,0.05855968997618485,1.194,1.232
13104371,0.064029,0.058681383775574296,1.194,1.231
2456291,0.064048,0.0586982469057633,1.193,1.231
12698897,0.064171,0.05881666474674022,1.193,1.23
3644310,0.064195,0.0588385223709024,1.192,1.23
18619603,0.064321,0.0589522142390875,1.192,1.229
12106045,0.064343,0.05897224591921647,1.191,1.229
6288033,0.064465,0.059088139661088675,1.191,1.228
14321662,0.064492,0.05911391769449862,1.19,1.228
8266685,0.064616,0.059224333604271207,1.19,1.227
3466372,0.06464,0.059244365284400184,1.189,1.227
4771506,0.064773,0.05936084977287136,1.189,1.226
18522913,0.064789,0.05937518880395564,1.188,1.226
7098487,0.064927,0.059497688166889134,1.188,1.225
16213060,0.064939,0.059508966056505984,1.187,1.225
18138969,0.065081,0.05963484878632454,1.187,1.224
3801087,0.065088,0.05964102477349567,1.186,1.224
398842,0.065234,0.05977233163117757,1.186,1.223
12548096,0.065238,0.059775070547227374,1.185,1.223
15581171,0.065389,0.059907021855744515,1.184,1.223
8913735,0.065392,0.059910136701448215,1.184,1.222
14764508,0.06554,0.06003972502356945,1.183,1.222
15573523,0.065549,0.06004821029290022,1.183,1.221
10848903,0.065691,0.060178765291274326,1.182,1.221
81981,0.065699,0.060186659814006116,1.182,1.22
12972195,0.065842,0.06032242412329848,1.181,1.22
10268218,0.065844,0.06032537785629337,1.181,1.219
7618396,0.065992,0.06046447182823452,1.181,1.218
3219853,0.065994,0.0604659755468501,1.18,1.218
11706201,0.066142,0.06060383432135702,1.18,1.217
2168731,0.066146,0.06060657323740683,1.179,1.217
16295549,0.066295,0.06074357274413342,1.179,1.216
7804683,0.066298,0.06074529127969408,1.178,1.216
9179933,0.066451,0.06088110929322271,1.177,1.216
3037277,0.066453,0.06088357968809117,1.177,1.215
9845011,0.066604,0.061015369883899495,1.176,1.215
5087950,0.066613,0.06102390885746654,1.176,1.214
12120155,0.066758,0.06115161753131829,1.175,1.214
5310813,0.066774,0.06116461395649581,1.175,1.213
4802896,0.066912,0.06128920778464386,1.174,1.213
3692814,0.06693,0.061305587576706434,1.174,1.212
7036315,0.067066,0.0614250257981725,1.173,1.212
9221381,0.067088,0.06144693712657095,1.173,1.211
14006937,0.067221,0.06156922167255936,1.172,1.211
2949894,0.067242,0.06158855519761682,1.172,1.21
15166911,0.067376,0.06171771388584789,1.171,1.21
7311244,0.06739,0.06173054919831659,1.171,1.209
7223186,0.067531,0.061862715323778815,1.17,1.209
9591472,0.067542,0.06187286542443398,1.17,1.208
8222,0.067687,0.0620072334235833,1.169,1.208
15031299,0.067696,0.06201550387596899,1.169,1.207
4829227,0.067843,0.06214981817088205,1.168,1.207
10832340,0.067851,0.06215846455292163,1.168,1.206
11602564,0.067999,0.062292080692763166,1.167,1.206
10070928,0.068009,0.06230174745529189,1.167,1.205
10548880,0.068156,0.062434719144298184,1.166,1.205
7496421,0.068168,0.06244535258307978,1.166,1.204
3822752,0.068313,0.06258117059660842,1.165,1.204
721496,0.068321,0.06258933364052156,1.165,1.203
13737382,0.06847,0.06272445349897868,1.164,1.203
11038767,0.06848,0.0627335832191447,1.164,1.202
13753976,0.068628,0.06286472896411778,1.163,1.202
2855840,0.068643,0.06287820872742174,1.163,1.201
6507324,0.068786,0.06301026744441142,1.162,1.201
1459897,0.0688,0.06302315646111639,1.162,1.2
460286,0.068945,0.06315403368490811,1.161,1.2
17933831,0.06896,0.06316842642022867,1.161,1.199
17313905,0.069104,0.06329608138984415,1.16,1.199
2302737,0.069122,0.06331407230899484,1.16,1.198
14577011,0.069263,0.06343931058797815,1.159,1.198
8022586,0.069286,0.06346004042317864,1.159,1.197
7739285,0.069423,0.06358441943438162,1.158,1.197
399417,0.069449,0.06360633076278006,1.158,1.196
11319711,0.069583,0.06373151533752709,1.157,1.196
12650798,0.069604,0.06375294332779911,1.157,1.195
2471682,0.069743,0.06388425018548101,1.156,1.195
6030169,0.06976,0.06389987811823579,1.156,1.194
7685045,0.069904,0.06403177572251666,1.155,1.194
9056219,0.069917,0.06404718883832634,1.155,1.193
14905833,0.070065,0.0641862828102675,1.154,1.193
10586735,0.070073,0.06419487548807082,1.154,1.192
2985237,0.070227,0.06434062878530952,1.153,1.192
16669873,0.070229,0.06434283065899662,1.153,1.191
8328813,0.070387,0.06449116175957634,1.153,1.19
1653710,0.070389,0.06449191361888412,1.152,1.19
5036737,0.070547,0.06463981508557368,1.152,1.189
13816145,0.070551,0.06464443364989296,1.151,1.189
15105854,0.070711,0.06478884434122491,1.151,1.188
6497830,0.070714,0.06479126103185709,1.15,1.188
13558320,0.070871,0.06493819582229375,1.15,1.187
986579,0.070877,0.06494345883744829,1.149,1.187
399672,0.071037,0.06508786952878023,1.149,1.186
6864747,0.07104,0.06508996399399479,1.148,1.186
4259074,0.071202,0.06523791916492061,1.148,1.185
12910828,0.071204,0.06523915436235483,1.147,1.185
8652487,0.071368,0.06538807620953352,1.146,1.185
12856368,0.071368,0.06538834473071488,1.146,1.184
5609352,0.071532,0.06553302394322817,1.145,1.184
163006,0.071539,0.06553903881769049,1.145,1.183
14807669,0.071697,0.06568908845383087,1.144,1.183
15769626,0.071698,0.06569016253855628,1.144,1.182
2403500,0.071863,0.06583790289253702,1.143,1.182
3970800,0.071866,0.06584155478060343,1.143,1.181
6790462,0.072028,0.06598988588118314,1.142,1.181
3241442,0.072031,0.06599337665654073,1.142,1.18
3238792,0.072188,0.0661454670536594,1.142,1.179
11319701,0.072194,0.06615094488575901,1.141,1.179
2898429,0.072348,0.06629798708466822,1.141,1.178
11506271,0.072361,0.06630915756581253,1.14,1.178
8206001,0.072513,0.0664507756368584,1.14,1.177
3406860,0.072528,0.06646538318912404,1.139,1.177
17224567,0.07268,0.06660399382293875,1.139,1.176
13819646,0.072695,0.06661881619214946,1.138,1.176
6134010,0.072849,0.06675753423443671,1.138,1.175
3596692,0.072862,0.06677074547655931,1.137,1.175
8099429,0.073017,0.06691139687135231,1.137,1.174
7237511,0.07303,0.06692294328215051,1.136,1.174
17901693,0.073183,0.0670656354379218,1.136,1.173
2154952,0.073199,0.06708115596220403,1.135,1.173
8397269,0.073346,0.06722024993414517,1.135,1.172
8306640,0.073367,0.06724049643121924,1.134,1.172
9473330,0.073514,0.06737524036002246,1.134,1.171
2711331,0.073536,0.06739613130793176,1.133,1.171
695594,0.073683,0.06753055301131736,1.133,1.17
12402807,0.073706,0.0675526791566609,1.132,1.17
4748491,0.073856,0.0676861878880299,1.132,1.169
3435710,0.073876,0.06770299731398262,1.131,1.169
10065710,0.074026,0.06784225239863258,1.131,1.168
10737378,0.074046,0.06785975997965683,1.13,1.168
96236,0.074196,0.0679986391346529,1.13,1.167
14602108,0.074217,0.0680180800681829,1.129,1.167
11596854,0.074366,0.06815540180032711,1.129,1.166
15463765,0.074388,0.0681755945931649,1.128,1.166
1715462,0.074535,0.06831248669141896,1.128,1.165
19265,0.074559,0.06833380727321842,1.127,1.165
14894898,0.074705,0.06847000121640096,1.127,1.164
12064726,0.074731,0.0684941144184865,1.126,1.164
7376883,0.074874,0.06862783796680058,1.126,1.163
1761437,0.074904,0.06865667714167795,1.125,1.163
6957231,0.07504,0.06878599694261783,1.125,1.162
8100238,0.075076,0.06881875652674296,1.124,1.162
13579468,0.075206,0.06894458555232524,1.124,1.161
10091063,0.075249,0.06898378964480287,1.123,1.161
16656896,0.075378,0.06910349638745028,1.123,1.16
1510420,0.075423,0.06914388197312586,1.122,1.16
4825481,0.075555,0.06926283685646549,1.122,1.159
15117199,0.075597,0.06930198724470685,1.121,1.159
10105380,0.075731,0.06942249955089833,1.121,1.158
13240043,0.075771,0.06945880361461733,1.12,1.158
3212685,0.0759,0.06958253817498505,1.12,1.157
18002475,0.075946,0.06962496452163891,1.119,1.157
11279638,0.076079,0.06974295272872567,1.119,1.156
2594714,0.076121,0.06978145866613178,1.118,1.156
2217585,0.076261,0.06990368950788392,1.118,1.155
10590773,0.076296,0.06993279720394265,1.117,1.155
3810445,0.076436,0.07006485592093233,1.117,1.154
463590,0.076472,0.07009675623727712,1.116,1.154
16176406,0.076613,0.07022634455939836,1.116,1.153
9274685,0.076648,0.07025738560796284,1.115,1.153
14808330,0.076795,0.07038826283175456,1.115,1.152
11419002,0.076825,0.07041425568210959,1.114,1.152
17572539,0.076975,0.07055050332952839,1.114,1.151
12049559,0.077002,0.07057407948925123,1.113,1.151
10176764,0.077156,0.07071317346119238,1.113,1.15
10664421,0.07718,0.0707342255218105,1.112,1.15
11138150,0.077337,0.070876165818274,1.112,1.149
5216244,0.077358,0.07089431785013349,1.111,1.149
18199489,0.077514,0.0710395341050095,1.111,1.148
2631118,0.077536,0.07105849170041306,1.11,1.148
16483158,0.077693,0.07120333202563518,1.11,1.147
6444571,0.077715,0.07122486742437974,1.109,1.147
8970299,0.077868,0.07136745217167847,1.109,1.146
10784986,0.077894,0.07139194130341793,1.108,1.146
8932023,0.07804,0.07153194824737567,1.108,1.145
12439126,0.078073,0.0715618078027422,1.107,1.145
16027323,0.078215,0.07169687395696303,1.107,1.144
4994022,0.078253,0.07173221134442917,1.106,1.144
4410496,0.0784,0.07186212189196801,1.106,1.143
3595365,0.078434,0.07189310923629623,1.105,1.143
18111195,0.078581,0.07202779946086317,1.105,1.142
18111538,0.078615,0.07205782012893851,1.104,1.142
2666665,0.078768,0.07219385295941222,1.104,1.141
11042611,0.078796,0.07221952358434962,1.103,1.141
2298389,0.078951,0.07236028238761516,1.103,1.14
5301188,0.078977,0.07238289187108513,1.102,1.14
10653645,0.079132,0.072527087745472,1.102,1.139
8869271,0.079159,0.07255200651110161,1.101,1.139
3740808,0.079314,0.07269426903298272,1.101,1.138
334206,0.079342,0.07272063781299165,1.1,1.138
184043,0.079493,0.07286182625014735,1.1,1.137
10625987,0.079525,0.07289173950975014,1.099,1.137
10115783,0.079682,0.07302981310120214,1.099,1.136
11006553,0.079708,0.07305193924654568,1.098,1.136
13263833,0.079867,0.07319817588191083,1.098,1.135
14484424,0.079892,0.07321917423829268,1.097,1.135
12908218,0.080054,0.07336691459227342,1.097,1.134
11265464,0.080076,0.07338592589191324,1.096,1.134
8159653,0.080236,0.07353602923228988,1.096,1.133
16933777,0.080261,0.07355890723694121,1.095,1.133
4440617,0.080419,0.07370551980196026,1.095,1.132
12805433,0.080446,0.07373097560995258,1.094,1.132
18620499,0.080602,0.07387544000552079,1.094,1.131
14468038,0.080631,0.07390105692622193,1.093,1.131
12893726,0.080784,0.07404573613873523,1.093,1.13
629240,0.080817,0.07407640125764581,1.092,1.13
14621063,0.080967,0.07421646190583983,1.092,1.129
9776257,0.081003,0.074248039996767,1.091,1.129
4426111,0.081152,0.07438750989836204,1.091,1.128
17006778,0.08119,0.07442177320110276,1.09,1.128
15455066,0.081336,0.07455898752477444,1.09,1.127
15001457,0.081377,0.07459357305293278,1.089,1.127
2266863,0.081525,0.074730894785077,1.089,1.126
8497228,0.081565,0.07476832663775768,1.088,1.126
12892934,0.08171,0.07490317797503344,1.088,1.125
13068180,0.081753,0.07494238206751105,1.087,1.125
15942923,0.081897,0.07507583709464379,1.087,1.124
17202929,0.081941,0.07511477266594005,1.086,1.124
9393124,0.082085,0.07524892584814429,1.086,1.123
17563063,0.08213,0.07528957995500123,1.085,1.123
14746158,0.082274,0.07542239053129869,1.085,1.122
5019640,0.082319,0.0754640113144085,1.084,1.122
8125460,0.082464,0.07559623114410699,1.084,1.121
628895,0.082509,0.07563645561707376,1.083,1.121
263568,0.082654,0.07577050139080546,1.083,1.12
17875164,0.082699,0.07581679444247082,1.082,1.12
5919809,0.082836,0.07594514756715783,1.082,1.119
5184488,0.08289,0.0759976166059943,1.081,1.119
17171189,0.083019,0.07612022337740035,1.081,1.118
17349322,0.083081,0.07617521651534155,1.08,1.118
4415460,0.083214,0.07629572882153303,1.08,1.117
13193683,0.083273,0.07634986269169391,1.079,1.117
599009,0.083407,0.07647161019531962,1.079,1.116
8773951,0.083465,0.0765230051494307,1.078,1.116
14449852,0.083597,0.0766478674987601,1.078,1.115
16222871,0.083657,0.07670076617148676,1.077,1.115
18047840,0.083792,0.07682455443609075,1.077,1.114
16661137,0.08385,0.07688003091215839,1.076,1.114
1863677,0.083977,0.07700167100731156,1.076,1.113
3738068,0.084043,0.07706332347055034,1.075,1.113
16639405,0.084174,0.07717916350818627,1.075,1.112
7851448,0.084237,0.07723899002739185,1.074,1.112
17523038,0.08436,0.07735708564295114,1.074,1.111
16389,0.084431,0.07742437705099835,1.073,1.111
4666966,0.084551,0.07753543741160618,1.073,1.11
2798785,0.084626,0.0776078307220991,1.072,1.11
2507083,0.084738,0.07771416510991512,1.072,1.109
11319097,0.084821,0.07778881399833142,1.071,1.109
12148618,0.084936,0.07789332244211422,1.071,1.108
8099271,0.085016,0.07796448055517291,1.07,1.108
1036413,0.085133,0.07807285570396721,1.07,1.107
6457657,0.085212,0.0781443897466798,1.069,1.107
3812520,0.085334,0.07825287230394665,1.069,1.106
14522454,0.085409,0.07832037852893893,1.068,1.106
8464026,0.085536,0.07843326483357997,1.068,1.105
358262,0.085606,0.07849846177641262,1.067,1.105
7965723,0.085735,0.07861403329286719,1.067,1.104
13385927,0.085803,0.07867590057305106,1.066,1.104
9042256,0.085928,0.07879528509028084,1.066,1.103
16202085,0.086001,0.07886058944158604,1.065,1.103
15383479,0.086127,0.07897691281734841,1.065,1.102
3700667,0.086199,0.07904157271781834,1.064,1.102
7300050,0.086325,0.07915897017830612,1.064,1.101
3479367,0.086398,0.07922738937531501,1.063,1.101
16974283,0.086522,0.07934145717315401,1.063,1.1
16054998,0.086597,0.07941073563794322,1.062,1.1
11817131,0.086728,0.07952437380189205,1.062,1.099
11410297,0.086797,0.07958543551853185,1.061,1.099
13280708,0.086933,0.079707666360284,1.061,1.098
8955127,0.086997,0.07976555952698383,1.06,1.098
5865811,0.087133,0.07989144225680238,1.06,1.097
16970117,0.087197,0.0799495502404473,1.059,1.097
5776186,0.087332,0.08007559408297465,1.059,1.096
2809475,0.087398,0.08013477615134498,1.058,1.096
6824040,0.087536,0.0802601755430371,1.058,1.095
17677279,0.0876,0.08032048540036911,1.057,1.095
8366004,0.087733,0.0804451866369897,1.057,1.094
13477648,0.087802,0.08050823541037153,1.056,1.094
4408650,0.087936,0.08063062736483248,1.056,1.093
15863385,0.088004,0.08069244094078007,1.055,1.093
9874068,0.088139,0.08081649772656542,1.055,1.092
10131612,0.088207,0.08087600202035337,1.054,1.092
1355750,0.08835,0.08100279772218852,1.054,1.091
16186867,0.08841,0.08105779086012974,1.053,1.091
3013694,0.08855,0.08118952735170179,1.053,1.09
2911780,0.088614,0.08124827978618196,1.052,1.09
16923996,0.088748,0.08137668661510523,1.052,1.089
1570145,0.088818,0.08144236689606431,1.051,1.089
7808686,0.08895,0.0815643292166351,1.051,1.088
17548427,0.089023,0.08163060024419316,1.05,1.088
3663829,0.089158,0.08175234774781887,1.05,1.087
599970,0.089228,0.081814268732239,1.049,1.087
4548195,0.089371,0.0819407959128928,1.049,1.086
485657,0.089434,0.08199675572708688,1.048,1.086
13853986,0.089576,0.08212967371185691,1.048,1.085
17270521,0.08964,0.08218805021668317,1.047,1.085
10649597,0.089783,0.08231903484894744,1.047,1.084
3281256,0.089847,0.08237972063593334,1.046,1.084
10206795,0.089985,0.08250877191569186,1.046,1.083
6950335,0.090054,0.08257182068907369,1.045,1.083
5392402,0.090194,0.08269899232056273,1.045,1.082
9080005,0.090261,0.08276134293887304,1.044,1.082
18427435,0.090406,0.08288964235932376,1.044,1.081
7749879,0.09047,0.08295022073783713,1.043,1.081
5851318,0.090612,0.08308072203197496,1.043,1.08
16424450,0.090678,0.08314248190368628,1.042,1.08
1181311,0.090815,0.08327223133851633,1.042,1.079
1275521,0.090887,0.08333732087287643,1.041,1.079
7138988,0.091027,0.08346417027894786,1.041,1.078
6778841,0.091097,0.08352582274218663,1.04,1.078
15354939,0.091241,0.08365659255750582,1.04,1.077
9280118,0.091307,0.08371845983768969,1.039,1.077
8973999,0.091451,0.08384944446995396,1.039,1.076
2725477,0.091517,0.08390927098915953,1.038,1.076
13207284,0.091659,0.08404272601629226,1.038,1.075
8921556,0.091728,0.08410249883126156,1.037,1.075
2972307,0.09187,0.084236490900757,1.037,1.074
3421287,0.09194,0.08429594149030867,1.036,1.074
16028253,0.092088,0.08443063171487562,1.036,1.073
15793205,0.092151,0.08448503410621785,1.035,1.073
3016032,0.092307,0.08462530957135696,1.035,1.072
4244391,0.092364,0.0846771341593582,1.034,1.072
4864063,0.092515,0.08482036335749218,1.034,1.071
2712371,0.092577,0.08487686021404897,1.033,1.071
1036397,0.092729,0.08501590048175385,1.033,1.07
12338769,0.09279,0.08507067880274997,1.032,1.07
7162303,0.092942,0.08521186723990569,1.032,1.069
10878819,0.093004,0.08526669926513808,1.031,1.069
17404275,0.093151,0.08540831733618395,1.031,1.068
10562389,0.093219,0.0854696475740051,1.03,1.068
3278793,0.093371,0.08560519706635239,1.03,1.067
8465591,0.093433,0.08565943834498581,1.029,1.067
12243567,0.093589,0.08580256013464727,1.029,1.066
13673677,0.093649,0.08585561992008273,1.028,1.066
14045473,0.093806,0.0860003528368323,1.028,1.065
5643221,0.093865,0.08605475522817453,1.027,1.065
2916883,0.09402,0.08619857517290751,1.027,1.064
5156075,0.094081,0.08625534055064564,1.026,1.064
8396012,0.094234,0.08639728084710914,1.026,1.063
13095456,0.094298,0.0864564092112432,1.025,1.063
17410519,0.09445,0.08659646985943721,1.025,1.062
16398657,0.094515,0.08665661860406042,1.024,1.062
15862585,0.094661,0.08679608850565546,1.024,1.061
17032393,0.094733,0.08686144656119692,1.023,1.061
6743360,0.094881,0.08699619049000014,1.023,1.06
17031243,0.094952,0.08706187077095921,1.022,1.06
2682613,0.095098,0.08719672210823498,1.022,1.059
81361,0.09517,0.08726336906544693,1.021,1.059
7080899,0.095316,0.08739773706459626,1.021,1.058
10419811,0.09539,0.08746255807777502,1.02,1.058
13294872,0.095533,0.0875991816548477,1.02,1.057
12315674,0.09561,0.08766674158407627,1.019,1.057
13047911,0.095754,0.0878011095832256,1.019,1.056
15401828,0.09583,0.08787092509037751,1.018,1.056
7869379,0.095971,0.08800352084972991,1.018,1.055
12889645,0.096051,0.08807827714661874,1.017,1.055
10448138,0.09619,0.08820641545436066,1.017,1.054
942492,0.096273,0.0882829976952827,1.016,1.054
6472610,0.096409,0.08840973969288159,1.016,1.053
6270976,0.096494,0.08848637563803989,1.015,1.053
11359757,0.096626,0.08861354726952894,1.015,1.052
8762284,0.096717,0.08869748699082007,1.014,1.052
8635434,0.096843,0.08881783818430274,1.014,1.051
11231697,0.09694,0.08890918909019922,1.013,1.051
18062407,0.097066,0.08902255873296669,1.013,1.05
5827640,0.097163,0.08911165406093981,1.012,1.05
14163827,0.09729,0.0892277626197571,1.012,1.049
6709244,0.097387,0.08931111159444924,1.011,1.049
13241119,0.09752,0.08943350354891019,1.011,1.048
2312264,0.097612,0.08952082663708637,1.01,1.048
10313189,0.097741,0.0896396204077172,1.01,1.047
8370744,0.097837,0.08972903796110793,1.009,1.047
10641272,0.097966,0.08984627430888689,1.009,1.046
2417661,0.098062,0.08993821596138236,1.008,1.046
9860285,0.098187,0.09005341154818304,1.008,1.045
5379639,0.098288,0.09014734025742052,1.007,1.045
5338579,0.098414,0.09026097842136935,1.007,1.044
1792799,0.098515,0.09035506824331563,1.006,1.044
17405976,0.09864,0.09046908233691836,1.006,1.043
10879956,0.098742,0.0905594128623257,1.005,1.043
4620988,0.098868,0.09067761588635755,1.005,1.042
5725241,0.09897,0.09077149089135875,1.004,1.042
16643336,0.099096,0.09088663277392316,1.004,1.041
8674002,0.099198,0.09098029296197928,1.003,1.041
17627024,0.099329,0.09109618670385149,1.003,1.04
9893909,0.099427,0.0911854431445334,1.002,1.04
11626983,0.099557,0.09130617026766998,1.002,1.039
10048349,0.099656,0.091395050778698,1.001,1.039
14145663,0.099782,0.09151663716961489,1.001,1.038
6026478,0.099885,0.09161185478052288,1.0,1.038
17537421,0.100013,0.09172764111392252,1.0,1.037
16886721,0.100116,0.0918226976121217,0.999,1.037
9737612,0.100243,0.09193907469212033,0.999,1.036
6560145,0.100346,0.09203767566991336,0.998,1.036
12617752,0.100469,0.09215099160844456,0.998,1.035
7378209,0.100578,0.09225614450306262,0.997,1.035
1995828,0.100692,0.0923634455671315,0.997,1.034
6713589,0.10081,0.09246918920834854,0.996,1.034
9149831,0.100924,0.09257638286394489,0.996,1.033
18098578,0.101042,0.09268497282968427,0.995,1.033
3006994,0.101155,0.09278974979464842,0.995,1.032
17375964,0.101275,0.0929005416340749,0.994,1.032
6559843,0.101389,0.09300365376771468,0.994,1.031
598317,0.101508,0.09311138446567373,0.993,1.031
2050928,0.101623,0.09321809478314363,0.993,1.03
16920624,0.101742,0.09332561066415761,0.992,1.03
11983521,0.101857,0.09343296543246277,0.992,1.029
3401495,0.101977,0.09353725905930049,0.991,1.029
12383924,0.102098,0.09364837312414459,0.991,1.028
16198010,0.102212,0.09375400935688909,0.99,1.028
2982514,0.102331,0.09386421044971659,0.99,1.027
7647166,0.102448,0.09397333745781868,0.989,1.027
844016,0.102562,0.09408058481765129,0.989,1.026
287592,0.102684,0.0941961026298696,0.988,1.026
3486085,0.102798,0.09429749622794871,0.988,1.025
9369972,0.102921,0.09440925474362806,0.987,1.025
6601601,0.103037,0.09451489097637256,0.987,1.024
7494267,0.103158,0.0946244476183648,0.986,1.024
14418895,0.103276,0.09473276906292284,0.986,1.023
16175830,0.103396,0.09484259422609645,0.985,1.023
15460215,0.103514,0.09495113048759955,0.985,1.022
16947341,0.103634,0.09506267418633382,0.984,1.022
3778670,0.103747,0.09517002895463898,0.984,1.021
10791282,0.103873,0.0952891986549237,0.983,1.021
4055082,0.103981,0.09538941075980485,0.983,1.02
10296819,0.104112,0.0955107286295404,0.982,1.02
8658660,0.104217,0.09560927590309715,0.982,1.019
589624,0.104352,0.09573172156179438,0.981,1.019
11664991,0.104457,0.09582967808875216,0.981,1.018
14911058,0.104593,0.09595233856439447,0.98,1.018
11625603,0.104696,0.09605061731676988,0.98,1.017
17016280,0.104834,0.09617816487791282,0.979,1.017
3781674,0.104936,0.09627203988291402,0.979,1.016
10751935,0.105076,0.09640474305073896,0.978,1.016
14871817,0.105173,0.0964939457871846,0.978,1.015
989946,0.105318,0.09662616561688311,0.977,1.015
12194966,0.105417,0.09671638873381791,0.977,1.014
9462167,0.105561,0.09684823263386251,0.976,1.014
16933633,0.105657,0.0969393687228139,0.976,1.013
15330591,0.105804,0.0970737904261995,0.975,1.013
7448763,0.105906,0.09716283204993635,0.975,1.012
15794452,0.106048,0.09729360186525553,0.974,1.012
10787535,0.10615,0.09738677871518522,0.974,1.011
2488058,0.106292,0.09751642074154272,0.973,1.011
15353974,0.106394,0.09761131612703307,0.973,1.01
1032680,0.106537,0.0977399914771377,0.972,1.01
13439755,0.106644,0.09783633687700737,0.972,1.009
1663576,0.106783,0.09796538815676589,0.971,1.009
16430872,0.106888,0.09806184096510809,0.971,1.008
10161711,0.107029,0.09818793851187173,0.97,1.008
4593316,0.10714,0.0982879357998078,0.97,1.007
15783831,0.107276,0.09841032775426875,0.969,1.007
3320425,0.107388,0.09851451397263393,0.969,1.006
18406235,0.107523,0.09863652999744099,0.968,1.006
5024596,0.107634,0.0987415754835865,0.968,1.005
6425908,0.107771,0.09886772673458641,0.967,1.005
5343647,0.107885,0.09896922774113806,0.967,1.004
13779744,0.108019,0.09909135117441767,0.966,1.004
7046596,0.108132,0.09919736333681606,0.966,1.003
8560967,0.108268,0.09932147382683768,0.965,1.003
2905737,0.108384,0.09942603597485675,0.965,1.002
8508551,0.108518,0.09954853533779025,0.964,1.002
4615975,0.108627,0.09965524565526016,0.964,1.001
9841129,0.108768,0.09978424323078242,0.963,1.001
2892423,0.108874,0.09988493867379,0.963,1.0
3933435,0.109019,0.10001828629245017,0.962,1.0
25175,0.109126,0.10011522243891882,0.962,0.999
1836767,0.10927,0.10025200712870032,0.961,0.999
4308021,0.109371,0.10034598954217407,0.961,0.998
4648755,0.109522,0.10048288164042812,0.96,0.998
16561407,0.109623,0.10057734739202831,0.96,0.997
6165013,0.109775,0.10071821360376638,0.959,0.997
17847997,0.109874,0.10080918858000898,0.959,0.996
11905743,0.110028,0.10095354556710465,0.958,0.996
9581686,0.110123,0.10104156681035235,0.958,0.995
12517654,0.110281,0.10119145533378392,0.957,0.995
7632932,0.110375,0.10127448208305843,0.957,0.994
7547940,0.110536,0.10142211502856663,0.956,0.994
8311347,0.110627,0.1015079881023635,0.956,0.993
16851042,0.11079,0.10165723217495981,0.955,0.993
5668026,0.110877,0.10174197745979499,0.955,0.992
389796,0.111046,0.10190357350673357,0.954,0.992
12302955,0.111124,0.1019765038595892,0.954,0.991
10490510,0.111302,0.10214207402001181,0.953,0.991
3795415,0.111381,0.10221156730174612,0.953,0.99
2960846,0.111558,0.1023742374334101,0.952,0.99
18240931,0.111634,0.102447221490502,0.952,0.989
14544319,0.111815,0.1026188602296232,0.951,0.989
4070115,0.111884,0.10268335901738433,0.951,0.988
1843035,0.112073,0.10285967002506108,0.95,0.988
8464598,0.112137,0.10292008729086563,0.95,0.987
9542931,0.112332,0.10310198353911454,0.949,0.987
3830156,0.112393,0.10315735260670965,0.949,0.986
8457291,0.112591,0.10333452288216673,0.948,0.986
18020916,0.112659,0.10339515496491636,0.948,0.985
17683815,0.11285,0.10357151967682938,0.947,0.985
3271298,0.112919,0.10363349436548579,0.947,0.984
7249287,0.11311,0.10380771090794799,0.946,0.984
15812275,0.113178,0.10387237080841792,0.946,0.983
14129415,0.113371,0.10404803736525943,0.945,0.983
10303169,0.113442,0.10411183799794904,0.945,0.982
5731097,0.113632,0.10428686010395528,0.944,0.982
4941186,0.113703,0.10435184222984285,0.944,0.981
9019631,0.113894,0.10452718656126674,0.943,0.981
6404002,0.113962,0.10459238350409938,0.943,0.98
7495188,0.114157,0.10477658903450793,0.942,0.98
15974011,0.114219,0.10483351552495489,0.942,0.979
3979515,0.11442,0.10501675437911055,0.941,0.979
8028701,0.114484,0.1050751845881731,0.941,0.978
6526624,0.114684,0.10526089383719722,0.94,0.978
11497093,0.114747,0.10531739069375401,0.94,0.977
12987130,0.114948,0.10550267030888798,0.939,0.977
10473553,0.11501,0.10556018754593391,0.939,0.976
5008032,0.115213,0.10574772273899123,0.938,0.976
15937492,0.115272,0.1058035214404765,0.938,0.975
10666037,0.115479,0.10599379554958364,0.937,0.975
3233713,0.115538,0.10604744608161809,0.937,0.974
16823183,0.115745,0.10623578683821948,0.936,0.974
11897968,0.115807,0.10629190776512237,0.936,0.973
1150822,0.116012,0.10648245039541086,0.935,0.973
12777439,0.116069,0.10653690649098937,0.935,0.972
4435039,0.116279,0.10672959729072869,0.934,0.972
14915707,0.116337,0.10678249596345533,0.934,0.971
14796690,0.116547,0.10697899976396988,0.933,0.971
14162273,0.1166,0.1070286761825203,0.933,0.97
17808239,0.116816,0.10723216153375002,0.932,0.97
9811281,0.11686,0.10727539344394794,0.932,0.969
2815932,0.117085,0.10748312142984306,0.931,0.969
16263629,0.11713,0.10752270145197458,0.931,0.968
8730267,0.117355,0.10772892571925412,0.93,0.968
4024584,0.1174,0.10777054650236392,0.93,0.967
3431033,0.117626,0.10797306517734079,0.929,0.967
8384406,0.117675,0.10801898229935225,0.929,0.966
778482,0.117897,0.10821972873453217,0.928,0.966
5015607,0.117946,0.10826800884293955,0.928,0.965
12591030,0.118169,0.10847058122215268,0.927,0.965
18549227,0.118218,0.10851757242888956,0.927,0.964
5917044,0.118441,0.1087305634299392,0.926,0.964
16544984,0.118482,0.10876772676143853,0.926,0.963
12534795,0.118714,0.10898716227084067,0.925,0.963
6147371,0.118745,0.1090184718405865,0.925,0.962
6135467,0.118988,0.10924263332278045,0.924,0.962
7979630,0.119015,0.10926980766633343,0.924,0.961
12141050,0.119262,0.10949160616213148,0.923,0.961
6174373,0.119293,0.10952168053444308,0.923,0.96
17703936,0.119537,0.10974283457940588,0.922,0.96
6748151,0.119568,0.1097741441491517,0.922,0.959
9994115,0.119812,0.11000174270246699,0.921,0.959
878614,0.119837,0.1100271985104593,0.921,0.958
12758962,0.120089,0.11025823413489591,0.92,0.958
4498395,0.120111,0.11028084361836588,0.92,0.957
8002848,0.120365,0.11051193294703876,0.919,0.957
5466983,0.120391,0.11053507947287144,0.919,0.956
9399764,0.120643,0.11076391322362095,0.918,0.956
14779449,0.120672,0.11078990607397597,0.918,0.955
1788965,0.120921,0.11101648424680212,0.917,0.955
3814995,0.12095,0.11104526971744322,0.917,0.954
17546513,0.1212,0.1112781849901493,0.916,0.954
2314136,0.121223,0.1113012778117457,0.916,0.953
12579281,0.121479,0.11153886535300735,0.915,0.953
13990568,0.121498,0.1115578229484109,0.915,0.952
5267425,0.121759,0.11180115684295351,0.914,0.952
12212212,0.121771,0.11181501253591135,0.914,0.951
3850304,0.12204,0.11206167609310273,0.913,0.951
4613786,0.122052,0.11207279287001078,0.913,0.95
10887439,0.122321,0.1123162878772622,0.912,0.95
10036499,0.122339,0.11233111024647291,0.912,0.949
7530384,0.122603,0.1125792238180436,0.911,0.949
6844497,0.122613,0.11259007207377028,0.911,0.948
8683064,0.122886,0.11284248198424264,0.91,0.948
12177241,0.122893,0.11284962464766664,0.91,0.947
12743333,0.123169,0.1131016586284851,0.909,0.947
16148649,0.123177,0.11310976796816198,0.909,0.946
15378114,0.123453,0.11336513161162923,0.908,0.946
3723275,0.123457,0.1133705020352563,0.908,0.945
16347808,0.123738,0.11362742310157539,0.907,0.945
1257528,0.123742,0.11363188055318586,0.907,0.944
14170999,0.124022,0.11389379611347812,0.907,0.943
8517261,0.124023,0.1138942257473683,0.906,0.943
3490025,0.124301,0.11415635612460565,0.906,0.942
3697953,0.124309,0.11416306915413948,0.905,0.942
3126746,0.124585,0.11441950688233214,0.905,0.941
16125635,0.124595,0.11442879771520698,0.904,0.941
6538503,0.124862,0.11468330209089388,0.904,0.94
11420051,0.124883,0.11470376340491302,0.903,0.94
2753686,0.125145,0.11494763434181833,0.903,0.939
16612938,0.12517,0.11496729009229341,0.902,0.939
809473,0.125436,0.11521261104357804,0.902,0.938
15525957,0.125459,0.11523409273808632,0.901,0.938
6897120,0.125724,0.11547823219617298,0.901,0.937
10830229,0.125748,0.11549896203137348,0.9,0.937
8734285,0.126013,0.11574444409536691,0.9,0.936
10258281,0.126038,0.11576861100168873,0.899,0.936
16114762,0.126296,0.11601124674115981,0.899,0.935
18280656,0.126329,0.11604121370499887,0.898,0.935
112401,0.126587,0.11627869383778797,0.898,0.934
12642858,0.12662,0.11630941266093481,0.897,0.934
2448570,0.126873,0.11654673168101509,0.897,0.933
11200283,0.126912,0.11658072646257446,0.896,0.933
15962994,0.127159,0.11681541397507747,0.896,0.932
17740307,0.127204,0.11685671253276965,0.895,0.932
3590693,0.127453,0.11708468701573883,0.895,0.931
12632986,0.127498,0.11712695224968388,0.894,0.931
11986081,0.127741,0.11735460450723544,0.894,0.93
12492480,0.127791,0.1173990716148676,0.893,0.93
10403333,0.128034,0.11762511274533102,0.893,0.929
6646101,0.128086,0.11767419841728245,0.892,0.929
4011021,0.128328,0.11789626543426185,0.892,0.928
13678245,0.128381,0.11794105476731163,0.891,0.928
1260782,0.128629,0.11816806257402793,0.891,0.927
986299,0.128677,0.11821107966728077,0.89,0.927
12599206,0.128923,0.11844045046039299,0.89,0.926
8967164,0.128974,0.11848685092053089,0.889,0.926
6950470,0.129219,0.11871348279759329,0.889,0.925
13117093,0.129271,0.1187617092017644,0.888,0.925
17794164,0.129516,0.11898715958562886,0.888,0.924
16242589,0.129569,0.11903479524320097,0.887,0.924
9208268,0.129814,0.11926142712026339,0.887,0.923
2052027,0.129868,0.11931088872186871,0.886,0.923
17687182,0.130109,0.11953639280996944,0.886,0.922
14188065,0.130167,0.11959031186318524,0.885,0.922
2640892,0.130402,0.11981194924627447,0.885,0.921
10614147,0.130467,0.11987505172389255,0.884,0.921
13134095,0.130694,0.12008815013341474,0.884,0.92
14861549,0.130768,0.12015592487958839,0.883,0.92
10165335,0.130991,0.12036494176715401,0.883,0.919
12141134,0.13107,0.1204357239505588,0.882,0.919
5088198,0.131299,0.12064243155596478,0.882,0.918
9318555,0.131372,0.12071165631651773,0.881,0.918
12486776,0.131598,0.12092056579561081,0.881,0.917
986353,0.131674,0.12099150909172442,0.88,0.917
4474347,0.131901,0.1211992907818558,0.88,0.916
15172246,0.131978,0.12127324151520058,0.879,0.916
18404901,0.132198,0.12147871392317233,0.879,0.915
1319980,0.132282,0.121557605446254,0.878,0.915
5028932,0.132496,0.12175872781108783,0.878,0.914
2592421,0.132587,0.1218423990111976,0.877,0.914
7354873,0.132796,0.12203938614983857,0.877,0.913
17846797,0.132893,0.12213052223878998,0.876,0.913
16133083,0.1331,0.12232074264366084,0.876,0.912
7221012,0.133199,0.12240838795725464,0.875,0.912
14710602,0.133411,0.12260274358831837,0.875,0.911
6532259,0.133506,0.12268915370447794,0.874,0.911
10337130,0.133716,0.12288533527957486,0.874,0.91
15728345,0.133814,0.12297759915748795,0.873,0.91
4870158,0.134016,0.12316862512590288,0.873,0.909
15809706,0.134122,0.12326883723078402,0.872,0.909
2783802,0.134314,0.12345255942306613,0.872,0.908
116439,0.134432,0.12355771231768418,0.871,0.908
6998483,0.134625,0.12373713817106465,0.871,0.907
2267336,0.134742,0.12384809112319993,0.87,0.907
2301142,0.134929,0.12402241507413467,0.87,0.906
5053014,0.135052,0.12413718102704518,0.869,0.906
238419,0.135237,0.12430828272380368,0.869,0.905
13408520,0.135364,0.12442546536734637,0.868,0.905
18361662,0.135545,0.1245948485285442,0.868,0.904
11950225,0.135676,0.12471971087787362,0.867,0.904
3110443,0.135855,0.12488205878411998,0.867,0.903
13373707,0.135988,0.1250017655267674,0.866,0.903
3679092,0.136171,0.12516996719476728,0.866,0.902
15932224,0.136302,0.12528902948657944,0.865,0.902
14813224,0.136479,0.12545852005624983,0.865,0.901
15956538,0.136616,0.1255826842505077,0.864,0.901
541952,0.136793,0.1257477173685676,0.864,0.9
3758605,0.136931,0.1258782723669417,0.863,0.9
7661806,0.1371,0.1260376128359569,0.863,0.899
6620471,0.137247,0.12618057351290957,0.862,0.899
2100684,0.137406,0.12632815275418147,0.862,0.898
6692943,0.137563,0.126469502304046,0.861,0.898
15656375,0.13773,0.12661933712324128,0.861,0.897
18285906,0.13788,0.12676428485693594,0.86,0.897
17584111,0.13804,0.12691121964737262,0.86,0.896
5855765,0.138198,0.1270583155505181,0.859,0.896
14977934,0.138354,0.12720380032657547,0.859,0.895
13109913,0.138517,0.12735234624410025,0.858,0.895
4246289,0.138669,0.12749702545661357,0.858,0.894
15316008,0.138836,0.12765625851715623,0.857,0.894
12180034,0.138982,0.12779094874172317,0.857,0.893
6901560,0.139156,0.12795668001485458,0.856,0.893
13232965,0.139293,0.12808551647766803,0.856,0.892
2929929,0.139477,0.12825420148379435,0.855,0.892
8709500,0.139609,0.12838078236868442,0.855,0.891
18339239,0.139798,0.12856310825082348,0.854,0.891
7820071,0.139916,0.1286767464147723,0.854,0.89
15868336,0.14012,0.12886524828408252,0.853,0.89
15962455,0.140233,0.12897340861593173,0.853,0.889
17159398,0.140443,0.12917211429013337,0.852,0.889
11810133,0.140549,0.1292707152679264,0.852,0.888
12766472,0.140767,0.12946813204045754,0.851,0.888
17945644,0.140873,0.1295687200749926,0.851,0.887
13822265,0.141092,0.1297722591304586,0.85,0.887
15861569,0.141192,0.12986736933289403,0.85,0.886
14090599,0.141417,0.1300731639662834,0.849,0.886
16262101,0.141513,0.13016677045010325,0.849,0.885
6297549,0.141743,0.1303781503240648,0.848,0.885
10950426,0.141838,0.13046681601814775,0.848,0.884
17831955,0.14207,0.13067583290571336,0.847,0.884
2712648,0.14217,0.13076755974126372,0.847,0.883
8277676,0.142397,0.13098022851689575,0.846,0.883
12915032,0.142495,0.1310690553236875,0.846,0.882
18031148,0.142725,0.13128773897378185,0.845,0.882
10179958,0.142816,0.13137119535694655,0.845,0.881
6246285,0.143054,0.1315933697823985,0.844,0.881
16036459,0.143138,0.1316740335452771,0.844,0.88
9037019,0.143384,0.13190173950706494,0.843,0.88
892055,0.14347,0.13197756988867917,0.843,0.879
12421915,0.143715,0.13221521113417709,0.842,0.879
7719819,0.143787,0.13228180438715276,0.842,0.878
9844340,0.144046,0.13251896229452423,0.841,0.878
18456941,0.144116,0.13258673704069787,0.841,0.877
14611312,0.144378,0.13283109131572962,0.84,0.877
13682306,0.144444,0.13289236784931452,0.84,0.876
5150170,0.144711,0.13314230736491842,0.839,0.876
1794582,0.14477,0.13319875051723892,0.839,0.875
1874094,0.145045,0.13344906596249673,0.838,0.875
5615772,0.145105,0.1335057776359986,0.838,0.874
13871935,0.145379,0.1337626987023177,0.837,0.874
5693276,0.145433,0.13381355661406605,0.837,0.873
8933019,0.145714,0.13407069249733022,0.836,0.873
7950776,0.145768,0.13412203374720502,0.836,0.872
18452271,0.14605,0.134382499293118,0.835,0.872
11454761,0.146102,0.13443120903541553,0.835,0.871
7222152,0.146387,0.13469253384910881,0.834,0.871
7267989,0.146442,0.13474108247869754,0.834,0.87
87457,0.146724,0.1350090666176884,0.833,0.87
6980140,0.14677,0.13505170778128736,0.833,0.869
2070503,0.147062,0.13531926228638805,0.832,0.869
4029488,0.147109,0.1353630312389487,0.832,0.868
13851437,0.147401,0.135632895026209,0.831,0.868
14256752,0.147446,0.1356751065559178,0.831,0.867
4605173,0.147741,0.1359539926548716,0.83,0.867
1653971,0.147779,0.13598782632372217,0.83,0.866
16020676,0.148082,0.1362745532411715,0.829,0.866
13130081,0.14811,0.13630135165507057,0.829,0.865
857218,0.148423,0.13658850820641008,0.828,0.865
10427987,0.148448,0.13661552143725425,0.828,0.864
17312688,0.148765,0.13690563172158865,0.827,0.864
15646670,0.148791,0.13693044307874572,0.827,0.863
677609,0.149108,0.1372286089985207,0.826,0.863
18508586,0.149125,0.13724611657954497,0.826,0.862
10035541,0.149452,0.13755443259997513,0.825,0.862
7189836,0.149459,0.13756248823541575,0.825,0.861
230032,0.149796,0.13787767839808857,0.824,0.861
12048320,0.149797,0.1378796117505943,0.824,0.86
15074254,0.150142,0.13819286856076138,0.823,0.86
10667296,0.150147,0.13819748712508065,0.823,0.859
4376208,0.150488,0.1385155773165121,0.822,0.859
5926646,0.150488,0.13851606065463853,0.822,0.858
4896557,0.150821,0.13883533233926793,0.822,0.857
8645428,0.150835,0.13884843617291798,0.821,0.857
15439993,0.15116,0.13915540958744138,0.821,0.856
11656846,0.151182,0.13917544126757034,0.82,0.856
1047494,0.151497,0.13947618499068634,0.82,0.855
13083761,0.151531,0.13951098533578976,0.819,0.855
2752330,0.151832,0.13979771225323911,0.819,0.854
6583581,0.15188,0.13984389789643192,0.818,0.854
4419933,0.152178,0.14011999137509965,0.818,0.853
8732588,0.15223,0.14017009742754022,0.817,0.853
13488877,0.152518,0.14044296865203174,0.817,0.852
3707233,0.152581,0.1405033322136,0.816,0.852
16041074,0.152866,0.14076675149250786,0.816,0.851
2604041,0.152933,0.14082598726511444,0.815,0.851
11792893,0.153219,0.1410912324880555,0.815,0.85
13877832,0.153286,0.14115777203679492,0.814,0.85
18471600,0.153563,0.14141651904714722,0.814,0.849
2700949,0.153639,0.14149025496354692,0.813,0.849
506742,0.153903,0.14174250376131045,0.813,0.848
5283624,0.153993,0.14182644348260157,0.812,0.848
4211871,0.154258,0.14206924033478147,0.812,0.847
15762065,0.154348,0.14215269671794617,0.811,0.847
6694756,0.154609,0.14239672876756027,0.811,0.846
16822865,0.154704,0.14248593150400593,0.81,0.846
6859013,0.154962,0.14272502276388316,0.81,0.845
1085687,0.155061,0.14281540699352677,0.809,0.845
13983180,0.155316,0.14305401491527753,0.809,0.844
15276332,0.155418,0.14314756769486112,0.808,0.844
16632817,0.155672,0.143383812630216,0.808,0.843
14132221,0.155776,0.1434828432418992,0.807,0.843
10086527,0.156023,0.14371430850022596,0.807,0.842
15398127,0.156135,0.14381946139484403,0.806,0.842
11831720,0.156379,0.14404560993378,0.806,0.841
16432650,0.156495,0.14415967773161897,0.805,0.841
9508143,0.156731,0.1443776632266418,0.805,0.84
15489354,0.156856,0.1444946847574757,0.804,0.84
9981355,0.157092,0.1447105220830477,0.804,0.839
9813928,0.157218,0.14482963807909613,0.803,0.839
9408062,0.157447,0.1450440790945251,0.803,0.838
12945761,0.15758,0.14516792106336535,0.802,0.838
11125105,0.157803,0.14537844166954655,0.802,0.837
7453290,0.157943,0.14551340041529487,0.801,0.837
13714396,0.158155,0.14571360980811207,0.801,0.836
4547832,0.158307,0.14585114635720137,0.8,0.836
5247806,0.158515,0.14604947610174912,0.8,0.835
7345753,0.158672,0.1461944238354438,0.799,0.835
4569979,0.158875,0.1463862016631665,0.799,0.834
3657061,0.159038,0.1465378087221587,0.798,0.834
16073465,0.159231,0.1467236253796554,0.798,0.833
513289,0.159405,0.14688414734186855,0.797,0.833
18493920,0.159592,0.14706185465968835,0.797,0.832
6434450,0.159772,0.1472324730183204,0.796,0.832
7163327,0.159949,0.14740088950326535,0.796,0.831
16738108,0.160141,0.1475812820328987,0.795,0.831
10660786,0.16031,0.14774067620615017,0.795,0.83
16366359,0.16051,0.14792461321537734,0.794,0.83
4012155,0.160677,0.14808126847257902,0.794,0.829
9515731,0.16088,0.14826756846820213,0.793,0.829
4222850,0.161046,0.14842261259831568,0.793,0.828
1027592,0.161251,0.14860375698725678,0.792,0.828
6388391,0.16142,0.14876476228759639,0.792,0.827
11399077,0.161622,0.14895240488912626,0.791,0.827
5698357,0.161786,0.14910771754042115,0.791,0.826
10367146,0.161995,0.14930196576301233,0.79,0.826
10665766,0.162159,0.14945142465255373,0.79,0.825
12422395,0.162368,0.14964610250903507,0.789,0.825
1377848,0.16253,0.14979593732823035,0.789,0.824
7955486,0.162743,0.1499938911431242,0.788,0.824
12696124,0.1629,0.15014125556745103,0.788,0.823
9831155,0.163118,0.15033894086116353,0.787,0.823
14874222,0.163272,0.15048737937021578,0.787,0.822
1297396,0.163494,0.15069505365187463,0.786,0.822
16275972,0.16364,0.1508343087365246,0.786,0.821
8386246,0.163871,0.15106314248727412,0.785,0.821
2434482,0.164,0.1511819899621412,0.785,0.82
16282648,0.164248,0.15141222002303376,0.784,0.82
6243966,0.16437,0.15153053045553813,0.784,0.819
6342025,0.164627,0.15176870874339873,0.783,0.819
6918059,0.164744,0.15187982280824286,0.783,0.818
5027271,0.165007,0.15212933268995657,0.782,0.818
18497463,0.165116,0.15222992072449162,0.782,0.817
15599267,0.165387,0.1524826528603816,0.781,0.817
11648865,0.165493,0.15258087790852073,0.781,0.816
14764453,0.165768,0.1528431693984669,0.78,0.816
3936530,0.165862,0.15293258695185763,0.78,0.815
7473169,0.16615,0.15320218221793663,0.779,0.815
10027304,0.166237,0.15328515526297487,0.779,0.814
6502448,0.166533,0.15356189319247787,0.778,0.814
14216548,0.166614,0.15363852913763618,0.778,0.813
9250322,0.166917,0.15392514864661297,0.777,0.813
16354153,0.16699,0.15399265487160527,0.777,0.812
6718538,0.167302,0.15428733001602266,0.776,0.812
179082,0.167366,0.15434769357759093,0.776,0.811
10605535,0.167688,0.15465246511842723,0.775,0.811
13616478,0.167744,0.15470348414288443,0.775,0.81
8301684,0.168074,0.15501147793789696,0.774,0.81
1151330,0.168125,0.15506008027172197,0.774,0.809
5668469,0.168462,0.15537274633529005,0.773,0.809
9532305,0.16851,0.15541753566833982,0.773,0.808
9803017,0.16885,0.15573594808518887,0.772,0.808
11510401,0.168893,0.15577585033273803,0.772,0.807
1944401,0.169239,0.15609872020119755,0.771,0.807
6471753,0.169277,0.156134916856444,0.771,0.806
3768596,0.169629,0.1564679368255587,0.77,0.806
8252998,0.169657,0.15649484264793034,0.77,0.805
15488726,0.17002,0.15683940902784324,0.769,0.805
7558227,0.170036,0.156855627707197,0.769,0.804
13678928,0.170412,0.15721093493436403,0.768,0.804
973799,0.170418,0.1572172183300077,0.768,0.803
17540885,0.170805,0.157577144121494,0.767,0.803
2595694,0.170807,0.15757961451636246,0.767,0.802
2848229,0.171183,0.15794286997049758,0.767,0.801
9696537,0.171199,0.15795634973380152,0.766,0.801
7771762,0.17157,0.15830698469241303,0.766,0.8
9680422,0.171594,0.15832970158435553,0.765,0.8
14898532,0.171958,0.1586719049778725,0.765,0.799
15857211,0.171989,0.15870160342053022,0.764,0.799
12280551,0.172343,0.15903768453111233,0.764,0.798
15973133,0.172386,0.15907688862358996,0.763,0.798
5557714,0.172743,0.1594043233521325,0.763,0.797
14008265,0.172783,0.15943853295063695,0.762,0.797
3462712,0.173138,0.1597717677366967,0.762,0.796
9885596,0.173181,0.15981414037911432,0.761,0.796
6846826,0.173528,0.16014007138904127,0.761,0.795
16414700,0.173581,0.1601878681593222,0.76,0.795
2026951,0.173918,0.16050923430916617,0.76,0.794
2392113,0.173981,0.16056675154621208,0.759,0.794
10906928,0.174313,0.16087925649707138,0.759,0.793
11741237,0.174382,0.16094472196108536,0.758,0.793
8180280,0.174713,0.16125013795275692,0.758,0.792
2242373,0.174784,0.16131469044475433,0.757,0.792
17698326,0.175122,0.16162182497198652,0.757,0.791
6259229,0.175187,0.161684014477588,0.756,0.791
15738808,0.175513,0.16199442496323274,0.756,0.79
10508208,0.175591,0.16206574418900024,0.755,0.79
8455251,0.17591,0.16236788422225928,0.755,0.789
2423086,0.175995,0.16244629240721453,0.754,0.789
107128,0.17632,0.1627421490448299,0.754,0.788
12238657,0.176401,0.1628171201586638,0.753,0.788
15045556,0.176724,0.16311732683941707,0.753,0.787
10832712,0.176808,0.1631946609396469,0.752,0.787
10239460,0.177125,0.16349336390178462,0.752,0.786
15374696,0.177215,0.1635781091866198,0.751,0.786
10949347,0.177519,0.1638702065276962,0.751,0.785
8990755,0.177624,0.16396746489958247,0.75,0.785
3018104,0.177929,0.16424801582986068,0.75,0.784
17883520,0.178033,0.16434468345514797,0.749,0.784
17340294,0.178333,0.1646266306955692,0.749,0.783
8145804,0.178444,0.16472888356142865,0.748,0.783
12685953,0.17874,0.1650061048290581,0.748,0.782
6557367,0.178855,0.16511576887952287,0.747,0.782
4342325,0.179148,0.16538649193456353,0.747,0.781
284350,0.179267,0.165502439380672,0.746,0.781
2190357,0.179548,0.16576773830784933,0.746,0.78
5688528,0.179681,0.16589217102328857,0.745,0.78
3918665,0.179953,0.16614989765315172,0.745,0.779
11877184,0.180095,0.16628249341250412,0.744,0.779
699533,0.180356,0.16653291626623445,0.744,0.778
3845935,0.18051,0.16668167700070433,0.743,0.778
15658014,0.180762,0.1669167941470975,0.743,0.777
7861372,0.180926,0.16706464190955078,0.742,0.777
897643,0.181175,0.1673015849999772,0.742,0.776
425792,0.181343,0.16746173103253645,0.741,0.776
2381544,0.181584,0.16768723512063716,0.741,0.775
4602978,0.181761,0.16784609225152594,0.74,0.775
14788590,0.182001,0.16807379821331375,0.74,0.774
17394106,0.18218,0.168241677655896,0.739,0.774
17815741,0.18241,0.16846127427800697,0.739,0.773
2380810,0.1826,0.16864059272291487,0.738,0.773
4547686,0.182826,0.16884960961048048,0.738,0.772
1075673,0.183021,0.16902704840711893,0.737,0.772
13043631,0.183246,0.16923885791497062,0.737,0.771
1378965,0.183443,0.16942360048774188,0.736,0.771
2500858,0.183662,0.16962896548724107,0.736,0.77
13243834,0.183866,0.16982213962510684,0.735,0.77
9557290,0.184086,0.1700200397357644,0.735,0.769
6969525,0.18429,0.17021256942279492,0.734,0.769
706436,0.184504,0.17041197325206808,0.734,0.768
57377,0.184715,0.17061024929237956,0.733,0.768
15456420,0.184918,0.17080481974038836,0.733,0.767
2212596,0.18514,0.1710053513586232,0.732,0.767
18519297,0.185348,0.17119852549648895,0.732,0.766
6993556,0.185567,0.1713985200723611,0.731,0.766
16074477,0.185771,0.17159319792884242,0.731,0.765
9226325,0.185995,0.17180001294272093,0.73,0.765
8441135,0.186195,0.1719887833332125,0.73,0.764
16409542,0.186424,0.17220306323593265,0.729,0.764
18202536,0.186618,0.1723852280053629,0.729,0.763
9950063,0.186853,0.1726025153453142,0.728,0.763
645350,0.187041,0.17278263935376617,0.728,0.762
12931455,0.187284,0.17300529711734455,0.727,0.762
8720893,0.187468,0.17318090996994978,0.727,0.761
12066009,0.187716,0.17341715490530465,0.726,0.761
1481281,0.187885,0.17358014726238627,0.726,0.76
10946682,0.188149,0.17382369597387395,0.725,0.76
6720308,0.18832,0.17398029752683936,0.725,0.759
12366776,0.188582,0.17423394263474595,0.724,0.759
4909882,0.188739,0.17438136076330904,0.724,0.758
4585784,0.189017,0.17464338373207386,0.723,0.758
14679031,0.189166,0.17478333697179535,0.723,0.757
8767083,0.189453,0.17505287853363805,0.722,0.757
13718054,0.1896,0.1751862798565345,0.722,0.756
11449679,0.18989,0.1754530825023274,0.721,0.756
4774443,0.190043,0.17559013571329027,0.721,0.755
77558,0.190327,0.17585328647101675,0.72,0.755
4466773,0.190474,0.17599490454206262,0.72,0.754
8019500,0.190766,0.1762639627657789,0.719,0.754
12865719,0.190908,0.1764005863428516,0.719,0.753
7728727,0.191206,0.17667743168082714,0.718,0.753
12115270,0.191346,0.17680723481989344,0.718,0.752
75504,0.191647,0.17708606721461098,0.717,0.752
9550350,0.19178,0.17721484997318815,0.717,0.751
237461,0.192088,0.1774982472279887,0.716,0.751
1640070,0.192223,0.17762337809849948,0.716,0.75
12921715,0.192531,0.17791273652352607,0.715,0.75
248763,0.192657,0.1780328191958274,0.715,0.749
17631223,0.192975,0.1783331869892895,0.714,0.749
4281219,0.193091,0.17844322696940818,0.714,0.748
6334671,0.19342,0.17874364846710655,0.713,0.748
12541794,0.193537,0.17885460141924187,0.713,0.747
8637867,0.193866,0.17916200446765543,0.712,0.747
2396213,0.193971,0.17926688884109213,0.712,0.746
3098463,0.194313,0.17958326049696288,0.711,0.746
3022357,0.194413,0.17968014293919526,0.711,0.745
10478409,0.194761,0.1800061276533585,0.71,0.745
1461541,0.194851,0.18009436371355128,0.71,0.744
16381617,0.19521,0.1804346874587988,0.709,0.744
12453780,0.195291,0.1805094974599239,0.709,0.743
18443205,0.19566,0.1808663084057065,0.708,0.743
2562703,0.195723,0.18092559788254936,0.708,0.742
3195047,0.196111,0.1812885848155031,0.707,0.742
1366814,0.196166,0.181342718685664,0.707,0.741
15725543,0.196563,0.18171086122529975,0.706,0.741
16539335,0.196617,0.18176075246079523,0.706,0.74
4814221,0.197016,0.1821367358189265,0.705,0.74
1435439,0.197063,0.18217975291217933,0.705,0.739
5388099,0.19747,0.1825583140736516,0.704,0.739
11223986,0.197514,0.1825997200398163,0.704,0.738
6835929,0.197925,0.1829852090477675,0.703,0.738
15426180,0.197959,0.18302065384370617,0.703,0.737
4620494,0.198381,0.1834086132465258,0.702,0.737
8831390,0.198418,0.1834425543238489,0.702,0.736
17551708,0.198839,0.18383636748842203,0.701,0.736
836467,0.198868,0.18386542148024448,0.701,0.735
13579797,0.199297,0.184266055082824,0.7,0.735
928486,0.199323,0.18428925531289297,0.7,0.734
853862,0.199757,0.18470401312961168,0.699,0.734
11193910,0.199768,0.18471410952603057,0.699,0.733
10249146,0.200215,0.18513993041542107,0.699,0.732
5261032,0.200217,0.1851420248806356,0.698,0.732
3989068,0.200671,0.18556671798106442,0.698,0.731
2092179,0.200679,0.1855749884334501,0.697,0.731
180232,0.201131,0.18599447222296064,0.697,0.73
11800152,0.201141,0.1860035482388904,0.696,0.73
16079904,0.201584,0.18642324684534603,0.696,0.729
6498322,0.201605,0.1864440303847828,0.695,0.729
1355732,0.202029,0.18685298814398427,0.695,0.728
8830115,0.20207,0.18689106444750023,0.694,0.728
16453313,0.202492,0.18728374982311166,0.694,0.727
4854480,0.202535,0.1873225779859354,0.693,0.727
12260664,0.202948,0.18771547817849193,0.693,0.726
13673830,0.203002,0.18776714165378436,0.692,0.726
15560850,0.203405,0.18814817321012509,0.692,0.725
2483584,0.20347,0.18820875158863845,0.691,0.725
9086388,0.203855,0.18858194232648362,0.691,0.724
2328670,0.203939,0.1886635727656151,0.69,0.724
7421620,0.204311,0.18901662441485878,0.69,0.723
13579900,0.204409,0.18911060682833253,0.689,0.723
6455492,0.204761,0.18945238058795935,0.689,0.722
5905739,0.204881,0.1895598964689733,0.688,0.722
1372422,0.205225,0.1898891034373128,0.688,0.721
7694118,0.205353,0.19001256947649917,0.687,0.721
7765825,0.205685,0.19032684666715538,0.687,0.72
10741914,0.205826,0.19046083873665082,0.686,0.72
12794384,0.206154,0.1907656102774871,0.686,0.719
13554197,0.206301,0.19090620796804383,0.685,0.719
4422139,0.206619,0.1912053405640717,0.685,0.718
8918286,0.206776,0.1913522216502721,0.684,0.718
815179,0.207088,0.1916461449353817,0.684,0.717
17827437,0.207253,0.19180231685445695,0.683,0.717
12166503,0.20755,0.1920879159829446,0.683,0.716
4944921,0.207731,0.19226347513131356,0.682,0.716
5336639,0.208013,0.19253070741099665,0.682,0.715
258690,0.20821,0.1927179740828726,0.681,0.715
7692209,0.208482,0.1929745729237741,0.681,0.714
8921258,0.20869,0.19316957300567306,0.68,0.714
11122493,0.208953,0.1934194051128044,0.68,0.713
17990913,0.209171,0.19363046276134832,0.679,0.713
9297166,0.20942,0.19386531138656013,0.679,0.712
16882421,0.209653,0.1940889358263914,0.678,0.712
16370137,0.209889,0.19431218433656874,0.678,0.711
4428911,0.210136,0.1945490200185226,0.677,0.711
4718961,0.210357,0.19476013137130277,0.677,0.71
2535491,0.210621,0.19501071533774192,0.676,0.71
5709497,0.210827,0.19520909878652593,0.676,0.709
5172418,0.211106,0.1954715513891809,0.675,0.709
15791492,0.211301,0.19565908658223824,0.675,0.708
6671403,0.211593,0.1959364152583402,0.674,0.708
13282094,0.211774,0.19611014846267597,0.674,0.707
16760962,0.212081,0.1963994531834663,0.673,0.707
15517956,0.212255,0.19656223072360282,0.673,0.706
13773935,0.21257,0.19685105210626672,0.672,0.706
15886451,0.212742,0.19701533336501884,0.672,0.705
16502304,0.21306,0.19731586227118975,0.671,0.705
18514086,0.21322,0.19746951009116026,0.671,0.704
9854406,0.213551,0.19778679471904764,0.67,0.704
8869661,0.213697,0.19792470719779082,0.67,0.703
64661,0.214043,0.1982562771525262,0.669,0.703
10342921,0.214175,0.1983809783891468,0.669,0.702
7011797,0.214536,0.19872844479781832,0.668,0.702
14186540,0.214652,0.1988383236652282,0.668,0.701
17640533,0.215031,0.1992034587676328,0.667,0.701
17432065,0.215128,0.19929668932179873,0.667,0.7
15316453,0.215527,0.19967299490534762,0.666,0.7
16055281,0.215614,0.1997561290630947,0.666,0.699
5364859,0.216024,0.20014344401507908,0.665,0.699
279456,0.2161,0.20021658918487978,0.665,0.698
6352339,0.216521,0.20061034864521665,0.664,0.698
3472999,0.216591,0.2006781233913903,0.664,0.697
7951635,0.217021,0.20109390158859816,0.663,0.697
12333763,0.217069,0.20114073168262622,0.663,0.696
17046943,0.217521,0.2015682174033411,0.662,0.696
1013754,0.217559,0.20160441405858756,0.662,0.695
14482015,0.218022,0.20204135172488608,0.661,0.695
17078435,0.218052,0.2020691705192743,0.661,0.694
6656863,0.218525,0.2025201249912395,0.66,0.694
11143121,0.218541,0.20253500106468647,0.66,0.693
5276265,0.219029,0.2029930444958394,0.659,0.693
2647435,0.219036,0.2030018519905878,0.659,0.692
17326663,0.219533,0.2034698307054508,0.659,0.691
5767013,0.219534,0.20346988440968705,0.658,0.691
5461272,0.220028,0.2039388835050392,0.658,0.69
10980448,0.22004,0.20394871138027673,0.657,0.69
10106215,0.220525,0.20440901038935302,0.657,0.689
8832773,0.220547,0.20442952540760845,0.656,0.689
11725599,0.221024,0.20488021135839227,0.656,0.688
12750501,0.221055,0.20490921164597845,0.655,0.688
11350376,0.221513,0.2053525401163932,0.655,0.687
2202019,0.221565,0.20540124985869074,0.654,0.687
9623864,0.222009,0.20582588925488327,0.654,0.686
9296071,0.222076,0.20589151583160606,0.653,0.686
4981997,0.222508,0.20630041988657127,0.653,0.685
691446,0.222588,0.20637420950720725,0.652,0.685
17691809,0.223014,0.20677597089874844,0.652,0.684
16043510,0.223101,0.20685840690142399,0.651,0.684
18467746,0.223523,0.2072526496998873,0.651,0.683
15763788,0.223615,0.207340670943135,0.65,0.683
7643437,0.224026,0.20773040258575157,0.65,0.682
10475182,0.224131,0.20783109802875915,0.649,0.682
10113527,0.224528,0.20820928326057753,0.649,0.681
10839832,0.224647,0.20832195474827347,0.648,0.681
11310411,0.225032,0.2086892380201289,0.648,0.68
14941008,0.225165,0.2088137244398044,0.647,0.68
17103341,0.225539,0.20917032056864193,0.647,0.679
18032528,0.225684,0.20931150900579765,0.646,0.679
4286409,0.226042,0.20965253090611666,0.646,0.678
16038011,0.226204,0.20980392314816382,0.645,0.678
7017833,0.226552,0.21013581532831682,0.645,0.677
7254009,0.226726,0.21029633729053,0.644,0.677
16982821,0.227064,0.21062022753947865,0.644,0.676
16474809,0.227248,0.2107937996311056,0.643,0.676
13682756,0.227573,0.21110576753960217,0.643,0.675
8466189,0.227772,0.21129888797323165,0.642,0.675
17571542,0.228078,0.2115923816244511,0.642,0.674
6682250,0.228297,0.21180209666708824,0.641,0.674
17857406,0.228588,0.212080177202498,0.641,0.673
5955228,0.228824,0.21230240533218622,0.64,0.673
10061675,0.229103,0.2125690468652703,0.64,0.672
6580358,0.229351,0.21280346585659196,0.639,0.672
5695132,0.229622,0.21305909802124057,0.639,0.671
12356746,0.22988,0.2133049560148879,0.638,0.671
4035332,0.230141,0.21355022326193623,0.638,0.67
3622078,0.23041,0.21380053870719404,0.637,0.67
13796783,0.230669,0.21404252999582987,0.637,0.669
15521173,0.230941,0.21429230839872496,0.636,0.669
7892710,0.231201,0.21453596451868517,0.636,0.668
10160991,0.231473,0.2147897170350643,0.635,0.668
1479734,0.231719,0.21503047312626591,0.635,0.667
10900872,0.232007,0.2153002295050537,0.634,0.667
4623617,0.232247,0.21552621693128088,0.634,0.666
17458503,0.232542,0.21580300856502013,0.633,0.666
17997492,0.232776,0.21602303482102123,0.633,0.665
9603128,0.233078,0.21631003025965193,0.632,0.665
14259107,0.233299,0.21652103420395957,0.632,0.664
9872473,0.233615,0.2168250001812518,0.631,0.664
11716092,0.233822,0.21702016137585958,0.631,0.663
360417,0.234154,0.2173246643955145,0.63,0.663
5536078,0.234365,0.21752041633672126,0.63,0.662
13845429,0.234693,0.21783045089271208,0.629,0.662
7518692,0.2349,0.21802185279078093,0.629,0.661
11843492,0.235234,0.21833135030440903,0.628,0.661
13638860,0.23544,0.21852447073803852,0.628,0.66
1313315,0.235777,0.21884857580393227,0.627,0.66
6050708,0.235967,0.21902821647425783,0.627,0.659
4573055,0.23632,0.21935881975274032,0.626,0.659
15018032,0.236499,0.21953314370367505,0.626,0.658
3636003,0.236865,0.21987357485739512,0.625,0.658
11629926,0.237037,0.220039198722054,0.625,0.657
5062968,0.237411,0.22039375408991324,0.624,0.657
15103169,0.237576,0.22054643523363088,0.624,0.656
4235913,0.237958,0.22090303136246842,0.623,0.656
12617235,0.238119,0.22105485323840574,0.623,0.655
6640699,0.238507,0.22141574570614492,0.622,0.655
3717433,0.238669,0.22156445273637854,0.622,0.654
14952631,0.239057,0.22192658040155194,0.621,0.654
2373343,0.239213,0.222075180023313,0.621,0.653
3434539,0.239608,0.22245363377631272,0.62,0.653
6409714,0.239745,0.22258714250768172,0.62,0.652
18126994,0.24016,0.22298761499755243,0.619,0.652
14728108,0.240276,0.22310023278101213,0.619,0.651
461208,0.240714,0.2235218110357372,0.618,0.651
11798803,0.24081,0.22361455825177673,0.618,0.65
15814706,0.241269,0.2240576182010101,0.617,0.65
6927871,0.241346,0.22413001151150305,0.617,0.649
11256477,0.241825,0.224584295646117,0.616,0.649
14024602,0.241891,0.22464669996866357,0.616,0.648
12338088,0.242382,0.22511623610637843,0.615,0.648
6519154,0.242433,0.22516456991902206,0.615,0.647
2886686,0.242941,0.2256405505650894,0.614,0.647
3576328,0.242984,0.22568362136257852,0.614,0.646
779788,0.243501,0.2261901060148476,0.613,0.646
1117391,0.243515,0.2262038542993329,0.613,0.645
497636,0.244055,0.22672532243352153,0.613,0.644
9866263,0.244062,0.22673219657576418,0.612,0.644
2453001,0.244603,0.22724797206090813,0.612,0.643
16474900,0.244625,0.22726977598083403,0.611,0.643
17126332,0.245152,0.22777185688572893,0.611,0.642
17468282,0.245189,0.22780654982235982,0.61,0.642
8528445,0.245708,0.2282969232037477,0.61,0.641
12064419,0.245754,0.2283387050995663,0.609,0.641
13498259,0.246263,0.2288232247192007,0.609,0.64
10383341,0.246321,0.22887870119526835,0.608,0.64
9843872,0.246822,0.22935070772785163,0.608,0.639
6498290,0.246889,0.2294144009520687,0.607,0.639
9132512,0.247392,0.22987937222970053,0.607,0.638
11960197,0.247458,0.2299419376649559,0.606,0.638
13490427,0.247938,0.23040932563321995,0.606,0.637
10722142,0.248028,0.23049471536889038,0.605,0.637
9901219,0.248497,0.2309404605299373,0.605,0.636
14063590,0.2486,0.23104040411363708,0.604,0.636
7290053,0.249058,0.23147283062408888,0.604,0.635
13959882,0.249173,0.231583353942334,0.603,0.635
4217749,0.249612,0.23200643591567469,0.603,0.634
16292582,0.249747,0.23212984825062477,0.602,0.634
14220102,0.250178,0.2325412764046947,0.602,0.633
4430263,0.250323,0.23268144446136127,0.601,0.633
6154202,0.250755,0.23307735209114896,0.601,0.632
4740742,0.2509,0.2332135460343315,0.6,0.632
3035155,0.251327,0.23361466297503747,0.6,0.631
3848886,0.251479,0.2337578384689352,0.599,0.631
12850728,0.2519,0.23415315535212392,0.599,0.63
8226167,0.252058,0.23430288276284666,0.598,0.63
10366409,0.25247,0.23469293663088084,0.598,0.629
2891808,0.252639,0.2348542104524018,0.597,0.629
2293145,0.253034,0.235233953107072,0.597,0.628
3904173,0.253222,0.23540902891731455,0.596,0.628
4640642,0.253615,0.2357762584849337,0.596,0.627
12107198,0.253805,0.23596647888980454,0.595,0.627
8268334,0.254175,0.2363197453559933,0.595,0.626
6117153,0.25439,0.23651952511492036,0.594,0.626
18325073,0.254746,0.23686452112872342,0.594,0.625
5994175,0.254977,0.23708562146944995,0.593,0.625
11876359,0.255309,0.23741058580312402,0.593,0.624
17066537,0.255565,0.2376625660797062,0.592,0.624
15271584,0.255875,0.2379578319707226,0.592,0.623
6138168,0.256154,0.23821808269969047,0.591,0.623
6034766,0.256462,0.23850642074422793,0.591,0.622
4611144,0.256744,0.23877746602468622,0.59,0.622
761638,0.257034,0.2390562447151675,0.59,0.621
17542816,0.257336,0.2393419512521277,0.589,0.621
4678924,0.25761,0.2396073038835413,0.589,0.62
13824859,0.257929,0.23991271987521284,0.588,0.62
11011466,0.25819,0.24015965195358557,0.588,0.619
15211080,0.258524,0.2404739291442418,0.587,0.619
1547179,0.258781,0.24071328892530036,0.587,0.618
16759893,0.25912,0.24103728658272158,0.586,0.618
18196640,0.259359,0.24126816109444937,0.586,0.617
2728609,0.259717,0.24161251265741718,0.585,0.617
13554405,0.25993,0.24182437586950514,0.585,0.616
11164712,0.260316,0.24218435536522775,0.584,0.616
9047919,0.260523,0.24238182584199516,0.584,0.615
396281,0.260916,0.24275942032721454,0.583,0.615
13661175,0.261106,0.24294056471615566,0.583,0.614
1699898,0.261518,0.2433320148943329,0.582,0.614
17466172,0.261696,0.24350059249198666,0.582,0.613
14734716,0.26212,0.24390605947583055,0.581,0.613
9625655,0.262284,0.24406190916948814,0.581,0.612
17253973,0.262725,0.24447962071920176,0.58,0.612
7173927,0.262874,0.24462456845289643,0.58,0.611
11362811,0.26333,0.24506880989532775,0.579,0.611
10356373,0.263454,0.24518846293373892,0.579,0.61
4305305,0.263937,0.24564564709711148,0.578,0.61
601111,0.264046,0.24575370002048816,0.578,0.609
10629608,0.264546,0.24622941214537414,0.577,0.609
14352343,0.264638,0.24632022600890793,0.577,0.608
13575382,0.265156,0.2468144660953073,0.576,0.608
11192570,0.265233,0.24688804089899818,0.576,0.607
3583928,0.265767,0.24739882189016893,0.575,0.607
149054,0.265828,0.2474571983949952,0.575,0.606
10616671,0.26638,0.24797592761313403,0.574,0.606
7634782,0.266433,0.2480276447926627,0.574,0.605
10809669,0.266994,0.24856318343675426,0.573,0.605
18116375,0.267033,0.24859938009200072,0.573,0.604
5663839,0.267609,0.24913846321568614,0.572,0.604
18088015,0.267647,0.24917245799724552,0.572,0.603
6890168,0.268226,0.2497373191543409,0.571,0.603
14639804,0.268236,0.24974687850839705,0.571,0.602
10293622,0.268833,0.2503225879212191,0.571,0.601
12718169,0.268844,0.2503326306134017,0.57,0.601
16458153,0.269434,0.2508996399399479,0.57,0.6
8253672,0.269464,0.2509286402275341,0.569,0.6
4650980,0.270034,0.2514780345645835,0.569,0.599
9943744,0.270085,0.2515237368696499,0.568,0.599
9167398,0.27065,0.25205771809088956,0.568,0.598
4246359,0.270708,0.25210965008736336,0.567,0.598
12558900,0.27126,0.25263879792733873,0.567,0.597
16698701,0.271332,0.2527092041810896,0.566,0.597
16824630,0.271862,0.2532211666654583,0.566,0.596
7050892,0.271957,0.25331149719086565,0.565,0.596
1239746,0.272475,0.253804931713721,0.565,0.595
2070419,0.272584,0.25391207166508106,0.564,0.595
9654099,0.273074,0.2543899856636541,0.564,0.594
17055946,0.273213,0.25452601849412787,0.563,0.594
487469,0.273674,0.2549764359237303,0.563,0.593
7637279,0.273842,0.25513738751983367,0.562,0.593
1717781,0.274282,0.2555642287897133,0.562,0.592
13392331,0.274474,0.2557490250667208,0.561,0.592
5043440,0.274889,0.256153364261603,0.561,0.591
590127,0.275106,0.2563584070356846,0.56,0.591
569701,0.275507,0.2567438423393995,0.56,0.59
1991508,0.275741,0.25696123708782337,0.559,0.59
5322687,0.276131,0.257335716727339,0.559,0.589
17722534,0.276376,0.2575685782958088,0.558,0.589
5991923,0.276754,0.2579289337211853,0.558,0.588
9581051,0.277013,0.2581783898986628,0.557,0.588
14880269,0.277366,0.2585234933209384,0.557,0.587
6644621,0.277652,0.25879604232001224,0.556,0.587
15429454,0.277994,0.2591194492308345,0.556,0.586
5951018,0.278292,0.2594039205703605,0.555,0.586
14314137,0.278613,0.25971680145087367,0.555,0.585
15592411,0.278934,0.2600260304433204,0.554,0.585
8187418,0.279246,0.26031549627681955,0.554,0.584
1404792,0.279577,0.2606333179470696,0.553,0.584
3349858,0.279871,0.2609155874129085,0.553,0.583
6639493,0.280221,0.2612520981573808,0.552,0.583
6968564,0.280497,0.2615170748591405,0.552,0.582
8393014,0.280867,0.2618721135651262,0.551,0.582
11700467,0.281124,0.26211990491127923,0.551,0.581
9474681,0.281515,0.2624977142134437,0.55,0.581
10562506,0.281755,0.2627241849777973,0.55,0.58
13873831,0.282163,0.2631183203677881,0.549,0.58
8385921,0.282383,0.2633298076502222,0.549,0.579
14186432,0.282814,0.2637456932559026,0.548,0.579
9572860,0.283015,0.2639368803370263,0.548,0.578
7616464,0.283466,0.2643693068474781,0.547,0.578
12999030,0.283653,0.2645452956297372,0.547,0.577
4739650,0.284119,0.264992007467037,0.546,0.577
3298134,0.284289,0.26515516093682745,0.546,0.576
9839079,0.284774,0.2656246970745423,0.545,0.576
10724546,0.284921,0.2657663688498244,0.545,0.575
7463540,0.285431,0.2662591589218445,0.544,0.575
505185,0.285558,0.2663790267772007,0.544,0.574
6857326,0.286089,0.26689147259969587,0.543,0.574
5392040,0.286194,0.2669930810147201,0.543,0.573
16459884,0.286748,0.2675262566724157,0.542,0.573
18239268,0.286839,0.2676085852666187,0.542,0.572
14420354,0.287409,0.2681614703790257,0.541,0.572
13134963,0.287473,0.2682254858286604,0.541,0.571
18188780,0.288072,0.2688085527218515,0.54,0.571
4479515,0.288106,0.26884383640508136,0.54,0.57
8125087,0.288736,0.2694487609224347,0.539,0.57
11591521,0.288751,0.26946358329164544,0.539,0.569
1566907,0.289401,0.2700761338105492,0.538,0.569
13537986,0.28941,0.27008472648835247,0.538,0.568
4445630,0.290057,0.2707073734036751,0.538,0.567
6749522,0.290069,0.27071945685683607,0.537,0.567
5083951,0.290709,0.27133141662914084,0.537,0.566
10667934,0.290737,0.27135848356422126,0.536,0.566
9101565,0.29134,0.27195685616474957,0.536,0.565
13740318,0.291408,0.27202312719230765,0.535,0.565
4115835,0.29198,0.27258379941897387,0.535,0.564
2531468,0.292079,0.2726756873672331,0.534,0.564
736082,0.29263,0.27321219268757746,0.534,0.563
4981089,0.292753,0.27332985866924664,0.533,0.563
930117,0.293284,0.27384198226632417,0.533,0.562
17391539,0.293427,0.2739788206603419,0.532,0.562
18184274,0.293936,0.2744732755636864,0.532,0.561
8208171,0.294104,0.274636858667367,0.531,0.561
16718715,0.294584,0.2751059651711916,0.531,0.56
8859526,0.294782,0.27529849485822216,0.53,0.56
8916046,0.295237,0.2757401584973125,0.53,0.559
5224423,0.295461,0.27596378293714374,0.529,0.559
9657826,0.295887,0.2763758018378127,0.529,0.558
8304617,0.296142,0.2766251506068176,0.528,0.558
15750223,0.296541,0.2770129488969284,0.528,0.557
11814455,0.296825,0.2772944665034595,0.527,0.557
12547192,0.297196,0.2776514922661872,0.527,0.556
10410839,0.297509,0.2779538471163913,0.526,0.556
438549,0.297858,0.27829153935406153,0.526,0.555
3584577,0.298195,0.2786276204646437,0.525,0.555
942843,0.298514,0.2789330901605515,0.525,0.554
13949564,0.298883,0.27929419744523576,0.524,0.554
7722300,0.299164,0.2795760909814208,0.524,0.553
12792729,0.299572,0.27997489863996705,0.523,0.553
17116278,0.299827,0.28022059552090556,0.523,0.552
18179588,0.300262,0.28064222747986695,0.522,0.552
17980512,0.300498,0.28086655007476974,0.522,0.551
12620862,0.300954,0.28130144698008996,0.521,0.551
17297047,0.30117,0.28151400834724943,0.521,0.55
17690657,0.301648,0.2819726962292376,0.52,0.55
7156559,0.301843,0.28216297033834475,0.52,0.549
15640402,0.302344,0.282642710280951,0.519,0.549
7908797,0.302515,0.28281343604805564,0.519,0.548
9309741,0.303041,0.2833203503342149,0.518,0.548
1460415,0.303187,0.2834654054763821,0.518,0.547
2173178,0.303739,0.284003199698397,0.517,0.547
16288053,0.303856,0.28411882491908785,0.517,0.546
15104885,0.304439,0.2846976491776136,0.516,0.546
513132,0.304519,0.28477380178464545,0.516,0.545
11289691,0.305141,0.2853816800349937,0.515,0.545
17522112,0.305189,0.2854302823688187,0.515,0.544
2848565,0.305845,0.2860730683727428,0.514,0.544
6355844,0.30586,0.28608826667160747,0.514,0.543
1701061,0.30654,0.28674775469301184,0.514,0.542
13358333,0.30655,0.2867571529343592,0.513,0.542
6617666,0.307215,0.28740880013726805,0.513,0.541
5291019,0.307256,0.2874517635262846,0.512,0.541
5501934,0.307909,0.28807134930013983,0.512,0.54
8185473,0.307965,0.28812773874822406,0.511,0.54
11161750,0.308587,0.2887354021816272,0.511,0.539
18601785,0.308674,0.28881912708597324,0.51,0.539
7542473,0.309269,0.2894010124859664,0.51,0.538
11171995,0.309386,0.28951529510075047,0.509,0.538
15773420,0.309945,0.2900681265089212,0.509,0.537
796302,0.310099,0.29022086135687514,0.508,0.537
6332564,0.310633,0.29073679795472784,0.508,0.536
10058348,0.310814,0.2909162775123446,0.507,0.536
13275527,0.311308,0.2914070268233864,0.507,0.535
17665831,0.311531,0.291630919784399,0.506,0.535
13749732,0.311999,0.2920788131148967,0.506,0.534
7720675,0.312249,0.2923226303475658,0.505,0.534
9193374,0.312682,0.29275210312502264,0.505,0.533
834341,0.312969,0.29303061329432256,0.504,0.533
1159917,0.313367,0.29342695055800044,0.504,0.532
2790760,0.31369,0.2937444500028329,0.503,0.532
16657185,0.314056,0.2941034091180664,0.503,0.531
8951671,0.314413,0.29445001625895756,0.502,0.531
13757932,0.314752,0.2947813713967478,0.502,0.53
7263119,0.315138,0.2951497287533287,0.501,0.53
9362505,0.31546,0.29546089109828116,0.501,0.529
13615948,0.315864,0.29585239498069466,0.5,0.529
5266560,0.316162,0.29614202192690264,0.5,0.528
10645689,0.316593,0.2965568871520939,0.499,0.528
7246771,0.316873,0.2968247101783759,0.499,0.527
4303912,0.317322,0.297254021843124,0.498,0.527
9670529,0.317583,0.2975089558527011,0.498,0.526
11149432,0.318054,0.2979682881855245,0.497,0.526
6295021,0.318287,0.2981947589498781,0.497,0.525
8188961,0.318787,0.29868115821778196,0.496,0.525
8050439,0.318996,0.29888217317414323,0.496,0.524
4052408,0.319522,0.29939665975761665,0.495,0.524
17342297,0.319702,0.29957119852549646,0.495,0.523
14786171,0.320259,0.3001126983398141,0.494,0.523
15776513,0.320411,0.3002617812997016,0.494,0.522
14789228,0.320997,0.3008404981497548,0.493,0.522
6366308,0.321113,0.30095392149675854,0.493,0.521
4554193,0.321737,0.30156308864877723,0.492,0.521
727028,0.321824,0.3016477265251399,0.492,0.52
388296,0.322478,0.30228653841558,0.491,0.52
6184633,0.322531,0.3023430889763731,0.491,0.519
2661925,0.323222,0.30301664750768037,0.49,0.519
9101094,0.323247,0.3030400625546944,0.49,0.518
16923564,0.323963,0.30373864726010386,0.49,0.517
18226653,0.323967,0.30374305100747806,0.489,0.517
16251193,0.324695,0.3044388430926014,0.489,0.516
11269294,0.324714,0.3044542562084111,0.488,0.516
13397423,0.325433,0.3051406500521871,0.488,0.515
6232863,0.325462,0.30516803921268515,0.487,0.515
7315585,0.326146,0.3058440681388609,0.487,0.514
6054170,0.326213,0.3059098021240563,0.486,0.514
13528587,0.326854,0.3065490973526228,0.486,0.513
8338054,0.326965,0.3066575262056534,0.485,0.513
1187522,0.327584,0.30725573769347286,0.485,0.512
14597653,0.327718,0.30738817234011645,0.484,0.512
7608010,0.328306,0.3079640428656473,0.484,0.511
1572648,0.328474,0.3081334260268451,0.483,0.511
1354552,0.329029,0.30867401286914614,0.483,0.51
13997547,0.329231,0.30887352410689184,0.482,0.51
1369657,0.32975,0.3093855402954968,0.482,0.509
518798,0.32999,0.3096204963291812,0.481,0.509
4133259,0.33047,0.31009878625740817,0.481,0.508
16139872,0.330751,0.31037171118613593,0.48,0.508
2995557,0.33119,0.31081364334640765,0.48,0.507
7331441,0.331513,0.31112749090317365,0.479,0.507
17398411,0.33191,0.3115301115624952,0.479,0.506
11955633,0.332277,0.3119035171172855,0.478,0.506
2458738,0.332628,0.3122482446099072,0.478,0.505
2695064,0.333043,0.31265704125639987,0.477,0.505
8759961,0.333359,0.31296809619287985,0.477,0.504
3187489,0.333811,0.31341566729795994,0.476,0.504
7209586,0.334089,0.3136895589029406,0.476,0.503
9017002,0.334581,0.3141608135762161,0.475,0.503
2585891,0.334839,0.31441268644432574,0.475,0.502
4378637,0.335352,0.3149161099551274,0.474,0.502
323985,0.335572,0.3151374788170353,0.474,0.501
15453119,0.336125,0.3156701711366045,0.473,0.501
8299317,0.336321,0.31586393602106927,0.473,0.5
7286309,0.3369,0.31643862505340214,0.472,0.5
13593741,0.337052,0.3165920580564276,0.472,0.499
6777250,0.337676,0.31720235299740795,0.471,0.499
11513147,0.337796,0.31732189862734655,0.471,0.498
7867834,0.338455,0.31797236433705744,0.47,0.498
15900766,0.338537,0.31805340402959,0.47,0.497
369325,0.339235,0.31874457755039404,0.469,0.497
9581273,0.339278,0.31878657426315776,0.469,0.496
12673352,0.340017,0.3195013239436847,0.468,0.496
5861483,0.340038,0.3195214630322862,0.468,0.495
1593561,0.340789,0.320258016632739,0.468,0.494
14196702,0.340801,0.32027020749437246,0.467,0.494
13008157,0.341531,0.3209962887687525,0.467,0.493
11876244,0.341586,0.3210476837228636,0.466,0.493
14828763,0.34228,0.3217362794403267,0.466,0.492
13354177,0.342374,0.32182703959962417,0.465,0.492
11898102,0.343035,0.32247793494322524,0.465,0.491
4084723,0.343163,0.3226017232078292,0.464,0.491
12134526,0.343798,0.3232213626859207,0.464,0.49
14001044,0.343954,0.3233735604915119,0.463,0.49
2358461,0.344546,0.3239664552599406,0.463,0.489
13868908,0.344747,0.32416537575108734,0.462,0.489
9924961,0.345307,0.32471326636952114,0.462,0.488
3229055,0.345542,0.32494956500911226,0.461,0.488
16415797,0.34606,0.32546179601466235,0.461,0.487
4928597,0.346338,0.32573692281707717,0.46,0.487
3028364,0.34682,0.3262120978996005,0.46,0.486
11399785,0.347137,0.32652283061066284,0.459,0.486
2060032,0.347582,0.32696406461586297,0.459,0.485
11945647,0.347937,0.3273246348581846,0.458,0.485
16731257,0.34833,0.3277178035719225,0.458,0.484
17429753,0.348739,0.3281289095005748,0.457,0.484
1538412,0.349081,0.3284732610635426,0.457,0.483
15675753,0.349543,0.3289302304099701,0.456,0.483
15366420,0.349846,0.32923049079495964,0.456,0.482
12780493,0.350349,0.3297301013049861,0.455,0.482
967416,0.350609,0.32998943906193734,0.455,0.481
17438461,0.351156,0.33051627761975305,0.454,0.481
12905306,0.351398,0.330750159568712,0.454,0.48
18259803,0.351966,0.33130889844287253,0.453,0.48
5090449,0.352171,0.3315125986110473,0.453,0.479
15544564,0.352777,0.33210823229552583,0.452,0.479
18049513,0.352948,0.3322768098931796,0.452,0.478
10619642,0.353591,0.33290826430325066,0.451,0.478
18011499,0.353727,0.3330427934151088,0.451,0.477
15630998,0.354406,0.33371962790482856,0.45,0.477
6458833,0.354496,0.3338105491768349,0.45,0.476
6520251,0.355223,0.3345324415207858,0.449,0.476
1719327,0.355271,0.3345800234741217,0.449,0.475
16027879,0.356041,0.33533263464121943,0.448,0.475
880428,0.35606,0.3353513237154417,0.448,0.474
8375752,0.356844,0.3361243961965586,0.448,0.473
3363266,0.356862,0.33614297786230823,0.447,0.473
11818878,0.35761,0.3368992409174724,0.447,0.472
10462267,0.357685,0.33696830456531657,0.446,0.472
12984830,0.358386,0.3376758578781832,0.446,0.471
10940701,0.358509,0.33779626277590213,0.445,0.471
11486917,0.359169,0.3384543007829272,0.445,0.47
7124078,0.359336,0.33861235235027193,0.444,0.47
17572701,0.359968,0.3392345159274681,0.444,0.469
8820648,0.360164,0.33942924748818576,0.443,0.469
4179722,0.36075,0.3400165570160423,0.443,0.468
9861701,0.360995,0.34025806496655164,0.442,0.468
14917173,0.361544,0.34080037034441335,0.442,0.467
2072146,0.361827,0.3410809749789278,0.441,0.467
185153,0.362329,0.34158595591258134,0.441,0.466
4436879,0.362661,0.3419182777266245,0.44,0.466
15402044,0.363117,0.3423734211290188,0.44,0.465
3661261,0.363497,0.34274918967020496,0.439,0.465
7269049,0.363912,0.3431626585852532,0.439,0.464
360404,0.364335,0.34357639602148277,0.438,0.464
5641767,0.36471,0.3439537219855208,0.438,0.463
6395592,0.365175,0.3444146117411961,0.437,0.463
13903598,0.365517,0.3447466113298216,0.437,0.462
13843497,0.366016,0.3452442884873423,0.436,0.462
17451875,0.366314,0.3455413803223919,0.436,0.461
1833900,0.36686,0.3460861023908857,0.435,0.461
12718454,0.36712,0.3463379215547591,0.435,0.46
847505,0.367706,0.3469261977588685,0.434,0.46
9339070,0.367918,0.34713628873115954,0.434,0.459
12744115,0.368554,0.3477712339165882,0.433,0.459
6911671,0.368721,0.34793653555582943,0.433,0.458
7712156,0.369403,0.34861938492001154,0.432,0.458
11582735,0.369522,0.3487386083245326,0.432,0.457
4386764,0.370255,0.3494591580625767,0.431,0.457
15286122,0.370337,0.34954256074150514,0.431,0.456
13165177,0.371108,0.350297964528889,0.43,0.456
17391731,0.37116,0.3503483391025109,0.43,0.455
192570,0.371964,0.3511469748000927,0.429,0.455
15014926,0.371973,0.3511559434075499,0.429,0.454
17179970,0.372786,0.35196542736085834,0.429,0.453
2240665,0.372821,0.3520015166076323,0.428,0.453
6797493,0.373602,0.3527767909624363,0.428,0.452
13927475,0.373681,0.35285433987961123,0.427,0.452
5212027,0.374421,0.35359003421228374,0.427,0.451
13171620,0.374542,0.35371210394132707,0.426,0.451
15538657,0.37523,0.3544051571104006,0.426,0.45
2963179,0.375405,0.3545814144138411,0.425,0.45
15127792,0.376047,0.35522215965678694,0.425,0.449
6911229,0.376271,0.3554487378296131,0.424,0.449
11126008,0.376877,0.3560410418514428,0.424,0.448
2446558,0.377138,0.35630478335576826,0.423,0.448
321594,0.377707,0.35686174999013187,0.423,0.447
18353140,0.378008,0.35716179555817634,0.422,0.447
3083140,0.378541,0.3576844451855629,0.422,0.446
2643765,0.378879,0.35802691710026124,0.421,0.446
11511282,0.379364,0.35850896632502716,0.421,0.445
11158033,0.379752,0.3588957979388851,0.42,0.445
10552327,0.380197,0.35933542081699715,0.42,0.444
1427462,0.380628,0.3597541527471999,0.419,0.444
1874266,0.381045,0.3601637549572367,0.419,0.443
3972235,0.381505,0.3606182002045594,0.418,0.443
17486763,0.381886,0.3609940224499819,0.418,0.442
1174,0.382385,0.36149325703035445,0.417,0.442
10939108,0.382722,0.36182622329523284,0.417,0.441
15848443,0.383266,0.36236025822070883,0.416,0.441
16826039,0.383567,0.3626603037887533,0.416,0.44
8256777,0.38415,0.363235153933795,0.415,0.44
5118281,0.384419,0.3634963176347795,0.415,0.439
5979936,0.385035,0.36409791248948403,0.414,0.439
17229632,0.385275,0.36433426483331144,0.414,0.438
14025134,0.385923,0.3649759230482739,0.413,0.438
1959584,0.386124,0.3651741453843491,0.413,0.437
13905311,0.386813,0.365864674454318,0.412,0.437
2921618,0.386965,0.36601595928789254,0.412,0.436
17433484,0.387704,0.3667592796221155,0.411,0.436
317966,0.387803,0.36685970654394173,0.411,0.435
10458346,0.388598,0.3676374512936142,0.41,0.435
13478503,0.388666,0.36770544085673296,0.41,0.434
14852153,0.389494,0.3685242693471525,0.409,0.434
13270326,0.389523,0.3685530548177936,0.409,0.433
18219244,0.390374,0.3694026558355963,0.409,0.432
18017051,0.390392,0.3694195189657853,0.408,0.432
5501325,0.391242,0.370254243910141,0.408,0.431
5402870,0.391292,0.37030343699056495,0.407,0.431
5135724,0.392092,0.3711077653371914,0.407,0.43
16840914,0.392194,0.37121060894964986,0.406,0.43
16321597,0.392956,0.37196327382098393,0.406,0.429
5304030,0.393098,0.3721011325954908,0.405,0.429
11477009,0.393821,0.37282071565728214,0.405,0.428
7579407,0.394004,0.3730037396944927,0.404,0.428
5503238,0.394684,0.37368014455032234,0.404,0.427
6747865,0.394912,0.3739083338502366,0.403,0.427
14047932,0.395539,0.37454156050010456,0.403,0.426
2649914,0.395823,0.3748230781066357,0.402,0.426
6293246,0.396401,0.37540496350662883,0.402,0.425
8989999,0.396735,0.375735889010529,0.401,0.425
8146077,0.397275,0.37627035356989513,0.401,0.424
6611053,0.39765,0.3766474110127518,0.4,0.424
682930,0.398138,0.3771377843941397,0.4,0.423
5153587,0.398566,0.3775732720460589,0.399,0.423
17762379,0.399,0.37800714857089,0.399,0.422
931016,0.399485,0.3784915607820518,0.398,0.422
15651102,0.399872,0.3788785535086186,0.398,0.421
10094066,0.400406,0.3794127495468034,0.397,0.421
565380,0.400739,0.3797519455030892,0.397,0.42
7274661,0.401329,0.38033554943864306,0.396,0.42
6507181,0.401612,0.3806273782585381,0.396,0.419
2354186,0.402254,0.3812796699122822,0.395,0.419
2130901,0.402477,0.381504798070729,0.395,0.418
9102307,0.403181,0.382205477241353,0.394,0.418
5770489,0.403354,0.38238425864389824,0.394,0.417
13888719,0.404111,0.38314540878456305,0.393,0.417
12865058,0.404229,0.3832657599780457,0.393,0.416
11214483,0.405042,0.3840755124525355,0.392,0.416
2748128,0.405116,0.3841493020731715,0.392,0.415
493025,0.405976,0.3850011049646613,0.391,0.415
927666,0.406008,0.3850348312250393,0.391,0.414
4066194,0.406894,0.3859224548421216,0.391,0.413
2087481,0.406912,0.3859386198172391,0.39,0.413
6084940,0.407789,0.386812065515946,0.39,0.412
9321464,0.40785,0.38687527540203664,0.389,0.412
4640724,0.408672,0.3877037706549849,0.389,0.411
7885647,0.40879,0.387819234762967,0.388,0.411
8551374,0.409562,0.38859751655500213,0.388,0.41
2508448,0.409733,0.38876287189847963,0.387,0.41
17307607,0.410466,0.3894933569202339,0.387,0.409
7832186,0.410677,0.3897081201610805,0.386,0.409
10525425,0.411351,0.3903911843422077,0.386,0.408
17463421,0.411624,0.3906649148344795,0.385,0.408
16212202,0.412247,0.3912911599336323,0.385,0.407
10607810,0.412573,0.39162810031199474,0.384,0.407
2275103,0.413136,0.3921931762860352,0.384,0.406
2511277,0.413524,0.3925781282516237,0.383,0.406
1158718,0.414044,0.39309728710365266,0.383,0.405
10644005,0.414477,0.3935325599386268,0.382,0.405
15351837,0.41494,0.3940034386822484,0.382,0.404
8013667,0.415433,0.39449193241536684,0.381,0.404
16154713,0.415854,0.394911738430295,0.381,0.403
978066,0.41639,0.39546064942921794,0.38,0.403
10759391,0.41675,0.39582207893931987,0.38,0.402
1781795,0.41735,0.3964307627532121,0.379,0.402
13808876,0.417658,0.3967345676177955,0.379,0.401
346980,0.418312,0.3973960426959419,0.378,0.401
14321455,0.418561,0.39764909705724955,0.378,0.4
7984300,0.419276,0.39836991531647503,0.377,0.4
1851201,0.419474,0.39856577466615434,0.377,0.399
6614958,0.420243,0.39933567859733127,0.376,0.399
15275301,0.420396,0.39948460044450995,0.376,0.398
2283607,0.421212,0.4003075641611224,0.375,0.398
14022332,0.421308,0.40040552068808016,0.375,0.397
9845217,0.422183,0.40127418670975895,0.374,0.397
44107,0.422238,0.4013285353968649,0.374,0.396
13498058,0.423156,0.40224419262528055,0.373,0.396
1326708,0.423165,0.4022536982751005,0.373,0.395
7338068,0.424082,0.4031809556185506,0.373,0.394
8008816,0.424131,0.40322896720577667,0.372,0.394
9651873,0.425015,0.4041104148356879,0.372,0.393
4315306,0.425109,0.40420573985506836,0.371,0.393
2389973,0.425943,0.40504196851803964,0.371,0.392
13906036,0.426089,0.40519126629487223,0.37,0.392
2556244,0.426859,0.4059756703698423,0.37,0.391
7811694,0.427071,0.40618946693443597,0.369,0.391
8040665,0.427789,0.406911574095332,0.369,0.39
17526477,0.428056,0.40719099723664853,0.368,0.39
15464781,0.42871,0.4078495722860363,0.368,0.389
5034380,0.429043,0.4081765236764524,0.367,0.389
12857565,0.429653,0.4087897723504277,0.367,0.388
9705405,0.430032,0.4091760669219229,0.366,0.388
1471455,0.430587,0.4097321205842699,0.366,0.387
11788241,0.431023,0.4101679304616067,0.365,0.387
7798961,0.431532,0.4106766706917992,0.365,0.386
15155015,0.432017,0.4111675274113135,0.364,0.386
11249428,0.43247,0.4116233689687793,0.364,0.385
11913310,0.433013,0.4121681984457457,0.363,0.385
14234721,0.433403,0.41257226911944656,0.363,0.384
17024540,0.434011,0.4131967956830387,0.362,0.384
8639333,0.43433,0.4135233174395646,0.362,0.383
6866998,0.435011,0.414203051958043,0.361,0.383
13729047,0.435285,0.41447662133760604,0.361,0.382
13919765,0.436014,0.4152026489077498,0.36,0.382
9593275,0.43624,0.4154320734050983,0.36,0.381
717451,0.437019,0.41621518857839784,0.359,0.381
13662866,0.437197,0.41638972734627766,0.359,0.38
2551539,0.438027,0.41722015595173173,0.358,0.38
8353935,0.438156,0.4173496368653804,0.358,0.379
10310794,0.439036,0.41823672344010004,0.357,0.379
1833703,0.439108,0.41831169455393397,0.357,0.378
17706381,0.440048,0.4192489945895667,0.356,0.378
14614231,0.440073,0.4192760078204109,0.356,0.377
13872833,0.441027,0.4202425766648112,0.356,0.376
10077808,0.441063,0.4202789881370027,0.355,0.376
12598613,0.441985,0.42121129367866234,0.355,0.375
14330374,0.44208,0.4213055983175537,0.354,0.375
17088742,0.442936,0.4221823199746731,0.354,0.374
2429328,0.443099,0.42234284193688626,0.353,0.374
3561781,0.443911,0.42315554814437095,0.353,0.373
12297870,0.44412,0.42336204093283186,0.352,0.373
2960038,0.444879,0.4241310318919922,0.352,0.372
7233507,0.445144,0.4243972974954224,0.351,0.372
10803924,0.445851,0.42510871751330054,0.351,0.371
6353134,0.44617,0.42542777438098484,0.35,0.371
4982780,0.44682,0.4260887124167685,0.35,0.37
204865,0.447199,0.42647054953665325,0.349,0.37
12058553,0.447794,0.4270709628981599,0.349,0.369
5409822,0.44823,0.4275184802990037,0.348,0.369
13067018,0.448758,0.4280554689574746,0.348,0.368
12058611,0.449263,0.42856979442823917,0.347,0.368
16078810,0.449728,0.42904223059471264,0.347,0.367
15721141,0.450298,0.42961965854309536,0.346,0.367
14271896,0.450693,0.4300312478098741,0.346,0.366
8158847,0.451337,0.4306805857306233,0.345,0.366
16316821,0.451674,0.4310225743071952,0.345,0.365
11565780,0.452377,0.4317511259764437,0.344,0.365
6369819,0.452642,0.43201621008667596,0.344,0.364
3897345,0.45342,0.43280356789464086,0.343,0.364
3851117,0.453622,0.4330121014440801,0.343,0.363
18477430,0.454465,0.4338664821389108,0.342,0.363
1861706,0.454605,0.43401030208364383,0.342,0.362
3410312,0.455513,0.4349425539210671,0.341,0.362
14202144,0.455578,0.4350108120053672,0.341,0.361
3267236,0.456563,0.4360111608143818,0.34,0.361
8230678,0.456565,0.43601357750501396,0.34,0.36
1990363,0.457552,0.43701870599105663,0.34,0.359
752812,0.457615,0.43707917696109744,0.339,0.359
11916592,0.458553,0.43802614375925897,0.339,0.358
17710264,0.45867,0.43814015785286164,0.338,0.358
13138868,0.459553,0.4390358908096209,0.338,0.357
10915140,0.459727,0.43921187959188,0.337,0.357
4881303,0.460554,0.44004800084637874,0.337,0.356
18605350,0.460787,0.4402844605986787,0.336,0.356
871767,0.461558,0.44106236646106,0.336,0.355
7371694,0.461849,0.44135854532409297,0.335,0.355
1845923,0.462553,0.44207914876637344,0.335,0.354
11246203,0.462914,0.4424525006169274,0.334,0.354
15797793,0.463535,0.4430982403538465,0.334,0.353
17845904,0.463981,0.4435492485300479,0.333,0.353
6646219,0.464541,0.4441196949277154,0.333,0.352
7671028,0.465051,0.4446430427101735,0.332,0.352
10408519,0.465536,0.44514351248798034,0.332,0.351
7008574,0.466123,0.44574295917323403,0.331,0.351
12507180,0.466544,0.4461696393304048,0.331,0.35
5316530,0.467197,0.44683283294411186,0.33,0.35
539105,0.46756,0.4471981828634615,0.33,0.349
17938958,0.468274,0.4479250159971494,0.329,0.349
13017005,0.468574,0.44822908938291417,0.329,0.348
5516562,0.469354,0.4490309473346722,0.328,0.348
8479982,0.469572,0.4492623588887627,0.328,0.347
17238449,0.470436,0.4501366638552499,0.327,0.347
13222476,0.470594,0.4502979913810071,0.327,0.346
15647279,0.47152,0.45124823413758114,0.326,0.346
14448842,0.471606,0.45133604056388377,0.326,0.345
4125149,0.472607,0.4523538969539226,0.325,0.345
11567520,0.472628,0.4523765064373925,0.325,0.344
3751155,0.473644,0.4534193352972973,0.325,0.343
3866487,0.473697,0.453473845097112,0.324,0.343
9471470,0.474672,0.45446458084783414,0.324,0.342
3601743,0.474789,0.4545860598302785,0.323,0.342
5897489,0.47569,0.45551218938476695,0.323,0.341
9246392,0.475883,0.4557061690861768,0.322,0.341
11428393,0.476721,0.4565622683165682,0.322,0.34
3095759,0.47698,0.45682864132847095,0.321,0.34
12450364,0.47777,0.45761476393900163,0.321,0.339
17140365,0.47808,0.457929470763548,0.32,0.339
4373183,0.478816,0.4586696762520673,0.32,0.338
492252,0.479182,0.45903760397475796,0.319,0.338
2967233,0.479858,0.4597270052557651,0.319,0.337
331558,0.480287,0.46017022631770726,0.318,0.337
12354630,0.48089,0.46078680465433136,0.318,0.336
17863029,0.481394,0.46129259115152893,0.317,0.336
5235746,0.481944,0.4618490207435298,0.317,0.335
4667273,0.482503,0.46242236716995594,0.316,0.335
1020721,0.482992,0.46291370722759667,0.316,0.334
11083840,0.483616,0.4635476320325362,0.315,0.334
9370248,0.484039,0.4639808104022958,0.315,0.333
1613132,0.484731,0.46468514146098616,0.314,0.333
11713044,0.485085,0.46505038397186327,0.314,0.332
17371260,0.485848,0.465833928779053,0.313,0.332
14421570,0.48613,0.46612248164053555,0.313,0.331
18377361,0.486968,0.4669770234480751,0.312,0.331
15239412,0.487178,0.46719699599983994,0.312,0.33
18382355,0.488091,0.4681340275142914,0.311,0.33
14736123,0.488228,0.46827398075401283,0.311,0.329
14704610,0.489216,0.4692842648467375,0.31,0.329
5130120,0.489284,0.4693534359030542,0.31,0.328
15531220,0.490336,0.47043541515120024,0.31,0.327
15392558,0.490344,0.4704430411527507,0.309,0.327
7983118,0.491401,0.47151991849845104,0.309,0.326
11035953,0.491474,0.4715969840774995,0.308,0.326
17311223,0.492472,0.472606838536334,0.308,0.325
2296718,0.492607,0.47274426767695077,0.307,0.325
3682076,0.493544,0.473696336377558,0.307,0.324
6131065,0.493742,0.47389643836190265,0.306,0.324
4246543,0.494612,0.4747883046136504,0.306,0.323
15642750,0.494881,0.47506595551516995,0.305,0.323
8551460,0.495687,0.4758827969488475,0.305,0.322
3778800,0.496021,0.47621871694672085,0.304,0.322
133790,0.496768,0.47697986708738566,0.304,0.321
14138182,0.497165,0.47738785817033424,0.303,0.321
7724766,0.49784,0.47807940762079226,0.303,0.32
18251991,0.498311,0.47855984571847004,0.302,0.32
13591960,0.498924,0.47918147225330354,0.302,0.319
16893813,0.49946,0.47972125353206047,0.301,0.319
10118360,0.500013,0.48028611468915583,0.301,0.318
11783579,0.500611,0.480885453965937,0.3,0.318
15425100,0.501091,0.4813932812241129,0.3,0.317
3203728,0.501765,0.48209036221090673,0.299,0.317
18211866,0.502171,0.4825030255624109,0.299,0.316
18067450,0.502922,0.48325826823708595,0.298,0.316
10411369,0.503275,0.4836152939998136,0.298,0.315
7442172,0.504081,0.4844372373359369,0.297,0.315
13343893,0.504371,0.4847301402405574,0.297,0.314
7747378,0.505243,0.4856163138432604,0.296,0.314
4333075,0.505463,0.4858475642846421,0.296,0.313
8586272,0.506408,0.4868045737749862,0.295,0.313
12406234,0.506568,0.4869675661320678,0.295,0.312
2250704,0.507575,0.4880130264995498,0.294,0.312
3851291,0.50765,0.48809014578283455,0.294,0.311
486771,0.508745,0.4892134235886728,0.293,0.311
16636576,0.508747,0.4892153032369423,0.293,0.31
18458020,0.50984,0.490343038494391,0.293,0.309
6641258,0.509918,0.490424185595396,0.292,0.309
17364488,0.510944,0.49147340525941696,0.292,0.308
4732982,0.511094,0.4916252271353543,0.291,0.308
11603481,0.512048,0.49260634982778395,0.291,0.307
5209814,0.512272,0.4928364187759677,0.29,0.307
7971022,0.513159,0.4937419259037282,0.29,0.306
14106640,0.513453,0.49403477510411237,0.289,0.306
11768066,0.514278,0.4948801334872497,0.289,0.305
1219668,0.514636,0.4952538075632213,0.288,0.305
14688534,0.515376,0.49602097257834843,0.288,0.304
9909792,0.515823,0.496476169684979,0.287,0.304
4806432,0.5165,0.4971643894727882,0.287,0.303
7225725,0.517012,0.4976840853671799,0.286,0.303
18532967,0.517619,0.4983104915790415,0.286,0.302
17319112,0.518204,0.49892164578780224,0.285,0.302
7938995,0.518737,0.49945922519287206,0.285,0.301
5633468,0.519398,0.5001471227552636,0.284,0.301
12421209,0.519844,0.5006105903142799,0.284,0.3
7413113,0.520596,0.5013947795723048,0.283,0.3
6857376,0.520955,0.501764586943265,0.283,0.299
12300319,0.521796,0.5026369585572464,0.282,0.299
94380,0.522074,0.5029212687840636,0.282,0.298
5861656,0.522998,0.5038593206790042,0.281,0.298
11789125,0.523211,0.5040806358366757,0.281,0.297
15890715,0.524204,0.5050981162970607,0.28,0.297
3453056,0.524344,0.5052426881011014,0.28,0.296
10064014,0.525413,0.5063456657056293,0.279,0.296
12612954,0.525476,0.5064073718731044,0.279,0.295
4344425,0.526607,0.5075747408569209,0.279,0.294
1529526,0.526624,0.507590422493912,0.278,0.294
10841989,0.527753,0.5087448487567872,0.278,0.293
6437225,0.527838,0.5088317422110732,0.277,0.293
15200999,0.528891,0.509917641868467,0.277,0.292
5570819,0.529054,0.5100894954245333,0.276,0.292
1193676,0.530026,0.5110931201919604,0.276,0.291
9454870,0.530274,0.5113475171591748,0.275,0.291
8247206,0.531163,0.5122712837272674,0.275,0.29
7472432,0.531496,0.512620576079972,0.274,0.29
10685618,0.53231,0.5134521861786241,0.274,0.289
12709431,0.532722,0.513869951432574,0.273,0.289
18396483,0.533474,0.5146358275460305,0.273,0.288
7940646,0.53395,0.5151263620401273,0.272,0.288
9417778,0.534625,0.515822207829487,0.272,0.287
6409526,0.535181,0.5163994746651608,0.271,0.287
5242194,0.535786,0.5170112733247567,0.271,0.286
4615328,0.536414,0.5176574963998023,0.27,0.286
3725151,0.536935,0.5182031314403127,0.27,0.285
9107810,0.537651,0.518926097868989,0.269,0.285
17049107,0.538105,0.5193976747676822,0.269,0.284
18365706,0.53889,0.5202023790439626,0.268,0.284
10461320,0.539275,0.5205950107153378,0.268,0.283
3780588,0.540133,0.5214577692710267,0.267,0.283
10196985,0.540461,0.5217951392832794,0.267,0.282
5561478,0.541378,0.5227316874596043,0.266,0.282
16357819,0.541635,0.5229980067672708,0.266,0.281
12228759,0.542626,0.5240256910325471,0.265,0.281
17983120,0.542796,0.524203613167312,0.265,0.28
1133538,0.543877,0.525317116802149,0.264,0.28
5875584,0.543964,0.5254120658918756,0.264,0.279
9914835,0.54513,0.5266130000233613,0.263,0.279
17164966,0.54514,0.5266232575324891,0.263,0.278
9913200,0.546325,0.5278372417933885,0.263,0.277
9345769,0.546387,0.5279012035387869,0.262,0.277
12205675,0.547503,0.5290540186745741,0.262,0.276
3693770,0.547647,0.5292000404929942,0.261,0.276
13087817,0.548676,0.530273641880282,0.261,0.275
2141480,0.548909,0.5305172442960059,0.26,0.275
1356487,0.549861,0.5314960040020397,0.26,0.274
10370937,0.550174,0.5318130201087458,0.259,0.274
302204,0.551045,0.532721266152556,0.259,0.273
16598716,0.551443,0.5331218460508993,0.258,0.273
12470773,0.552252,0.5339493209233585,0.258,0.272
11646982,0.552714,0.5344314775565969,0.257,0.272
4242080,0.55344,0.5351801683144469,0.257,0.271
108046,0.553988,0.5357405720199317,0.256,0.271
13528851,0.554638,0.536413915734294,0.256,0.27
6399176,0.555265,0.5370632536550431,0.255,0.27
4319382,0.555831,0.5376504557744272,0.255,0.269
16555437,0.556545,0.5383950650103206,0.254,0.269
5859160,0.557025,0.5388898958433189,0.254,0.268
9118138,0.557828,0.5397343412544396,0.253,0.268
4219783,0.558211,0.5401321285324968,0.253,0.267
5379446,0.559114,0.5410738323155038,0.252,0.267
15561873,0.559408,0.5413772612504333,0.252,0.266
3444466,0.560403,0.5424009714022257,0.251,0.266
9974034,0.560621,0.5426252939971284,0.251,0.265
7159278,0.561695,0.5437301512499259,0.25,0.265
10578437,0.561831,0.5438761730683459,0.25,0.264
13096306,0.56299,0.5450638422534727,0.249,0.264
1122364,0.563053,0.5451298984640857,0.249,0.263
7016362,0.564261,0.5463865775928204,0.249,0.262
11667277,0.564287,0.5464122482177578,0.248,0.262
11340893,0.565486,0.5476461030460774,0.248,0.261
6855638,0.565588,0.5477505040813877,0.247,0.261
11070878,0.566709,0.5489085822323294,0.247,0.26
12301610,0.566892,0.5491007896939423,0.246,0.26
1374537,0.567938,0.5501739614473399,0.246,0.259
9252046,0.568199,0.5504411937270229,0.245,0.259
1880814,0.569166,0.551442240691109,0.245,0.258
813857,0.569509,0.5517865385498406,0.244,0.258
5958587,0.570396,0.5527134199636369,0.244,0.257
15124414,0.570822,0.5531523446866774,0.243,0.257
8019135,0.571616,0.5539875529691596,0.243,0.256
1097593,0.572137,0.5545301805724389,0.242,0.256
9452257,0.572839,0.5552646397076771,0.242,0.255
8199061,0.573456,0.5559057608802769,0.241,0.255
193860,0.574083,0.5565446801791896,0.241,0.254
15443299,0.574778,0.5572623835927114,0.24,0.254
3544705,0.575321,0.5578276206794607,0.24,0.253
7253363,0.576103,0.5586315730964332,0.239,0.253
365606,0.576559,0.5591135686169628,0.239,0.252
441410,0.577431,0.5600148868142942,0.238,0.252
7393956,0.57781,0.5604024702874599,0.238,0.251
8009019,0.578762,0.5613764503164657,0.237,0.251
1587718,0.579071,0.561694325690952,0.237,0.25
16447193,0.580097,0.56275885106231,0.236,0.25
14514400,0.580322,0.5629891348274388,0.236,0.249
172468,0.581434,0.5641441518369131,0.235,0.249
14895038,0.581569,0.5642869514011569,0.235,0.248
7959237,0.582774,0.5655350378520884,0.234,0.248
12260421,0.582824,0.5655877754121061,0.234,0.247
5764999,0.584074,0.5668916068602865,0.234,0.246
771234,0.584118,0.5669368795314628,0.233,0.246
3206579,0.585329,0.5681983920414618,0.233,0.245
1010123,0.585464,0.5683431249582114,0.232,0.245
13533107,0.586589,0.5695082383641045,0.232,0.244
5173385,0.586814,0.5697453425672397,0.231,0.244
16198604,0.587837,0.5708210921239784,0.231,0.243
57429,0.588167,0.5711667325886167,0.23,0.243
9524884,0.58909,0.5721370070253197,0.23,0.242
13373092,0.589522,0.5725848466515812,0.229,0.242
15564089,0.590356,0.5734558756596558,0.229,0.241
3114793,0.590881,0.574006397785667,0.228,0.241
8262760,0.591624,0.5747778591396957,0.228,0.24
15695999,0.592244,0.5754229544257795,0.227,0.24
7632752,0.592894,0.5761028500569668,0.227,0.239
9185496,0.593609,0.5768452037149369,0.226,0.239
12078705,0.59418,0.5774309021157052,0.226,0.238
15131212,0.594977,0.5782541880577353,0.225,0.238
7447554,0.595466,0.5787620153159111,0.225,0.237
14461541,0.596349,0.5796835263060803,0.224,0.237
10723422,0.596742,0.5800961896575845,0.224,0.236
13065398,0.597724,0.5811101793426118,0.223,0.236
635686,0.598032,0.5814334788449615,0.223,0.235
9723100,0.599101,0.5825449954230565,0.222,0.235
1244790,0.599325,0.5827737754695697,0.222,0.234
18371426,0.600483,0.583997641309943,0.221,0.234
16202589,0.600595,0.5841172406441179,0.221,0.233
6433932,0.601867,0.585450770534956,0.22,0.233
16235748,0.60188,0.5854637669601335,0.22,0.232
1935790,0.603163,0.5868134081218528,0.22,0.231
687824,0.603254,0.5869127609589536,0.219,0.231
3215477,0.604468,0.5881661641292758,0.219,0.23
9066139,0.604645,0.588352088195245,0.218,0.23
14791297,0.605766,0.5895219812781662,0.218,0.229
12510123,0.606039,0.5898023173914994,0.217,0.229
8179412,0.607079,0.5908809669769965,0.217,0.228
687748,0.607436,0.5912549095741496,0.216,0.228
6964231,0.608371,0.5922431212257669,0.216,0.227
10333447,0.608836,0.5927259223098407,0.215,0.227
7415665,0.609679,0.593608390320241,0.215,0.226
9726324,0.61024,0.594194786876081,0.214,0.226
4492761,0.610987,0.5949767742604188,0.214,0.225
1295045,0.611646,0.5956651551609369,0.213,0.225
8155687,0.612312,0.5963483267505366,0.213,0.224
4207716,0.613056,0.5971323011916164,0.212,0.224
12862381,0.613625,0.5977230477905943,0.212,0.223
181192,0.61447,0.5985915526995643,0.211,0.223
389205,0.614962,0.5991009910848283,0.211,0.222
10956455,0.615886,0.6000769044663397,0.21,0.222
2384431,0.616275,0.6004820492247659,0.21,0.221
7555982,0.617306,0.6015682174033411,0.209,0.221
13214704,0.617596,0.6018662759146436,0.209,0.22
11404580,0.618729,0.6030464265066925,0.208,0.22
1587070,0.618929,0.6032537248586974,0.208,0.219
9979013,0.620155,0.6045226485533018,0.207,0.219
10131061,0.620271,0.6046443960569275,0.207,0.218
5439227,0.621585,0.6060140688987758,0.206,0.218
11554177,0.621607,0.6060382358050976,0.206,0.217
9137319,0.622937,0.607435297807444,0.206,0.216
15372239,0.623018,0.6075199356838067,0.205,0.216
15713385,0.624272,0.6088355820639666,0.205,0.215
131510,0.624454,0.609031065483992,0.204,0.215
9213880,0.625604,0.6102390885746654,0.204,0.214
18389032,0.625893,0.6105383822834021,0.203,0.214
7722914,0.626949,0.6116458173395405,0.203,0.213
18218442,0.627336,0.6120527343377636,0.202,0.213
4214651,0.628307,0.613055822062828,0.202,0.212
7372214,0.628782,0.6135539288542389,0.201,0.212
2667588,0.62965,0.6144690490402919,0.201,0.211
13533442,0.630232,0.6150827810523936,0.2,0.211
1689465,0.631007,0.6158855519761682,0.2,0.21
1083817,0.631685,0.616596112726266,0.199,0.21
13020465,0.632362,0.617305330870457,0.199,0.209
7718238,0.633141,0.6181104110763913,0.198,0.209
8872220,0.633729,0.6187283320189222,0.198,0.208
7520306,0.6346,0.6196325502450122,0.197,0.208
13871180,0.635109,0.6201546628300361,0.197,0.207
10284748,0.636063,0.6211514671594568,0.196,0.207
6529624,0.636476,0.6215842695995624,0.196,0.206
881310,0.63753,0.6226765063568361,0.195,0.206
17816711,0.637862,0.6230171523275013,0.195,0.205
12170878,0.638999,0.6242013844415069,0.194,0.205
5953322,0.639238,0.624453364718089,0.194,0.204
2275327,0.640472,0.6257513961087522,0.193,0.204
845030,0.64061,0.6258929067713255,0.193,0.203
10772066,0.641949,0.6272942651125735,0.192,0.203
13364682,0.641986,0.6273357247829745,0.192,0.202
15543518,0.643365,0.6287818724572722,0.192,0.201
18324165,0.643429,0.6288468008789235,0.191,0.201
3867585,0.644757,0.6302313497942188,0.191,0.2
1604914,0.644912,0.6303919254606682,0.19,0.2
10934620,0.646148,0.6316842104980503,0.19,0.199
17774275,0.646398,0.6319466093964691,0.189,0.199
14653724,0.64753,0.6331404008645308,0.189,0.198
17593519,0.647889,0.6335135378981397,0.188,0.198
6377804,0.648939,0.63459992089366,0.188,0.197
2543242,0.649382,0.6350554939299444,0.187,0.197
9272837,0.650346,0.6360628242896742,0.187,0.196
12847205,0.650879,0.6366299947289292,0.186,0.196
5825005,0.651739,0.6375291110525735,0.186,0.195
5993584,0.65238,0.6381960102585832,0.185,0.195
8109723,0.65315,0.6389987811823579,0.185,0.194
10277259,0.653883,0.6397756129600137,0.184,0.194
17845751,0.654541,0.6404718346790272,0.184,0.193
13543383,0.655391,0.6413654194663356,0.183,0.193
13570796,0.655946,0.6419482715425817,0.183,0.192
8394602,0.656902,0.642947975900761,0.182,0.192
2136177,0.657367,0.6434280917730212,0.182,0.191
17084059,0.658416,0.6445220470658556,0.181,0.191
15897052,0.658785,0.644911349074582,0.181,0.19
8159042,0.659934,0.64612146663047,0.18,0.19
9801784,0.660195,0.6463980434472641,0.18,0.189
8779109,0.661455,0.6477181472790345,0.179,0.189
919090,0.661618,0.6478881211868314,0.179,0.188
557369,0.66298,0.6493311540154255,0.178,0.188
1919353,0.663026,0.64938163599752,0.178,0.187
16258177,0.664448,0.6508786415835661,0.178,0.186
8866809,0.664508,0.650944482977234,0.177,0.186
13451031,0.665877,0.6523790842407335,0.177,0.185
3317910,0.66604,0.6525477692468599,0.176,0.185
3647705,0.667327,0.6538829639690223,0.176,0.184
4893977,0.667575,0.654147940670782,0.175,0.184
3079101,0.66875,0.6553903344726687,0.175,0.183
1576449,0.669114,0.6557691641553223,0.174,0.183
4519505,0.670189,0.6569011420474364,0.174,0.182
9047293,0.670657,0.657378948637537,0.173,0.182
4929426,0.671659,0.6584154403975617,0.173,0.181
6872502,0.672203,0.6589853497528665,0.172,0.181
16899864,0.673108,0.6599332832272808,0.172,0.18
2084271,0.673752,0.6606037269128845,0.171,0.18
17232218,0.67457,0.6614545631281213,0.171,0.179
8315527,0.675306,0.6622194188610889,0.17,0.179
9591236,0.676046,0.6629793875085558,0.17,0.178
8309715,0.676862,0.663837044161799,0.169,0.178
13320990,0.677499,0.6645077026643477,0.169,0.177
11274401,0.678423,0.665476043748545,0.168,0.177
12994546,0.678964,0.6660395622997336,0.168,0.176
5795230,0.679987,0.667122024886006,0.167,0.176
8053311,0.680423,0.667574912710477,0.167,0.175
15586998,0.681554,0.6687383075808094,0.166,0.175
7961394,0.681911,0.6691138613050506,0.166,0.174
12385493,0.683125,0.6703661903906473,0.165,0.174
2293645,0.683405,0.6706563006749817,0.165,0.173
9270700,0.6847,0.6720149641483945,0.164,0.173
16115930,0.684879,0.672202338228743,0.164,0.172
18230524,0.686278,0.673668356470461,0.163,0.172
9744759,0.686358,0.6737519202620982,0.163,0.171
16521163,0.687839,0.6753051004792835,0.163,0.17
4192260,0.68786,0.6753265284695554,0.162,0.17
2339214,0.689338,0.6768618251760626,0.162,0.169
10608315,0.689446,0.6769737448044508,0.161,0.169
16439641,0.690837,0.6784221480566719,0.161,0.168
1348942,0.691035,0.6786256334079017,0.16,0.168
8215327,0.692356,0.6799860691211114,0.16,0.167
2952742,0.692628,0.6802660830090269,0.159,0.167
14927494,0.693861,0.681553588369381,0.159,0.166
18242103,0.694225,0.6819368217994087,0.158,0.166
1900773,0.695365,0.6831247595057169,0.158,0.165
6370065,0.695825,0.6835973567848992,0.157,0.165
430153,0.696894,0.684699528825883,0.157,0.164
13476195,0.697429,0.6852543472907958,0.156,0.164
4400399,0.698422,0.6862778963298793,0.156,0.163
2961338,0.699037,0.6869198230660232,0.155,0.163
789610,0.699926,0.687859915721942,0.155,0.162
4802565,0.700649,0.6886088212967372,0.154,0.162
12776763,0.701456,0.6894456407063074,0.154,0.161
3946298,0.702264,0.6902842323556746,0.153,0.161
9568717,0.702989,0.6910349638745029,0.153,0.16
11910185,0.703883,0.6919761306151471,0.152,0.16
12568749,0.704507,0.6926279389307648,0.152,0.159
6497970,0.705505,0.693663732535718,0.151,0.159
10682266,0.706051,0.6942246195793293,0.151,0.158
1869093,0.707132,0.6953458029199531,0.15,0.158
5808711,0.707589,0.6958250058201966,0.15,0.157
39786,0.708762,0.6970406549124205,0.149,0.157
7384421,0.709141,0.6974290439491303,0.149,0.156
409737,0.710396,0.6987232623390182,0.148,0.156
15935800,0.710699,0.6990367876703666,0.148,0.155
3449387,0.712033,0.7004341718981306,0.147,0.155
595117,0.712239,0.7006481832796694,0.147,0.154
12539238,0.713675,0.7021438462598087,0.146,0.154
3716145,0.71379,0.7022633918897474,0.146,0.153
17719611,0.71532,0.7038576021434435,0.145,0.153
9922991,0.715343,0.7038822523878917,0.145,0.152
16680152,0.716902,0.7055048721825751,0.145,0.151
10802956,0.716969,0.7055745265770181,0.144,0.151
8882601,0.718486,0.7071312512737974,0.144,0.15
16364876,0.718622,0.7072748564015853,0.143,0.15
12320976,0.720044,0.7087613359573223,0.143,0.149
7575002,0.720278,0.7090026827951229,0.142,0.149
7238097,0.721634,0.7103951799373862,0.142,0.148
15787075,0.721939,0.710712142339856,0.141,0.148
5236734,0.723199,0.7120328369182254,0.141,0.147
17517384,0.723603,0.7124606985685942,0.14,0.147
17636334,0.724766,0.7136742531956034,0.14,0.146
3977202,0.725271,0.7142058714304472,0.139,0.146
9398570,0.726324,0.7153194287695205,0.139,0.145
12795942,0.726943,0.7159689278029785,0.138,0.145
8726922,0.727898,0.7169684173442127,0.138,0.144
5656470,0.728619,0.7177223711172173,0.137,0.144
3581775,0.729473,0.718621165215444,0.137,0.143
17403890,0.730298,0.7195023443241738,0.136,0.143
2455547,0.731033,0.7202777797916866,0.136,0.142
17543883,0.731982,0.7212567543146655,0.135,0.142
9226734,0.732641,0.7219382073687045,0.135,0.141
13921323,0.733669,0.7230074050086182,0.134,0.141
6974561,0.73424,0.7236024479464976,0.134,0.14
14332672,0.73536,0.7247745966073423,0.133,0.14
8006,0.735832,0.725270501525066,0.133,0.139
11995190,0.737056,0.7265350214722963,0.132,0.139
3280419,0.737454,0.7269424218086459,0.132,0.138
288783,0.738755,0.7282893240543153,0.131,0.138
13573318,0.739067,0.7286182087972373,0.131,0.137
2352304,0.740458,0.7300712843180139,0.13,0.137
11963962,0.740678,0.73029786249084,0.13,0.136
7117125,0.742165,0.731850774186844,0.129,0.136
1040130,0.74229,0.7319813291852181,0.129,0.135
12645206,0.743876,0.7336244102939206,0.128,0.135
14571911,0.743919,0.7336687162888439,0.128,0.134
1746392,0.745545,0.7353600238017175,0.128,0.133
10457293,0.74559,0.7354052964728938,0.127,0.133
365070,0.747178,0.7370551980196026,0.127,0.132
292240,0.747309,0.7371882234128452,0.126,0.132
15735701,0.748829,0.7387542926467354,0.126,0.131
1923322,0.749032,0.7389612687733227,0.125,0.131
16002907,0.750469,0.740457307683116,0.125,0.13
683832,0.750759,0.7407560643494899,0.124,0.13
10401003,0.752112,0.7421642431287444,0.124,0.129
16494264,0.752489,0.7425602581670045,0.123,0.129
16152153,0.753753,0.7438750989836205,0.123,0.128
10143164,0.754224,0.7443576315465128,0.122,0.128
11318210,0.755409,0.7455898752477443,0.122,0.127
3492070,0.755963,0.7461604290538845,0.121,0.127
14784948,0.757052,0.7473086793295886,0.121,0.126
17106595,0.757705,0.7479779415219941,0.12,0.126
10978573,0.758718,0.7490314038206805,0.12,0.125
13913230,0.759452,0.7498009855264398,0.119,0.125
759278,0.76036,0.7507581024252564,0.119,0.124
4708915,0.761203,0.7516224721080336,0.118,0.124
3591943,0.762041,0.7524887751433165,0.118,0.123
6034242,0.762957,0.7534384271532915,0.117,0.123
16905300,0.763719,0.7542234219748605,0.117,0.122
7301158,0.764716,0.755268989750815,0.116,0.122
13328698,0.765378,0.7559620966241248,0.116,0.121
8560297,0.766479,0.7571067487159988,0.115,0.121
11994833,0.767058,0.7577047453868733,0.115,0.12
264333,0.768246,0.758953691105585,0.114,0.12
17669793,0.768716,0.7594514756715782,0.114,0.119
12753183,0.770017,0.7608093335814469,0.113,0.119
12658800,0.770396,0.7612021800697671,0.113,0.118
8397305,0.771792,0.7626333979663816,0.112,0.118
8066998,0.772103,0.7629569122856764,0.112,0.117
16645201,0.773571,0.7644552067733931,0.111,0.117
5647744,0.773828,0.7647157260235423,0.111,0.116
9796244,0.775354,0.7663053177129192,0.11,0.116
2346819,0.775523,0.7664785675791285,0.11,0.115
5873366,0.777142,0.768179004812168,0.109,0.115
329782,0.777204,0.7682454906566712,0.109,0.114
548554,0.778905,0.7700164952561706,0.109,0.113
1854080,0.778933,0.7700456566564655,0.108,0.113
11306451,0.780614,0.7717915276733902,0.108,0.112
4046933,0.780729,0.7719159603888294,0.107,0.112
11438686,0.782301,0.7735706953168027,0.107,0.111
5734951,0.782529,0.7738062420970859,0.106,0.111
3642931,0.784018,0.7753539444821717,0.106,0.11
11387580,0.784333,0.7756743439557627,0.105,0.11
18122378,0.785744,0.7771413288737336,0.105,0.109
7620612,0.786141,0.7775616719310244,0.104,0.109
75014,0.787449,0.7789328484914882,0.104,0.108
8461396,0.787953,0.7794541018087319,0.103,0.108
1545982,0.789162,0.7807284496311996,0.103,0.107
17314752,0.789769,0.7813633948166282,0.102,0.107
6648940,0.790881,0.78252823970134,0.102,0.106
1575279,0.79159,0.7832632895831773,0.101,0.106
993966,0.792616,0.7843321649976732,0.101,0.105
4017228,0.793415,0.7851613584056931,0.1,0.105
1202074,0.79435,0.7861402255201994,0.1,0.104
2640632,0.795244,0.7870698458500455,0.099,0.104
15258907,0.796088,0.7879524749731546,0.099,0.103
12870481,0.797077,0.7889991705380708,0.098,0.103
4434133,0.797809,0.7897688596523027,0.098,0.102
9443031,0.798914,0.7909088394756211,0.097,0.102
16871203,0.799568,0.7915894869661161,0.097,0.101
14969556,0.800756,0.7928043841990322,0.096,0.101
13820637,0.801339,0.7934143032103587,0.096,0.1
18525212,0.802602,0.7947331718446948,0.095,0.1
6458774,0.803107,0.7952433083850303,0.095,0.099
2061800,0.804452,0.7966471371211469,0.094,0.099
7972530,0.804866,0.7970765024901312,0.094,0.098
2100508,0.806307,0.7985775358938976,0.093,0.098
5258054,0.806636,0.7989139929341337,0.093,0.097
17395721,0.808165,0.8004941326779268,0.092,0.097
17683689,0.80842,0.8007556723085653,0.092,0.096
12516058,0.810028,0.8024177647169075,0.091,0.096
7557987,0.810214,0.8026015943176622,0.091,0.095
14749866,0.811896,0.8043327503738487,0.09,0.095
9563442,0.81201,0.8044517589614245,0.09,0.094
15475495,0.813767,0.8062734603599634,0.089,0.094
14206219,0.813797,0.8063062199440885,0.089,0.093
17829773,0.815568,0.8081649772656542,0.089,0.092
12566827,0.815643,0.8082444058310986,0.088,0.092
16113554,0.817359,0.8100279772218852,0.088,0.091
15275565,0.817524,0.8102005826372592,0.087,0.091
1939597,0.81916,0.811895273517018,0.087,0.09
5241124,0.819408,0.8121479519486716,0.086,0.09
10703828,0.820959,0.8137668661510523,0.086,0.089
3186112,0.821297,0.8141168566588285,0.085,0.089
12562335,0.822768,0.8156428088282246,0.085,0.088
8137371,0.82319,0.8160824317063367,0.084,0.088
18361113,0.824581,0.8175230478442985,0.084,0.087
5786413,0.825088,0.8180504771487132,0.083,0.087
6128583,0.826401,0.8194076369035104,0.083,0.086
3013222,0.82699,0.8200170188724741,0.082,0.086
17037125,0.828216,0.8212965760058603,0.082,0.085
6799962,0.828896,0.821990273625769,0.081,0.085
5377647,0.830052,0.823189865151348,0.081,0.084
12475756,0.830807,0.8239674487883116,0.08,0.084
943079,0.831886,0.8250875043399736,0.08,0.083
11312716,0.832722,0.8259586407565208,0.079,0.083
8438258,0.833721,0.8269895472759734,0.079,0.082
16527015,0.834642,0.8279486512315322,0.078,0.082
899550,0.83555,0.8288959402551113,0.078,0.081
12724567,0.836566,0.8299632582467554,0.077,0.081
15476513,0.837381,0.8308067369816232,0.077,0.08
13622374,0.838495,0.8319752874586377,0.076,0.08
3694674,0.839206,0.8327219374555094,0.076,0.079
9265271,0.840428,0.8339853296137779,0.075,0.079
5232662,0.841065,0.834641595381006,0.075,0.078
18187951,0.842365,0.8359875309504227,0.074,0.078
17715639,0.842926,0.8365656033496406,0.074,0.077
11658644,0.844307,0.8379934915836064,0.073,0.077
9570796,0.844788,0.8384941224741219,0.073,0.076
16625177,0.846253,0.8400160468257977,0.072,0.076
12179116,0.846651,0.8404270453459775,0.072,0.075
12413949,0.848204,0.842061211551459,0.071,0.075
8866305,0.848498,0.8423644256694435,0.071,0.074
2692185,0.850159,0.8440968706273004,0.07,0.074
2896480,0.850368,0.8443062634445199,0.07,0.073
2770807,0.852119,0.8461143776712823,0.069,0.073
1976284,0.852249,0.8462526123754431,0.069,0.072
131929,0.854083,0.8481649128205706,0.068,0.072
13872274,0.854117,0.8482034187579768,0.068,0.071
8256492,0.855997,0.8501587362963572,0.068,0.07
9752881,0.856052,0.8502148035190238,0.067,0.07
1235545,0.857901,0.8521185649905844,0.067,0.069
1756457,0.858026,0.8522392921137208,0.066,0.069
353718,0.859802,0.8540828511364219,0.066,0.068
11534026,0.860004,0.8542915457985699,0.065,0.068
3797788,0.861696,0.8560517558465788,0.065,0.067
9654172,0.861986,0.8563513717807332,0.064,0.067
2566134,0.863608,0.8580251180083461,0.064,0.066
1949388,0.863973,0.8584030884232194,0.063,0.066
8764467,0.865499,0.8600030987344328,0.063,0.065
15019029,0.865965,0.8604919146929688,0.062,0.065
10853179,0.867401,0.8619855906163663,0.062,0.064
892926,0.867961,0.8625761761026353,0.061,0.064
10834816,0.869307,0.8639727010626189,0.061,0.063
12265518,0.869962,0.8646454003261458,0.06,0.063
76224,0.871231,0.8659643763689545,0.06,0.062
5620737,0.871967,0.8667355154975657,0.059,0.062
2118035,0.873158,0.8679606165353733,0.059,0.061
9769822,0.873977,0.8688182194843802,0.058,0.061
13794075,0.875072,0.8699614752661112,0.058,0.06
13671224,0.875992,0.8709130069243557,0.057,0.06
2647964,0.87701,0.8719669525611684,0.057,0.059
6492189,0.878012,0.8730159037040081,0.056,0.059
12333880,0.878932,0.8739769947163087,0.056,0.058
5793936,0.880036,0.875102850325488,0.055,0.058
2605784,0.880885,0.8759917628442409,0.055,0.057
14469380,0.882064,0.877220784291296,0.054,0.057
18543011,0.882818,0.8780110958322559,0.054,0.056
3933087,0.884098,0.8793353348902191,0.053,0.056
1211867,0.88478,0.8800351547930628,0.053,0.055
2208748,0.886136,0.8814507984611588,0.052,0.055
10175586,0.886719,0.882063832318189,0.052,0.054
12842755,0.888178,0.8835744787802479,0.051,0.054
10352608,0.888691,0.8840971821118707,0.051,0.053
17423351,0.890226,0.8856789329827521,0.05,0.053
1988357,0.890668,0.8861352578783444,0.05,0.052
1366253,0.892278,0.8878066411195614,0.049,0.052
11481066,0.892639,0.8881780059133735,0.049,0.051
6549994,0.894335,0.8899114175474833,0.048,0.051
15940233,0.894637,0.8902254799211944,0.048,0.05
1101679,0.896397,0.8920461609392442,0.047,0.05
8408464,0.896618,0.8922776261975709,0.047,0.049
10484802,0.898463,0.8941864895715771,0.046,0.049
3575293,0.898604,0.8943345521509755,0.046,0.048
16168835,0.900534,0.8963547981110072,0.045,0.048
7639255,0.900576,0.8963962040771719,0.045,0.047
2900530,0.902564,0.8984626356803964,0.045,0.046
13852327,0.90261,0.8985108620845675,0.044,0.046
1084918,0.904558,0.9005337932564128,0.044,0.045
4606218,0.904691,0.9006754113274587,0.043,0.045
2989543,0.906556,0.9026097305094571,0.043,0.044
14986076,0.906776,0.9028353420060304,0.042,0.044
9301350,0.908568,0.9046904474395298,0.042,0.043
14799562,0.908867,0.9049996764319764,0.041,0.043
3801949,0.910554,0.9067759977508666,0.041,0.042
14883359,0.910962,0.90719961676657,0.04,0.042
6512782,0.912571,0.9088663277392316,0.04,0.041
14566148,0.913062,0.9093763031668582,0.039,0.041
17619404,0.914584,0.9109614911088609,0.039,0.04
5181025,0.915167,0.9115726453176216,0.038,0.04
17901531,0.9166,0.9130614878597546,0.038,0.039
12389125,0.917276,0.9137673763412969,0.037,0.039
1478404,0.918615,0.9151662642876764,0.037,0.038
9964833,0.919391,0.915979346424815,0.036,0.038
8601606,0.920634,0.9172759815053351,0.036,0.037
15465538,0.92151,0.9181873960990854,0.035,0.037
5855944,0.922664,0.9193904784000219,0.035,0.036
11548568,0.923635,0.9203967883792625,0.034,0.036
15622389,0.924696,0.9215099160844457,0.034,0.035
13731238,0.925764,0.9226179955914192,0.033,0.035
11941170,0.92675,0.92363424085437,0.033,0.034
3750339,0.927898,0.9248349064646743,0.032,0.034
15741992,0.928793,0.9257633990055587,0.032,0.033
15143549,0.930037,0.927056919240375,0.031,0.033
13509581,0.930857,0.9278974979464842,0.031,0.032
8501483,0.932181,0.9292790394245484,0.03,0.032
7082813,0.93291,0.9300365376771468,0.03,0.031
3609433,0.93433,0.9314991725519797,0.029,0.031
15441539,0.934998,0.9321805181975462,0.029,0.03
15120769,0.936484,0.9337312817240994,0.028,0.03
1760539,0.937054,0.9343293858034463,0.028,0.029
9884895,0.938643,0.935973111362984,0.027,0.029
12939108,0.939137,0.9364832479033195,0.027,0.028
7022243,0.940806,0.938226917046557,0.026,0.028
4862230,0.941208,0.9386420507929296,0.026,0.027
14905028,0.942975,0.9404848579563229,0.025,0.027
4199336,0.943281,0.9408058481765129,0.025,0.026
6254232,0.945149,0.942760897193712,0.024,0.026
2202049,0.945356,0.9429746400540694,0.024,0.025
6115803,0.947328,0.9450404809106949,0.023,0.025
16639693,0.947437,0.945148426425599,0.023,0.024
1519917,0.949511,0.9473183997963536,0.022,0.024
10349583,0.949519,0.947327207291102,0.022,0.023
3064911,0.951595,0.9495110363548143,0.022,0.022
12789830,0.9517,0.9496248893357081,0.021,0.022
13770886,0.953679,0.9516998599124997,0.021,0.021
14344563,0.953894,0.9519201009854459,0.02,0.021
7289743,0.955786,0.9538937853726309,0.02,0.02
17803187,0.956093,0.9542225627070802,0.019,0.02
1340711,0.957885,0.9560927053267352,0.019,0.019
952027,0.958297,0.9565191169627247,0.018,0.019
4645476,0.959995,0.9582967271832853,0.018,0.018
14243566,0.960506,0.9588272176291674,0.017,0.018
15728151,0.962101,0.9605058509422811,0.017,0.017
4967350,0.962721,0.9611567462858821,0.016,0.017
4853038,0.964236,0.9627200228994863,0.016,0.016
4799351,0.96494,0.9634516357102023,0.015,0.016
4384405,0.966366,0.9649393504633735,0.015,0.015
10817245,0.967164,0.9657716050128609,0.014,0.015
16903673,0.968509,0.9671637799297065,0.014,0.014
2605618,0.969394,0.9680851298071669,0.013,0.014
210710,0.970636,0.9693933112984852,0.013,0.013
7200481,0.971628,0.9704295345373286,0.012,0.013
18331204,0.972793,0.9716279982739459,0.012,0.012
1727029,0.973868,0.9727602983914776,0.011,0.012
5826912,0.974912,0.9738677871518522,0.011,0.011
13340758,0.976113,0.9751234459000978,0.01,0.011
13637543,0.977076,0.9761127853406768,0.01,0.01
8818635,0.978363,0.9774351984546069,0.009,0.01
9059832,0.979263,0.9783629928404197,0.009,0.009
442521,0.980619,0.979761612265618,0.008,0.009
1102976,0.981436,0.9806183559468447,0.008,0.008
14014969,0.982879,0.9821349635791295,0.007,0.008
7162730,0.983588,0.9828788746599515,0.007,0.007
414414,0.985145,0.9844911295370345,0.006,0.007
14660946,0.985775,0.9851446563882129,0.006,0.006
2902639,0.987416,0.9868511084957148,0.005,0.006
5027849,0.987955,0.9874156474273925,0.005,0.005
4330323,0.989692,0.9892215597804678,0.004,0.005
8919581,0.990136,0.9896919014817267,0.004,0.004
1776914,0.991974,0.9916093038293,0.003,0.004
6243483,0.992335,0.9919733648469792,0.003,0.003
6677899,0.994261,0.9940010756958525,0.002,0.003
13616276,0.994502,0.9942600912273861,0.002,0.002
508059,0.996553,0.9963982179860321,0.001,0.002
17113248,0.9967,0.9965520806229476,0.001,0.001
17783211,0.99885,0.9987934806279422,0.0,0.001
10240719,0.998905,0.9988493867378999,0.0,0.0
