,P,Exp P,Log P,Log Exp P
23553534,3.066417e-17,4.2312315579128026e-08,16.513,7.374
23553537,3.668964e-17,8.462463115825605e-08,16.435,7.073
23553533,3.741713000000001e-17,1.269369467373841e-07,16.427,6.896
23553685,1.279311e-14,1.692492623165121e-07,13.893,6.771
10915806,4.106772e-14,2.1156157789564014e-07,13.386,6.675
10915887,7.807715e-11,2.538738934747682e-07,10.107,6.595
10915315,9.096931e-11,2.961862090538962e-07,10.041,6.528
23553591,9.141046e-11,3.384985246330242e-07,10.039,6.47
23553590,9.168221e-11,3.808108402121523e-07,10.038,6.419
10915802,9.354943e-11,4.231231557912803e-07,10.029,6.374
23553603,1.111024e-10,4.654354713704083e-07,9.954,6.332
23553613,1.143847e-10,5.077477869495364e-07,9.942,6.294
23553607,1.254655e-10,5.500601025286643e-07,9.901,6.26
23553612,1.404279e-10,5.923724181077924e-07,9.853,6.227
23553605,1.461006e-10,6.346847336869205e-07,9.835,6.197
23553548,1.498637e-10,6.769970492660484e-07,9.824,6.169
23553617,1.557495e-10,7.193093648451765e-07,9.808,6.143
23553616,1.827451e-10,7.616216804243046e-07,9.738,6.118
23553609,1.952447e-10,8.039339960034325e-07,9.709,6.095
23553582,2.134603e-10,8.462463115825606e-07,9.671,6.073
23553549,2.142366e-10,8.885586271616886e-07,9.669,6.051
23553541,2.173185e-10,9.308709427408166e-07,9.663,6.031
23553551,2.182999e-10,9.731832583199446e-07,9.661,6.012
23553542,2.218442e-10,1.0154955738990727e-06,9.654,5.993
23553621,2.442678e-10,1.0578078894782007e-06,9.612,5.976
10915491,2.445296e-10,1.1001202050573287e-06,9.612,5.959
23553622,2.446856e-10,1.1424325206364568e-06,9.611,5.942
23553579,2.517623e-10,1.1847448362155848e-06,9.599,5.926
10915419,2.560544e-10,1.2270571517947127e-06,9.592,5.911
23553543,2.589668e-10,1.269369467373841e-06,9.587,5.896
23553574,2.602098e-10,1.3116817829529689e-06,9.585,5.882
23553559,2.71643e-10,1.3539940985320968e-06,9.566,5.868
23553562,2.749596e-10,1.396306414111225e-06,9.561,5.855
23553560,2.781096e-10,1.438618729690353e-06,9.556,5.842
23553628,2.973494e-10,1.480931045269481e-06,9.527,5.829
22705441,3.752479e-10,1.523243360848609e-06,9.426,5.817
23553642,4.341635e-10,1.565555676427737e-06,9.362,5.805
23553645,4.583534e-10,1.607867992006865e-06,9.339,5.794
23553631,4.695924e-10,1.6501803075859932e-06,9.328,5.782
23553626,4.94723e-10,1.6924926231651212e-06,9.306,5.771
23553629,5.005706e-10,1.7348049387442491e-06,9.301,5.761
23553648,5.0269e-10,1.7771172543233773e-06,9.299,5.75
23553634,5.035331e-10,1.8194295699025052e-06,9.298,5.74
23553678,5.054128e-10,1.8617418854816332e-06,9.296,5.73
23553637,5.169538e-10,1.9040542010607614e-06,9.287,5.72
23553638,5.194717e-10,1.946366516639889e-06,9.284,5.711
23553644,5.262302e-10,1.9886788322190173e-06,9.279,5.701
23553639,5.287331e-10,2.0309911477981455e-06,9.277,5.692
10915139,5.346736e-10,2.0733034633772732e-06,9.272,5.683
23553647,5.418353e-10,2.1156157789564014e-06,9.266,5.675
23553714,5.91261e-10,2.1579280945355296e-06,9.228,5.666
23553686,5.918843e-10,2.2002404101146573e-06,9.228,5.658
23553651,6.13207e-10,2.2425527256937855e-06,9.212,5.649
23553635,6.170127e-10,2.2848650412729137e-06,9.21,5.641
23553945,6.213537e-10,2.3271773568520414e-06,9.207,5.633
23553660,6.233709e-10,2.3694896724311696e-06,9.205,5.625
23553694,6.270413e-10,2.4118019880102977e-06,9.203,5.618
23553659,6.365831e-10,2.4541143035894255e-06,9.196,5.61
23553697,6.449311e-10,2.4964266191685537e-06,9.19,5.603
23553682,6.458287e-10,2.538738934747682e-06,9.19,5.595
23553696,6.482917e-10,2.5810512503268096e-06,9.188,5.588
23553690,6.775714e-10,2.6233635659059378e-06,9.169,5.581
23553712,6.788787e-10,2.665675881485066e-06,9.168,5.574
23553656,7.139521e-10,2.7079881970641937e-06,9.146,5.567
21059054,7.189192e-10,2.750300512643322e-06,9.143,5.561
23553743,7.332273e-10,2.79261282822245e-06,9.135,5.554
23553666,7.868624e-10,2.8349251438015778e-06,9.104,5.547
23553689,1.13674e-09,2.877237459380706e-06,8.944,5.541
23553782,1.139814e-09,2.919549774959834e-06,8.943,5.535
23553775,1.200712e-09,2.961862090538962e-06,8.921,5.528
23553835,1.263527e-09,3.00417440611809e-06,8.898,5.522
10915140,1.482074e-09,3.046486721697218e-06,8.829,5.516
14463342,1.684601e-09,3.088799037276346e-06,8.774,5.51
23553763,1.708784e-09,3.131111352855474e-06,8.767,5.504
22128677,1.850118e-09,3.1734236684346023e-06,8.733,5.498
22127156,1.870464e-09,3.21573598401373e-06,8.728,5.493
14464933,3.398265e-09,3.2580482995928582e-06,8.469,5.487
14464495,3.752809e-09,3.3003606151719864e-06,8.426,5.481
22128581,3.799481e-09,3.342672930751114e-06,8.42,5.476
14464808,4.071587e-09,3.3849852463302423e-06,8.39,5.47
22126291,4.11329e-09,3.4272975619093705e-06,8.386,5.465
22128953,4.239094e-09,3.4696098774884982e-06,8.373,5.46
14462720,4.285634e-09,3.5119221930676264e-06,8.368,5.454
22126930,4.323511e-09,3.5542345086467546e-06,8.364,5.449
22126717,4.680434e-09,3.5965468242258823e-06,8.33,5.444
22128555,4.862991e-09,3.6388591398050105e-06,8.313,5.439
10914854,5.348996e-09,3.6811714553841387e-06,8.272,5.434
23553723,5.867935e-09,3.7234837709632664e-06,8.232,5.429
23553894,6.055653e-09,3.7657960865423946e-06,8.218,5.424
10915277,6.498193e-09,3.8081084021215228e-06,8.187,5.419
22128409,7.397908e-09,3.8504207177006505e-06,8.131,5.414
7695306,8.375312e-09,3.892733033279778e-06,8.077,5.41
10915045,8.658575e-09,3.935045348858907e-06,8.063,5.405
22126372,1.138725e-08,3.977357664438035e-06,7.944,5.4
10915245,1.186068e-08,4.019669980017162e-06,7.926,5.396
10915009,1.210331e-08,4.061982295596291e-06,7.917,5.391
22128387,1.285297e-08,4.104294611175419e-06,7.891,5.387
10915164,1.397116e-08,4.1466069267545464e-06,7.855,5.382
22128323,1.409249e-08,4.188919242333675e-06,7.851,5.378
10915030,1.484763e-08,4.231231557912803e-06,7.828,5.374
22128378,1.578117e-08,4.2735438734919305e-06,7.802,5.369
23553663,1.830798e-08,4.315856189071059e-06,7.737,5.365
22127768,2.32278e-08,4.358168504650187e-06,7.634,5.361
23553983,2.488325e-08,4.400480820229315e-06,7.604,5.356
10915313,2.700716e-08,4.442793135808443e-06,7.569,5.352
10915258,2.867534e-08,4.485105451387571e-06,7.542,5.348
23554198,3.007748e-08,4.527417766966699e-06,7.522,5.344
10915162,3.078508e-08,4.569730082545827e-06,7.512,5.34
10915246,3.144826e-08,4.612042398124955e-06,7.502,5.336
10915379,3.501732e-08,4.654354713704083e-06,7.456,5.332
22128630,3.555995e-08,4.696667029283211e-06,7.449,5.328
10914921,3.636271e-08,4.738979344862339e-06,7.439,5.324
10915107,3.745829e-08,4.781291660441467e-06,7.426,5.32
10914906,3.775945e-08,4.8236039760205955e-06,7.423,5.317
23553568,3.789656e-08,4.865916291599723e-06,7.421,5.313
23554069,4.011652e-08,4.908228607178851e-06,7.397,5.309
22126481,4.501501e-08,4.95054092275798e-06,7.347,5.305
10914950,4.593812e-08,4.992853238337107e-06,7.338,5.302
20081529,5.210098e-08,5.035165553916235e-06,7.283,5.298
23554196,5.485639e-08,5.077477869495364e-06,7.261,5.294
22128568,5.501345e-08,5.119790185074491e-06,7.26,5.291
22997146,5.534868e-08,5.162102500653619e-06,7.257,5.287
22127056,5.661419e-08,5.204414816232748e-06,7.247,5.284
22126313,7.092491e-08,5.2467271318118755e-06,7.149,5.28
22128524,7.465925e-08,5.289039447391003e-06,7.127,5.277
23553771,7.841491e-08,5.331351762970132e-06,7.106,5.273
23554133,7.947596e-08,5.37366407854926e-06,7.1,5.27
23554086,8.102676e-08,5.415976394128387e-06,7.091,5.266
13464449,9.147278e-08,5.458288709707516e-06,7.039,5.263
23554084,9.686705e-08,5.500601025286644e-06,7.014,5.26
23554082,1.006644e-07,5.5429133408657714e-06,6.997,5.256
22128356,1.028502e-07,5.5852256564449e-06,6.988,5.253
22703415,1.166241e-07,5.627537972024028e-06,6.933,5.25
22701688,1.318861e-07,5.6698502876031555e-06,6.88,5.246
23554123,1.322934e-07,5.712162603182284e-06,6.878,5.243
23554108,1.370039e-07,5.754474918761412e-06,6.863,5.24
23554076,1.442329e-07,5.79678723434054e-06,6.841,5.237
14464932,1.570997e-07,5.839099549919668e-06,6.804,5.234
23554168,1.747608e-07,5.881411865498796e-06,6.758,5.231
22703237,1.974308e-07,5.923724181077924e-06,6.705,5.227
2792941,2.351508e-07,5.966036496657052e-06,6.629,5.224
23553524,2.359742e-07,6.00834881223618e-06,6.627,5.221
14459964,2.454793e-07,6.050661127815308e-06,6.61,5.218
23554186,2.541852e-07,6.092973443394436e-06,6.595,5.215
22127991,2.552026e-07,6.135285758973564e-06,6.593,5.212
23553849,2.690339e-07,6.177598074552692e-06,6.57,5.209
14460078,2.76907e-07,6.2199103901318205e-06,6.558,5.206
11855352,2.910189e-07,6.262222705710948e-06,6.536,5.203
23553817,3.116633e-07,6.304535021290076e-06,6.506,5.2
23554127,3.39049e-07,6.346847336869205e-06,6.47,5.197
11855263,3.858851e-07,6.389159652448332e-06,6.414,5.195
23554152,3.876236e-07,6.43147196802746e-06,6.412,5.192
23554048,3.945463e-07,6.473784283606589e-06,6.404,5.189
22128301,4.082145e-07,6.5160965991857164e-06,6.389,5.186
11855246,4.306916e-07,6.558408914764844e-06,6.366,5.183
9850794,4.477012e-07,6.600721230343973e-06,6.349,5.18
22702683,4.486251e-07,6.6430335459231005e-06,6.348,5.178
23554181,4.787155e-07,6.685345861502228e-06,6.32,5.175
5930336,5.01509e-07,6.727658177081357e-06,6.3,5.172
14463034,5.164161e-07,6.769970492660485e-06,6.287,5.169
15110887,5.581321e-07,6.812282808239612e-06,6.253,5.167
22126629,5.750624e-07,6.854595123818741e-06,6.24,5.164
22127499,5.983212e-07,6.896907439397869e-06,6.223,5.161
15110677,6.211494e-07,6.9392197549769965e-06,6.207,5.159
22128713,6.391399e-07,6.981532070556125e-06,6.194,5.156
23554023,6.513433e-07,7.023844386135253e-06,6.186,5.153
14464380,6.531784e-07,7.0661567017143805e-06,6.185,5.151
15110888,6.614136e-07,7.108469017293509e-06,6.18,5.148
23554033,6.819047e-07,7.150781332872637e-06,6.166,5.146
11855412,6.910871e-07,7.193093648451765e-06,6.16,5.143
5126810,7.054672e-07,7.235405964030893e-06,6.152,5.141
22126057,7.112343e-07,7.277718279610021e-06,6.148,5.138
22702586,7.294027e-07,7.320030595189149e-06,6.137,5.135
11630395,7.371268e-07,7.362342910768277e-06,6.132,5.133
11855413,7.669708e-07,7.404655226347405e-06,6.115,5.13
23554099,8.263107e-07,7.446967541926533e-06,6.083,5.128
15110840,8.351947e-07,7.489279857505661e-06,6.078,5.126
14464346,8.580768e-07,7.531592173084789e-06,6.066,5.123
11855383,8.662587e-07,7.573904488663917e-06,6.062,5.121
11855207,9.230026e-07,7.6162168042430455e-06,6.035,5.118
22126840,9.843798e-07,7.658529119822172e-06,6.007,5.116
1492920,1.05012e-06,7.700841435401301e-06,5.979,5.113
5126809,1.109088e-06,7.74315375098043e-06,5.955,5.111
5126773,1.111243e-06,7.785466066559557e-06,5.954,5.109
5126772,1.111243e-06,7.827778382138685e-06,5.954,5.106
5126780,1.118013e-06,7.870090697717814e-06,5.952,5.104
22129210,1.131923e-06,7.91240301329694e-06,5.946,5.102
22129187,1.140852e-06,7.95471532887607e-06,5.943,5.099
14796306,1.162479e-06,7.997027644455198e-06,5.935,5.097
5126648,1.20015e-06,8.039339960034325e-06,5.921,5.095
11855273,1.221066e-06,8.081652275613453e-06,5.913,5.092
11855282,1.262743e-06,8.123964591192582e-06,5.899,5.09
22129166,1.267344e-06,8.166276906771709e-06,5.897,5.088
5126751,1.275842e-06,8.208589222350837e-06,5.894,5.086
39991,1.312139e-06,8.250901537929966e-06,5.882,5.083
21350905,1.328116e-06,8.293213853509093e-06,5.877,5.081
14322178,1.396399e-06,8.335526169088221e-06,5.855,5.079
5235550,1.418427e-06,8.37783848466735e-06,5.848,5.077
11855204,1.428313e-06,8.420150800246477e-06,5.845,5.075
12787922,1.547355e-06,8.462463115825606e-06,5.81,5.073
10844726,1.579752e-06,8.504775431404734e-06,5.801,5.07
11855248,1.630188e-06,8.547087746983861e-06,5.788,5.068
11855354,1.747578e-06,8.58940006256299e-06,5.758,5.066
20182079,1.753797e-06,8.631712378142118e-06,5.756,5.064
11855373,1.813237e-06,8.674024693721245e-06,5.742,5.062
22128062,1.836074e-06,8.716337009300374e-06,5.736,5.06
22703528,1.874326e-06,8.758649324879502e-06,5.727,5.058
21709771,1.933669e-06,8.80096164045863e-06,5.714,5.055
11855266,1.942421e-06,8.843273956037758e-06,5.712,5.053
5126690,1.968063e-06,8.885586271616886e-06,5.706,5.051
11855369,1.986088e-06,8.927898587196013e-06,5.702,5.049
13055321,2.022434e-06,8.970210902775142e-06,5.694,5.047
20181777,2.042474e-06,9.01252321835427e-06,5.69,5.045
11247576,2.105985e-06,9.054835533933397e-06,5.677,5.043
13335334,2.170759e-06,9.097147849512526e-06,5.663,5.041
22128883,2.187103e-06,9.139460165091655e-06,5.66,5.039
20217790,2.216917e-06,9.181772480670782e-06,5.654,5.037
10032715,2.22627e-06,9.22408479624991e-06,5.652,5.035
13335573,2.232214e-06,9.266397111829039e-06,5.651,5.033
14796601,2.240931e-06,9.308709427408166e-06,5.65,5.031
6679173,2.367115e-06,9.351021742987294e-06,5.626,5.029
22703052,2.368866e-06,9.393334058566423e-06,5.625,5.027
2763441,2.398399e-06,9.43564637414555e-06,5.62,5.025
20217783,2.433828e-06,9.477958689724678e-06,5.614,5.023
1061937,2.436645e-06,9.520271005303807e-06,5.613,5.021
21657521,2.455008e-06,9.562583320882934e-06,5.61,5.019
11855268,2.472176e-06,9.604895636462062e-06,5.607,5.018
22703337,2.491104e-06,9.647207952041191e-06,5.604,5.016
5231586,2.54847e-06,9.689520267620318e-06,5.594,5.014
23553586,2.566921e-06,9.731832583199446e-06,5.591,5.012
5267183,2.599705e-06,9.774144898778575e-06,5.585,5.01
13334687,2.611682e-06,9.816457214357702e-06,5.583,5.008
13335758,2.640104e-06,9.85876952993683e-06,5.578,5.006
21657538,2.684536e-06,9.90108184551596e-06,5.571,5.004
13335884,2.736228e-06,9.943394161095086e-06,5.563,5.002
11793198,2.812117e-06,9.985706476674215e-06,5.551,5.001
870135,2.819092e-06,1.0028018792253343e-05,5.55,4.999
22128064,2.831647e-06,1.007033110783247e-05,5.548,4.997
5267279,2.879233e-06,1.0112643423411599e-05,5.541,4.995
5233201,2.910486e-06,1.0154955738990727e-05,5.536,4.993
14326388,2.995357e-06,1.0197268054569854e-05,5.524,4.992
5234073,3.010286e-06,1.0239580370148983e-05,5.521,4.99
5234542,3.020089e-06,1.0281892685728111e-05,5.52,4.988
11855348,3.069473e-06,1.0324205001307238e-05,5.513,4.986
8124090,3.074977e-06,1.0366517316886367e-05,5.512,4.984
17249142,3.104594e-06,1.0408829632465496e-05,5.508,4.983
5267261,3.115206e-06,1.0451141948044622e-05,5.507,4.981
5267262,3.115206e-06,1.0493454263623751e-05,5.507,4.979
5267271,3.115206e-06,1.053576657920288e-05,5.507,4.977
5267257,3.115206e-06,1.0578078894782007e-05,5.507,4.976
5267207,3.157616e-06,1.0620391210361135e-05,5.501,4.974
5267164,3.157616e-06,1.0662703525940264e-05,5.501,4.972
475362,3.164941e-06,1.070501584151939e-05,5.5,4.97
5267248,3.175748e-06,1.074732815709852e-05,5.498,4.969
11855315,3.230269e-06,1.0789640472677648e-05,5.491,4.967
21657094,3.232448e-06,1.0831952788256775e-05,5.49,4.965
8124162,3.25171e-06,1.0874265103835903e-05,5.488,4.964
21657494,3.27803e-06,1.0916577419415032e-05,5.484,4.962
21657645,3.299145e-06,1.0958889734994159e-05,5.482,4.96
23303431,3.312278e-06,1.1001202050573287e-05,5.48,4.959
10509979,3.368958e-06,1.1043514366152416e-05,5.473,4.957
11855396,3.400522e-06,1.1085826681731543e-05,5.468,4.955
23553558,3.432716e-06,1.1128138997310671e-05,5.464,4.954
39686,3.456289e-06,1.11704513128898e-05,5.461,4.952
21657442,3.539228e-06,1.1212763628468927e-05,5.451,4.95
21657543,3.544381e-06,1.1255075944048056e-05,5.45,4.949
11855318,3.54736e-06,1.1297388259627184e-05,5.45,4.947
21657527,3.558648e-06,1.1339700575206311e-05,5.449,4.945
11855397,3.565951e-06,1.138201289078544e-05,5.448,4.944
21657545,3.581359e-06,1.1424325206364568e-05,5.446,4.942
19277053,3.584161e-06,1.1466637521943695e-05,5.446,4.941
21657537,3.586579e-06,1.1508949837522824e-05,5.445,4.939
15110952,3.5975e-06,1.1551262153101952e-05,5.444,4.937
13656307,3.681367e-06,1.159357446868108e-05,5.434,4.936
21657659,3.747896e-06,1.1635886784260208e-05,5.426,4.934
9850355,3.783815e-06,1.1678199099839336e-05,5.422,4.933
2634501,3.853834e-06,1.1720511415418463e-05,5.414,4.931
22128643,3.877771e-06,1.1762823730997592e-05,5.411,4.929
22128014,3.928524e-06,1.180513604657672e-05,5.406,4.928
7700540,3.948678e-06,1.1847448362155847e-05,5.404,4.926
21657429,3.970801e-06,1.1889760677734976e-05,5.401,4.925
17253284,3.996128e-06,1.1932072993314105e-05,5.398,4.923
22127413,4.015208e-06,1.1974385308893232e-05,5.396,4.922
22127803,4.078141e-06,1.201669762447236e-05,5.39,4.92
5121199,4.126759e-06,1.2059009940051489e-05,5.384,4.919
21657546,4.146701e-06,1.2101322255630616e-05,5.382,4.917
11855514,4.174769e-06,1.2143634571209744e-05,5.379,4.916
14109452,4.190448e-06,1.2185946886788873e-05,5.378,4.914
21657561,4.190825e-06,1.2228259202368e-05,5.378,4.913
2634551,4.206203e-06,1.2270571517947128e-05,5.376,4.911
22126748,4.218239e-06,1.2312883833526257e-05,5.375,4.91
21657519,4.258586e-06,1.2355196149105384e-05,5.371,4.908
9849968,4.261327e-06,1.2397508464684512e-05,5.37,4.907
5121170,4.265801e-06,1.2439820780263641e-05,5.37,4.905
21657524,4.271616e-06,1.2482133095842768e-05,5.369,4.904
5126627,4.275209e-06,1.2524445411421897e-05,5.369,4.902
5126629,4.275209e-06,1.2566757727001025e-05,5.369,4.901
22347532,4.281608e-06,1.2609070042580152e-05,5.368,4.899
11321562,4.287584e-06,1.265138235815928e-05,5.368,4.898
4691983,4.302346e-06,1.269369467373841e-05,5.366,4.896
9850291,4.367795e-06,1.2736006989317536e-05,5.36,4.895
21657119,4.425759e-06,1.2778319304896665e-05,5.354,4.894
5126749,4.480488e-06,1.2820631620475793e-05,5.349,4.892
2634524,4.502514e-06,1.286294393605492e-05,5.347,4.891
2634429,4.525217e-06,1.2905256251634049e-05,5.344,4.889
5121168,4.564052e-06,1.2947568567213177e-05,5.341,4.888
1055657,4.567724e-06,1.2989880882792304e-05,5.34,4.886
5126743,4.585275e-06,1.3032193198371433e-05,5.339,4.885
5121186,4.607884e-06,1.3074505513950561e-05,5.336,4.884
2634514,4.632375e-06,1.3116817829529688e-05,5.334,4.882
23107255,4.655148e-06,1.3159130145108817e-05,5.332,4.881
13161208,4.69164e-06,1.3201442460687946e-05,5.329,4.879
12570667,4.696395e-06,1.3243754776267072e-05,5.328,4.878
1055766,4.871453e-06,1.3286067091846201e-05,5.312,4.877
16271987,4.877652e-06,1.332837940742533e-05,5.312,4.875
11321566,4.881962e-06,1.3370691723004457e-05,5.311,4.874
21657357,4.899771e-06,1.3413004038583585e-05,5.31,4.872
11321569,4.906846e-06,1.3455316354162714e-05,5.309,4.871
13493184,4.930262e-06,1.349762866974184e-05,5.307,4.87
23558929,4.960634e-06,1.353994098532097e-05,5.304,4.868
21657400,5.048085e-06,1.3582253300900098e-05,5.297,4.867
11321614,5.061017e-06,1.3624565616479225e-05,5.296,4.866
15603593,5.065896e-06,1.3666877932058353e-05,5.295,4.864
8354786,5.145042e-06,1.3709190247637482e-05,5.289,4.863
22128724,5.161897e-06,1.3751502563216609e-05,5.287,4.862
13334488,5.188854e-06,1.3793814878795737e-05,5.285,4.86
11557640,5.275183e-06,1.3836127194374866e-05,5.278,4.859
20217888,5.326083e-06,1.3878439509953993e-05,5.274,4.858
19277070,5.331515e-06,1.3920751825533122e-05,5.273,4.856
22127460,5.349938e-06,1.396306414111225e-05,5.272,4.855
12101339,5.358333e-06,1.4005376456691377e-05,5.271,4.854
6073598,5.362355e-06,1.4047688772270506e-05,5.271,4.852
11804401,5.381379e-06,1.4090001087849634e-05,5.269,4.851
21401017,5.387805e-06,1.4132313403428761e-05,5.269,4.85
8354285,5.446939e-06,1.417462571900789e-05,5.264,4.848
21975442,5.495743e-06,1.4216938034587018e-05,5.26,4.847
22128744,5.5083e-06,1.4259250350166145e-05,5.259,4.846
7716112,5.569441e-06,1.4301562665745274e-05,5.254,4.845
20578256,5.582103e-06,1.4343874981324402e-05,5.253,4.843
662036,5.595167e-06,1.438618729690353e-05,5.252,4.842
9849987,5.610449e-06,1.4428499612482658e-05,5.251,4.841
4354292,5.688027e-06,1.4470811928061786e-05,5.245,4.84
2659089,5.705233e-06,1.4513124243640913e-05,5.244,4.838
5121153,5.749039e-06,1.4555436559220042e-05,5.24,4.837
1396587,5.781992e-06,1.459774887479917e-05,5.238,4.836
11855278,5.786677e-06,1.4640061190378297e-05,5.238,4.834
13149114,5.791556e-06,1.4682373505957426e-05,5.237,4.833
11321627,5.829476e-06,1.4724685821536555e-05,5.234,4.832
11321616,5.847903e-06,1.4766998137115682e-05,5.233,4.831
11321625,5.872885e-06,1.480931045269481e-05,5.231,4.829
5121159,5.877554e-06,1.4851622768273939e-05,5.231,4.828
11321611,5.880143e-06,1.4893935083853066e-05,5.231,4.827
8385931,5.894689e-06,1.4936247399432194e-05,5.23,4.826
13055312,5.927286e-06,1.4978559715011323e-05,5.227,4.825
5126745,5.951631e-06,1.502087203059045e-05,5.225,4.823
14526389,6.091225e-06,1.5063184346169578e-05,5.215,4.822
8350157,6.147797e-06,1.5105496661748707e-05,5.211,4.821
23606109,6.21064e-06,1.5147808977327834e-05,5.207,4.82
21375161,6.232862e-06,1.5190121292906962e-05,5.205,4.818
4693268,6.277792e-06,1.5232433608486091e-05,5.202,4.817
21657552,6.284522e-06,1.5274745924065218e-05,5.202,4.816
22126634,6.295823e-06,1.5317058239644345e-05,5.201,4.815
13055365,6.354975e-06,1.5359370555223475e-05,5.197,4.814
15111005,6.391259e-06,1.5401682870802602e-05,5.194,4.812
21562535,6.418321e-06,1.544399518638173e-05,5.193,4.811
5126713,6.421343e-06,1.548630750196086e-05,5.192,4.81
5126712,6.42382e-06,1.5528619817539986e-05,5.192,4.809
5126704,6.432781e-06,1.5570932133119113e-05,5.192,4.808
5126710,6.437664e-06,1.5613244448698243e-05,5.191,4.807
10654366,6.525362e-06,1.565555676427737e-05,5.185,4.805
11321599,6.535285e-06,1.5697869079856497e-05,5.185,4.804
19444321,6.550395e-06,1.5740181395435627e-05,5.184,4.803
9850745,6.582097e-06,1.5782493711014754e-05,5.182,4.802
22126440,6.58941e-06,1.582480602659388e-05,5.181,4.801
11855418,6.595617e-06,1.586711834217301e-05,5.181,4.8
6118149,6.610502e-06,1.590943065775214e-05,5.18,4.798
3545895,6.616284e-06,1.5951742973331265e-05,5.179,4.797
11321591,6.630495e-06,1.5994055288910396e-05,5.178,4.796
11321592,6.653074e-06,1.6036367604489522e-05,5.177,4.795
14526700,6.679338e-06,1.607867992006865e-05,5.175,4.794
1055607,6.689235e-06,1.612099223564778e-05,5.175,4.793
22126099,6.710691e-06,1.6163304551226907e-05,5.173,4.791
5235872,6.724519e-06,1.6205616866806033e-05,5.172,4.79
23553867,6.738003e-06,1.6247929182385164e-05,5.171,4.789
11557656,6.847931e-06,1.629024149796429e-05,5.164,4.788
1055504,6.93637e-06,1.6332553813543418e-05,5.159,4.787
21657408,7.030162e-06,1.6374866129122548e-05,5.153,4.786
18215858,7.048165e-06,1.6417178444701675e-05,5.152,4.785
3232768,7.200814e-06,1.64594907602808e-05,5.143,4.784
1845328,7.229629e-06,1.6501803075859932e-05,5.141,4.782
17247620,7.245811e-06,1.654411539143906e-05,5.14,4.781
23553952,7.270428e-06,1.6586427707018186e-05,5.138,4.78
21657063,7.301048e-06,1.6628740022597316e-05,5.137,4.779
9850239,7.349075e-06,1.6671052338176443e-05,5.134,4.778
21657532,7.379411e-06,1.671336465375557e-05,5.132,4.777
16271158,7.451069e-06,1.67556769693347e-05,5.128,4.776
21657548,7.464322e-06,1.6797989284913827e-05,5.127,4.775
19444474,7.487144e-06,1.6840301600492954e-05,5.126,4.774
5796374,7.493653e-06,1.6882613916072084e-05,5.125,4.773
21657483,7.500817e-06,1.692492623165121e-05,5.125,4.771
22128752,7.567516e-06,1.6967238547230338e-05,5.121,4.77
8351787,7.577022e-06,1.700955086280947e-05,5.121,4.769
12142957,7.596578e-06,1.7051863178388595e-05,5.119,4.768
23605951,7.683486e-06,1.7094175493967722e-05,5.114,4.767
13180640,7.728224e-06,1.7136487809546852e-05,5.112,4.766
23194933,7.739838e-06,1.717880012512598e-05,5.111,4.765
2634415,7.775766e-06,1.7221112440705106e-05,5.109,4.764
11855286,7.77579e-06,1.7263424756284236e-05,5.109,4.763
19213943,7.786289e-06,1.7305737071863363e-05,5.109,4.762
5235811,7.821304e-06,1.734804938744249e-05,5.107,4.761
10036638,7.822216e-06,1.739036170302162e-05,5.107,4.76
1633293,7.857688e-06,1.7432674018600747e-05,5.105,4.759
23195488,7.860847e-06,1.7474986334179874e-05,5.105,4.758
21000764,7.887291e-06,1.7517298649759005e-05,5.103,4.757
12101539,7.946904e-06,1.755961096533813e-05,5.1,4.755
7426054,8.00792e-06,1.760192328091726e-05,5.096,4.754
2613834,8.0298e-06,1.764423559649639e-05,5.095,4.753
21657004,8.042127e-06,1.7686547912075516e-05,5.095,4.752
9754069,8.076865e-06,1.7728860227654643e-05,5.093,4.751
5186239,8.110917e-06,1.7771172543233773e-05,5.091,4.75
7260847,8.154411e-06,1.78134848588129e-05,5.089,4.749
7426082,8.161074e-06,1.7855797174392027e-05,5.088,4.748
11321651,8.214711e-06,1.7898109489971157e-05,5.085,4.747
21375206,8.241308e-06,1.7940421805550284e-05,5.084,4.746
5126729,8.270815e-06,1.798273412112941e-05,5.082,4.745
23553569,8.309478e-06,1.802504643670854e-05,5.08,4.744
22128676,8.321656e-06,1.8067358752287668e-05,5.08,4.743
9850118,8.341054e-06,1.8109671067866795e-05,5.079,4.742
13595851,8.352578e-06,1.8151983383445925e-05,5.078,4.741
7635408,8.375389e-06,1.8194295699025052e-05,5.077,4.74
19444335,8.389871e-06,1.823660801460418e-05,5.076,4.739
2791646,8.431892e-06,1.827892033018331e-05,5.074,4.738
2634435,8.440324e-06,1.8321232645762436e-05,5.074,4.737
11321586,8.442659e-06,1.8363544961341563e-05,5.074,4.736
13304468,8.47414e-06,1.8405857276920693e-05,5.072,4.735
21657584,8.539784e-06,1.844816959249982e-05,5.069,4.734
22127095,8.610783e-06,1.8490481908078947e-05,5.065,4.733
3233325,8.663355e-06,1.8532794223658077e-05,5.062,4.732
23195068,8.692577e-06,1.8575106539237204e-05,5.061,4.731
8385071,8.700669e-06,1.861741885481633e-05,5.06,4.73
5580522,8.757584e-06,1.865973117039546e-05,5.058,4.729
23195001,8.777171e-06,1.870204348597459e-05,5.057,4.728
13055270,8.780173e-06,1.8744355801553715e-05,5.056,4.727
23195123,8.784118e-06,1.8786668117132846e-05,5.056,4.726
2634444,8.818594e-06,1.8828980432711972e-05,5.055,4.725
15749510,8.829737e-06,1.88712927482911e-05,5.054,4.724
21657079,8.84498e-06,1.891360506387023e-05,5.053,4.723
21657379,8.857039e-06,1.8955917379449357e-05,5.053,4.722
21657066,8.96555e-06,1.8998229695028483e-05,5.047,4.721
21657100,9.002035e-06,1.9040542010607614e-05,5.046,4.72
2634466,9.021835e-06,1.908285432618674e-05,5.045,4.719
22025866,9.048778e-06,1.9125166641765868e-05,5.043,4.718
2634450,9.099017e-06,1.9167478957344998e-05,5.041,4.717
21417081,9.107529e-06,1.9209791272924125e-05,5.041,4.716
5580190,9.165876e-06,1.925210358850325e-05,5.038,4.716
23195617,9.206524e-06,1.9294415904082382e-05,5.036,4.715
16901092,9.217366e-06,1.933672821966151e-05,5.035,4.714
11557689,9.223863e-06,1.9379040535240636e-05,5.035,4.713
3471584,9.227258e-06,1.9421352850819766e-05,5.035,4.712
23195335,9.244176e-06,1.9463665166398893e-05,5.034,4.711
21657486,9.245189e-06,1.950597748197802e-05,5.034,4.71
2634456,9.258745e-06,1.954828979755715e-05,5.033,4.709
7697267,9.272976e-06,1.9590602113136277e-05,5.033,4.708
3233337,9.283966e-06,1.9632914428715404e-05,5.032,4.707
22128703,9.34053e-06,1.9675226744294534e-05,5.03,4.706
2634477,9.355908e-06,1.971753905987366e-05,5.029,4.705
14511806,9.364209e-06,1.9759851375452788e-05,5.029,4.704
9850129,9.376459e-06,1.980216369103192e-05,5.028,4.703
16271456,9.378216e-06,1.9844476006611045e-05,5.028,4.702
21759490,9.413114e-06,1.9886788322190172e-05,5.026,4.701
22702926,9.456564e-06,1.9929100637769302e-05,5.024,4.701
13253060,9.475267e-06,1.997141295334843e-05,5.023,4.7
16994010,9.499413e-06,2.0013725268927556e-05,5.022,4.699
21983887,9.535785e-06,2.0056037584506687e-05,5.021,4.698
18943239,9.602869e-06,2.0098349900085813e-05,5.018,4.697
21000436,9.63944e-06,2.014066221566494e-05,5.016,4.696
5580599,9.656494e-06,2.018297453124407e-05,5.015,4.695
20695226,9.665005e-06,2.0225286846823198e-05,5.015,4.694
21657001,9.78655e-06,2.0267599162402324e-05,5.009,4.693
2634589,9.788387e-06,2.0309911477981455e-05,5.009,4.692
22326751,9.794027e-06,2.035222379356058e-05,5.009,4.691
15904419,9.834463e-06,2.039453610913971e-05,5.007,4.69
23605961,9.912356e-06,2.043684842471884e-05,5.004,4.69
19444421,9.946814e-06,2.0479160740297966e-05,5.002,4.689
11629618,1.019258e-05,2.0521473055877093e-05,4.992,4.688
19444446,1.020025e-05,2.0563785371456223e-05,4.991,4.687
19220925,1.021141e-05,2.060609768703535e-05,4.991,4.686
17528963,1.024523e-05,2.0648410002614477e-05,4.989,4.685
10833502,1.036004e-05,2.0690722318193607e-05,4.985,4.684
18285319,1.038935e-05,2.0733034633772734e-05,4.983,4.683
8391052,1.039463e-05,2.077534694935186e-05,4.983,4.682
2204440,1.048264e-05,2.081765926493099e-05,4.98,4.682
10833398,1.052407e-05,2.0859971580510118e-05,4.978,4.681
6071211,1.052734e-05,2.0902283896089245e-05,4.978,4.68
4628934,1.058286e-05,2.0944596211668375e-05,4.975,4.679
9850740,1.060396e-05,2.0986908527247502e-05,4.975,4.678
13486224,1.066633e-05,2.102922084282663e-05,4.972,4.677
13071138,1.068538e-05,2.107153315840576e-05,4.971,4.676
10833397,1.070555e-05,2.1113845473984886e-05,4.97,4.675
12084330,1.080804e-05,2.1156157789564013e-05,4.966,4.675
15749335,1.081578e-05,2.1198470105143143e-05,4.966,4.674
1055709,1.086395e-05,2.124078242072227e-05,4.964,4.673
13073853,1.096187e-05,2.1283094736301397e-05,4.96,4.672
445474,1.10042e-05,2.1325407051880527e-05,4.958,4.671
742753,1.104139e-05,2.1367719367459654e-05,4.957,4.67
23195285,1.121612e-05,2.141003168303878e-05,4.95,4.669
18198409,1.12316e-05,2.149465631419704e-05,4.95,4.668
21657389,1.140311e-05,2.1536968629776165e-05,4.943,4.667
23195656,1.14749e-05,2.1579280945355296e-05,4.94,4.666
2083657,1.148787e-05,2.1621593260934423e-05,4.94,4.665
7735903,1.154259e-05,2.166390557651355e-05,4.938,4.664
13055269,1.156194e-05,2.170621789209268e-05,4.937,4.663
22126565,1.158535e-05,2.1748530207671807e-05,4.936,4.663
10643196,1.161906e-05,2.1790842523250934e-05,4.935,4.662
13055310,1.166842e-05,2.1833154838830064e-05,4.933,4.661
2613840,1.173456e-05,2.187546715440919e-05,4.931,4.66
12101194,1.177025e-05,2.1917779469988318e-05,4.929,4.659
7561542,1.17799e-05,2.1960091785567448e-05,4.929,4.658
21682971,1.180452e-05,2.2002404101146575e-05,4.928,4.658
2083601,1.201675e-05,2.2044716416725702e-05,4.92,4.657
445737,1.204349e-05,2.2087028732304832e-05,4.919,4.656
13055293,1.207522e-05,2.212934104788396e-05,4.918,4.655
13072418,1.211919e-05,2.2171653363463086e-05,4.917,4.654
2634399,1.212691e-05,2.2213965679042216e-05,4.916,4.653
18216006,1.216492e-05,2.229859031020047e-05,4.915,4.652
23553907,1.223712e-05,2.23409026257796e-05,4.912,4.651
9047457,1.231859e-05,2.2383214941358727e-05,4.909,4.65
1461314,1.232592e-05,2.2425527256937854e-05,4.909,4.649
16972584,1.247076e-05,2.2467839572516984e-05,4.904,4.648
22810058,1.250428e-05,2.251015188809611e-05,4.903,4.648
15749222,1.250554e-05,2.2552464203675238e-05,4.903,4.647
15749227,1.255945e-05,2.259477651925437e-05,4.901,4.646
5332260,1.257888e-05,2.2637088834833495e-05,4.9,4.645
23194901,1.258203e-05,2.2679401150412622e-05,4.9,4.644
11321540,1.271832e-05,2.2721713465991752e-05,4.896,4.644
21657384,1.274574e-05,2.276402578157088e-05,4.895,4.643
6602687,1.278569e-05,2.2806338097150006e-05,4.893,4.642
5580784,1.285869e-05,2.2848650412729137e-05,4.891,4.641
2791298,1.286026e-05,2.2890962728308263e-05,4.891,4.64
1458495,1.297451e-05,2.293327504388739e-05,4.887,4.64
2791007,1.301961e-05,2.297558735946652e-05,4.885,4.639
11557817,1.313436e-05,2.3017899675045648e-05,4.882,4.638
742565,1.31395e-05,2.3060211990624774e-05,4.881,4.637
21657057,1.322375e-05,2.3102524306203905e-05,4.879,4.636
10085611,1.331545e-05,2.314483662178303e-05,4.876,4.636
10085623,1.333713e-05,2.318714893736216e-05,4.875,4.635
23553753,1.338602e-05,2.322946125294129e-05,4.873,4.634
11630127,1.344546e-05,2.3271773568520416e-05,4.871,4.633
10085587,1.34726e-05,2.3314085884099543e-05,4.871,4.632
15749312,1.36303e-05,2.3356398199678673e-05,4.865,4.632
11321539,1.366769e-05,2.33987105152578e-05,4.864,4.631
22702953,1.367524e-05,2.3441022830836927e-05,4.864,4.63
21375190,1.368439e-05,2.3483335146416057e-05,4.864,4.629
16269869,1.371084e-05,2.3525647461995184e-05,4.863,4.628
16165795,1.373509e-05,2.356795977757431e-05,4.862,4.628
1055454,1.37964e-05,2.361027209315344e-05,4.86,4.627
13071934,1.382079e-05,2.3652584408732568e-05,4.859,4.626
1576680,1.386092e-05,2.3694896724311695e-05,4.858,4.625
10863798,1.386923e-05,2.3779521355469952e-05,4.858,4.624
23605947,1.391988e-05,2.382183367104908e-05,4.856,4.623
21375066,1.393118e-05,2.386414598662821e-05,4.856,4.622
6602676,1.399379e-05,2.3906458302207336e-05,4.854,4.621
5580477,1.403269e-05,2.3948770617786463e-05,4.853,4.621
16521945,1.404338e-05,2.3991082933365593e-05,4.853,4.62
13803529,1.411694e-05,2.403339524894472e-05,4.85,4.619
19444345,1.418284e-05,2.4075707564523847e-05,4.848,4.618
7714505,1.424512e-05,2.4118019880102977e-05,4.846,4.618
17117898,1.42642e-05,2.4160332195682104e-05,4.846,4.617
10833493,1.427263e-05,2.420264451126123e-05,4.845,4.616
7484415,1.431584e-05,2.424495682684036e-05,4.844,4.615
6325855,1.433012e-05,2.4329581457998615e-05,4.844,4.614
13055342,1.443643e-05,2.4371893773577746e-05,4.841,4.613
23198865,1.450599e-05,2.4414206089156873e-05,4.838,4.612
21656939,1.455837e-05,2.4456518404736e-05,4.837,4.612
22903725,1.456549e-05,2.449883072031513e-05,4.837,4.611
10398473,1.459174e-05,2.4541143035894257e-05,4.836,4.61
13273487,1.467749e-05,2.4583455351473384e-05,4.833,4.609
445748,1.471373e-05,2.466807998263164e-05,4.832,4.608
11589478,1.477233e-05,2.4710392298210768e-05,4.831,4.607
9252906,1.477397e-05,2.4752704613789898e-05,4.831,4.606
10085743,1.489453e-05,2.4795016929369025e-05,4.827,4.606
21657058,1.503386e-05,2.4837329244948152e-05,4.823,4.605
13055335,1.50459e-05,2.4879641560527282e-05,4.823,4.604
15749367,1.506572e-05,2.492195387610641e-05,4.822,4.603
8125011,1.510542e-05,2.4964266191685536e-05,4.821,4.603
16128895,1.517933e-05,2.5006578507264666e-05,4.819,4.602
15484157,1.520638e-05,2.5048890822843793e-05,4.818,4.601
22126031,1.522963e-05,2.509120313842292e-05,4.817,4.6
8124664,1.525153e-05,2.5175827769581177e-05,4.817,4.599
8124665,1.525153e-05,2.5218140085160304e-05,4.817,4.598
19444354,1.541903e-05,2.530276471631856e-05,4.812,4.597
11321521,1.556131e-05,2.5345077031897688e-05,4.808,4.596
21375120,1.563868e-05,2.538738934747682e-05,4.806,4.595
15484090,1.565242e-05,2.5472013978635072e-05,4.805,4.594
5167710,1.567182e-05,2.5514326294214202e-05,4.805,4.593
18288062,1.569317e-05,2.555663860979333e-05,4.804,4.592
5121203,1.572626e-05,2.5641263240951587e-05,4.803,4.591
21375139,1.579852e-05,2.5683575556530713e-05,4.801,4.59
4628894,1.585003e-05,2.576820018768897e-05,4.8,4.589
10085644,1.590094e-05,2.5810512503268098e-05,4.799,4.588
8890812,1.599728e-05,2.5852824818847224e-05,4.796,4.587
23554145,1.605936e-05,2.5895137134426355e-05,4.794,4.587
19213946,1.606195e-05,2.593744945000548e-05,4.794,4.586
20066736,1.612688e-05,2.597976176558461e-05,4.792,4.585
2658043,1.616799e-05,2.6064386396742866e-05,4.791,4.584
12260357,1.617977e-05,2.6106698712321993e-05,4.791,4.583
3974322,1.622553e-05,2.619132334348025e-05,4.79,4.582
80577,1.624905e-05,2.6233635659059377e-05,4.789,4.581
6602672,1.628607e-05,2.6275947974638507e-05,4.788,4.58
1328493,1.633708e-05,2.6318260290217634e-05,4.787,4.58
21375142,1.63372e-05,2.636057260579676e-05,4.787,4.579
6602682,1.644941e-05,2.640288492137589e-05,4.784,4.578
22127281,1.646923e-05,2.6445197236955018e-05,4.783,4.578
18100297,1.657934e-05,2.6487509552534145e-05,4.78,4.577
1971121,1.659635e-05,2.6529821868113275e-05,4.78,4.576
23553852,1.664189e-05,2.6572134183692402e-05,4.779,4.576
8125562,1.670226e-05,2.661444649927153e-05,4.777,4.575
19165798,1.673596e-05,2.665675881485066e-05,4.776,4.574
1327781,1.674623e-05,2.6741383446008913e-05,4.776,4.573
2790438,1.676231e-05,2.6783695761588043e-05,4.776,4.572
10459830,1.677587e-05,2.682600807716717e-05,4.775,4.571
1329131,1.690299e-05,2.6910632708325427e-05,4.772,4.57
10563744,1.704853e-05,2.6952945023904554e-05,4.768,4.569
11855374,1.707985e-05,2.703756965506281e-05,4.768,4.568
9501358,1.711325e-05,2.707988197064194e-05,4.767,4.567
23194873,1.713249e-05,2.7164506601800196e-05,4.766,4.566
19313934,1.720722e-05,2.7206818917379323e-05,4.764,4.565
7473490,1.72689e-05,2.729144354853758e-05,4.763,4.564
5121189,1.727061e-05,2.7333755864116707e-05,4.763,4.563
1328020,1.728072e-05,2.7376068179695834e-05,4.762,4.563
15484246,1.733943e-05,2.7418380495274964e-05,4.761,4.562
23553707,1.738554e-05,2.746069281085409e-05,4.76,4.561
2634632,1.739038e-05,2.7545317442012348e-05,4.76,4.56
23605974,1.74101e-05,2.7587629757591475e-05,4.759,4.559
23553556,1.747836e-05,2.7629942073170602e-05,4.757,4.559
21656887,1.751156e-05,2.7672254388749732e-05,4.757,4.558
2791207,1.751214e-05,2.771456670432886e-05,4.757,4.557
1328241,1.762779e-05,2.7756879019907986e-05,4.754,4.557
14227636,1.765452e-05,2.7799191335487116e-05,4.753,4.556
1327898,1.770559e-05,2.7841503651066243e-05,4.752,4.555
3345527,1.773223e-05,2.788381596664537e-05,4.751,4.555
11855532,1.780139e-05,2.79261282822245e-05,4.75,4.554
19974726,1.781372e-05,2.7968440597803627e-05,4.749,4.553
1933834,1.788877e-05,2.8010752913382754e-05,4.747,4.553
15484229,1.795835e-05,2.8053065228961884e-05,4.746,4.552
6602679,1.802471e-05,2.809537754454101e-05,4.744,4.551
21947812,1.808848e-05,2.818000217569927e-05,4.743,4.55
4975986,1.817534e-05,2.8222314491278395e-05,4.741,4.549
19581592,1.823863e-05,2.8264626806857522e-05,4.739,4.549
11855384,1.831381e-05,2.8306939122436652e-05,4.737,4.548
4592717,1.832013e-05,2.834925143801578e-05,4.737,4.547
12330021,1.835055e-05,2.8433876069174037e-05,4.736,4.546
8355859,1.845976e-05,2.8476188384753163e-05,4.734,4.546
23107400,1.850024e-05,2.851850070033229e-05,4.733,4.545
23107414,1.850024e-05,2.856081301591142e-05,4.733,4.544
23426571,1.858497e-05,2.8603125331490548e-05,4.731,4.544
15504377,1.874854e-05,2.8645437647069674e-05,4.727,4.543
22127225,1.87853e-05,2.8687749962648805e-05,4.726,4.542
8243090,1.886737e-05,2.873006227822793e-05,4.724,4.542
23107382,1.887584e-05,2.877237459380706e-05,4.724,4.541
12239645,1.888867e-05,2.881468690938619e-05,4.724,4.54
18215813,1.89431e-05,2.8856999224965316e-05,4.723,4.54
15484062,1.894667e-05,2.8899311540544443e-05,4.722,4.539
18194230,1.895378e-05,2.8941623856123573e-05,4.722,4.538
5229557,1.900394e-05,2.89839361717027e-05,4.721,4.538
1845313,1.901314e-05,2.9026248487281827e-05,4.721,4.537
9772351,1.905063e-05,2.9110873118440084e-05,4.72,4.536
20537701,1.90829e-05,2.915318543401921e-05,4.719,4.535
15484058,1.914202e-05,2.9237810065177468e-05,4.718,4.534
5102213,1.916129e-05,2.9280122380756595e-05,4.718,4.533
22126673,1.918783e-05,2.9322434696335725e-05,4.717,4.533
23137612,1.934473e-05,2.9364747011914852e-05,4.713,4.532
23553761,1.942249e-05,2.944937164307311e-05,4.712,4.531
5179596,1.948668e-05,2.9491683958652236e-05,4.71,4.53
22127232,1.95447e-05,2.9576308589810493e-05,4.709,4.529
15733876,1.956252e-05,2.961862090538962e-05,4.709,4.528
15484055,1.961079e-05,2.9703245536547877e-05,4.708,4.527
7323464,1.96369e-05,2.9745557852127004e-05,4.707,4.527
23553766,1.965918e-05,2.978787016770613e-05,4.706,4.526
15969656,1.971873e-05,2.983018248328526e-05,4.705,4.525
4629075,1.985344e-05,2.987249479886439e-05,4.702,4.525
4628913,1.994056e-05,2.9914807114443515e-05,4.7,4.524
23268145,1.995121e-05,2.9957119430022646e-05,4.7,4.523
10832662,2.005728e-05,3.00417440611809e-05,4.698,4.522
8723003,2.008575e-05,3.008405637676003e-05,4.697,4.522
646995,2.009096e-05,3.0126368692339157e-05,4.697,4.521
5121169,2.016593e-05,3.0168681007918284e-05,4.695,4.52
5229282,2.022819e-05,3.025330563907654e-05,4.694,4.519
9418560,2.02764e-05,3.0337930270234798e-05,4.693,4.518
4629210,2.034223e-05,3.0380242585813925e-05,4.692,4.517
3555461,2.036275e-05,3.0422554901393052e-05,4.691,4.517
21656852,2.040286e-05,3.0464867216972182e-05,4.69,4.516
23107292,2.050258e-05,3.0549491848130436e-05,4.688,4.515
8385418,2.051084e-05,3.0591804163709566e-05,4.688,4.514
14986492,2.054577e-05,3.067642879486782e-05,4.687,4.513
16856,2.063281e-05,3.0761053426026074e-05,4.685,4.512
5121157,2.064148e-05,3.0803365741605204e-05,4.685,4.511
11321533,2.06656e-05,3.088799037276346e-05,4.685,4.51
8125239,2.082281e-05,3.093030268834259e-05,4.681,4.51
20860512,2.08481e-05,3.097261500392172e-05,4.681,4.509
10833412,2.08721e-05,3.101492731950084e-05,4.68,4.508
19481020,2.101043e-05,3.10995519506591e-05,4.678,4.507
22128204,2.106982e-05,3.1184176581817356e-05,4.676,4.506
16270006,2.108588e-05,3.1226488897396487e-05,4.676,4.505
475569,2.11169e-05,3.126880121297561e-05,4.675,4.505
5796293,2.13016e-05,3.131111352855474e-05,4.672,4.504
21495765,2.138064e-05,3.135342584413387e-05,4.67,4.504
19581615,2.144119e-05,3.1395738159712994e-05,4.669,4.503
3239136,2.1485e-05,3.1438050475292124e-05,4.668,4.503
13335888,2.151642e-05,3.1480362790871255e-05,4.667,4.502
15484164,2.153518e-05,3.152267510645038e-05,4.667,4.501
13253016,2.160239e-05,3.156498742202951e-05,4.665,4.501
22341974,2.175896e-05,3.160729973760864e-05,4.662,4.5
2634566,2.181931e-05,3.169192436876689e-05,4.661,4.499
14937413,2.182497e-05,3.173423668434602e-05,4.661,4.498
23553758,2.182517e-05,3.181886131550428e-05,4.661,4.497
1460915,2.191599e-05,3.186117363108341e-05,4.659,4.497
8351586,2.191966e-05,3.190348594666253e-05,4.659,4.496
2658666,2.201965e-05,3.198811057782079e-05,4.657,4.495
12421362,2.203593e-05,3.2030422893399915e-05,4.657,4.494
15484104,2.209621e-05,3.2115047524558175e-05,4.656,4.493
22806787,2.215306e-05,3.21573598401373e-05,4.655,4.493
5121183,2.221793e-05,3.219967215571643e-05,4.653,4.492
1843599,2.225225e-05,3.228429678687468e-05,4.653,4.491
19581357,2.234776e-05,3.232660910245381e-05,4.651,4.49
13486178,2.242026e-05,3.2368921418032943e-05,4.649,4.49
13693825,2.247825e-05,3.241123373361207e-05,4.648,4.489
13911875,2.251919e-05,3.249585836477033e-05,4.647,4.488
13995309,2.261632e-05,3.258048299592858e-05,4.646,4.487
2634530,2.267287e-05,3.262279531150771e-05,4.644,4.486
19581584,2.275437e-05,3.2707419942665965e-05,4.643,4.485
2790855,2.276954e-05,3.279204457382422e-05,4.643,4.484
21496028,2.284163e-05,3.283435688940335e-05,4.641,4.484
8124268,2.29097e-05,3.287666920498248e-05,4.64,4.483
682393,2.295453e-05,3.29189815205616e-05,4.639,4.483
16550296,2.296623e-05,3.2961293836140734e-05,4.639,4.482
21375092,2.297922e-05,3.3003606151719864e-05,4.639,4.481
9534494,2.314491e-05,3.304591846729899e-05,4.636,4.481
1461125,2.316567e-05,3.308823078287812e-05,4.635,4.48
23107182,2.322787e-05,3.313054309845725e-05,4.634,4.48
3239100,2.323995e-05,3.317285541403637e-05,4.634,4.479
21375297,2.328435e-05,3.32151677296155e-05,4.633,4.479
22198977,2.336704e-05,3.325748004519463e-05,4.631,4.478
21375115,2.344317e-05,3.3342104676352886e-05,4.63,4.477
7707588,2.345794e-05,3.3384416991932016e-05,4.63,4.476
15449815,2.349934e-05,3.346904162309027e-05,4.629,4.475
6094693,2.351385e-05,3.3553666254248524e-05,4.629,4.474
23553820,2.354754e-05,3.3638290885406784e-05,4.628,4.473
1844549,2.360513e-05,3.368060320098591e-05,4.627,4.473
23553871,2.364786e-05,3.372291551656504e-05,4.626,4.472
15267333,2.372853e-05,3.376522783214417e-05,4.625,4.472
2792396,2.375406e-05,3.380754014772329e-05,4.624,4.471
7474131,2.379629e-05,3.384985246330242e-05,4.623,4.47
21375094,2.38096e-05,3.3934477094460676e-05,4.623,4.469
14037863,2.384849e-05,3.401910172561894e-05,4.623,4.468
7315503,2.388138e-05,3.406141404119806e-05,4.622,4.468
11151167,2.388802e-05,3.410372635677719e-05,4.622,4.467
8125024,2.388993e-05,3.4188350987935444e-05,4.622,4.466
8125043,2.394198e-05,3.4230663303514575e-05,4.621,4.466
8125078,2.396136e-05,3.4272975619093705e-05,4.62,4.465
21375085,2.399932e-05,3.435760025025196e-05,4.62,4.464
21375071,2.400804e-05,3.439991256583109e-05,4.62,4.463
4976289,2.40254e-05,3.444222488141021e-05,4.619,4.463
21375073,2.403517e-05,3.448453719698934e-05,4.619,4.462
1780563,2.408536e-05,3.4569161828147597e-05,4.618,4.461
9534807,2.413704e-05,3.461147414372673e-05,4.617,4.461
13492958,2.414904e-05,3.465378645930586e-05,4.617,4.46
9850008,2.419067e-05,3.473841109046411e-05,4.616,4.459
21375076,2.424508e-05,3.478072340604324e-05,4.615,4.459
8125991,2.426436e-05,3.4823035721622365e-05,4.615,4.458
22127530,2.429416e-05,3.4907660352780625e-05,4.614,4.457
17870543,2.431265e-05,3.499228498393888e-05,4.614,4.456
8126030,2.436081e-05,3.503459729951801e-05,4.613,4.456
21375072,2.436695e-05,3.507690961509713e-05,4.613,4.455
21375075,2.439608e-05,3.511922193067626e-05,4.613,4.454
5266807,2.447798e-05,3.5161534246255393e-05,4.611,4.454
8125825,2.449163e-05,3.520384656183452e-05,4.611,4.453
8125929,2.450083e-05,3.528847119299278e-05,4.611,4.452
8125923,2.453652e-05,3.537309582415103e-05,4.61,4.451
8125966,2.457694e-05,3.541540813973016e-05,4.609,4.451
13253144,2.460564e-05,3.5457720455309285e-05,4.609,4.45
23106707,2.46922e-05,3.5500032770888415e-05,4.607,4.45
15749065,2.472834e-05,3.5542345086467546e-05,4.607,4.449
7238226,2.475222e-05,3.558465740204667e-05,4.606,4.449
6602824,2.478757e-05,3.56269697176258e-05,4.606,4.448
8125468,2.479974e-05,3.571159434878405e-05,4.606,4.447
18033352,2.480474e-05,3.5753906664363184e-05,4.605,4.447
5266732,2.481001e-05,3.5796218979942314e-05,4.605,4.446
8125669,2.483417e-05,3.588084361110057e-05,4.605,4.445
14986607,2.48502e-05,3.596546824225882e-05,4.605,4.444
5266789,2.486474e-05,3.600778055783795e-05,4.604,4.444
15110701,2.490439e-05,3.605009287341708e-05,4.604,4.443
8125648,2.49256e-05,3.6092405188996206e-05,4.603,4.443
8125195,2.503904e-05,3.6134717504575336e-05,4.601,4.442
8125319,2.504885e-05,3.621934213573359e-05,4.601,4.441
8125567,2.509766e-05,3.630396676689185e-05,4.6,4.44
19581349,2.515785e-05,3.6346279082470974e-05,4.599,4.44
8125311,2.516257e-05,3.6388591398050104e-05,4.599,4.439
9690334,2.521692e-05,3.647321602920836e-05,4.598,4.438
8125842,2.528441e-05,3.655784066036662e-05,4.597,4.437
5121182,2.533457e-05,3.664246529152487e-05,4.596,4.436
4188777,2.540611e-05,3.6684777607104e-05,4.595,4.436
4960190,2.543908e-05,3.6727089922683126e-05,4.594,4.435
16165678,2.551811e-05,3.681171455384139e-05,4.593,4.434
21375083,2.557304e-05,3.685402686942051e-05,4.592,4.434
8125465,2.558537e-05,3.689633918499964e-05,4.592,4.433
10858951,2.562066e-05,3.693865150057877e-05,4.591,4.433
8125327,2.562661e-05,3.6980963816157894e-05,4.591,4.432
22702991,2.57094e-05,3.7065588447316155e-05,4.59,4.431
8125346,2.576777e-05,3.715021307847441e-05,4.589,4.43
18080154,2.579569e-05,3.723483770963266e-05,4.588,4.429
445812,2.590597e-05,3.731946234079092e-05,4.587,4.428
21375079,2.59184e-05,3.7361774656370047e-05,4.586,4.428
13737767,2.591879e-05,3.740408697194918e-05,4.586,4.427
8125703,2.603785e-05,3.748871160310743e-05,4.584,4.426
6602714,2.615929e-05,3.757333623426569e-05,4.582,4.425
19220978,2.616086e-05,3.7657960865423945e-05,4.582,4.424
1780582,2.62853e-05,3.77425854965822e-05,4.58,4.423
5266758,2.63726e-05,3.778489781216133e-05,4.579,4.423
2658363,2.640066e-05,3.782721012774046e-05,4.578,4.422
16166373,2.644553e-05,3.791183475889871e-05,4.578,4.421
1327270,2.648037e-05,3.7954147074477843e-05,4.577,4.421
8125380,2.651784e-05,3.799645939005697e-05,4.576,4.42
10833428,2.653933e-05,3.808108402121523e-05,4.576,4.419
11557569,2.660821e-05,3.816570865237348e-05,4.575,4.418
3837371,2.665555e-05,3.820802096795261e-05,4.574,4.418
8124339,2.665572e-05,3.8250333283531735e-05,4.574,4.417
1326515,2.672733e-05,3.8334957914689996e-05,4.573,4.416
8126045,2.675946e-05,3.841958254584825e-05,4.573,4.415
10040502,2.679795e-05,3.846189486142738e-05,4.572,4.415
5266832,2.681406e-05,3.85042071770065e-05,4.572,4.414
16550292,2.686408e-05,3.8546519492585634e-05,4.571,4.414
19852583,2.688871e-05,3.863114412374389e-05,4.57,4.413
17151331,2.692848e-05,3.871576875490215e-05,4.57,4.412
21375059,2.697266e-05,3.88003933860604e-05,4.569,4.411
2752955,2.70106e-05,3.8885018017218656e-05,4.568,4.41
9850779,2.703569e-05,3.8969642648376916e-05,4.568,4.409
12239885,2.706895e-05,3.905426727953517e-05,4.568,4.408
5234676,2.708537e-05,3.90965795951143e-05,4.567,4.408
21219773,2.711084e-05,3.9138891910693424e-05,4.567,4.407
22618829,2.722065e-05,3.9223516541851684e-05,4.565,4.406
13873742,2.726818e-05,3.926582885743081e-05,4.564,4.406
870231,2.737311e-05,3.930814117300994e-05,4.563,4.406
1329227,2.738212e-05,3.935045348858907e-05,4.563,4.405
4629297,2.739043e-05,3.939276580416819e-05,4.562,4.405
8976359,2.739711e-05,3.943507811974732e-05,4.562,4.404
10452108,2.742663e-05,3.9519702750905576e-05,4.562,4.403
9850731,2.750004e-05,3.960432738206384e-05,4.561,4.402
18033332,2.752249e-05,3.964663969764296e-05,4.56,4.402
22618732,2.753051e-05,3.968895201322209e-05,4.56,4.401
14460313,2.759028e-05,3.9773576644380344e-05,4.559,4.4
21000987,2.765934e-05,3.9858201275538605e-05,4.558,4.399
3239378,2.769829e-05,3.998513822227599e-05,4.558,4.398
18033383,2.772922e-05,4.002745053785511e-05,4.557,4.398
18033384,2.782844e-05,4.006976285343424e-05,4.556,4.397
23195187,2.79215e-05,4.011207516901337e-05,4.554,4.397
12101098,2.793239e-05,4.0154387484592497e-05,4.554,4.396
22573892,2.795679e-05,4.023901211575076e-05,4.554,4.395
22212689,2.797033e-05,4.028132443132988e-05,4.553,4.395
13040313,2.79993e-05,4.032363674690901e-05,4.553,4.394
17904276,2.802513e-05,4.0408261378067265e-05,4.552,4.394
13269760,2.808141e-05,4.0450573693646395e-05,4.552,4.393
3239155,2.809194e-05,4.0492886009225525e-05,4.551,4.393
17050006,2.813445e-05,4.053519832480465e-05,4.551,4.392
15484027,2.829918e-05,4.061982295596291e-05,4.548,4.391
15484028,2.834747e-05,4.066213527154203e-05,4.547,4.391
21375055,2.839495e-05,4.070444758712116e-05,4.547,4.39
5102390,2.845089e-05,4.0746759902700293e-05,4.546,4.39
5228973,2.846372e-05,4.078907221827942e-05,4.546,4.389
17726243,2.850285e-05,4.083138453385855e-05,4.545,4.389
9850498,2.854646e-05,4.09160091650168e-05,4.544,4.388
18033369,2.859408e-05,4.100063379617506e-05,4.544,4.387
2085096,2.866834e-05,4.1042946111754185e-05,4.543,4.387
9619121,2.882939e-05,4.1085258427333315e-05,4.54,4.386
7285981,2.888049e-05,4.1127570742912446e-05,4.539,4.386
12801044,2.897781e-05,4.116988305849157e-05,4.538,4.385
2634548,2.898111e-05,4.129682000522895e-05,4.538,4.384
17034897,2.906644e-05,4.1381444636387214e-05,4.537,4.383
17478777,2.908702e-05,4.142375695196634e-05,4.536,4.383
6602767,2.909933e-05,4.146606926754547e-05,4.536,4.382
3239278,2.913731e-05,4.155069389870372e-05,4.536,4.381
12443034,2.917978e-05,4.159300621428285e-05,4.535,4.381
2199804,2.921151e-05,4.1677630845441106e-05,4.534,4.38
21656788,2.931076e-05,4.1762255476599366e-05,4.533,4.379
13241756,2.934508e-05,4.180456779217849e-05,4.532,4.379
18215927,2.935713e-05,4.184688010775762e-05,4.532,4.378
22890608,2.945875e-05,4.1931504738915874e-05,4.531,4.377
9534981,2.957185e-05,4.1973817054495004e-05,4.529,4.377
21988902,2.963198e-05,4.2016129370074134e-05,4.528,4.377
15110823,2.964737e-05,4.205844168565326e-05,4.528,4.376
18354862,2.97862e-05,4.214306631681152e-05,4.526,4.375
3903265,2.984691e-05,4.218537863239064e-05,4.525,4.375
2634579,2.991717e-05,4.222769094796977e-05,4.524,4.374
10701780,2.99474e-05,4.2354627894707156e-05,4.524,4.373
1131719,2.999035e-05,4.239694021028629e-05,4.523,4.373
7594065,3.00101e-05,4.243925252586541e-05,4.523,4.372
8383418,3.004601e-05,4.248156484144454e-05,4.522,4.372
19935841,3.007731e-05,4.252387715702367e-05,4.522,4.371
19221181,3.013299e-05,4.2566189472602794e-05,4.521,4.371
11321718,3.01561e-05,4.2650814103761055e-05,4.521,4.37
2634636,3.031685e-05,4.269312641934018e-05,4.518,4.37
21682983,3.035685e-05,4.273543873491931e-05,4.518,4.369
3239261,3.039234e-05,4.277775105049844e-05,4.517,4.369
13162142,3.047791e-05,4.282006336607756e-05,4.516,4.368
17643125,3.052366e-05,4.290468799723582e-05,4.515,4.367
11321712,3.061634e-05,4.303162494397321e-05,4.514,4.366
13995299,3.065937e-05,4.311624957513146e-05,4.513,4.365
9850421,3.073513e-05,4.315856189071059e-05,4.512,4.365
22702912,3.096139e-05,4.3243186521868845e-05,4.509,4.364
21656824,3.102036e-05,4.33278111530271e-05,4.508,4.363
21375116,3.107707e-05,4.341243578418536e-05,4.508,4.362
445480,3.10854e-05,4.345474809976448e-05,4.507,4.362
13737991,3.11144e-05,4.3539372730922744e-05,4.507,4.361
2634512,3.123262e-05,4.3623997362081e-05,4.505,4.36
16372079,3.125591e-05,4.370862199323925e-05,4.505,4.359
13486588,3.138933e-05,4.375093430881838e-05,4.503,4.359
9920850,3.143239e-05,4.3835558939976635e-05,4.503,4.358
17308588,3.148641e-05,4.3877871255555765e-05,4.502,4.358
12244426,3.151123e-05,4.3920183571134896e-05,4.502,4.357
10408989,3.153437e-05,4.396249588671402e-05,4.501,4.357
9850457,3.173935e-05,4.400480820229315e-05,4.498,4.356
16097865,3.180874e-05,4.4131745149030534e-05,4.497,4.355
4629340,3.188528e-05,4.421636978018879e-05,4.496,4.354
6602735,3.196181e-05,4.425868209576792e-05,4.495,4.354
9850307,3.199219e-05,4.434330672692617e-05,4.495,4.353
18033410,3.205119e-05,4.442793135808443e-05,4.494,4.352
10611623,3.215505e-05,4.4512555989242686e-05,4.493,4.352
7867200,3.217711e-05,4.4554868304821816e-05,4.492,4.351
8124457,3.229998e-05,4.459718062040094e-05,4.491,4.351
445478,3.233531e-05,4.463949293598007e-05,4.49,4.35
4180698,3.235319e-05,4.4724117567138324e-05,4.49,4.349
20692365,3.241399e-05,4.4808742198296584e-05,4.489,4.349
22918797,3.242528e-05,4.485105451387571e-05,4.489,4.348
17904398,3.246004e-05,4.493567914503397e-05,4.489,4.347
17987365,3.252317e-05,4.502030377619222e-05,4.488,4.347
21656813,3.252828e-05,4.506261609177135e-05,4.488,4.346
10162031,3.254745e-05,4.5104928407350476e-05,4.487,4.346
15110950,3.264843e-05,4.5147240722929606e-05,4.486,4.345
18198351,3.267328e-05,4.527417766966699e-05,4.486,4.344
12101268,3.274639e-05,4.531648998524612e-05,4.485,4.344
18033299,3.276842e-05,4.5358802300825244e-05,4.485,4.343
16429032,3.291309e-05,4.5401114616404375e-05,4.483,4.343
6325544,3.293137e-05,4.5443426931983505e-05,4.482,4.343
20844897,3.294739e-05,4.548573924756263e-05,4.482,4.342
12101155,3.312922e-05,4.552805156314176e-05,4.48,4.342
10915097,3.315757e-05,4.557036387872089e-05,4.479,4.341
16865,3.324522e-05,4.565498850987914e-05,4.478,4.341
23174183,3.32663e-05,4.569730082545827e-05,4.478,4.34
16437350,3.330661e-05,4.5739613141037397e-05,4.477,4.34
5267849,3.339085e-05,4.578192545661653e-05,4.476,4.339
14097906,3.341784e-05,4.590886240335391e-05,4.476,4.338
9850555,3.348756e-05,4.595117471893304e-05,4.475,4.338
18444653,3.34928e-05,4.5993487034512165e-05,4.475,4.337
80604,3.358569e-05,4.6078111665670425e-05,4.474,4.337
3239395,3.359997e-05,4.612042398124955e-05,4.474,4.336
18011458,3.36554e-05,4.616273629682868e-05,4.473,4.336
17308613,3.374468e-05,4.620504861240781e-05,4.472,4.335
13667086,3.378665e-05,4.628967324356606e-05,4.471,4.335
702190,3.382992e-05,4.6331985559145194e-05,4.471,4.334
23358421,3.385592e-05,4.637429787472432e-05,4.47,4.334
15110863,3.394864e-05,4.641661019030345e-05,4.469,4.333
19614076,3.410052e-05,4.65012348214617e-05,4.467,4.333
22126682,3.413557e-05,4.654354713704083e-05,4.467,4.332
4629512,3.41694e-05,4.6628171768199085e-05,4.466,4.331
19581554,3.424761e-05,4.6712796399357346e-05,4.465,4.331
10831502,3.424769e-05,4.675510871493647e-05,4.465,4.33
7979056,3.428439e-05,4.683973334609473e-05,4.465,4.329
3261198,3.432436e-05,4.6924357977252984e-05,4.464,4.329
2840048,3.435869e-05,4.6966670292832114e-05,4.464,4.328
8124007,3.440082e-05,4.700898260841124e-05,4.463,4.328
20267330,3.446439e-05,4.705129492399037e-05,4.463,4.327
5332190,3.455145e-05,4.70936072395695e-05,4.462,4.327
15110924,3.459282e-05,4.713591955514862e-05,4.461,4.327
6325522,3.460666e-05,4.717823187072775e-05,4.461,4.326
18680241,3.46335e-05,4.7262856501886006e-05,4.461,4.325
17960067,3.471763e-05,4.7305168817465136e-05,4.459,4.325
5268661,3.490093e-05,4.7347481133044266e-05,4.457,4.325
12474884,3.490122e-05,4.738979344862339e-05,4.457,4.324
6602737,3.495734e-05,4.743210576420252e-05,4.456,4.324
23553930,3.502562e-05,4.7516730395360774e-05,4.456,4.323
20537699,3.50878e-05,4.7559042710939904e-05,4.455,4.323
1827792,3.512354e-05,4.7601355026519034e-05,4.454,4.322
2634416,3.530177e-05,4.768597965767729e-05,4.452,4.322
7421377,3.530379e-05,4.772829197325642e-05,4.452,4.321
12474085,3.533208e-05,4.781291660441467e-05,4.452,4.32
5267130,3.537869e-05,4.7939853551152056e-05,4.451,4.319
6602820,3.545127e-05,4.806679049788944e-05,4.45,4.318
20470789,3.549169e-05,4.8151415129047694e-05,4.45,4.317
22962075,3.555838e-05,4.8193727444626825e-05,4.449,4.317
2792181,3.560684e-05,4.8236039760205955e-05,4.448,4.317
13737487,3.562524e-05,4.827835207578508e-05,4.448,4.316
14986665,3.564856e-05,4.836297670694334e-05,4.448,4.315
15110927,3.568787e-05,4.844760133810159e-05,4.447,4.315
17308645,3.57539e-05,4.848991365368072e-05,4.447,4.314
15110936,3.580284e-05,4.8532225969259847e-05,4.446,4.314
20160715,3.586152e-05,4.857453828483898e-05,4.445,4.314
6325468,3.590256e-05,4.861685060041811e-05,4.445,4.313
9850492,3.593124e-05,4.870147523157636e-05,4.445,4.312
20599946,3.594012e-05,4.874378754715549e-05,4.444,4.312
5266714,3.594578e-05,4.8828412178313745e-05,4.444,4.311
9039717,3.600837e-05,4.895534912505113e-05,4.444,4.31
14986673,3.606471e-05,4.899766144063026e-05,4.443,4.31
5266704,3.609416e-05,4.903997375620938e-05,4.443,4.309
15899947,3.610312e-05,4.908228607178851e-05,4.442,4.309
690921,3.620146e-05,4.916691070294677e-05,4.441,4.308
21375069,3.636281e-05,4.925153533410503e-05,4.439,4.308
17298235,3.637995e-05,4.929384764968415e-05,4.439,4.307
15110937,3.644108e-05,4.937847228084241e-05,4.438,4.306
5267349,3.666873e-05,4.9463096912000666e-05,4.436,4.306
6602713,3.670662e-05,4.9505409227579796e-05,4.435,4.305
22702719,3.680833e-05,4.963234617431718e-05,4.434,4.304
8994816,3.69832e-05,4.9716970805475434e-05,4.432,4.303
10137837,3.704432e-05,4.984390775221282e-05,4.431,4.302
2456086,3.71125e-05,4.988622006779195e-05,4.43,4.302
14690527,3.721471e-05,4.99708446989502e-05,4.429,4.301
16550293,3.732567e-05,5.0097781645687586e-05,4.428,4.3
15110979,3.73753e-05,5.0140093961266716e-05,4.427,4.3
445675,3.737735e-05,5.018240627684584e-05,4.427,4.299
23554098,3.749031e-05,5.02670309080041e-05,4.426,4.299
15314697,3.760095e-05,5.0309343223583224e-05,4.425,4.298
20081813,3.7815e-05,5.0351655539162354e-05,4.422,4.298
19581646,3.782336e-05,5.043628017032061e-05,4.422,4.297
3345554,3.788396e-05,5.056321711705799e-05,4.422,4.296
16609734,3.804149e-05,5.060552943263712e-05,4.42,4.296
2634437,3.806717e-05,5.064784174821625e-05,4.419,4.295
14097884,3.810758e-05,5.077477869495364e-05,4.419,4.294
19001173,3.817798e-05,5.081709101053276e-05,4.418,4.294
12101461,3.82642e-05,5.090171564169102e-05,4.417,4.293
23554001,3.832399e-05,5.1028652588428405e-05,4.417,4.292
14097896,3.8352e-05,5.107096490400753e-05,4.416,4.292
4629673,3.838858e-05,5.111327721958666e-05,4.416,4.291
19221098,3.853378e-05,5.119790185074491e-05,4.414,4.291
13378914,3.854269e-05,5.124021416632404e-05,4.414,4.29
15859857,3.861084e-05,5.13248387974823e-05,4.413,4.29
13724064,3.86316e-05,5.136715111306143e-05,4.413,4.289
3249678,3.874285e-05,5.140946342864056e-05,4.412,4.289
3543828,3.884368e-05,5.149408805979881e-05,4.411,4.288
8124764,3.887737e-05,5.153640037537794e-05,4.41,4.288
17114732,3.890363e-05,5.1621025006536195e-05,4.41,4.287
3239364,3.892751e-05,5.170564963769445e-05,4.41,4.286
8124734,3.911422e-05,5.183258658443183e-05,4.408,4.285
3523334,3.914281e-05,5.187489890001096e-05,4.407,4.285
18415454,3.926282e-05,5.195952353116922e-05,4.406,4.284
11236558,3.938652e-05,5.20864604779066e-05,4.405,4.283
1631826,3.949201e-05,5.212877279348573e-05,4.403,4.283
17034959,3.962613e-05,5.2213397424643985e-05,4.402,4.282
3239216,3.970187e-05,5.2255709740223116e-05,4.401,4.282
12542206,3.974174e-05,5.234033437138137e-05,4.401,4.281
18679826,3.980926e-05,5.242495900253963e-05,4.4,4.28
6682588,3.985974e-05,5.2551895949277014e-05,4.399,4.279
21001032,3.995702e-05,5.259420826485614e-05,4.398,4.279
12244435,4.010643e-05,5.263652058043527e-05,4.397,4.279
11321731,4.019623e-05,5.26788328960144e-05,4.396,4.278
19015524,4.02732e-05,5.280576984275178e-05,4.395,4.277
18679836,4.035671e-05,5.2848082158330906e-05,4.394,4.277
23553899,4.035732e-05,5.2932706789489166e-05,4.394,4.276
21375165,4.056632e-05,5.297501910506829e-05,4.392,4.276
1843681,4.0672e-05,5.301733142064742e-05,4.391,4.276
15547273,4.0689e-05,5.305964373622655e-05,4.391,4.275
3239283,4.069462e-05,5.3101956051805674e-05,4.39,4.275
639539,4.082217e-05,5.3186580682963934e-05,4.389,4.274
4629391,4.089524e-05,5.327120531412219e-05,4.388,4.274
22765470,4.098978e-05,5.331351762970132e-05,4.387,4.273
21203049,4.101547e-05,5.339814226085957e-05,4.387,4.272
15267511,4.120717e-05,5.3525079207596956e-05,4.385,4.271
4835717,4.126663e-05,5.360970383875521e-05,4.384,4.271
7718001,4.128338e-05,5.365201615433434e-05,4.384,4.27
8243144,4.136005e-05,5.3778953101071725e-05,4.383,4.269
6325530,4.148972e-05,5.390589004780911e-05,4.382,4.268
6325462,4.159086e-05,5.394820236338824e-05,4.381,4.268
8808108,4.166278e-05,5.399051467896736e-05,4.38,4.268
19581366,4.167046e-05,5.403282699454649e-05,4.38,4.267
15110985,4.173563e-05,5.411745162570475e-05,4.379,4.267
2753044,4.174224e-05,5.415976394128388e-05,4.379,4.266
4627974,4.177825e-05,5.428670088802126e-05,4.379,4.265
15335410,4.183421e-05,5.4371325519179515e-05,4.378,4.265
10914855,4.187499e-05,5.4413637834758645e-05,4.378,4.264
16075526,4.19688e-05,5.454057478149603e-05,4.377,4.263
20684612,4.210548e-05,5.458288709707516e-05,4.376,4.263
3239536,4.216019e-05,5.466751172823341e-05,4.375,4.262
6602819,4.230084e-05,5.4709824043812544e-05,4.374,4.262
6325578,4.235426e-05,5.475213635939167e-05,4.373,4.262
1327969,4.236124e-05,5.47944486749708e-05,4.373,4.261
8125479,4.246459e-05,5.483676099054993e-05,4.372,4.261
12333154,4.252165e-05,5.492138562170818e-05,4.371,4.26
12142930,4.263195e-05,5.5048322568445566e-05,4.37,4.259
12244412,4.266755e-05,5.517525951518295e-05,4.37,4.258
8168922,4.272465e-05,5.5302196461920334e-05,4.369,4.257
17699944,4.284249e-05,5.542913340865772e-05,4.368,4.256
17262836,4.292993e-05,5.551375803981597e-05,4.367,4.256
528818,4.293295e-05,5.55560703553951e-05,4.367,4.255
12244446,4.297112e-05,5.5683007302132486e-05,4.367,4.254
9710350,4.307463e-05,5.576763193329074e-05,4.366,4.254
10915200,4.313168e-05,5.580994424886987e-05,4.365,4.253
10701644,4.32209e-05,5.5936881195607254e-05,4.364,4.252
5233496,4.334866e-05,5.606381814234464e-05,4.363,4.251
10040503,4.33849e-05,5.619075508908202e-05,4.363,4.25
3556303,4.347981e-05,5.623306740466115e-05,4.362,4.25
13336845,4.351094e-05,5.6275379720240276e-05,4.361,4.25
10701582,4.35592e-05,5.6317692035819407e-05,4.361,4.249
19523721,4.367631e-05,5.640231666697766e-05,4.36,4.249
21672081,4.375131e-05,5.644462898255679e-05,4.359,4.248
7476332,4.382986e-05,5.6529253613715044e-05,4.358,4.248
6602871,4.388026e-05,5.6571565929294175e-05,4.358,4.247
18930235,4.390801e-05,5.6613878244873305e-05,4.357,4.247
19147700,4.399199e-05,5.669850287603156e-05,4.357,4.246
10040539,4.403318e-05,5.674081519161069e-05,4.356,4.246
2792183,4.409873e-05,5.682543982276894e-05,4.356,4.245
17366845,4.411888e-05,5.686775213834807e-05,4.355,4.245
7710574,4.42167e-05,5.69100644539272e-05,4.354,4.245
8125699,4.42232e-05,5.695237676950633e-05,4.354,4.244
22903702,4.434557e-05,5.703700140066458e-05,4.353,4.244
13529430,4.442366e-05,5.712162603182284e-05,4.352,4.243
6602794,4.450856e-05,5.7248562978560225e-05,4.352,4.242
5344338,4.453327e-05,5.729087529413935e-05,4.351,4.242
18930246,4.465314e-05,5.733318760971848e-05,4.35,4.242
12101314,4.465817e-05,5.737549992529761e-05,4.35,4.241
4188868,4.475001e-05,5.7502436872034994e-05,4.349,4.24
8125607,4.487247e-05,5.762937381877238e-05,4.348,4.239
14690361,4.498757e-05,5.76716861343515e-05,4.347,4.239
22139129,4.508128e-05,5.771399844993063e-05,4.346,4.239
445449,4.508579e-05,5.775631076550976e-05,4.346,4.238
8125181,4.516828e-05,5.7798623081088885e-05,4.345,4.238
1389205,4.525127e-05,5.7840935396668016e-05,4.344,4.238
8053595,4.539449e-05,5.7883247712247146e-05,4.343,4.237
12244447,4.54629e-05,5.79678723434054e-05,4.342,4.237
13724247,4.546733e-05,5.801018465898453e-05,4.342,4.236
10143198,4.570394e-05,5.817943392130104e-05,4.34,4.235
1458691,4.580356e-05,5.822174623688017e-05,4.339,4.235
13724003,4.584273e-05,5.830637086803842e-05,4.339,4.234
20487534,4.590989e-05,5.839099549919668e-05,4.338,4.234
5217699,4.596309e-05,5.8433307814775806e-05,4.338,4.233
21155972,4.600497e-05,5.8475620130354936e-05,4.337,4.233
13995325,4.606241e-05,5.856024476151319e-05,4.337,4.232
19697987,4.612105e-05,5.864486939267145e-05,4.336,4.232
11855545,4.616808e-05,5.8687181708250574e-05,4.336,4.231
14532847,4.62382e-05,5.881411865498796e-05,4.335,4.231
12244469,4.62923e-05,5.885643097056709e-05,4.334,4.23
22828280,4.63569e-05,5.898336791730447e-05,4.334,4.229
14046174,4.640693e-05,5.90256802328836e-05,4.333,4.229
12244475,4.645042e-05,5.9110304864041857e-05,4.333,4.228
5899010,4.649553e-05,5.923724181077924e-05,4.333,4.227
2266418,4.654191e-05,5.927955412635837e-05,4.332,4.227
10086793,4.663069e-05,5.9321866441937494e-05,4.331,4.227
8169078,4.664359e-05,5.9364178757516625e-05,4.331,4.226
12101535,4.67328e-05,5.949111570425401e-05,4.33,4.226
445430,4.67432e-05,5.953342801983314e-05,4.33,4.225
18015743,4.687174e-05,5.961805265099139e-05,4.329,4.225
2792149,4.690673e-05,5.966036496657052e-05,4.329,4.224
14526747,4.704086e-05,5.974498959772878e-05,4.328,4.224
13995319,4.70472e-05,5.978730191330791e-05,4.327,4.223
11418782,4.713561e-05,5.991423886004529e-05,4.327,4.222
17777310,4.734214e-05,5.9956551175624415e-05,4.325,4.222
13995329,4.738134e-05,5.9998863491203545e-05,4.324,4.222
20064378,4.750049e-05,6.00834881223618e-05,4.323,4.221
6602846,4.763911e-05,6.021042506909918e-05,4.322,4.22
17391626,4.771081e-05,6.025273738467831e-05,4.321,4.22
13995321,4.7783e-05,6.033736201583657e-05,4.321,4.219
8265613,4.789018e-05,6.03796743314157e-05,4.32,4.219
1596284,4.794183e-05,6.042198664699483e-05,4.319,4.219
16437326,4.805674e-05,6.050661127815308e-05,4.318,4.218
18932930,4.820691e-05,6.0633548224890466e-05,4.317,4.217
12244375,4.824326e-05,6.076048517162785e-05,4.317,4.216
11443839,4.828903e-05,6.080279748720698e-05,4.316,4.216
20356452,4.833686e-05,6.0887422118365234e-05,4.316,4.215
20897568,4.8371e-05,6.097204674952349e-05,4.315,4.215
23553827,4.846403e-05,6.105667138068174e-05,4.315,4.214
18196837,4.856081e-05,6.114129601184e-05,4.314,4.214
15110926,4.859059e-05,6.118360832741913e-05,4.313,4.213
14533040,4.870888e-05,6.126823295857738e-05,4.312,4.213
17632230,4.876381e-05,6.131054527415651e-05,4.312,4.212
11063753,4.881785e-05,6.14374822208939e-05,4.311,4.212
3974318,4.885087e-05,6.147979453647303e-05,4.311,4.211
15110930,4.888902e-05,6.160673148321041e-05,4.311,4.21
8357767,4.89349e-05,6.169135611436867e-05,4.31,4.21
15267961,4.89539e-05,6.17336684299478e-05,4.31,4.209
3716797,4.903474e-05,6.186060537668518e-05,4.309,4.209
13724293,4.904388e-05,6.19029176922643e-05,4.309,4.208
18168692,4.911209e-05,6.202985463900168e-05,4.309,4.207
23563280,4.915634e-05,6.211447927015994e-05,4.308,4.207
1329129,4.928645e-05,6.215679158573907e-05,4.307,4.207
16658658,4.936627e-05,6.21991039013182e-05,4.307,4.206
3974362,4.941743e-05,6.224141621689734e-05,4.306,4.206
4694171,4.944927e-05,6.232604084805558e-05,4.306,4.205
14097660,4.955714e-05,6.236835316363471e-05,4.305,4.205
15749517,4.964347e-05,6.245297779479297e-05,4.304,4.204
9850300,4.972797e-05,6.257991474153035e-05,4.303,4.204
15110925,4.979664e-05,6.262222705710948e-05,4.303,4.203
19983795,4.983597e-05,6.266453937268861e-05,4.302,4.203
3974366,4.985042e-05,6.274916400384687e-05,4.302,4.202
3623225,5.000117e-05,6.287610095058425e-05,4.301,4.202
23554006,5.011051e-05,6.291841326616338e-05,4.3,4.201
3974437,5.030031e-05,6.296072558174251e-05,4.298,4.201
577670,5.033448e-05,6.304535021290076e-05,4.298,4.2
21375157,5.048205e-05,6.317228715963815e-05,4.297,4.199
9849945,5.055134e-05,6.329922410637552e-05,4.296,4.199
13625273,5.057547e-05,6.334153642195466e-05,4.296,4.198
19444344,5.06494e-05,6.342616105311292e-05,4.295,4.198
15749341,5.065241e-05,6.346847336869205e-05,4.295,4.197
690911,5.071974e-05,6.363772263100855e-05,4.295,4.196
8994717,5.076564e-05,6.372234726216681e-05,4.294,4.196
4628680,5.082478e-05,6.376465957774594e-05,4.294,4.195
980612,5.087823e-05,6.389159652448332e-05,4.293,4.195
21824627,5.093406e-05,6.393390884006245e-05,4.293,4.194
5121131,5.099735e-05,6.397622115564158e-05,4.292,4.194
13378884,5.105236e-05,6.406084578679983e-05,4.292,4.193
9758559,5.115887e-05,6.414547041795809e-05,4.291,4.193
6602875,5.12059e-05,6.423009504911635e-05,4.291,4.192
21219589,5.126304e-05,6.43147196802746e-05,4.29,4.192
8358464,5.128216e-05,6.435703199585373e-05,4.29,4.191
14986926,5.13596e-05,6.439934431143286e-05,4.289,4.191
14533043,5.146337e-05,6.452628125817025e-05,4.289,4.19
18427920,5.146397e-05,6.456859357374937e-05,4.288,4.19
17258395,5.161964e-05,6.46109058893285e-05,4.287,4.19
8807930,5.176345e-05,6.465321820490763e-05,4.286,4.189
15110951,5.18277e-05,6.478015515164502e-05,4.285,4.189
2792902,5.185288e-05,6.482246746722413e-05,4.285,4.188
8124190,5.189066e-05,6.494940441396152e-05,4.285,4.187
3522997,5.198996e-05,6.50763413606989e-05,4.284,4.187
2917361,5.206e-05,6.511865367627803e-05,4.283,4.186
9849961,5.221236e-05,6.524559062301542e-05,4.282,4.185
2634473,5.22679e-05,6.541483988533193e-05,4.282,4.184
7872869,5.241001e-05,6.545715220091106e-05,4.281,4.184
16867,5.242556e-05,6.554177683206932e-05,4.28,4.183
21187492,5.255978e-05,6.571102609438583e-05,4.279,4.182
15111010,5.267073e-05,6.579565072554409e-05,4.278,4.182
19983792,5.271487e-05,6.588027535670234e-05,4.278,4.181
1113731,5.274267e-05,6.600721230343973e-05,4.278,4.18
17258212,5.282957e-05,6.61341492501771e-05,4.277,4.18
8243146,5.285895e-05,6.617646156575624e-05,4.277,4.179
4554180,5.306056e-05,6.621877388133537e-05,4.275,4.179
6683325,5.320076e-05,6.630339851249363e-05,4.274,4.178
21759400,5.326345e-05,6.647264777481013e-05,4.274,4.177
1329139,5.328869e-05,6.65572724059684e-05,4.273,4.177
10863840,5.337208e-05,6.664189703712664e-05,4.273,4.176
19444285,5.340793e-05,6.668420935270577e-05,4.272,4.176
2279480,5.352166e-05,6.676883398386403e-05,4.271,4.175
12101487,5.368415e-05,6.693808324618054e-05,4.27,4.174
13269713,5.3769e-05,6.706502019291793e-05,4.269,4.174
22702330,5.378501e-05,6.710733250849705e-05,4.269,4.173
11418756,5.390735e-05,6.714964482407618e-05,4.268,4.173
6602823,5.394204e-05,6.723426945523444e-05,4.268,4.172
8739577,5.401822e-05,6.727658177081357e-05,4.267,4.172
4628454,5.415716e-05,6.740351871755095e-05,4.266,4.171
17815124,5.428381e-05,6.757276797986747e-05,4.265,4.17
8683022,5.433602e-05,6.769970492660484e-05,4.265,4.169
18033487,5.44477e-05,6.774201724218397e-05,4.264,4.169
7735330,5.451063e-05,6.786895418892135e-05,4.264,4.168
10486038,5.461798e-05,6.791126650450048e-05,4.263,4.168
10959045,5.464247e-05,6.795357882007961e-05,4.262,4.168
17308684,5.476754e-05,6.803820345123787e-05,4.261,4.167
5183881,5.481156e-05,6.816514039797525e-05,4.261,4.166
15110947,5.489321e-05,6.820745271355438e-05,4.26,4.166
8578499,5.492995e-05,6.833438966029177e-05,4.26,4.165
1295214,5.501758e-05,6.841901429145002e-05,4.259,4.165
14097813,5.505598e-05,6.850363892260828e-05,4.259,4.164
2086168,5.511198e-05,6.863057586934566e-05,4.259,4.163
10452178,5.517062e-05,6.867288818492479e-05,4.258,4.163
2279560,5.526134e-05,6.879982513166218e-05,4.258,4.162
5583019,5.528192e-05,6.888444976282042e-05,4.257,4.162
21894756,5.532719e-05,6.896907439397869e-05,4.257,4.161
20081791,5.555536e-05,6.909601134071608e-05,4.255,4.161
13269718,5.556742e-05,6.913832365629519e-05,4.255,4.16
23553823,5.566175e-05,6.926526060303258e-05,4.254,4.159
12244340,5.569071e-05,6.943450986534909e-05,4.254,4.158
6602886,5.579722e-05,6.960375912766561e-05,4.253,4.157
16998633,5.586685e-05,6.977300838998212e-05,4.253,4.156
8126197,5.58937e-05,6.994225765229863e-05,4.253,4.155
233556,5.594128e-05,6.998456996787776e-05,4.252,4.155
5118115,5.596561e-05,7.006919459903602e-05,4.252,4.154
15748944,5.605695e-05,7.023844386135253e-05,4.251,4.153
8126068,5.618751e-05,7.040769312366903e-05,4.25,4.152
15267315,5.634515e-05,7.057694238598556e-05,4.249,4.151
4398500,5.643827e-05,7.061925470156469e-05,4.248,4.151
1867846,5.656422e-05,7.070387933272293e-05,4.247,4.151
18932434,5.659792e-05,7.074619164830206e-05,4.247,4.15
14382603,5.702782e-05,7.091544091061857e-05,4.244,4.149
11855185,5.713613e-05,7.100006554177683e-05,4.243,4.149
2898588,5.72085e-05,7.104237785735596e-05,4.243,4.148
22160308,5.726452e-05,7.108469017293509e-05,4.242,4.148
17853123,5.735002e-05,7.121162711967247e-05,4.241,4.147
980634,5.744211e-05,7.138087638198899e-05,4.241,4.146
13625265,5.74958e-05,7.150781332872637e-05,4.24,4.146
5379273,5.757559e-05,7.15501256443055e-05,4.24,4.145
11062873,5.763671e-05,7.159243795988463e-05,4.239,4.145
15267335,5.775471e-05,7.167706259104287e-05,4.238,4.145
22342053,5.783449e-05,7.1719374906622e-05,4.238,4.144
11133407,5.794936e-05,7.188862416893853e-05,4.237,4.143
15110978,5.801029e-05,7.197324880009677e-05,4.236,4.143
22445454,5.807341e-05,7.205787343125503e-05,4.236,4.142
1867847,5.816318e-05,7.222712269357154e-05,4.235,4.141
23195748,5.833174e-05,7.23117473247298e-05,4.234,4.141
980584,5.835373e-05,7.239637195588806e-05,4.234,4.14
980632,5.84126e-05,7.243868427146718e-05,4.233,4.14
7469462,5.859734e-05,7.252330890262544e-05,4.232,4.14
17152924,5.8605e-05,7.256562121820457e-05,4.232,4.139
1596228,5.869734e-05,7.265024584936283e-05,4.231,4.139
21894735,5.8776e-05,7.273487048052108e-05,4.231,4.138
980629,5.884987e-05,7.277718279610021e-05,4.23,4.138
23554080,5.894072e-05,7.29041197428376e-05,4.23,4.137
23553833,5.898758e-05,7.294643205841672e-05,4.229,4.137
10761358,5.899853e-05,7.303105668957498e-05,4.229,4.136
8126229,5.90405e-05,7.320030595189148e-05,4.229,4.135
8126397,5.912184e-05,7.332724289862887e-05,4.228,4.135
13625283,5.912765e-05,7.3369555214208e-05,4.228,4.134
18016569,5.92408e-05,7.353880447652451e-05,4.227,4.133
6873487,5.936815e-05,7.370805373884102e-05,4.226,4.132
23605927,5.946528e-05,7.387730300115754e-05,4.226,4.131
2792321,5.950431e-05,7.391961531673667e-05,4.225,4.131
8208860,5.96419e-05,7.400423994789492e-05,4.224,4.131
16351015,5.964903e-05,7.404655226347405e-05,4.224,4.13
18544024,5.973994e-05,7.425811384136969e-05,4.224,4.129
13724264,5.978978e-05,7.434273847252795e-05,4.223,4.129
16954494,5.995252e-05,7.442736310368621e-05,4.222,4.128
16205177,6.005942e-05,7.455430005042359e-05,4.221,4.128
12101003,6.007261e-05,7.459661236600272e-05,4.221,4.127
1255743,6.018826e-05,7.472354931274009e-05,4.22,4.127
7103556,6.036637e-05,7.476586162831922e-05,4.219,4.126
1867856,6.045747e-05,7.493511089063574e-05,4.219,4.125
11981741,6.050377e-05,7.497742320621486e-05,4.218,4.125
21939176,6.066517e-05,7.506204783737312e-05,4.217,4.125
1329199,6.071401e-05,7.510436015295225e-05,4.217,4.124
23064236,6.079877e-05,7.523129709968963e-05,4.216,4.124
20950346,6.081268e-05,7.527360941526876e-05,4.216,4.123
21433354,6.101606e-05,7.535823404642702e-05,4.215,4.123
23553962,6.105162e-05,7.540054636200615e-05,4.214,4.123
3239807,6.123581e-05,7.544285867758528e-05,4.213,4.122
5265854,6.145355e-05,7.561210793990179e-05,4.211,4.121
7183911,6.152459e-05,7.57813572022183e-05,4.211,4.12
6792233,6.161845e-05,7.590829414895569e-05,4.21,4.12
4606389,6.166602e-05,7.595060646453482e-05,4.21,4.119
2789794,6.175416e-05,7.603523109569306e-05,4.209,4.119
18033372,6.186725e-05,7.616216804243046e-05,4.209,4.118
577447,6.188054e-05,7.620448035800959e-05,4.208,4.118
13995339,6.196369e-05,7.633141730474696e-05,4.208,4.117
13161244,6.202535e-05,7.645835425148435e-05,4.207,4.117
12875043,6.212608e-05,7.650066656706347e-05,4.207,4.116
12659169,6.218336e-05,7.65429788826426e-05,4.206,4.116
15504649,6.235918e-05,7.662760351380086e-05,4.205,4.116
22871259,6.236187e-05,7.666991582937999e-05,4.205,4.115
10048358,6.248817e-05,7.679685277611737e-05,4.204,4.115
11603554,6.252036e-05,7.68391650916965e-05,4.204,4.114
20440866,6.262428e-05,7.692378972285476e-05,4.203,4.114
10609434,6.284995e-05,7.7008414354013e-05,4.202,4.113
8126321,6.290197e-05,7.709303898517127e-05,4.201,4.113
13584376,6.303131e-05,7.717766361632953e-05,4.2,4.113
6602848,6.304902e-05,7.721997593190866e-05,4.2,4.112
678265,6.31633e-05,7.738922519422517e-05,4.2,4.111
22340129,6.323881e-05,7.74315375098043e-05,4.199,4.111
13724177,6.329713e-05,7.755847445654167e-05,4.199,4.11
22533069,6.33468e-05,7.76007867721208e-05,4.198,4.11
14043506,6.344963e-05,7.77277237188582e-05,4.198,4.109
19667584,6.352581e-05,7.777003603443731e-05,4.197,4.109
9786814,6.357214e-05,7.78969729811747e-05,4.197,4.108
2792144,6.363088e-05,7.810853455907034e-05,4.196,4.107
22958587,6.377113e-05,7.823547150580773e-05,4.195,4.107
23196375,6.379593e-05,7.827778382138685e-05,4.195,4.106
20440943,6.39048e-05,7.836240845254511e-05,4.194,4.106
8126378,6.396968e-05,7.844703308370337e-05,4.194,4.105
14097601,6.404741e-05,7.853165771486162e-05,4.193,4.105
8265536,6.411871e-05,7.861628234601988e-05,4.193,4.104
11175422,6.42154e-05,7.870090697717814e-05,4.192,4.104
19357378,6.439414e-05,7.882784392391551e-05,4.191,4.103
11576573,6.449196e-05,7.899709318623204e-05,4.19,4.102
12067182,6.47302e-05,7.912403013296941e-05,4.189,4.102
19166475,6.483181e-05,7.916634244854854e-05,4.188,4.101
21432619,6.498963e-05,7.92509670797068e-05,4.187,4.101
9850271,6.509266e-05,7.937790402644418e-05,4.186,4.1
142960,6.518797e-05,7.954715328876069e-05,4.186,4.099
21375170,6.525358e-05,7.967409023549808e-05,4.185,4.099
23263073,6.526745e-05,7.971640255107721e-05,4.185,4.098
20440961,6.539425e-05,7.984333949781459e-05,4.184,4.098
578185,6.541861e-05,7.992796412897285e-05,4.184,4.097
20365655,6.556476e-05,8.009721339128936e-05,4.183,4.096
2792383,6.572911e-05,8.018183802244762e-05,4.182,4.096
14463813,6.579222e-05,8.026646265360588e-05,4.182,4.095
14511609,6.594025e-05,8.047802423150151e-05,4.181,4.094
9850003,6.601781e-05,8.064727349381802e-05,4.18,4.093
18932471,6.616561e-05,8.081652275613453e-05,4.179,4.092
18033373,6.630484e-05,8.094345970287192e-05,4.178,4.092
20611719,6.638165e-05,8.102808433403018e-05,4.178,4.091
19921633,6.649766e-05,8.119733359634669e-05,4.177,4.09
23256161,6.658102e-05,8.140889517424233e-05,4.177,4.089
9850004,6.660512e-05,8.145120748982146e-05,4.176,4.089
3239797,6.666349e-05,8.157814443655883e-05,4.176,4.088
19581363,6.679535e-05,8.16627690677171e-05,4.175,4.088
13613732,6.685412e-05,8.178970601445449e-05,4.175,4.087
9850012,6.69168e-05,8.187433064561273e-05,4.174,4.087
17346282,6.70214e-05,8.195895527677099e-05,4.174,4.086
9850044,6.70794e-05,8.204357990792925e-05,4.173,4.086
4188221,6.711097e-05,8.217051685466663e-05,4.173,4.085
20365676,6.724191e-05,8.225514148582489e-05,4.172,4.085
14464493,6.725877e-05,8.233976611698314e-05,4.172,4.084
12497369,6.733429e-05,8.250901537929966e-05,4.172,4.083
22414493,6.743821e-05,8.255132769487879e-05,4.171,4.083
16972498,6.75316e-05,8.27205769571953e-05,4.17,4.082
12244366,6.782808e-05,8.284751390393267e-05,4.169,4.082
18040572,6.788136e-05,8.28898262195118e-05,4.168,4.081
22560940,6.795637e-05,8.310138779740744e-05,4.168,4.08
18932507,6.800967e-05,8.327063705972396e-05,4.167,4.08
1843303,6.80161e-05,8.33129493753031e-05,4.167,4.079
6073987,6.819345e-05,8.34821986376196e-05,4.166,4.078
16162299,6.825642e-05,8.369376021551524e-05,4.166,4.077
12244336,6.834341e-05,8.37783848466735e-05,4.165,4.077
11321772,6.850248e-05,8.386300947783175e-05,4.164,4.076
12244330,6.865195e-05,8.394763410899001e-05,4.163,4.076
21375203,6.880191e-05,8.403225874014827e-05,4.162,4.076
113838,6.886057e-05,8.40745710557274e-05,4.162,4.075
19581461,6.89902e-05,8.42438203180439e-05,4.161,4.074
6570389,6.912396e-05,8.437075726478128e-05,4.16,4.074
20638763,6.913669e-05,8.445538189593954e-05,4.16,4.073
23263044,6.927193e-05,8.462463115825605e-05,4.159,4.073
12244310,6.940045e-05,8.466694347383518e-05,4.159,4.072
13089080,6.946175e-05,8.475156810499344e-05,4.158,4.072
142417,6.955472e-05,8.48361927361517e-05,4.158,4.071
16889502,6.959678e-05,8.487850505173082e-05,4.157,4.071
1472316,6.969604e-05,8.504775431404734e-05,4.157,4.07
5455287,6.982587e-05,8.517469126078472e-05,4.156,4.07
21494421,6.996094e-05,8.521700357636385e-05,4.155,4.069
16560707,7.00026e-05,8.542856515425949e-05,4.155,4.068
695314,7.010937e-05,8.547087746983862e-05,4.154,4.068
21894722,7.023959e-05,8.564012673215512e-05,4.153,4.067
16437067,7.028915e-05,8.580937599447165e-05,4.153,4.066
2625859,7.037647e-05,8.602093757236728e-05,4.153,4.065
10816551,7.039723e-05,8.606324988794641e-05,4.152,4.065
9850212,7.060419e-05,8.623249915026292e-05,4.151,4.064
14788497,7.072453e-05,8.627481146584205e-05,4.15,4.064
18215881,7.076197e-05,8.640174841257943e-05,4.15,4.063
3045324,7.102517e-05,8.652868535931682e-05,4.149,4.063
14527606,7.105565e-05,8.657099767489595e-05,4.148,4.063
14097675,7.106884e-05,8.661330999047508e-05,4.148,4.062
11860038,7.115157e-05,8.682487156837072e-05,4.148,4.061
16392230,7.120452e-05,8.690949619952897e-05,4.147,4.061
16560721,7.127898e-05,8.703643314626636e-05,4.147,4.06
2105903,7.146966e-05,8.720568240858286e-05,4.146,4.059
12413064,7.154637e-05,8.729030703974112e-05,4.145,4.059
6602915,7.173503e-05,8.737493167089939e-05,4.144,4.059
1303620,7.17512e-05,8.74172439864785e-05,4.144,4.058
4697551,7.194909e-05,8.762880556437415e-05,4.143,4.057
2803261,7.207636e-05,8.775574251111153e-05,4.142,4.057
2207467,7.218436e-05,8.784036714226979e-05,4.142,4.056
18033376,7.219676e-05,8.788267945784892e-05,4.141,4.056
15463465,7.237089e-05,8.80096164045863e-05,4.14,4.055
12497386,7.256872e-05,8.805192872016543e-05,4.139,4.055
8722024,7.271793e-05,8.817886566690281e-05,4.138,4.055
12497381,7.272988e-05,8.822117798248194e-05,4.138,4.054
14646063,7.280818e-05,8.843273956037757e-05,4.138,4.053
10160920,7.286741e-05,8.86019888226941e-05,4.137,4.053
577750,7.286845e-05,8.864430113827323e-05,4.137,4.052
11418973,7.297366e-05,8.885586271616886e-05,4.137,4.051
12497382,7.303741e-05,8.894048734732711e-05,4.136,4.051
14532703,7.316509e-05,8.902511197848537e-05,4.136,4.05
3232217,7.3226e-05,8.915204892522276e-05,4.135,4.05
17152412,7.325967e-05,8.923667355638101e-05,4.135,4.049
3113748,7.337054e-05,8.93636105031184e-05,4.134,4.049
1645648,7.340927e-05,8.944823513427665e-05,4.134,4.048
21375096,7.358445e-05,8.96597967121723e-05,4.133,4.047
12497367,7.371513e-05,8.987135829006794e-05,4.132,4.046
5380864,7.387655e-05,9.004060755238444e-05,4.131,4.046
8721983,7.388741e-05,9.008291986796357e-05,4.131,4.045
5161728,7.403232e-05,9.029448144585921e-05,4.131,4.044
16550295,7.406149e-05,9.033679376143834e-05,4.13,4.044
10296008,7.420685e-05,9.050604302375485e-05,4.13,4.043
3239637,7.421734e-05,9.054835533933398e-05,4.129,4.043
12497383,7.432402e-05,9.071760460165049e-05,4.129,4.042
6203171,7.444245e-05,9.075991691722962e-05,4.128,4.042
9850264,7.459659e-05,9.084454154838788e-05,4.127,4.042
1329007,7.467906e-05,9.088685386396701e-05,4.127,4.041
21894706,7.473208e-05,9.092916617954614e-05,4.126,4.041
13221903,7.490383e-05,9.109841544186265e-05,4.125,4.04
16560691,7.509368e-05,9.126766470417916e-05,4.124,4.04
8123999,7.510153e-05,9.130997701975829e-05,4.124,4.039
274960,7.525151e-05,9.147922628207479e-05,4.123,4.039
576430,7.532199e-05,9.152153859765392e-05,4.123,4.038
16560692,7.543886e-05,9.164847554439131e-05,4.122,4.038
13324527,7.561619e-05,9.173310017554956e-05,4.121,4.037
2792283,7.584658e-05,9.194466175344521e-05,4.12,4.036
12875145,7.596222e-05,9.202928638460346e-05,4.119,4.036
23605929,7.624829e-05,9.207159870018259e-05,4.118,4.036
6388625,7.62931e-05,9.215622333134085e-05,4.118,4.035
7446866,7.636878e-05,9.219853564691998e-05,4.117,4.035
1472318,7.647309e-05,9.232547259365736e-05,4.116,4.035
10701546,7.654144e-05,9.236778490923649e-05,4.116,4.034
21375087,7.665037e-05,9.257934648713213e-05,4.115,4.033
4835691,7.684455e-05,9.262165880271126e-05,4.114,4.033
3014049,7.708477e-05,9.274859574944863e-05,4.113,4.033
1326822,7.712335e-05,9.279090806502776e-05,4.113,4.032
13055099,7.718541e-05,9.28332203806069e-05,4.112,4.032
11804457,7.735842e-05,9.30024696429234e-05,4.111,4.032
10833549,7.740425e-05,9.304478195850253e-05,4.111,4.031
14532947,7.751244e-05,9.325634353639817e-05,4.111,4.03
2319965,7.75901e-05,9.32986558519773e-05,4.11,4.03
10160949,7.765829e-05,9.346790511429382e-05,4.11,4.029
21375204,7.778848e-05,9.355252974545207e-05,4.109,4.029
6325346,7.789663e-05,9.367946669218946e-05,4.108,4.028
5121102,7.807514e-05,9.384871595450597e-05,4.107,4.028
9850069,7.817003e-05,9.38910282700851e-05,4.107,4.027
747752,7.832274e-05,9.410258984798074e-05,4.106,4.026
22839219,7.849022e-05,9.414490216355987e-05,4.105,4.026
6356285,7.857449e-05,9.431415142587637e-05,4.105,4.025
21953712,7.865845e-05,9.439877605703463e-05,4.104,4.025
18274827,7.875571e-05,9.452571300377201e-05,4.104,4.024
9850072,7.884351e-05,9.461033763493027e-05,4.103,4.024
15749355,7.887069e-05,9.473727458166766e-05,4.103,4.023
12993207,7.89772e-05,9.482189921282591e-05,4.102,4.023
6388471,7.912806e-05,9.499114847514243e-05,4.102,4.022
18470369,7.918589e-05,9.507577310630068e-05,4.101,4.022
445422,7.929923e-05,9.520271005303807e-05,4.101,4.021
5121093,7.93546e-05,9.528733468419632e-05,4.1,4.021
18461442,7.950272e-05,9.541427163093371e-05,4.1,4.02
5269186,7.954961e-05,9.549889626209197e-05,4.099,4.02
13288196,7.970915e-05,9.562583320882934e-05,4.098,4.019
2792164,7.990139e-05,9.575277015556674e-05,4.097,4.019
10915644,7.998192e-05,9.583739478672498e-05,4.097,4.018
10423815,8.014976e-05,9.604895636462062e-05,4.096,4.018
2849579,8.018848e-05,9.609126868019975e-05,4.096,4.017
9850229,8.033276e-05,9.630283025809539e-05,4.095,4.016
23553670,8.05494e-05,9.651439183599104e-05,4.094,4.015
15749717,8.07319e-05,9.659901646714929e-05,4.093,4.015
21375175,8.081003e-05,9.672595341388668e-05,4.093,4.014
13336544,8.092063e-05,9.67682657294658e-05,4.092,4.014
1802520,8.100681e-05,9.689520267620319e-05,4.091,4.014
9850149,8.103323e-05,9.697982730736145e-05,4.091,4.013
138364,8.116102e-05,9.719138888525708e-05,4.091,4.012
14526637,8.119617e-05,9.727601351641533e-05,4.09,4.012
21375213,8.136033e-05,9.740295046315272e-05,4.09,4.011
2556113,8.138897e-05,9.744526277873185e-05,4.089,4.011
237578,8.151264e-05,9.761451204104836e-05,4.089,4.01
15421588,8.156724e-05,9.765682435662749e-05,4.088,4.01
5900175,8.183166e-05,9.786838593452313e-05,4.087,4.009
2051879,8.199715e-05,9.803763519683964e-05,4.086,4.009
578120,8.20215e-05,9.807994751241877e-05,4.086,4.008
3801753,8.212027e-05,9.82915090903144e-05,4.086,4.007
16550724,8.213649e-05,9.833382140589353e-05,4.085,4.007
2153779,8.232551e-05,9.854538298378917e-05,4.084,4.006
18016570,8.253007e-05,9.875694456168482e-05,4.083,4.005
6367089,8.288821e-05,9.88838815084222e-05,4.082,4.005
5121110,8.299167e-05,9.892619382400133e-05,4.081,4.005
2792124,8.305351e-05,9.901081845515959e-05,4.081,4.004
1933768,8.310295e-05,9.913775540189697e-05,4.08,4.004
16658623,8.31733e-05,9.922238003305523e-05,4.08,4.003
994248,8.322277e-05,9.943394161095087e-05,4.08,4.002
23113845,8.328426e-05,9.956087855768824e-05,4.079,4.002
23554209,8.343546e-05,9.968781550442564e-05,4.079,4.001
5218043,8.350008e-05,9.973012782000477e-05,4.078,4.001
17905973,8.364435e-05,9.989937708232127e-05,4.078,4.0
578802,8.367941e-05,9.99416893979004e-05,4.077,4.0
13711589,8.376452e-05,0.00010015325097579604,4.077,3.999
12144912,8.390507e-05,0.0001002378756069543,4.076,3.999
23553671,8.404328e-05,0.00010036481255369168,4.075,3.998
5899313,8.421665e-05,0.00010061868644716645,4.075,3.997
5568629,8.424298e-05,0.00010070331107832471,4.074,3.997
11418822,8.439669e-05,0.00010083024802506209,4.074,3.996
21386908,8.446935e-05,0.00010091487265622035,4.073,3.996
19425563,8.456723e-05,0.00010104180960295774,4.073,3.995
10164810,8.478566e-05,0.00010125337118085338,4.072,3.995
1933861,8.485641e-05,0.0001012956834964325,4.071,3.994
5574401,8.49844e-05,0.00010154955738990727,4.071,3.993
14405354,8.507298e-05,0.00010163418202106552,4.07,3.993
11258342,8.52325e-05,0.00010171880665222378,4.069,3.993
9427134,8.52358e-05,0.00010176111896780291,4.069,3.992
16392243,8.546785e-05,0.00010197268054569855,4.068,3.992
8386146,8.552588e-05,0.00010201499286127768,4.068,3.991
575260,8.56187e-05,0.00010222655443917332,4.067,3.99
13737947,8.580872e-05,0.0001023534913859107,4.066,3.99
22068045,8.590458e-05,0.00010248042833264809,4.066,3.989
11418813,8.604192e-05,0.00010252274064822722,4.065,3.989
18973286,8.617216e-05,0.00010269198991054372,4.065,3.988
10182342,8.623563e-05,0.00010273430222612285,4.064,3.988
3239981,8.642603e-05,0.00010294586380401849,4.063,3.987
18487129,8.655995e-05,0.00010315742538191413,4.063,3.986
9850101,8.666733e-05,0.00010324205001307239,4.062,3.986
1327178,8.681164e-05,0.00010336898695980977,4.061,3.986
21984993,8.682327e-05,0.0001034112992753889,4.061,3.985
8124256,8.702493e-05,0.00010349592390654716,4.06,3.985
1780577,8.716162e-05,0.00010366517316886367,4.06,3.984
445346,8.73332e-05,0.0001037074854844428,4.059,3.984
7894042,8.742903e-05,0.00010374979780002193,4.058,3.984
12497395,8.756759e-05,0.0001038767347467593,4.058,3.983
19581422,8.764959e-05,0.00010391904706233843,4.057,3.983
17154052,8.789651e-05,0.0001040036716934967,4.056,3.983
22068631,8.792374e-05,0.00010413060864023407,4.056,3.982
578891,8.803334e-05,0.0001042998579025506,4.055,3.982
7450467,8.812687e-05,0.00010438448253370884,4.055,3.981
9850105,8.821141e-05,0.00010459604411160449,4.054,3.98
18927072,8.847887e-05,0.00010480760568950013,4.053,3.98
10015884,8.848107e-05,0.00010484991800507926,4.053,3.979
15749715,8.866294e-05,0.0001050614795829749,4.052,3.979
17854181,8.866348e-05,0.00010510379189855403,4.052,3.978
9850110,8.878613e-05,0.0001053576657920288,4.052,3.977
8124956,8.883416e-05,0.00010544229042318704,4.051,3.977
9240923,8.88997e-05,0.00010556922736992443,4.051,3.976
7872308,8.902843e-05,0.00010569616431666181,4.05,3.976
5390463,8.908388e-05,0.0001058231012633992,4.05,3.975
23553745,8.928792e-05,0.00010590772589455745,4.049,3.975
11321630,8.940055e-05,0.00010607697515687397,4.049,3.974
15267548,8.945694e-05,0.0001061192874724531,4.048,3.974
4110483,8.965854e-05,0.00010633084905034874,4.047,3.973
9941157,8.985826e-05,0.00010654241062824438,4.046,3.972
16289991,8.996487e-05,0.00010679628452171914,4.046,3.971
13764335,9.008451e-05,0.00010692322146845652,4.045,3.971
11321561,9.030547e-05,0.00010705015841519391,4.044,3.97
3071329,9.052346e-05,0.00010721940767751042,4.043,3.97
8125765,9.059267e-05,0.00010730403230866868,4.043,3.969
21462337,9.07245e-05,0.00010734634462424781,4.042,3.969
12613520,9.088831e-05,0.00010755790620214345,4.041,3.968
1321157,9.113447e-05,0.00010776946778003909,4.04,3.968
11648588,9.115338e-05,0.00010781178009561822,4.04,3.967
23263618,9.138244e-05,0.00010802334167351386,4.039,3.966
23605962,9.152966e-05,0.00010815027862025125,4.038,3.966
19147817,9.173948e-05,0.00010827721556698862,4.037,3.965
3523079,9.187786e-05,0.00010853108946046339,4.037,3.964
6388814,9.199371e-05,0.00010861571409162165,4.036,3.964
14462553,9.215617e-05,0.0001087003387227799,4.035,3.964
22952134,9.216351e-05,0.00010878496335393816,4.035,3.963
16550682,9.241885e-05,0.00010903883724741293,4.034,3.962
7583964,9.256293e-05,0.0001092927111408877,4.034,3.961
15361397,9.258346e-05,0.00010937733577204596,4.033,3.961
20446566,9.284409e-05,0.0001094619604032042,4.032,3.961
13055474,9.292027e-05,0.00010954658503436246,4.032,3.96
2792115,9.306395e-05,0.00010967352198109986,4.031,3.96
18164130,9.315468e-05,0.00010980045892783723,4.031,3.959
9026971,9.325264e-05,0.00010984277124341636,4.03,3.959
5720184,9.349037e-05,0.00011001202050573287,4.029,3.959
2104623,9.349956e-05,0.000110054332821312,4.029,3.958
6793378,9.366113e-05,0.00011026589439920764,4.028,3.958
12019422,9.385687e-05,0.00011030820671478677,4.028,3.957
6602751,9.389997e-05,0.0001103505190303659,4.027,3.957
12681015,9.413324e-05,0.00011056208060826154,4.026,3.956
21298781,9.431283e-05,0.00011073132987057804,4.025,3.956
7276656,9.440732e-05,0.0001108159545017363,4.025,3.955
19088995,9.453944e-05,0.00011085826681731544,4.024,3.955
3239625,9.481199e-05,0.00011102751607963194,4.023,3.955
19444408,9.483404e-05,0.00011106982839521107,4.023,3.954
1303391,9.499738e-05,0.0001111121407107902,4.022,3.954
15111015,9.522498e-05,0.00011128138997310671,4.021,3.954
640245,9.53236e-05,0.00011132370228868584,4.021,3.953
10326684,9.548399e-05,0.00011149295155100235,4.02,3.953
3523035,9.556328e-05,0.00011157757618216061,4.02,3.952
5100389,9.561724e-05,0.00011161988849773974,4.019,3.952
22068039,9.576966e-05,0.00011183145007563538,4.019,3.951
3045385,9.589654e-05,0.00011187376239121451,4.018,3.951
1303681,9.601535e-05,0.00011208532396911015,4.018,3.95
8073165,9.605989e-05,0.00011212763628468928,4.017,3.95
237633,9.622195e-05,0.00011233919786258491,4.017,3.949
11540738,9.627427e-05,0.0001124661348093223,4.016,3.949
640154,9.647617e-05,0.00011259307175605968,4.016,3.948
980590,9.655251e-05,0.00011267769638721794,4.015,3.948
15111260,9.672918e-05,0.00011284694564953445,4.014,3.948
581289,9.682112e-05,0.00011288925796511358,4.014,3.947
15547785,9.703595e-05,0.00011301619491185096,4.013,3.947
18670902,9.711771e-05,0.00011314313185858835,4.013,3.946
3844237,9.719338e-05,0.00011318544417416748,4.012,3.946
14097717,9.745197e-05,0.00011331238112090486,4.011,3.946
8072882,9.755055e-05,0.00011339700575206312,4.011,3.945
10609431,9.772093e-05,0.00011343931806764225,4.01,3.945
5504584,9.786104e-05,0.00011360856732995876,4.009,3.945
23555021,9.786898e-05,0.00011365087964553789,4.009,3.944
6602772,9.814187e-05,0.00011377781659227526,4.008,3.944
5332019,9.818727e-05,0.00011390475353901265,4.008,3.943
23605926,9.840901e-05,0.00011407400280132916,4.007,3.943
1303323,9.848446e-05,0.00011415862743248742,4.007,3.942
16842678,9.86022e-05,0.0001142855643792248,4.006,3.942
14532328,9.867151e-05,0.00011445481364154132,4.006,3.941
9690406,9.880088e-05,0.00011449712595712045,4.005,3.941
5581595,9.900223e-05,0.00011470868753501609,4.004,3.94
19277089,9.921923e-05,0.00011492024911291173,4.003,3.94
19581545,9.923097e-05,0.00011496256142849086,4.003,3.939
640278,9.949972e-05,0.00011521643532196563,4.002,3.938
11852533,9.966236e-05,0.00011530105995312387,4.001,3.938
445358,9.987263e-05,0.00011551262153101952,4.001,3.937
18049210,9.991028e-05,0.00011559724616217777,4.0,3.937
11732220,0.0001001543,0.00011572418310891516,3.999,3.937
19754878,0.0001001548,0.00011576649542449429,3.999,3.936
23117824,0.0001003142,0.00011602036931796906,3.999,3.935
21375141,0.0001004251,0.00011610499394912731,3.998,3.935
22540574,0.0001007228,0.0001162319308958647,3.997,3.935
9008669,0.0001008383,0.00011631655552702294,3.996,3.934
17258217,0.0001010795,0.0001165281171049186,3.995,3.934
23039700,0.0001010997,0.00011657042942049771,3.995,3.933
20440856,0.000101237,0.00011682430331397248,3.995,3.932
21076603,0.0001013681,0.00011686661562955161,3.994,3.932
1855252,0.0001015178,0.00011703586489186813,3.993,3.932
9765585,0.0001017243,0.00011712048952302638,3.993,3.931
9850040,0.0001017993,0.00011716280183860551,3.992,3.931
7555898,0.0001019682,0.00011737436341650115,3.992,3.93
14097712,0.000101995,0.00011741667573208028,3.991,3.93
9912872,0.000102227,0.00011762823730997592,3.99,3.929
11418824,0.0001023775,0.00011792442351902981,3.99,3.928
15748432,0.0001024579,0.0001180513604657672,3.989,3.928
1329019,0.0001026452,0.00011817829741250458,3.989,3.927
21695997,0.0001026955,0.00011826292204366284,3.988,3.927
8779257,0.0001028188,0.00011847448362155848,3.988,3.926
11860268,0.0001029734,0.00011864373288387499,3.987,3.926
22540597,0.0001031926,0.00011868604519945412,3.986,3.926
13331130,0.0001031939,0.00011872835751503325,3.986,3.925
15865866,0.0001034233,0.00011898223140850802,3.985,3.925
1843138,0.0001034661,0.00011902454372408715,3.985,3.924
5135053,0.0001036391,0.00011927841761756192,3.984,3.923
22582172,0.0001038759,0.00011948997919545755,3.983,3.923
22369301,0.0001039475,0.00011957460382661581,3.983,3.922
39740,0.0001041935,0.00011974385308893232,3.982,3.922
11616217,0.0001042696,0.00011982847772009058,3.982,3.921
8127168,0.0001043847,0.00011999772698240709,3.981,3.921
11576306,0.0001044215,0.00012012466392914447,3.981,3.92
3558883,0.000104617,0.00012025160087588186,3.98,3.92
21695995,0.0001047895,0.00012037853782261924,3.98,3.919
1375492,0.0001048764,0.0001204631624537775,3.979,3.919
6325312,0.000104959,0.00012067472403167313,3.979,3.918
7536089,0.0001050798,0.0001209285979251479,3.978,3.917
445340,0.0001052927,0.0001212247841342018,3.978,3.916
11063211,0.0001054235,0.00012135172108093919,3.977,3.916
23605983,0.0001056604,0.0001215209703432557,3.976,3.915
17196702,0.0001058437,0.00012164790728999308,3.975,3.915
13492648,0.0001059125,0.00012177484423673047,3.975,3.914
14532765,0.0001060837,0.00012190178118346784,3.974,3.914
445783,0.0001062213,0.00012207103044578437,3.974,3.913
6980594,0.000106328,0.00012219796739252174,3.973,3.913
3240066,0.0001063868,0.00012232490433925912,3.973,3.912
15748718,0.0001065715,0.00012240952897041738,3.972,3.912
14425065,0.0001068435,0.00012253646591715476,3.971,3.912
18033279,0.0001069422,0.00012262109054831302,3.971,3.911
3239145,0.000107037,0.00012274802749505042,3.97,3.911
19106753,0.0001071931,0.00012291727675736692,3.97,3.91
4368472,0.0001072945,0.00012295958907294606,3.969,3.91
4742053,0.0001075408,0.00012308652601968344,3.968,3.91
16896281,0.0001076146,0.0001231711506508417,3.968,3.909
5390511,0.0001077732,0.0001233403999131582,3.967,3.909
20440883,0.0001078357,0.0001234673368598956,3.967,3.908
17196793,0.0001080471,0.00012372121075337035,3.966,3.908
13646392,0.0001080579,0.0001237635230689495,3.966,3.907
17196829,0.0001082474,0.00012405970927800337,3.966,3.906
19084861,0.0001082929,0.00012414433390916163,3.965,3.906
14214857,0.000108437,0.00012431358317147815,3.965,3.905
8210310,0.0001085269,0.0001243982078026364,3.964,3.905
5218160,0.0001087063,0.00012460976938053205,3.964,3.904
13724110,0.0001087904,0.0001246943940116903,3.963,3.904
5581871,0.000108948,0.00012490595558958595,3.963,3.903
1503735,0.0001090197,0.0001249905802207442,3.962,3.903
6603507,0.0001092503,0.00012520214179863984,3.962,3.902
4764306,0.0001092829,0.0001252867664297981,3.961,3.902
16499589,0.0001095775,0.00012549832800769374,3.96,3.901
22703871,0.000109839,0.00012566757727001024,3.959,3.901
14097882,0.0001100808,0.0001257522019011685,3.958,3.9
3239389,0.0001103683,0.00012583682653232676,3.957,3.9
16252339,0.0001105617,0.00012596376347906414,3.956,3.9
21894619,0.0001105986,0.0001260483881102224,3.956,3.899
10701811,0.0001108271,0.00012630226200369718,3.955,3.899
5758165,0.0001108482,0.0001263445743192763,3.955,3.898
5344383,0.0001111278,0.00012659844821275105,3.954,3.898
14096105,0.0001111733,0.0001266407605283302,3.954,3.897
21071865,0.0001113726,0.00012676769747506757,3.953,3.897
8890828,0.0001115832,0.00012685232210622583,3.952,3.897
2320203,0.0001117367,0.0001269369467373841,3.952,3.896
23268109,0.0001118446,0.00012710619599970059,3.951,3.896
13626698,0.00011195,0.000127233132946438,3.951,3.895
6602816,0.0001120747,0.00012731775757759625,3.95,3.895
23426653,0.0001122517,0.0001275293191554919,3.95,3.894
5121127,0.0001124551,0.000127571631471071,3.949,3.894
5818193,0.0001126412,0.00012769856841780838,3.948,3.894
6078929,0.0001127736,0.0001278255053645458,3.948,3.893
6356192,0.000112878,0.0001278678176801249,3.947,3.893
23133550,0.0001131257,0.00012799475462686228,3.946,3.893
18727113,0.0001131941,0.00012812169157359966,3.946,3.892
5267029,0.0001133988,0.00012824862852033706,3.945,3.892
19581447,0.0001135282,0.00012841787778265356,3.945,3.891
1160798,0.0001136372,0.00012858712704497008,3.944,3.891
16437442,0.0001137371,0.00012871406399170746,3.944,3.89
6777981,0.0001139025,0.00012901025020076135,3.943,3.889
16351051,0.0001141647,0.00012913718714749873,3.942,3.889
17979171,0.0001144255,0.00012930643640981525,3.941,3.888
21375339,0.0001147095,0.00012960262261886915,3.94,3.887
21258296,0.0001149673,0.00012977187188118567,3.939,3.887
1432314,0.0001155014,0.00012989880882792305,3.937,3.886
13621972,0.0001158478,0.00013019499503697695,3.936,3.885
19628388,0.0001160154,0.00013049118124603085,3.935,3.884
5121133,0.0001163167,0.0001307450551395056,3.934,3.884
9458067,0.0001163567,0.00013078736745508474,3.934,3.883
1303585,0.0001165264,0.00013108355366413864,3.934,3.882
1303572,0.0001165567,0.00013112586597971776,3.933,3.882
11418673,0.0001167294,0.00013137973987319254,3.933,3.881
11885713,0.0001169461,0.00013159130145108818,3.932,3.881
8722947,0.0001169788,0.0001316759260822464,3.932,3.88
3240049,0.0001170915,0.00013180286302898382,3.931,3.88
680615,0.0001173956,0.0001319721122913003,3.93,3.88
8072335,0.0001174461,0.00013201442460687946,3.93,3.879
19298818,0.0001177684,0.00013214136155361683,3.929,3.879
3932610,0.0001179306,0.0001322682985003542,3.928,3.879
4554164,0.0001179444,0.00013231061081593335,3.928,3.878
14022792,0.0001181631,0.00013260679702498725,3.928,3.877
19974673,0.0001182344,0.00013264910934056637,3.927,3.877
17196010,0.0001184681,0.00013290298323404115,3.926,3.876
22794816,0.0001187225,0.00013319916944309502,3.925,3.875
11935531,0.0001188994,0.00013353766796772806,3.925,3.874
5708497,0.000118988,0.00013366460491446544,3.924,3.874
12683090,0.0001190784,0.00013383385417678196,3.924,3.873
3354699,0.0001193671,0.00013396079112351934,3.923,3.873
3239643,0.0001196921,0.00013413004038583586,3.922,3.872
13763211,0.000119812,0.0001343416019637315,3.921,3.872
12996985,0.000119922,0.00013446853891046888,3.921,3.871
14361914,0.0001203946,0.00013455316354162714,3.919,3.871
13241722,0.0001206506,0.00013468010048836451,3.918,3.871
6602826,0.000120914,0.00013476472511952278,3.918,3.87
11273046,0.0001209406,0.0001348070374351019,3.917,3.87
11855501,0.0001211857,0.00013506091132857667,3.917,3.869
2013194,0.0001212461,0.00013518784827531405,3.916,3.869
5270188,0.0001214053,0.0001353994098532097,3.916,3.868
9850063,0.0001215628,0.0001355686591155262,3.915,3.868
19581450,0.000121623,0.0001356955960622636,3.915,3.867
18147176,0.000121779,0.0001358648453245801,3.914,3.867
19724678,0.0001219625,0.00013599178227131749,3.914,3.866
18016210,0.000122069,0.000136161031533634,3.913,3.866
2107847,0.0001222705,0.0001363302807959505,3.913,3.865
2107503,0.0001223483,0.00013654184237384614,3.912,3.865
14635025,0.0001224354,0.0001366264670050044,3.912,3.864
2646052,0.0001227146,0.00013679571626732092,3.911,3.864
15504496,0.0001227945,0.00013696496552963744,3.911,3.863
23553731,0.0001228856,0.00013713421479195394,3.91,3.863
10824957,0.0001229929,0.0001372611517386913,3.91,3.862
14463330,0.000123202,0.0001375573379477452,3.909,3.862
19581465,0.0001232249,0.00013759965026332436,3.909,3.861
14362167,0.0001235418,0.00013781121184122,3.908,3.861
17189186,0.0001235813,0.00013789583647237825,3.908,3.86
23260748,0.0001237984,0.00013793814878795737,3.907,3.86
12100922,0.000124038,0.00013806508573469475,3.906,3.86
13724054,0.0001242347,0.00013823433499701127,3.906,3.859
5217865,0.0001243649,0.00013827664731259039,3.905,3.859
7594519,0.0001246227,0.0001384458965749069,3.904,3.859
19865342,0.0001246752,0.00013853052120606517,3.904,3.858
15688929,0.0001249263,0.00013878439509953992,3.903,3.858
17258250,0.0001250297,0.00013886901973069818,3.903,3.857
16437258,0.0001252039,0.0001390382689930147,3.902,3.857
10633250,0.0001255213,0.00013916520593975208,3.901,3.856
6418717,0.0001257901,0.0001393344552020686,3.9,3.856
97049,0.0001259409,0.00013950370446438512,3.9,3.855
2618323,0.000126061,0.0001396306414111225,3.899,3.855
1303718,0.0001262218,0.000139799890673439,3.899,3.854
1822048,0.0001263426,0.00013988451530459726,3.898,3.854
13724192,0.0001266383,0.00014001145225133466,3.897,3.854
18418836,0.0001266852,0.00014013838919807204,3.897,3.853
22907907,0.0001269424,0.00014043457540712594,3.896,3.853
3932452,0.0001269472,0.00014047688772270505,3.896,3.852
10824860,0.0001272204,0.00014073076161617983,3.895,3.852
21401146,0.0001272805,0.00014077307393175895,3.895,3.851
7099277,0.0001276954,0.00014090001087849633,3.894,3.851
657240,0.0001278243,0.00014102694782523373,3.893,3.851
11266919,0.0001279312,0.00014111157245639197,3.893,3.85
21385325,0.000128172,0.00014136544634986675,3.892,3.85
14797680,0.0001281812,0.000141450070981025,3.892,3.849
138438,0.0001284,0.00014166163255892065,3.891,3.849
996022,0.0001284188,0.0001417462571900789,3.891,3.848
13722133,0.0001287445,0.00014200013108355366,3.89,3.848
4764709,0.0001287888,0.00014208475571471192,3.89,3.847
8259589,0.0001289812,0.00014225400497702844,3.889,3.847
1822058,0.0001290796,0.00014242325423934494,3.889,3.846
18016203,0.0001293137,0.00014263481581724058,3.888,3.846
7181543,0.0001293916,0.00014276175276397798,3.888,3.845
16245518,0.0001295776,0.00014288868971071536,3.887,3.845
17258452,0.0001297928,0.00014305793897303188,3.887,3.844
22326740,0.0001299054,0.00014322718823534837,3.886,3.844
16238947,0.0001299945,0.0001433964374976649,3.886,3.843
1632284,0.0001302589,0.00014360799907556053,3.885,3.843
10824853,0.0001304747,0.0001437349360222979,3.884,3.842
1630640,0.000130798,0.00014407343454693095,3.883,3.841
10824863,0.0001309507,0.00014441193307156397,3.883,3.84
10831525,0.0001310777,0.0001445811823338805,3.882,3.84
18529471,0.0001313427,0.00014475043159619698,3.882,3.839
14797646,0.0001314387,0.00014479274391177613,3.881,3.839
13723911,0.0001317455,0.00014483505622735524,3.88,3.839
10648869,0.0001320527,0.00014504661780525088,3.879,3.838
11804644,0.0001322916,0.0001452158670675674,3.878,3.838
21562517,0.0001325022,0.0001453851163298839,3.878,3.837
7890134,0.00013265,0.00014542742864546304,3.877,3.837
10808039,0.0001328939,0.00014572361485451694,3.876,3.836
6033318,0.0001332281,0.00014593517643241258,3.875,3.836
8132944,0.0001334197,0.00014606211337914995,3.875,3.835
17189343,0.000133514,0.00014623136264146647,3.874,3.835
17153066,0.0001335585,0.00014640061190378297,3.874,3.834
23197708,0.0001338997,0.00014669679811283687,3.873,3.834
14241106,0.0001339667,0.000146739110428416,3.873,3.833
9955141,0.0001341297,0.00014682373505957427,3.872,3.833
9028387,0.0001344788,0.0001470352966374699,3.871,3.833
7583488,0.0001344832,0.00014707760895304903,3.871,3.832
14002226,0.0001348104,0.0001473314828465238,3.87,3.832
5379533,0.0001349255,0.00014741610747768204,3.87,3.831
6035164,0.0001350657,0.00014762766905557768,3.869,3.831
9851564,0.0001353139,0.00014775460600231508,3.869,3.83
9912888,0.0001353712,0.00014783923063347334,3.868,3.83
16842598,0.0001357014,0.0001480931045269481,3.867,3.829
17527522,0.0001360004,0.0001484316030515811,3.866,3.828
23611539,0.0001363133,0.00014864316462947675,3.865,3.828
21952437,0.0001363918,0.00014877010157621416,3.865,3.827
5217787,0.0001366688,0.00014893935083853065,3.864,3.827
3042708,0.0001368012,0.00014910860010084717,3.864,3.826
11321641,0.0001369496,0.00014923553704758455,3.863,3.826
1256166,0.0001371404,0.00014948941094105933,3.863,3.825
14909474,0.0001372708,0.0001496163478877967,3.862,3.825
445373,0.0001375727,0.00014974328483453408,3.861,3.825
6958009,0.0001376878,0.00014982790946569235,3.861,3.824
7958472,0.0001379421,0.00014995484641242972,3.86,3.824
5121044,0.0001382676,0.00015012409567474624,3.859,3.824
22958575,0.0001383099,0.00015016640799032536,3.859,3.823
20837690,0.0001386831,0.00015042028188380014,3.858,3.823
4835512,0.0001387172,0.0001505049065149584,3.858,3.822
22341375,0.000138843,0.00015058953114611666,3.857,3.822
11245181,0.0001390776,0.00015084340503959142,3.857,3.821
3239855,0.000139248,0.0001509703419863288,3.856,3.821
23554078,0.0001395912,0.00015118190356422443,3.855,3.821
6076676,0.0001396923,0.00015122421587980358,3.855,3.82
14616297,0.0001398594,0.0001512665281953827,3.854,3.82
23200725,0.0001401669,0.00015143577745769921,3.853,3.82
14957431,0.0001402533,0.0001515627144044366,3.853,3.819
21401064,0.000140502,0.00015181658829791137,3.852,3.819
8265569,0.0001405566,0.00015190121292906963,3.852,3.818
23553717,0.0001408375,0.00015207046219138613,3.851,3.818
13517653,0.0001409334,0.00015223971145370265,3.851,3.817
22560946,0.0001411087,0.00015240896071601917,3.85,3.817
20956404,0.0001413403,0.0001526205222939148,3.85,3.816
5594053,0.000141477,0.00015270514692507304,3.849,3.816
15362629,0.0001417591,0.00015295902081854782,3.848,3.815
11442767,0.0001420812,0.00015321289471202258,3.847,3.815
7583612,0.0001421595,0.00015329751934318084,3.847,3.814
18100025,0.0001424011,0.00015363601786781388,3.846,3.814
17870781,0.0001424293,0.000153678330183393,3.846,3.813
19921612,0.000142798,0.00015393220407686778,3.845,3.813
571096,0.0001428688,0.000154016828708026,3.845,3.812
2631925,0.0001430777,0.00015410145333918427,3.844,3.812
11616375,0.0001433918,0.0001543130149170799,3.843,3.812
14807521,0.0001433967,0.00015435532723265906,3.843,3.811
23256403,0.0001437851,0.00015452457649497555,3.842,3.811
13433121,0.0001441016,0.0001547361380728712,3.841,3.81
11541135,0.0001444888,0.0001549053873351877,3.84,3.81
6389095,0.0001448004,0.00015507463659750423,3.839,3.809
3105528,0.0001450129,0.0001554554474377164,3.839,3.808
19936661,0.0001450583,0.00015554007206887462,3.838,3.808
5833577,0.000145352,0.0001557939459623494,3.838,3.807
1715102,0.0001453988,0.00015583625827792852,3.837,3.807
20675657,0.0001457184,0.0001560901321714033,3.836,3.807
11616374,0.0001457301,0.00015617475680256156,3.836,3.806
16212810,0.0001460569,0.00015642863069603632,3.835,3.806
600402,0.0001460956,0.00015651325532719458,3.835,3.805
1714470,0.0001463962,0.00015680944153624848,3.834,3.805
8898789,0.000146418,0.00015689406616740674,3.834,3.804
3828804,0.0001467467,0.00015719025237646064,3.833,3.804
14214866,0.0001468063,0.00015723256469203975,3.833,3.803
11794806,0.0001470946,0.00015748643858551453,3.832,3.803
16560516,0.0001472021,0.0001576133755322519,3.832,3.802
15012981,0.0001475734,0.0001577826247945684,3.831,3.802
18771726,0.0001477422,0.00015795187405688493,3.83,3.801
11616165,0.0001480871,0.00015824806026593883,3.829,3.801
580564,0.0001481019,0.00015833268489709709,3.829,3.8
23609674,0.0001485055,0.00015871349573730925,3.828,3.799
12474375,0.000148765,0.000158967369630784,3.827,3.799
580203,0.000148927,0.00015905199426194226,3.827,3.798
1356729,0.0001491272,0.00015930586815541701,3.826,3.798
19416567,0.0001493337,0.00015943280510215442,3.826,3.797
14956214,0.0001494849,0.00015951742973331268,3.825,3.797
576553,0.0001495764,0.00015981361594236655,3.825,3.796
6549339,0.000149757,0.0001601521144669996,3.825,3.795
13486511,0.0001498019,0.0001601944267825787,3.824,3.795
23553774,0.0001499634,0.00016053292530721175,3.824,3.794
17366763,0.0001501459,0.0001607444868851074,3.823,3.794
11321751,0.0001503992,0.00016091373614742388,3.823,3.793
11616677,0.0001505134,0.00016112529772531952,3.822,3.793
14516563,0.0001505667,0.00016125223467205693,3.822,3.792
11893660,0.0001508629,0.00016163304551226906,3.821,3.791
7921134,0.0001512022,0.00016188691940574384,3.82,3.791
4695614,0.0001513084,0.00016201385635248122,3.82,3.79
5504575,0.0001516424,0.00016222541793037686,3.819,3.79
6367099,0.0001517912,0.00016239466719269338,3.819,3.789
17392116,0.000151912,0.00016247929182385164,3.818,3.789
3014751,0.0001521049,0.00016277547803290554,3.818,3.788
5121112,0.000152236,0.00016286010266406377,3.817,3.788
1683921,0.0001526111,0.0001630293519263803,3.816,3.788
15424775,0.0001527044,0.00016315628887311767,3.816,3.787
21396424,0.0001529513,0.0001633255381354342,3.815,3.787
16020582,0.0001531441,0.0001634947873977507,3.815,3.786
3893672,0.0001533675,0.00016353709971332983,3.814,3.786
6507056,0.0001536582,0.00016387559823796284,3.813,3.785
19921634,0.0001540765,0.00016412947213143762,3.812,3.785
2106467,0.0001541546,0.000164256409078175,3.812,3.784
23133560,0.000154349,0.00016451028297164978,3.811,3.784
7238779,0.0001544968,0.00016463721991838716,3.811,3.783
13306335,0.0001548131,0.00016493340612744106,3.81,3.783
1102136,0.0001550097,0.00016501803075859932,3.81,3.782
7706615,0.0001550974,0.0001651872800209158,3.809,3.782
15186778,0.0001552254,0.00016539884159881145,3.809,3.781
11893732,0.0001555263,0.00016561040317670712,3.808,3.781
16366878,0.0001559871,0.00016569502780786535,3.807,3.781
2279476,0.0001561391,0.0001657796524390236,3.806,3.78
832977,0.0001564171,0.00016616046327923577,3.806,3.779
5102626,0.0001565179,0.0001663297125415523,3.805,3.779
23606051,0.0001567211,0.00016654127411944793,3.805,3.778
19661610,0.0001568994,0.00016679514801292268,3.804,3.778
657942,0.0001569738,0.00016692208495966006,3.804,3.777
3045698,0.0001573639,0.0001672605834842931,3.803,3.777
3014027,0.0001573695,0.00016730289579987222,3.803,3.776
5121094,0.0001576146,0.00016759908200892612,3.802,3.776
8792732,0.0001577537,0.0001677260189556635,3.802,3.775
4555681,0.0001579712,0.00016776833127124264,3.801,3.775
3013935,0.0001581845,0.00016810682979587565,3.801,3.774
8265597,0.0001583178,0.0001681491421114548,3.8,3.774
23105977,0.0001586722,0.0001684876406360878,3.799,3.773
20422251,0.0001590421,0.00016865688989840433,3.798,3.773
5271239,0.0001593596,0.00016886845147629997,3.798,3.772
17035426,0.0001595072,0.0001689530761074582,3.797,3.772
22077320,0.0001598119,0.000169206950000933,3.796,3.772
661757,0.0001599122,0.0001692492623165121,3.796,3.771
14097722,0.0001601436,0.00016941851157882863,3.795,3.771
7989646,0.0001602663,0.00016963007315672426,3.795,3.77
13253021,0.0001605453,0.00016988394705019905,3.794,3.77
5265980,0.0001607185,0.00017005319631251554,3.794,3.769
21832790,0.0001609379,0.00017039169483714858,3.793,3.769
1320485,0.000160944,0.0001704340071527277,3.793,3.768
21375234,0.0001612675,0.00017068788104620248,3.792,3.768
8722945,0.0001615219,0.00017081481799293986,3.792,3.767
11019519,0.000161674,0.00017094175493967723,3.791,3.767
14096030,0.0001619708,0.00017123794114873113,3.791,3.766
22206121,0.0001620348,0.00017128025346431025,3.79,3.766
993677,0.0001622205,0.0001716187519889433,3.79,3.765
19754649,0.0001623955,0.00017178800125125979,3.789,3.765
11929245,0.0001625436,0.00017199956282915542,3.789,3.764
17189472,0.0001627727,0.00017216881209147195,3.788,3.764
639853,0.0001631255,0.00017238037366936758,3.787,3.764
17856553,0.0001631528,0.00017242268598494673,3.787,3.763
17189490,0.0001635587,0.00017280349682515886,3.786,3.762
9754671,0.000163958,0.00017309968303421276,3.785,3.762
21072530,0.0001640061,0.00017318430766537102,3.785,3.761
1659436,0.0001642497,0.00017348049387442492,3.784,3.761
14097866,0.0001643586,0.0001736074308211623,3.784,3.76
18405912,0.0001647558,0.00017386130471463708,3.783,3.76
6367079,0.0001648012,0.00017398824166137445,3.783,3.759
575842,0.0001650092,0.00017432674018600747,3.782,3.759
23504227,0.0001650671,0.00017441136481716573,3.782,3.758
11541023,0.0001651942,0.0001747921756573779,3.782,3.757
237703,0.0001654568,0.00017521529881316916,3.781,3.756
657314,0.0001657973,0.00017555379733780218,3.78,3.756
3013927,0.000165822,0.00017559610965338132,3.78,3.755
17258323,0.000166179,0.00017593460817801434,3.779,3.755
4629997,0.0001662923,0.0001760192328091726,3.779,3.754
18833148,0.0001666124,0.00017614616975590998,3.778,3.754
13421184,0.0001669417,0.00017635773133380561,3.777,3.754
21638173,0.0001669951,0.00017644235596496387,3.777,3.753
11258286,0.0001673112,0.00017682316680517603,3.776,3.752
15046149,0.0001677512,0.0001772462899609673,3.775,3.751
11536331,0.0001681017,0.00017745785153886295,3.774,3.751
17392039,0.0001682311,0.00017762710080117947,3.774,3.75
5134682,0.00016849,0.0001778386623790751,3.773,3.75
9850106,0.0001689568,0.00017805022395697074,3.772,3.749
21922126,0.0001692967,0.00017838872248160376,3.771,3.749
2764700,0.0001694401,0.00017847334711276202,3.771,3.748
7910208,0.0001698495,0.00017868490869065766,3.77,3.748
10049956,0.0001700317,0.00017881184563739506,3.769,3.748
8126470,0.000170035,0.0001788964702685533,3.769,3.747
23554031,0.0001703732,0.00017927728110876545,3.769,3.746
5586312,0.0001705481,0.0001793195934243446,3.768,3.746
11615962,0.0001708398,0.00017953115500224024,3.767,3.746
2209570,0.000170976,0.00017970040426455673,3.767,3.745
3069541,0.0001712269,0.0001800812151047689,3.766,3.745
3069542,0.0001712269,0.000180123527420348,3.766,3.744
1077242,0.000171606,0.00018046202594498105,3.765,3.744
3013900,0.0001716541,0.0001805466505761393,3.765,3.743
600452,0.0001720404,0.00018088514910077232,3.764,3.743
265004,0.0001720469,0.00018092746141635144,3.764,3.742
13078655,0.0001723886,0.00018118133530982622,3.763,3.742
10186407,0.0001726512,0.00018135058457214274,3.763,3.741
13625324,0.0001727854,0.00018143520920330098,3.762,3.741
15689553,0.0001732168,0.00018173139541235488,3.761,3.741
3014000,0.0001732267,0.00018177370772793402,3.761,3.74
7394935,0.0001736515,0.00018211220625256703,3.76,3.74
18927332,0.0001737334,0.0001821968308837253,3.76,3.739
1745247,0.0001740325,0.00018257764172393745,3.759,3.739
14315290,0.0001740424,0.00018261995403951657,3.759,3.738
21257457,0.0001742899,0.00018304307719530785,3.759,3.737
12329838,0.0001744061,0.00018317001414204522,3.758,3.737
8126609,0.0001747996,0.00018333926340436175,3.757,3.737
1524283,0.0001749141,0.00018346620035109912,3.757,3.736
1153469,0.0001752061,0.00018359313729783653,3.756,3.736
640002,0.0001756241,0.00018388932350689043,3.755,3.735
581312,0.0001759377,0.0001843124466626817,3.755,3.734
328219,0.0001760428,0.00018443938360941908,3.754,3.734
7873173,0.0001763723,0.00018473556981847298,3.754,3.733
22608696,0.0001764323,0.00018482019444963124,3.753,3.733
11855528,0.0001768093,0.000185074068343106,3.752,3.733
23061919,0.0001768464,0.00018515869297426425,3.752,3.732
13405925,0.0001773067,0.00018545487918331815,3.751,3.732
1822092,0.0001773922,0.00018558181613005553,3.751,3.731
1835126,0.0001776373,0.00018575106539237205,3.75,3.731
13626492,0.0001781162,0.0001860049392858468,3.749,3.73
2804338,0.0001785908,0.00018617418854816333,3.748,3.73
14797709,0.000178752,0.0001864280624416381,3.748,3.729
12839235,0.0001789837,0.00018668193633511286,3.747,3.729
15449739,0.0001793645,0.0001868934979130085,3.746,3.728
1722890,0.0001796921,0.00018710505949090414,3.745,3.728
19581128,0.0001799427,0.00018731662106879978,3.745,3.727
16560625,0.0001801481,0.00018752818264669541,3.744,3.727
14406065,0.000180411,0.00018773974422459105,3.744,3.726
22594978,0.0001805329,0.0001877820565401702,3.743,3.726
2300400,0.0001808942,0.00018816286738038235,3.743,3.725
16959063,0.00018096,0.00018828980432711973,3.742,3.725
2665184,0.0001813768,0.00018845905358943625,3.741,3.725
12423199,0.0001814537,0.00018858599053617363,3.741,3.724
6842906,0.000181777,0.00018883986442964838,3.74,3.724
240377,0.0001819565,0.00018905142600754402,3.74,3.723
2804344,0.000182211,0.00018926298758543966,3.739,3.723
18173233,0.0001824474,0.00018947454916333533,3.739,3.722
15547661,0.0001826619,0.0001896014861100727,3.738,3.722
11860324,0.0001831062,0.0001897707353723892,3.737,3.722
13614482,0.0001832432,0.0001898976723191266,3.737,3.721
14935427,0.0001834462,0.0001900669215814431,3.736,3.721
11517726,0.0001837023,0.000190363107790497,3.736,3.72
9598396,0.0001838862,0.0001906592939995509,3.735,3.72
20461130,0.0001840409,0.00019078623094628827,3.735,3.719
15547753,0.0001843119,0.00019099779252418393,3.734,3.719
13720967,0.0001845484,0.00019120935410207957,3.734,3.718
98675,0.0001847681,0.00019150554031113347,3.733,3.718
10429922,0.00018489,0.00019167478957344997,3.733,3.717
8103121,0.0001852441,0.00019180172652018734,3.732,3.717
22025838,0.0001855435,0.00019209791272924124,3.732,3.716
21128974,0.0001856177,0.0001921825373603995,3.731,3.716
6079998,0.0001859438,0.00019256334820061166,3.731,3.715
9769007,0.0001859981,0.00019260566051619078,3.73,3.715
5152685,0.0001864796,0.00019294415904082382,3.729,3.715
4128255,0.0001864989,0.00019298647135640294,3.729,3.714
21639282,0.0001868096,0.00019345190682777336,3.729,3.713
18150502,0.0001868541,0.00019349421914335247,3.728,3.713
22315445,0.0001871329,0.00019387502998356463,3.728,3.712
16403968,0.0001874126,0.00019412890387703939,3.727,3.712
11541181,0.0001876851,0.00019434046545493502,3.727,3.711
9096092,0.0001877488,0.00019442509008609328,3.726,3.711
18351774,0.0001879559,0.00019476358861072633,3.726,3.71
13059721,0.0001882528,0.0001948905255574637,3.725,3.71
4463198,0.0001886762,0.0001951867117665176,3.724,3.71
11504151,0.0001886971,0.00019522902408209672,3.724,3.709
12497465,0.000189247,0.00019556752260672973,3.723,3.709
21385329,0.0001893793,0.00019569445955346714,3.723,3.708
15748290,0.0001894838,0.0001957790841846254,3.722,3.708
2209569,0.0001897766,0.00019611758270925842,3.722,3.707
3796736,0.0001899108,0.00019628683197157494,3.721,3.707
8600201,0.0001902687,0.0001965830181806288,3.721,3.706
2154952,0.0001903503,0.00019662533049620795,3.72,3.706
4296114,0.0001908528,0.0001970061413364201,3.719,3.706
22369526,0.0001908725,0.00019704845365199923,3.719,3.705
20794806,0.0001913145,0.0001971753905987366,3.718,3.705
1514158,0.0001916555,0.00019738695217663224,3.717,3.705
12474660,0.00019176,0.0001974715768077905,3.717,3.704
4343346,0.000192042,0.00019793701227916092,3.717,3.703
15548270,0.0001921147,0.00019802163691031918,3.716,3.703
21952479,0.0001925519,0.00019823319848821482,3.715,3.703
1662685,0.0001928058,0.00019840244775053132,3.715,3.702
15690463,0.0001930062,0.00019857169701284784,3.714,3.702
11567949,0.0001931915,0.00019886788322190173,3.714,3.701
20422299,0.0001935428,0.00019907944479979737,3.713,3.701
19221058,0.0001938862,0.00019933331869327215,3.712,3.7
15360308,0.0001943089,0.00019975644184906343,3.712,3.699
13131166,0.0001943385,0.00019979875416464255,3.711,3.699
5635211,0.0001947136,0.00020022187732043382,3.711,3.698
1461437,0.0001947649,0.00020026418963601297,3.71,3.698
5568612,0.000195239,0.0002006450004762251,3.709,3.698
10824797,0.0001952419,0.00020068731279180424,3.709,3.697
19332048,0.0001956653,0.0002010681236320164,3.708,3.697
142599,0.0001957201,0.00020115274826317464,3.708,3.696
4985235,0.0001961352,0.0002015335591033868,3.707,3.696
16516921,0.0001963003,0.00020161818373454505,3.707,3.695
6079946,0.0001966159,0.0002018297453124407,3.706,3.695
15206343,0.0001970089,0.00020208361920591547,3.706,3.694
2279502,0.0001971722,0.0002021259315214946,3.705,3.694
19581478,0.0001974563,0.00020254905467728587,3.705,3.693
17426945,0.0001975656,0.00020263367930844413,3.704,3.693
23133577,0.0001977939,0.00020301449014865629,3.704,3.692
9978121,0.0001979278,0.00020314142709539366,3.703,3.692
1285197,0.0001983615,0.00020347992562002668,3.703,3.691
23200687,0.0001984852,0.00020352223793560582,3.702,3.691
20660884,0.0001989102,0.00020390304877581798,3.701,3.691
13550417,0.0001989781,0.0002039453610913971,3.701,3.69
10160783,0.0001993034,0.00020411461035371362,3.7,3.69
11517746,0.0001996977,0.00020441079656276752,3.7,3.689
18462660,0.0001998086,0.00020462235814066316,3.699,3.689
15748453,0.0002000976,0.00020491854434971705,3.699,3.688
364194,0.000200243,0.00020508779361203355,3.698,3.688
22369510,0.0002007385,0.00020534166750550833,3.697,3.688
23133650,0.0002008876,0.00020538397982108745,3.697,3.687
4426581,0.0002012435,0.00020559554139898308,3.696,3.687
5217949,0.0002016472,0.00020584941529245787,3.695,3.686
22928416,0.0002021112,0.0002060609768703535,3.694,3.686
14461206,0.0002024047,0.00020631485076382826,3.694,3.685
3782794,0.0002025989,0.00020644178771056566,3.693,3.685
1583760,0.0002029132,0.00020678028623519868,3.693,3.684
23133580,0.0002030204,0.0002069495354975152,3.692,3.684
4719406,0.0002033296,0.00020728803402214822,3.692,3.683
3736487,0.0002034931,0.00020754190791562297,3.691,3.683
113793,0.0002036089,0.0002077534694935186,3.691,3.682
22984828,0.0002038701,0.00020821890496488903,3.691,3.681
8551134,0.0002039497,0.0002083458419116264,3.69,3.681
618187,0.0002043469,0.00020872665275183856,3.69,3.68
6503427,0.0002045497,0.00020881127738299682,3.689,3.68
19277087,0.0002048507,0.00020919208822320898,3.689,3.679
12269722,0.000204988,0.00020931902516994636,3.688,3.679
9875637,0.0002051616,0.00020965752369457938,3.688,3.678
18405872,0.0002054257,0.00020999602221921242,3.687,3.678
2209555,0.000205569,0.0002101652714815289,3.687,3.677
11311330,0.0002058568,0.0002104191453750037,3.686,3.677
21592456,0.0002061289,0.00021063070695289933,3.686,3.676
7697824,0.0002063856,0.00021079995621521583,3.685,3.676
11517740,0.0002067846,0.00021096920547753235,3.684,3.676
21691171,0.0002071282,0.00021113845473984887,3.684,3.675
1998658,0.0002073639,0.0002113500163177445,3.683,3.675
13064293,0.0002077098,0.00021160389021121926,3.683,3.674
15547808,0.0002077602,0.0002116462025267984,3.682,3.674
14214871,0.0002082372,0.00021206932568258968,3.681,3.674
17195636,0.0002082711,0.0002121116379981688,3.681,3.673
21252125,0.0002087263,0.00021245013652280184,3.68,3.673
21056369,0.0002089919,0.00021257707346953922,3.68,3.672
6620096,0.0002092024,0.00021266169810069748,3.679,3.672
1102153,0.0002096583,0.00021308482125648875,3.678,3.671
2099411,0.0002101463,0.00021350794441228003,3.677,3.671
12453758,0.000210194,0.00021355025672785917,3.677,3.67
2630486,0.0002105207,0.0002140580045148087,3.677,3.669
18833545,0.0002106393,0.00021410031683038783,3.676,3.669
19581723,0.000210987,0.00021456575230175825,3.676,3.668
2110216,0.0002112774,0.00021465037693291648,3.675,3.668
23564762,0.0002116023,0.00021477731387965388,3.674,3.668
7711376,0.0002117805,0.00021503118777312864,3.674,3.667
4629572,0.0002120904,0.00021532737398218254,3.673,3.667
8133679,0.0002121538,0.00021553893556007817,3.673,3.666
19852175,0.000212489,0.0002160466833470277,3.673,3.665
1062319,0.0002125991,0.00021613130797818597,3.672,3.665
17366758,0.0002130597,0.000216469806502819,3.671,3.665
6592114,0.0002131105,0.00021655443113397725,3.671,3.664
17258450,0.0002135354,0.00021706217892092678,3.671,3.663
9751935,0.0002135845,0.00021710449123650593,3.67,3.663
17393570,0.0002138494,0.0002175276143922972,3.67,3.662
7564014,0.000214075,0.0002176968636546137,3.669,3.662
13517672,0.0002144219,0.00021803536217924674,3.669,3.661
16508057,0.0002145953,0.00021820461144156323,3.668,3.661
22369523,0.0002149632,0.00021854310996619628,3.668,3.66
13253064,0.0002150765,0.0002185854222817754,3.667,3.66
8265611,0.0002156559,0.00021900854543756667,3.666,3.66
10643352,0.0002156563,0.0002190508577531458,3.666,3.659
8072238,0.0002160346,0.00021943166859335794,3.665,3.659
23337597,0.0002162505,0.00021955860554009535,3.665,3.658
2422254,0.0002165388,0.00021985479174914925,3.664,3.658
14463202,0.0002167713,0.00022006635332704489,3.664,3.657
6620083,0.000217148,0.00022023560258936138,3.663,3.657
10701439,0.0002174753,0.00022057410111399442,3.663,3.656
19158905,0.0002175271,0.0002207010380607318,3.662,3.656
14463125,0.0002181038,0.00022103953658536481,3.661,3.656
22581076,0.0002182219,0.00022108184890094396,3.661,3.655
8126869,0.0002185333,0.0002212934104788396,3.66,3.655
7708240,0.0002187032,0.0002215895966878935,3.66,3.654
12485034,0.0002190776,0.0002220550321592639,3.659,3.654
21288305,0.0002191298,0.00022209734447484303,3.659,3.653
15879719,0.000219553,0.00022247815531505516,3.658,3.653
21695883,0.0002196479,0.00022260509226179257,3.658,3.652
21695895,0.0002200661,0.0002229859031020047,3.657,3.652
14046525,0.0002202643,0.0002231128400487421,3.657,3.651
5270586,0.000220588,0.00022345133857337512,3.656,3.651
21695889,0.0002207006,0.00022362058783569164,3.656,3.65
11418561,0.0002209657,0.0002241706479382203,3.656,3.649
17027057,0.0002210798,0.00022425527256937855,3.655,3.649
20126789,0.0002215701,0.00022467839572516983,3.654,3.648
7976044,0.0002221016,0.00022518614351211937,3.653,3.647
3712669,0.0002225826,0.0002256938912990689,3.653,3.646
22284866,0.0002226134,0.00022573620361464805,3.652,3.646
19581561,0.0002231286,0.00022611701445486018,3.651,3.646
14463061,0.0002232228,0.00022624395140159758,3.651,3.645
7391551,0.0002236759,0.00022649782529507234,3.65,3.645
5714674,0.000223898,0.00022675169918854712,3.65,3.644
22432627,0.0002243817,0.00022696326076644276,3.649,3.644
10478565,0.0002246402,0.00022725944697549665,3.649,3.643
2658258,0.0002246606,0.00022730175929107577,3.648,3.643
15603803,0.0002251758,0.00022768257013128793,3.647,3.643
5839380,0.0002252236,0.0002278095070780253,3.647,3.642
10085873,0.000225653,0.00022831725486497484,3.647,3.641
21695872,0.0002257468,0.00022835956718055396,3.646,3.641
11980995,0.0002261861,0.00022882500265192438,3.646,3.64
11833970,0.0002262127,0.0002288673149675035,3.645,3.64
8563336,0.0002266963,0.00022937506275445303,3.645,3.639
14463686,0.0002267622,0.00022954431201676955,3.644,3.639
11321894,0.0002273039,0.00022988281054140257,3.643,3.638
16414760,0.0002277345,0.00023043287064393125,3.643,3.637
5951890,0.0002277949,0.0002305174952750895,3.642,3.637
2916809,0.0002280677,0.0002309406184308808,3.642,3.636
1851155,0.0002282977,0.00023110986769319728,3.641,3.636
2917796,0.0002287229,0.00023149067853340944,3.641,3.635
21375371,0.000228932,0.00023161761548014682,3.64,3.635
21695861,0.0002292633,0.00023204073863593812,3.64,3.634
5793157,0.000229388,0.00023225230021383376,3.639,3.634
12995698,0.0002297073,0.00023254848642288766,3.639,3.633
1136947,0.0002298857,0.0002327600480007833,3.638,3.633
23504266,0.0002303411,0.0002330985465254163,3.638,3.632
20175730,0.0002304223,0.0002332254834721537,3.637,3.632
22664958,0.0002307429,0.00023364860662794496,3.637,3.631
10627844,0.0002310651,0.00023390248052141974,3.636,3.631
12497438,0.0002312618,0.0002341563544148945,3.636,3.63
8563583,0.000231545,0.0002342832913616319,3.635,3.63
13335665,0.0002320344,0.0002345794775706858,3.634,3.63
13692557,0.0002321375,0.00023470641451742318,3.634,3.629
19921693,0.0002325925,0.0002350449130420562,3.633,3.629
4627812,0.0002328432,0.00023525647461995183,3.633,3.628
857654,0.0002330932,0.00023546803619784747,3.632,3.628
7049388,0.0002334484,0.0002358065347224805,3.632,3.627
2451144,0.0002336397,0.00023584884703805963,3.631,3.627
23133704,0.0002340597,0.00023635659482500917,3.631,3.626
13211336,0.0002342031,0.0002365258440873257,3.63,3.626
27957,0.0002344801,0.00023690665492753785,3.63,3.625
1485967,0.0002347011,0.0002371605288210126,3.629,3.625
14228362,0.0002349869,0.00023741440271448738,3.629,3.624
1682319,0.0002353092,0.00023766827660796214,3.628,3.624
3754522,0.0002356356,0.00023796446281701604,3.628,3.623
23040533,0.000235785,0.00023830296134164905,3.627,3.623
265592,0.0002359783,0.0002385145229195447,3.627,3.622
4343946,0.0002364932,0.0002388107091285986,3.626,3.622
15547788,0.0002366963,0.00023906458302207337,3.626,3.621
8374634,0.0002368974,0.000239276144599969,3.625,3.621
12274761,0.0002371812,0.00023961464312460202,3.625,3.62
5445323,0.0002375166,0.0002398685170180768,3.624,3.62
4292491,0.0002378024,0.0002401647032271307,3.624,3.619
1555849,0.0002379926,0.00024024932785828894,3.623,3.619
7890121,0.000238536,0.00024071476332965935,3.622,3.618
14023106,0.0002389244,0.00024130713574776715,3.622,3.617
10577720,0.0002390847,0.00024143407269450453,3.621,3.617
275672,0.0002394809,0.0002418571958502958,3.621,3.616
835091,0.0002396464,0.00024198413279703318,3.62,3.616
17443143,0.0002399937,0.00024240725595282449,3.62,3.615
5217945,0.0002401679,0.0002427457544774575,3.619,3.615
1843068,0.000240268,0.00024295731605535314,3.619,3.614
9140430,0.0002408038,0.00024338043921114441,3.618,3.614
773825,0.0002410691,0.0002435073761578818,3.618,3.613
14463464,0.0002412892,0.00024384587468251483,3.617,3.613
4364321,0.000241577,0.0002440997485759896,3.617,3.612
1449384,0.0002418573,0.00024431131015388525,3.616,3.612
14462899,0.0002420913,0.00024464980867851824,3.616,3.611
14463399,0.0002424368,0.00024494599488757217,3.615,3.611
21520029,0.0002426846,0.0002451998687810469,3.615,3.61
8126732,0.0002429486,0.0002456229919368382,3.614,3.61
6714337,0.0002430967,0.0002457922411991547,3.614,3.609
14118512,0.0002435416,0.00024629998898610423,3.613,3.609
22369106,0.0002435943,0.0002463423013016834,3.613,3.608
19970656,0.0002440418,0.000246892361404212,3.613,3.607
19816592,0.0002441445,0.0002469346737197912,3.612,3.607
2090535,0.0002446872,0.00024718854761326595,3.611,3.607
23133633,0.0002452078,0.0002474847338223198,3.61,3.606
170705,0.0002457934,0.0002480347939248485,3.609,3.605
11911863,0.0002463484,0.0002483309801339024,3.608,3.605
22847158,0.000246586,0.0002486271663429563,3.608,3.604
170533,0.0002469111,0.00024883872792085194,3.607,3.604
15548014,0.0002473764,0.000249177226445485,3.607,3.603
19983826,0.0002474955,0.0002492195387610641,3.606,3.603
15749540,0.0002479299,0.0002497695988635928,3.606,3.602
14797725,0.0002481697,0.000249854223494751,3.605,3.602
11980963,0.0002486412,0.0002503619712817005,3.604,3.601
8498821,0.0002491828,0.00025070046980633356,3.603,3.601
753039,0.0002494074,0.0002509120313842292,3.603,3.6
22827162,0.0002497547,0.00025125052990886224,3.602,3.6
3421685,0.0002499862,0.000251504403802337,3.602,3.599
11855523,0.0002503516,0.00025184290232697004,3.601,3.599
12286814,0.0002505054,0.0002520967762204448,3.601,3.598
13354500,0.0002509157,0.00025247758706065695,3.6,3.598
9877241,0.0002511085,0.0002526468363229735,3.6,3.597
13122076,0.0002514859,0.00025306995947876475,3.599,3.597
13861467,0.0002516604,0.00025323920874108127,3.599,3.596
12004796,0.0002521361,0.0002537892688436099,3.598,3.596
20411798,0.0002521934,0.00025383158115918907,3.598,3.595
80668,0.0002526482,0.00025417007968382206,3.597,3.595
752954,0.000253115,0.0002544239535772968,3.597,3.594
19921647,0.0002532401,0.0002545508905240342,3.596,3.594
1456921,0.0002538071,0.0002549317013642464,3.595,3.594
885944,0.0002539376,0.0002550163259954046,3.595,3.593
19815209,0.0002544061,0.00025535482452003765,3.594,3.593
23133596,0.0002546316,0.0002555663860979333,3.594,3.592
5951601,0.0002549992,0.0002558625723069872,3.593,3.592
15694869,0.0002551309,0.0002561587585160411,3.593,3.591
11063529,0.0002556293,0.00025645494472509496,3.592,3.591
20395398,0.0002560142,0.0002567511309341489,3.592,3.59
21385332,0.0002562385,0.0002569203801964654,3.591,3.59
476131,0.0002568355,0.0002573435033522567,3.59,3.589
8461775,0.0002572974,0.0002579358757703645,3.59,3.588
5103758,0.0002573594,0.0002579781880859436,3.589,3.588
19422454,0.000257873,0.00025852824818847227,3.589,3.587
11063554,0.0002579652,0.0002586128728196305,3.588,3.587
14462871,0.0002583358,0.00025912062060658007,3.588,3.586
7036990,0.0002585655,0.0002592475575533174,3.587,3.586
13059693,0.0002590037,0.000259755305340267,3.587,3.585
18416477,0.0002591327,0.00025988224228700433,3.586,3.585
5951581,0.0002597077,0.0002603476777583748,3.586,3.584
13941988,0.0002598197,0.000260432302389533,3.585,3.584
2209584,0.0002603179,0.0002609400501764826,3.584,3.583
6706500,0.0002607075,0.0002615324225945903,3.584,3.582
7207621,0.0002609235,0.000261743984172486,3.583,3.582
23553767,0.0002614766,0.0002621247950126981,3.583,3.581
13055370,0.0002615371,0.0002622517319594355,3.582,3.581
20066812,0.0002619558,0.0002627594797463851,3.582,3.58
14463518,0.0002621857,0.00026288641669312243,3.581,3.58
2868887,0.000262546,0.0002633518521644928,3.581,3.579
22322975,0.0002627547,0.00026364803837354675,3.58,3.579
13758979,0.0002631699,0.0002639442245826006,3.58,3.578
10579579,0.0002633475,0.00026424041079165455,3.579,3.578
8072109,0.000263562,0.00026457890931628754,3.579,3.577
20843237,0.0002639839,0.0002650866571032371,3.578,3.577
10900270,0.0002640758,0.00026517128173439533,3.578,3.576
8126555,0.0002645585,0.0002655520925746075,3.577,3.576
14463560,0.0002649071,0.0002658059664680823,3.577,3.575
10398700,0.0002651581,0.00026597521573039877,3.576,3.575
13450422,0.0002654943,0.00026639833888619004,3.576,3.574
14463446,0.0002657721,0.00026669452509524397,3.575,3.574
11534108,0.0002660133,0.000267033023619877,3.575,3.573
11929315,0.0002664182,0.00026728689751335177,3.574,3.573
23133597,0.0002667189,0.00026762539603798476,3.574,3.572
5900447,0.0002670846,0.0002679638945626178,3.573,3.572
14797665,0.0002672828,0.0002682600807716717,3.573,3.571
8126959,0.0002676563,0.0002685985792963047,3.572,3.571
9710107,0.0002678187,0.0002688524531897795,3.572,3.57
15969682,0.0002683619,0.00026936020097672903,3.571,3.57
15170046,0.0002684374,0.00026948713792346643,3.571,3.569
11063530,0.0002689004,0.0002699102610792577,3.57,3.569
3256438,0.0002691517,0.00027012182265715335,3.57,3.568
1373510,0.0002694795,0.0002703756965506281,3.569,3.568
3887516,0.0002695794,0.00027071419507526114,3.569,3.567
8967940,0.0002700643,0.00027134887980894806,3.569,3.566
17619279,0.0002701516,0.0002713911921245272,3.568,3.566
19581709,0.0002708152,0.00027194125222705586,3.567,3.566
14797678,0.0002708286,0.00027198356454263497,3.567,3.565
4699204,0.0002713428,0.000272322063067268,3.566,3.565
17776203,0.0002715076,0.0002726182492763219,3.566,3.564
17426864,0.0002719767,0.00027304137243211316,3.565,3.564
14797629,0.0002720864,0.0002732529340100088,3.565,3.563
6420227,0.0002726203,0.00027376068179695836,3.564,3.563
21055731,0.0002726812,0.0002738453064281166,3.564,3.562
14653227,0.0002732617,0.00027426842958390787,3.563,3.562
1579587,0.000273487,0.0002744799911618035,3.563,3.561
16826692,0.0002738457,0.00027469155273969915,3.562,3.561
23136211,0.000274393,0.0002751146758954904,3.562,3.56
14463555,0.0002744759,0.0002751569882110696,3.561,3.56
5951505,0.0002749702,0.00027574936062917734,3.561,3.559
4080975,0.000275117,0.00027596092220707303,3.56,3.559
23426410,0.0002755274,0.0002763840453628643,3.56,3.558
1802681,0.000275788,0.0002768917931498138,3.559,3.558
17572179,0.0002760036,0.0002770187300965512,3.559,3.557
3887315,0.0002764226,0.0002773149163056051,3.558,3.557
170373,0.000276614,0.00027765341483023813,3.558,3.556
22702648,0.0002770526,0.0002780342256704503,3.557,3.556
18209451,0.0002771445,0.00027833041187950416,3.557,3.555
3441832,0.000277653,0.0002786265980885581,3.556,3.555
14797471,0.000277926,0.0002789650966131911,3.556,3.554
6403114,0.0002783346,0.0002792189705066659,3.555,3.554
17572124,0.0002789903,0.000279599781346878,3.554,3.553
1458268,0.0002795553,0.00028023446608056496,3.554,3.552
20093322,0.0002796156,0.0002803190907117232,3.553,3.552
11855591,0.0002802265,0.0002808268384986727,3.552,3.552
6842838,0.0002802319,0.00028086915081425187,3.552,3.551
2659269,0.0002808048,0.0002815461478635179,3.552,3.55
13941948,0.000281001,0.000281588460179097,3.551,3.55
12004831,0.0002815204,0.0002821808325972048,3.55,3.549
8563314,0.0002821005,0.00028281551733089173,3.55,3.548
6310857,0.0002821841,0.00028285782964647085,3.549,3.548
3474585,0.0002825293,0.0002834925143801578,3.549,3.547
5522669,0.0002828331,0.00028370407595805345,3.548,3.547
14797565,0.0002832077,0.00028412719911384473,3.548,3.546
4698125,0.0002834984,0.0002844656976384777,3.547,3.546
5146624,0.0002840678,0.00028480419616311076,3.547,3.545
12987116,0.0002841423,0.0002848465084786899,3.546,3.545
3587831,0.000284637,0.00028543888089679767,3.546,3.544
18030142,0.0002848537,0.0002856081301591142,3.545,3.544
1744945,0.0002851464,0.00028611587794606376,3.545,3.543
2209592,0.0002854328,0.00028658131341743415,3.544,3.543
1328981,0.000285528,0.00028675056267975067,3.544,3.542
11745330,0.0002861452,0.0002872583104667002,3.543,3.542
7266664,0.0002863182,0.0002874275597290167,3.543,3.541
14045944,0.0002867884,0.00028780837056922886,3.542,3.541
11063527,0.0002869595,0.00028810455677828273,3.542,3.54
22217565,0.000287494,0.0002886546168808114,3.541,3.54
13723180,0.0002875397,0.00028873924151196964,3.541,3.539
22228651,0.0002881118,0.0002892893016144983,3.54,3.539
23253749,0.0002883697,0.00028941623856123573,3.54,3.538
22586007,0.0002887566,0.00028962780013913137,3.539,3.538
13493211,0.0002890017,0.00029009323561050176,3.539,3.537
12314108,0.0002894299,0.0002902624848728183,3.538,3.537
11202051,0.0002900326,0.0002907702326597678,3.538,3.536
19003316,0.0002901205,0.00029081254497534696,3.537,3.536
22442565,0.0002906373,0.0002914472297090339,3.537,3.535
834914,0.0002907868,0.0002915318543401921,3.536,3.535
22523154,0.000291374,0.0002920819144427208,3.536,3.534
10786707,0.0002914563,0.0002921242267582999,3.535,3.534
13995228,0.0002920811,0.00029263197454524947,3.534,3.534
8466616,0.0002922184,0.0002927589114919868,3.534,3.533
15538068,0.0002927793,0.00029339359622567373,3.533,3.533
12383027,0.0002927867,0.0002934359085412529,3.533,3.532
7407680,0.0002934548,0.00029398596864378153,3.532,3.532
4552566,0.0002935232,0.00029411290559051893,3.532,3.531
10053921,0.0002941276,0.00029474759032420585,3.531,3.531
20177040,0.0002942015,0.00029478990263978496,3.531,3.53
10701420,0.0002946466,0.00029546689968905105,3.531,3.529
11063589,0.000294789,0.0002956361489513675,3.53,3.529
8462324,0.0002952697,0.0002961438967383171,3.53,3.528
17284520,0.000295467,0.00029656701989410836,3.529,3.528
15666101,0.0002956715,0.0002968632061031622,3.529,3.527
303636,0.0002961964,0.0002974978908368492,3.528,3.527
18444814,0.0002962019,0.0002975402031524283,3.528,3.526
22951370,0.000296839,0.0002980479509393778,3.527,3.526
6871847,0.0002970298,0.00029821720020169434,3.527,3.525
18187694,0.0002975362,0.00029880957261980214,3.526,3.525
9998831,0.0002976287,0.00029889419725096037,3.526,3.524
11418928,0.0002982882,0.00029957119430022646,3.525,3.523
22390677,0.0002989641,0.0003002481913494925,3.524,3.523
14559855,0.0002990035,0.0003002905036650716,3.524,3.522
11653558,0.0002995754,0.00030079825145202117,3.523,3.522
18187639,0.0002996405,0.0003009675007143377,3.523,3.521
22369174,0.000300263,0.0003014752485012872,3.522,3.521
15547960,0.0003006506,0.00030168681007918284,3.522,3.52
4629975,0.0003009922,0.000302067620919395,3.521,3.52
773216,0.0003012558,0.00030236380712844887,3.521,3.519
980483,0.0003016784,0.0003026599933375028,3.52,3.519
16999943,0.0003019866,0.00030304080417771495,3.52,3.518
1844977,0.0003024035,0.00030350623964908534,3.519,3.518
19014568,0.0003026794,0.0003037601135425601,3.519,3.517
16299609,0.0003030634,0.00030422554901393054,3.518,3.517
8564198,0.000303315,0.0003044794229074053,3.518,3.516
2792015,0.0003037539,0.00030477560911645917,3.517,3.516
3528797,0.0003042662,0.00030515641995667133,3.517,3.515
14463489,0.0003045213,0.00030532566921898785,3.516,3.515
4369009,0.0003051476,0.00030587572932151653,3.515,3.514
14022982,0.00030584,0.00030655272637078256,3.515,3.513
2880330,0.0003059259,0.0003065950386863617,3.514,3.513
7154272,0.0003065498,0.0003072297234200486,3.513,3.513
11314183,0.0003065555,0.00030727203573562776,3.513,3.512
5200908,0.0003073508,0.0003079067204693147,3.512,3.512
8102996,0.0003074085,0.0003079913451004729,3.512,3.511
22970035,0.0003079941,0.0003084567805718433,3.511,3.511
23133648,0.0003082478,0.0003087106544653181,3.511,3.51
13789754,0.0003087624,0.00030909146530553027,3.51,3.51
5200890,0.0003090083,0.00030938765151458414,3.51,3.509
7049191,0.0003094139,0.00031010696087942934,3.509,3.508
1329167,0.000310103,0.0003108262702442745,3.508,3.507
2423423,0.0003107508,0.0003115455796091197,3.508,3.506
4080906,0.0003108823,0.0003116302042402779,3.507,3.506
21695866,0.0003114601,0.00031226488897396484,3.507,3.505
980467,0.0003115362,0.0003124764505518605,3.506,3.505
11437143,0.0003121729,0.00031298419833881004,3.506,3.504
23204358,0.0003122658,0.00031302651065438916,3.505,3.504
10913192,0.0003129701,0.00031357657075691784,3.504,3.504
13324588,0.0003130786,0.0003137035077036552,3.504,3.503
19886048,0.0003137863,0.00031416894317502563,3.503,3.503
17427013,0.0003140916,0.0003144228170685004,3.503,3.502
1824271,0.0003144177,0.00031476131559313343,3.502,3.502
10303568,0.0003148493,0.00031514212643334554,3.502,3.501
11929173,0.0003152176,0.0003155652495891368,3.501,3.501
11911851,0.0003157129,0.00031590374811376985,3.501,3.5
1811311,0.0003158717,0.0003161999343228238,3.5,3.5
5823847,0.0003164214,0.00031662305747861506,3.5,3.499
3972614,0.0003166244,0.0003167499944253524,3.499,3.499
8959991,0.0003172633,0.0003173423668434602,3.499,3.498
17624158,0.0003173777,0.0003174269914746185,3.498,3.498
23204256,0.0003180595,0.0003180193638927263,3.497,3.498
5271235,0.000318074,0.0003180616762083054,3.497,3.497
4709356,0.0003187923,0.0003186963609419923,3.496,3.497
15688877,0.00031884,0.0003188232978887297,3.496,3.496
1579607,0.0003194722,0.00031954260725357487,3.496,3.495
5743631,0.0003195546,0.000319584919569154,3.495,3.495
5529970,0.0003203424,0.00032026191661842007,3.494,3.494
13123624,0.0003210132,0.00032102353829884433,3.493,3.493
5118016,0.0003217467,0.0003215312860857939,3.492,3.493
11306455,0.0003219657,0.00032174284766368954,3.492,3.492
8905812,0.0003225653,0.00032233522008179733,3.491,3.492
1329028,0.0003227434,0.00032250446934411385,3.491,3.491
1640397,0.0003232311,0.00032313915407780077,3.49,3.491
7594184,0.0003234527,0.000323223778708959,3.49,3.49
13517711,0.000323993,0.0003236892141803294,3.489,3.49
20554689,0.0003242275,0.0003239854003893833,3.489,3.489
9977999,0.0003247967,0.0003244085235451746,3.488,3.489
15046115,0.0003250056,0.00032474702206980764,3.488,3.488
15747609,0.0003254857,0.00032521245754117803,3.487,3.488
10855683,0.0003258425,0.0003254663314346528,3.487,3.487
5392134,0.0003263785,0.00032584714227486494,3.486,3.487
6568765,0.0003267378,0.0003262279531150771,3.486,3.486
934199,0.0003270133,0.000326524139324131,3.485,3.486
8722963,0.0003275991,0.0003269895747955014,3.485,3.485
18405856,0.0003277227,0.00032715882405781794,3.484,3.485
12995435,0.0003280834,0.0003277511964759257,3.484,3.484
23106649,0.0003284775,0.00032821663194729613,3.483,3.484
4834157,0.0003285637,0.00032851281815635,3.483,3.483
14797521,0.000329315,0.0003291051905744578,3.482,3.483
3353600,0.000329465,0.0003292321275211952,3.482,3.482
19744746,0.000330106,0.00032961293836140736,3.481,3.482
4922072,0.0003306849,0.0003299937492016195,3.481,3.481
16505607,0.0003308477,0.00033007837383277776,3.48,3.481
15548063,0.0003314495,0.0003307553708820438,3.48,3.48
15463315,0.0003315231,0.0003308399955132021,3.479,3.48
21054943,0.000332306,0.00033143236793130987,3.478,3.48
17572128,0.0003323423,0.0003315169925624681,3.478,3.479
275318,0.0003330799,0.0003322786142428924,3.477,3.478
1845700,0.0003336802,0.00033308254823889586,3.477,3.477
20293137,0.0003339033,0.000333124860554475,3.476,3.477
2731194,0.0003345205,0.0003338441699193201,3.476,3.476
7049238,0.0003345855,0.0003338864822348993,3.475,3.476
17026477,0.0003351476,0.00033460579159974444,3.475,3.475
10203276,0.0003353916,0.00033473272854648184,3.474,3.475
22585823,0.0003360475,0.00033536741328016876,3.474,3.474
12474268,0.0003361287,0.0003355789748580644,3.473,3.474
5189202,0.0003368054,0.0003361290349605931,3.473,3.473
12289905,0.0003369805,0.0003362136595917513,3.472,3.473
7593230,0.0003376917,0.0003366790950631217,3.471,3.473
23630477,0.000337817,0.0003369329689565965,3.471,3.472
7593691,0.0003384647,0.00033748302905912514,3.47,3.472
7049235,0.0003388888,0.0003376945906370208,3.47,3.471
6873477,0.0003392403,0.0003381600261083912,3.469,3.471
15547638,0.0003395096,0.0003384562123174451,3.469,3.47
170469,0.0003400777,0.00033883702315765725,3.468,3.47
4108528,0.0003405651,0.0003392601463134485,3.468,3.469
22520432,0.000340826,0.00033955633252250245,3.467,3.469
170358,0.0003411953,0.00034002176799387285,3.467,3.468
11858724,0.00034164,0.0003405718280964015,3.466,3.468
12142913,0.000341906,0.0003408257019898763,3.466,3.467
14866981,0.000342424,0.00034116420051450927,3.465,3.467
170393,0.0003427562,0.0003415873236703006,3.465,3.466
21262396,0.0003431689,0.0003419258221949336,3.464,3.466
17686365,0.0003436873,0.00034239125766630403,3.464,3.465
19921493,0.0003440336,0.0003428143808220953,3.463,3.465
9065124,0.0003443315,0.0003431951916623074,3.463,3.464
12474267,0.0003447812,0.00034361831481809874,3.462,3.464
19365396,0.0003451933,0.00034395681334273173,3.462,3.463
6843148,0.0003455834,0.0003442106872362065,3.461,3.463
14797481,0.0003460548,0.00034476074733873517,3.461,3.462
7161999,0.0003463575,0.00034522618281010556,3.46,3.462
21471872,0.0003469006,0.0003455646813347386,3.46,3.461
13598558,0.0003471893,0.00034590317985937164,3.459,3.461
19175082,0.0003476114,0.00034636861533074204,3.459,3.46
23268112,0.000347976,0.0003467494261709542,3.458,3.46
1855229,0.0003486528,0.00034717254932674547,3.458,3.459
11418908,0.000348796,0.0003474264232202202,3.457,3.459
4629269,0.0003493437,0.0003479764833227489,3.457,3.458
18717779,0.0003496662,0.00034818804490064454,3.456,3.458
16451388,0.0003503763,0.0003486957926875941,3.455,3.458
21695886,0.0003504547,0.00034878041731875234,3.455,3.457
9765264,0.0003510586,0.0003495843513147558,3.455,3.456
4741941,0.0003511706,0.0003497112882614932,3.454,3.456
7594177,0.0003517051,0.0003503882853107592,3.454,3.455
13450245,0.0003519732,0.00035072678383539225,3.453,3.455
6843782,0.0003524537,0.00035119221930676265,3.453,3.454
14526625,0.0003527921,0.0003514884055158165,3.452,3.454
415357,0.0003532735,0.0003519961533027661,3.452,3.453
4628658,0.0003536133,0.0003522077148806617,3.451,3.453
11181332,0.0003541122,0.0003528000872987695,3.451,3.452
9710599,0.0003544072,0.0003531808981389817,3.45,3.452
12995413,0.0003547726,0.00035360402129477295,3.45,3.451
13335996,0.0003552237,0.00035394251981940594,3.449,3.451
16273694,0.0003557143,0.0003544079552907764,3.449,3.45
13543817,0.0003560979,0.00035466182918425114,3.448,3.45
19751593,0.000356715,0.00035525420160235894,3.448,3.449
17913128,0.0003568746,0.00035542345086467546,3.447,3.449
445809,0.0003575224,0.00035605813559836237,3.447,3.448
773773,0.0003576924,0.0003562273848606789,3.446,3.448
21732261,0.000358484,0.0003568620695943658,3.446,3.447
4698614,0.0003585114,0.00035694669422552404,3.445,3.447
10707331,0.000359341,0.00035753906664363184,3.444,3.447
18172813,0.0003594132,0.00035770831590594836,3.444,3.446
639514,0.0003601793,0.0003584699375863727,3.443,3.446
14050390,0.0003602186,0.0003585122499019518,3.443,3.445
2707661,0.0003607935,0.00035935849621353434,3.443,3.444
7049210,0.0003610134,0.00035952774547585086,3.442,3.444
1846150,0.0003618264,0.0003601624302095378,3.441,3.444
18173145,0.0003618336,0.0003602047425251169,3.441,3.443
12269738,0.000362678,0.00036100867652112033,3.44,3.442
16249605,0.0003633244,0.0003618549228327029,3.44,3.441
2103622,0.0003635639,0.0003620664844105985,3.439,3.441
18536874,0.0003643806,0.0003626588568287063,3.438,3.441
16508555,0.0003643838,0.0003627011691442855,3.438,3.44
2888078,0.0003651291,0.00036350510314028887,3.438,3.439
11031794,0.0003651801,0.00036354741545586804,3.437,3.439
7555959,0.000366066,0.0003642667248207132,3.436,3.439
19857185,0.000366108,0.0003643513494518715,3.436,3.438
2509488,0.0003669305,0.00036511297113229574,3.435,3.438
21071621,0.0003669478,0.000365197595763454,3.435,3.437
15559606,0.0003676554,0.0003660438420750366,3.435,3.436
7438467,0.0003677156,0.0003662130913373531,3.434,3.436
11860286,0.0003683682,0.00036689008838661913,3.434,3.435
14463797,0.0003686114,0.00036705933764893565,3.433,3.435
16515964,0.0003694192,0.0003674401484891478,3.432,3.435
14463776,0.0003696855,0.0003677363346982017,3.432,3.434
12999693,0.0003702671,0.0003682017701695721,3.431,3.434
14463868,0.0003706057,0.00036858258100978423,3.431,3.433
18628664,0.0003711895,0.00036900570416557556,3.43,3.433
14314251,0.0003714053,0.00036942882732136684,3.43,3.432
4260603,0.0003719965,0.00036997888742389546,3.429,3.432
889628,0.0003721467,0.0003702750736329494,3.429,3.431
11098307,0.0003728724,0.0003707828214198989,3.428,3.431
13440121,0.000373205,0.00037112131994453194,3.428,3.43
19950711,0.000373716,0.00037158675541590233,3.427,3.43
11418946,0.0003739892,0.0003719675662561145,3.427,3.429
22547608,0.0003745556,0.0003726445633053805,3.426,3.429
18048506,0.0003747905,0.0003728561248832762,3.426,3.428
8126629,0.0003751733,0.00037370237119485877,3.426,3.427
14853454,0.000375409,0.0003738716204571753,3.425,3.427
11543364,0.0003762346,0.0003745486175064413,3.425,3.426
4696172,0.000376276,0.00037459092982202043,3.424,3.426
22966946,0.0003771979,0.00037535255150244475,3.423,3.426
4343882,0.0003773024,0.000375437176133603,3.423,3.425
16451364,0.0003780238,0.00037611417318286907,3.422,3.425
4629978,0.0003781633,0.00037628342244518554,3.422,3.424
5390291,0.0003789657,0.00037687579486329333,3.421,3.424
4608932,0.000379199,0.00037717198107234726,3.421,3.423
5033184,0.0003798008,0.0003777220411748759,3.42,3.423
19432864,0.0003800543,0.0003780182273839298,3.42,3.422
6842966,0.0003806902,0.0003785259751708793,3.419,3.422
6842968,0.0003810928,0.0003789067860110915,3.419,3.421
11616586,0.0003815133,0.00037932990916688276,3.418,3.421
9252392,0.0003817605,0.00037975303232267403,3.418,3.42
21257731,0.0003824337,0.000380387717056361,3.417,3.42
14295538,0.0003828687,0.00038064159094983575,3.417,3.419
8781597,0.0003833422,0.00038106471410562703,3.416,3.419
16997561,0.0003840285,0.0003815301495769974,3.416,3.418
19911656,0.0003841568,0.0003816147742081557,3.415,3.418
17777499,0.0003848403,0.00038241870820415915,3.415,3.417
22628461,0.0003850792,0.0003826302697820548,3.414,3.417
14460942,0.0003858538,0.0003833072668313208,3.414,3.416
11314765,0.0003860458,0.0003834342037780582,3.413,3.416
15688960,0.0003868255,0.00038394195156500773,3.412,3.416
15832062,0.0003870881,0.00038415351314290337,3.412,3.415
6388620,0.0003877457,0.00038474588556101116,3.411,3.415
7218579,0.000388067,0.0003850420717700651,3.411,3.414
6843870,0.0003886096,0.0003855498195570146,3.41,3.414
14381880,0.0003889384,0.00038593063039722676,3.41,3.413
577415,0.0003895431,0.0003863114412374389,3.409,3.413
6842953,0.0003901653,0.0003868191890243884,3.409,3.412
18048505,0.0003904455,0.00038703075060228406,3.408,3.412
2747120,0.0003912674,0.00038770774765155015,3.408,3.411
14220616,0.0003913124,0.0003877923722827084,3.407,3.411
1449402,0.0003918171,0.00038863861859429093,3.407,3.41
14914743,0.0003923636,0.00038893480480334486,3.406,3.41
20008690,0.0003929065,0.00038952717722145265,3.406,3.409
942440,0.0003932081,0.0003896964264837691,3.405,3.409
14289636,0.0003940426,0.0003904157358486143,3.404,3.408
5714666,0.0003949146,0.000391304294475776,3.403,3.407
20597006,0.0003957441,0.00039223516541851683,3.403,3.406
17685121,0.000395832,0.00039236210236525423,3.402,3.406
15406842,0.0003962451,0.0003931237240456785,3.402,3.405
8106178,0.0003967384,0.0003934199102547324,3.401,3.405
22116310,0.0003972786,0.0003940122826728402,3.401,3.404
10165343,0.0003976589,0.0003944354058286315,3.4,3.404
17776571,0.000398162,0.000394943153615581,3.4,3.403
17825833,0.0003986669,0.0003956624629804262,3.399,3.403
1141391,0.0003987914,0.00039583171224274273,3.399,3.402
17331378,0.0003995382,0.00039633946002969224,3.398,3.402
15856968,0.0004002971,0.0003967625831854835,3.398,3.401
18173152,0.0004004152,0.00039693183244780003,3.397,3.401
14866671,0.0004010445,0.00039765114181264524,3.397,3.4
14460069,0.0004013885,0.00039811657728401563,3.396,3.4
13388050,0.0004018648,0.000398582012755386,3.396,3.399
21077644,0.0004022547,0.0003990051359111773,3.395,3.399
9446154,0.0004028761,0.00039951288369812686,3.395,3.398
3592274,0.0004032047,0.0003997244452760225,3.394,3.398
17664033,0.0004041762,0.000400232193062972,3.393,3.398
3986038,0.0004043889,0.00040044375464086765,3.393,3.397
14319588,0.0004051098,0.0004008668777966589,3.392,3.397
11708970,0.0004056307,0.00040133231326802937,3.392,3.396
8265385,0.00040604,0.00040171312410824153,3.391,3.396
16319579,0.0004068581,0.00040226318421077015,3.391,3.395
22581757,0.0004069557,0.0004024747457886658,3.39,3.395
19457210,0.0004078268,0.000403194055153511,3.39,3.394
1449445,0.0004078602,0.0004032363674690901,3.389,3.394
11406673,0.0004088646,0.0004039556768339353,3.388,3.394
11536330,0.0004090376,0.0004041249260962518,3.388,3.393
439203,0.0004098044,0.00040475961082993875,3.387,3.393
3712991,0.0004101942,0.0004050557970389926,3.387,3.392
20282528,0.0004106915,0.0004056058571415213,3.386,3.392
16009591,0.0004110915,0.00040598666798173346,3.386,3.391
9877255,0.0004116494,0.0004067059773465786,3.385,3.391
14214884,0.0004118331,0.00040691753892447424,3.385,3.39
5673358,0.0004126045,0.0004078484098672151,3.384,3.39
18930248,0.0004126578,0.0004078907221827942,3.384,3.389
21975378,0.0004135311,0.00040869465617879763,3.383,3.389
20696395,0.0004137682,0.00040882159312553504,3.383,3.388
1257056,0.0004144796,0.0004095832148059593,3.382,3.388
12708345,0.0004147532,0.0004097524640682758,3.382,3.387
15423822,0.0004154324,0.0004103448364863836,3.381,3.387
1751459,0.0004157453,0.00041068333501101666,3.381,3.386
22727215,0.0004164071,0.0004114872690070201,3.38,3.386
23503363,0.0004165197,0.0004116565182693366,3.38,3.385
639428,0.0004173912,0.00041250276458091917,3.379,3.385
23273376,0.0004174634,0.0004125873892120774,3.379,3.384
4098000,0.0004183262,0.00041339132320808084,3.378,3.384
1974378,0.0004185341,0.00041356057247039736,3.378,3.383
663696,0.0004192977,0.00041406832025734687,3.377,3.383
7500921,0.0004198181,0.00041449144341313814,3.377,3.382
23035861,0.0004202961,0.0004150415035156668,3.376,3.382
12567000,0.0004205366,0.0004154646266714581,3.376,3.381
19597748,0.0004211912,0.00041639549761419894,3.376,3.38
17609639,0.0004212207,0.00041643780992977805,3.375,3.38
21473309,0.0004222417,0.0004172417439257815,3.374,3.38
11726126,0.0004224379,0.0004173686808725189,3.374,3.379
2851429,0.0004232157,0.0004179610532906267,3.373,3.379
22581754,0.000423538,0.0004183418641308388,3.373,3.378
14006035,0.0004241417,0.0004191034858112631,3.372,3.378
19091539,0.0004243415,0.00041931504738915875,3.372,3.377
8281174,0.0004252784,0.0004201612937007413,3.371,3.377
5217781,0.000425351,0.0004202459183318996,3.371,3.376
1329788,0.0004262468,0.00042079597843442827,3.37,3.376
255068,0.0004265386,0.00042121910159021955,3.37,3.375
13426823,0.0004270796,0.00042185378632390646,3.369,3.375
18765015,0.0004274213,0.00042219228484853945,3.369,3.374
15062633,0.0004280798,0.00042303853116012205,3.368,3.374
445574,0.0004284831,0.0004231654681068594,3.368,3.373
20550541,0.0004290553,0.00042354627894707156,3.367,3.373
11418865,0.0004300449,0.00042409633904960024,3.366,3.373
21267789,0.000430064,0.00042413865136517936,3.366,3.372
4402949,0.0004308807,0.0004251118346234993,3.366,3.371
16750869,0.0004311064,0.00042523877157023667,3.365,3.371
9778050,0.0004320853,0.00042595808093508187,3.364,3.371
5121053,0.0004322409,0.0004261273301973984,3.364,3.37
3302900,0.0004330301,0.0004268889518778227,3.363,3.37
13324513,0.0004332442,0.00042710051345571835,3.363,3.369
19457216,0.0004340355,0.0004278621351361426,3.362,3.369
19542775,0.0004342297,0.00042807369671403825,3.362,3.368
1895074,0.0004350125,0.0004284121952386713,3.361,3.368
1628282,0.0004358671,0.0004290468799723582,3.361,3.367
22702563,0.0004360566,0.0004292161292346747,3.36,3.367
20762722,0.0004370362,0.00043002006323067816,3.359,3.367
12594145,0.0004370673,0.0004300623755462573,3.359,3.366
18384180,0.0004381626,0.00043090862185783983,3.358,3.366
6234776,0.0004382751,0.00043103555880457723,3.358,3.365
6711855,0.0004390695,0.00043171255585384326,3.357,3.365
4627349,0.0004393365,0.0004320510543784763,3.357,3.364
11396473,0.0004400811,0.00043277036374332145,3.356,3.364
22687858,0.0004403098,0.00043302423763679626,3.356,3.363
16976784,0.0004410682,0.00043403973321069533,3.355,3.362
13739567,0.0004420492,0.00043501291646901524,3.355,3.361
23387553,0.0004421893,0.0004350552287845944,3.354,3.361
16173328,0.0004428793,0.0004360284120429143,3.354,3.36
2730906,0.0004432285,0.0004361553489896517,3.353,3.36
7218577,0.0004441399,0.0004370439076168134,3.352,3.359
23106442,0.0004451667,0.00043772090466607947,3.351,3.359
17187324,0.0004455301,0.00043805940319071245,3.351,3.358
797381,0.0004461743,0.000438567150977662,3.35,3.358
4629404,0.0004465345,0.0004390748987646115,3.35,3.357
21695987,0.000447244,0.0004396672711827193,3.349,3.357
19457221,0.0004477597,0.0004400480820229315,3.349,3.356
17110620,0.0004482633,0.0004406827667566184,3.348,3.356
17664007,0.000448713,0.00044106357759683056,3.348,3.355
23268070,0.0004492738,0.00044161363769935924,3.347,3.355
4874955,0.0004497612,0.00044212138548630874,3.347,3.354
20803096,0.0004503665,0.00044241757169536267,3.346,3.354
17235635,0.0004511224,0.0004431368810602078,3.346,3.353
28613,0.0004513995,0.00044351769190042,3.345,3.353
14462913,0.0004523828,0.00044389850274063214,3.344,3.353
21257744,0.0004525469,0.0004441523766341069,3.344,3.352
5299539,0.0004534195,0.0004449563106301103,3.343,3.352
22445431,0.0004536058,0.00044516787220800596,3.343,3.351
17260540,0.000454562,0.0004460987431507468,3.342,3.351
22477710,0.0004546439,0.00044618336778190504,3.342,3.35
5662273,0.0004556581,0.00044707192640906676,3.341,3.35
20411794,0.0004556993,0.0004471988633558041,3.341,3.349
18450853,0.0004566159,0.00044808742198296583,3.34,3.349
14985813,0.0004567518,0.00044825667124528235,3.34,3.348
9384170,0.0004576712,0.0004490606052412858,3.339,3.348
9384543,0.0004578231,0.0004492721668191814,3.339,3.347
7857127,0.0004588181,0.0004501607254463431,3.338,3.347
19459120,0.0004589327,0.0004503299747086596,3.338,3.346
579251,0.0004597747,0.00045109159638908393,3.337,3.346
1855226,0.0004600153,0.0004513454702825587,3.337,3.345
10916097,0.0004608666,0.00045206477964740383,3.336,3.345
17619429,0.0004613953,0.0004524032781720369,3.336,3.344
9069863,0.0004618859,0.00045265715206551163,3.335,3.344
14016936,0.0004626473,0.00045346108606151507,3.335,3.343
8265391,0.0004629223,0.0004536303353238316,3.334,3.343
11418906,0.0004640278,0.00045447658163541414,3.333,3.342
12209593,0.00046513,0.0004552805156314176,3.332,3.342
1825877,0.0004654148,0.0004555343895248924,3.332,3.341
22445430,0.0004661328,0.0004565075727832123,3.331,3.341
18173179,0.0004662387,0.00045659219741437057,3.331,3.34
19983749,0.0004672366,0.00045765000530384876,3.33,3.339
21409863,0.000468281,0.00045866550087774783,3.329,3.339
7101168,0.0004683817,0.00045870781319332695,3.329,3.338
11926308,0.0004693776,0.00045946943487375127,3.328,3.338
5217778,0.0004695919,0.00045976562108280514,3.328,3.337
14054497,0.0004705631,0.0004605695550788086,3.327,3.337
2601386,0.0004709372,0.0004608234289722834,3.327,3.336
14557740,0.0004715885,0.00046158505065270765,3.326,3.336
18930074,0.0004718759,0.0004618812368617616,3.326,3.335
9474275,0.0004726475,0.0004625582339110276,3.325,3.335
1285195,0.0004731208,0.00046293904475123976,3.325,3.334
5367792,0.0004736975,0.00046365835411608496,3.324,3.334
13956480,0.000474063,0.00046399685264071795,3.324,3.333
11858398,0.0004748084,0.00046467384968998404,3.323,3.333
3056910,0.0004751017,0.00046505466053019614,3.323,3.332
8108238,0.0004759114,0.000465985531472937,3.322,3.332
15405709,0.0004761016,0.0004661547807352535,3.322,3.331
4628702,0.0004770096,0.0004672125886247317,3.321,3.33
11208215,0.0004781129,0.0004682703965142099,3.32,3.33
18858241,0.0004782168,0.000468312708829789,3.32,3.329
2598447,0.0004792482,0.0004689897058790551,3.319,3.329
21953062,0.0004796025,0.00046937051671926724,3.319,3.328
22265861,0.0004803334,0.0004702167630308498,3.318,3.328
20631412,0.0004806802,0.00047047063692432455,3.318,3.327
7582073,0.0004813979,0.00047118994628916975,3.317,3.327
5424554,0.0004818474,0.00047152844481380274,3.317,3.326
22000875,0.0004825168,0.00047216312954748965,3.316,3.326
1831677,0.0004830222,0.0004726285650188601,3.316,3.325
10900014,0.0004836292,0.0004731363128058096,3.315,3.325
13020603,0.0004843631,0.0004737286852239174,3.315,3.324
12244292,0.0004847646,0.00047406718374855045,3.314,3.324
12995345,0.0004855695,0.00047482880542897476,3.314,3.323
18106553,0.0004859016,0.00047520961626918687,3.313,3.323
21883259,0.000486786,0.00047588661331845295,3.313,3.322
9383956,0.0004870484,0.0004760135502651903,3.312,3.322
9383803,0.0004880503,0.00047698673352351026,3.312,3.321
16622214,0.0004880919,0.0004770290458390894,3.311,3.321
13995336,0.0004892462,0.0004779599167818302,3.31,3.321
13995401,0.0004894892,0.0004780868537285676,3.31,3.32
6097752,0.0004903467,0.0004790600369868875,3.309,3.32
10357383,0.0004905855,0.0004791869739336249,3.309,3.319
11911842,0.0004915532,0.0004800755325607866,3.308,3.319
22540586,0.0004916485,0.00048028709413868223,3.308,3.318
20158504,0.0004926717,0.00048121796508142307,3.307,3.318
11092030,0.0004929203,0.0004814295266593187,3.307,3.317
579417,0.000493656,0.000482529646864376,3.307,3.316
18008232,0.0004938691,0.0004826142714955343,3.306,3.316
3014024,0.0004949032,0.0004832489562292212,3.305,3.316
8367056,0.0004953081,0.0004836297670694334,3.305,3.315
13068471,0.0004960329,0.0004843490764342785,3.304,3.315
17933435,0.000496782,0.0004847721995900698,3.304,3.314
16826584,0.0004972506,0.00048511069811470284,3.303,3.314
10839770,0.0004979869,0.00048587231979512716,3.303,3.313
21520384,0.000498373,0.00048629544295091844,3.302,3.313
99085,0.0004989677,0.00048697244000018447,3.302,3.312
2484562,0.0004994749,0.0004873532508403966,3.301,3.312
18173208,0.000500674,0.00048811487252082094,3.3,3.311
14228754,0.0005018193,0.00048913036809472,3.299,3.311
2563872,0.0005019782,0.0004892573050414574,3.299,3.31
8490570,0.0005029471,0.0004898919897751443,3.298,3.31
24708,0.0005035172,0.0004903574252465147,3.298,3.309
3898089,0.0005041161,0.0004909497976646225,3.297,3.309
18569105,0.0005045381,0.0004914998577671512,3.297,3.308
7370583,0.0005052588,0.0004921345425008381,3.296,3.308
19978988,0.0005060886,0.0004926422902877877,3.296,3.307
12048098,0.0005064529,0.0004930231011279998,3.295,3.307
9383717,0.0005068114,0.0004937424104928449,3.295,3.306
3629249,0.0005075904,0.0004948002183823232,3.294,3.306
8367115,0.0005076885,0.0004948848430134814,3.294,3.305
4934498,0.0005087475,0.0004953925908004309,3.293,3.305
1834649,0.0005097082,0.0004960272755341179,3.293,3.304
8722824,0.000509933,0.0004962388371120135,3.292,3.304
21187701,0.0005108394,0.0004971697080547544,3.292,3.303
8457138,0.0005111153,0.0004974658942638082,3.291,3.303
15567583,0.0005122984,0.0004983121405753908,3.29,3.302
741447,0.0005134657,0.000499369948464869,3.289,3.302
2894427,0.0005135267,0.0004994968854116063,3.289,3.301
14985695,0.0005147766,0.0005004277563543472,3.288,3.301
14276655,0.0005152577,0.0005006393179322428,3.288,3.3
9098054,0.0005158572,0.0005011470657191924,3.287,3.3
2042272,0.0005163248,0.0005017817504528793,3.287,3.299
20067668,0.0005171418,0.0005022471859242497,3.286,3.299
18210019,0.0005181649,0.0005029241829735158,3.286,3.298
19724312,0.0005182404,0.0005029664952890949,3.285,3.298
4864985,0.0005194356,0.0005040243031785731,3.284,3.298
10541194,0.0005195309,0.0005041089278097314,3.284,3.297
22262321,0.0005206609,0.0005050397987524721,3.283,3.297
11929455,0.0005210991,0.0005052513603303678,3.283,3.296
6204079,0.0005218045,0.0005060129820107921,3.282,3.296
22262377,0.0005224231,0.0005064361051665834,3.282,3.295
664133,0.0005230274,0.0005068169160067955,3.281,3.295
19457083,0.0005238109,0.0005075785376872198,3.281,3.294
4629409,0.0005242303,0.0005078324115806946,3.28,3.294
17241927,0.000525433,0.0005087209702078563,3.279,3.294
23133695,0.0005254436,0.0005087632825234354,3.279,3.293
439241,0.0005266361,0.0005097364657817554,3.278,3.293
13253073,0.0005268425,0.000509948027359651,3.278,3.292
17572021,0.0005278588,0.0005107096490400753,3.277,3.292
2159969,0.0005286452,0.0005111327721958666,3.277,3.291
4629489,0.0005290849,0.0005114712707204996,3.276,3.291
9974566,0.0005301051,0.000512275204716503,3.276,3.29
23470825,0.0005303111,0.0005124444539788195,3.275,3.29
8981168,0.0005314563,0.0005134599495527186,3.275,3.289
21258557,0.0005315573,0.0005135022618682978,3.274,3.289
10050256,0.0005327317,0.0005144754451266177,3.273,3.289
18048549,0.0005328331,0.0005146446943889342,3.273,3.288
22390570,0.0005340005,0.0005157871269095707,3.272,3.288
19921687,0.0005340226,0.0005158294392251498,3.272,3.287
21657606,0.0005353014,0.000516887247114628,3.271,3.287
18932584,0.0005353564,0.0005170141840613654,3.271,3.286
10138627,0.0005364515,0.0005178181180573689,3.27,3.286
8028297,0.0005372142,0.0005182412412131601,3.27,3.285
18254538,0.0005377087,0.0005186643643689514,3.269,3.285
104960,0.000538701,0.0005194259860493757,3.269,3.284
4718462,0.0005389223,0.0005195529229961131,3.268,3.284
17916649,0.0005397505,0.0005206107308855912,3.268,3.283
13619675,0.0005401396,0.0005210761663569617,3.267,3.283
1933241,0.0005409153,0.0005217954757218068,3.267,3.282
417631,0.000541441,0.0005221339742464399,3.266,3.282
7129814,0.000542169,0.0005230225328736015,3.266,3.281
5996257,0.0005426907,0.0005234456560293928,3.265,3.281
10422753,0.0005436245,0.0005242072777098171,3.265,3.28
13335866,0.0005439325,0.000524503463918871,3.264,3.28
17840371,0.0005451628,0.0005252650855992954,3.263,3.28
14138803,0.0005454332,0.0005254343348616118,3.263,3.279
4720572,0.0005464099,0.0005263652058043527,3.262,3.279
72967,0.0005466635,0.0005266613920134065,3.262,3.278
22753581,0.0005476879,0.0005275499506405683,3.261,3.278
16547588,0.0005479997,0.0005278461368496221,3.261,3.277
4573108,0.0005489389,0.00052843850926773,3.26,3.277
23347390,0.000549797,0.0005290731940014168,3.26,3.276
12143086,0.0005501792,0.0005294963171572081,3.259,3.276
13493409,0.000551245,0.0005303002511532116,3.259,3.275
14462717,0.0005516695,0.0005306810619934237,3.258,3.275
5945449,0.0005524206,0.0005315273083050063,3.258,3.274
5272003,0.0005527744,0.0005316965575673228,3.257,3.274
11418974,0.0005536514,0.000532754365456801,3.257,3.273
10579717,0.000554,0.0005330505516658549,3.256,3.273
6325428,0.0005549509,0.0005339814226085957,3.256,3.272
4629519,0.0005553633,0.0005343622334488078,3.255,3.272
16993060,0.0005564969,0.0005352084797603904,3.255,3.271
9409173,0.000556567,0.0005352931043915487,3.254,3.271
19581150,0.0005578846,0.0005361816630187104,3.253,3.271
15541764,0.0005581438,0.0005364355369121851,3.253,3.27
9718100,0.0005591399,0.0005374933448016633,3.252,3.27
21534832,0.0005594154,0.0005376625940639798,3.252,3.269
19581096,0.0005604742,0.0005385511526911416,3.251,3.269
8457553,0.0005608594,0.0005389319635313538,3.251,3.268
5237478,0.0005617232,0.0005396512728961988,3.25,3.268
17259487,0.0005620317,0.0005401590206831485,3.25,3.267
9383821,0.0005630747,0.0005410898916258892,3.249,3.267
10543599,0.0005633469,0.0005413860778349432,3.249,3.266
19457209,0.0005644154,0.0005422746364621048,3.248,3.266
9385662,0.0005648154,0.000542655447302317,3.248,3.265
14103625,0.0005656228,0.0005435863182450578,3.247,3.265
17916874,0.0005658987,0.0005438825044541117,3.247,3.264
14464006,0.0005669572,0.0005448133753968525,3.246,3.264
8899395,0.0005673573,0.0005451518739214855,3.246,3.263
1767470,0.0005683425,0.0005457442463395933,3.245,3.263
18164731,0.0005689415,0.0005464212433888594,3.245,3.262
10969863,0.0005695311,0.0005470559281225463,3.244,3.262
22026523,0.0005701521,0.0005476483005406541,3.244,3.261
4501833,0.0005708527,0.0005483252975899202,3.243,3.261
10716569,0.0005712567,0.0005489176700080279,3.243,3.26
11167480,0.0005721798,0.0005498908532663479,3.242,3.26
22877005,0.0005725461,0.0005501870394754017,3.242,3.259
7593618,0.000573456,0.0005511602227337217,3.241,3.259
12197120,0.000573838,0.0005514564089427756,3.241,3.258
18771482,0.0005747792,0.0005523026552543581,3.24,3.258
16829483,0.0005750654,0.0005527257784101494,3.24,3.257
11518453,0.0005761484,0.0005534027754594155,3.239,3.257
19328831,0.0005768903,0.0005539951478775233,3.239,3.256
5612674,0.0005774605,0.0005543759587177355,3.238,3.256
21065204,0.000578165,0.0005553068296604763,3.238,3.255
22833806,0.0005787677,0.0005560684513409006,3.237,3.255
4887365,0.0005793794,0.0005565761991278501,3.237,3.254
14158660,0.0005801206,0.00055754938238617,3.236,3.254
6074135,0.0005805042,0.0005578455685952239,3.236,3.253
23331904,0.0005815791,0.0005584379410133318,3.235,3.253
6889436,0.0005823409,0.0005591149380625977,3.235,3.252
14211520,0.0005828428,0.0005594534365872308,3.234,3.252
3605075,0.0005838328,0.0005604266198455507,3.234,3.251
7537946,0.0005841877,0.0005607228060546046,3.233,3.251
2934040,0.0005849929,0.0005616959893129246,3.233,3.25
20631421,0.0005854775,0.000562161424784295,3.232,3.25
170981,0.00058632,0.0005630076710958776,3.232,3.249
16195408,0.000586835,0.0005633884819360897,3.231,3.249
17133711,0.0005877832,0.0005643193528788305,3.231,3.248
3720717,0.0005882796,0.0005646578514034636,3.23,3.248
640425,0.0005893733,0.0005655887223462043,3.23,3.247
12992288,0.0005895514,0.0005658002839241,3.229,3.247
15970307,0.0005905737,0.0005669004041291573,3.229,3.246
1217222,0.0005908978,0.0005672389026537903,3.228,3.246
16547728,0.0005918537,0.0005682120859121103,3.228,3.245
1844711,0.0005923401,0.0005686352090679016,3.227,3.245
20159351,0.0005931033,0.0005695237676950633,3.227,3.244
6843219,0.0005936126,0.0005699045785352754,3.226,3.244
11266804,0.000594403,0.0005708354494780162,3.226,3.243
6723427,0.000595024,0.0005713431972649657,3.225,3.243
5475001,0.0005959164,0.0005721471312609692,3.225,3.242
21628204,0.0005963962,0.0005723163805232857,3.224,3.242
12657306,0.0005976071,0.0005734588130439222,3.224,3.241
11149879,0.0005977842,0.0005735857499906596,3.223,3.241
10282730,0.0005989954,0.0005748128071424543,3.223,3.24
6843245,0.0005991501,0.0005749397440891916,3.222,3.24
4628818,0.0006003335,0.0005761244889254072,3.222,3.239
11567594,0.0006004842,0.0005762091135565655,3.221,3.239
10019501,0.0006019369,0.0005773092337616228,3.22,3.239
17032024,0.0006020184,0.0005774361707083602,3.22,3.238
742756,0.0006032811,0.0005785362909134175,3.219,3.238
15611770,0.0006034061,0.0005787901648068923,3.219,3.237
20465090,0.0006046838,0.0005800595342742662,3.218,3.237
17087928,0.0006047041,0.0005801018465898453,3.218,3.236
1742292,0.0006060697,0.0005814558406883773,3.217,3.235
13642619,0.0006072615,0.0005828098347869095,3.217,3.234
22481813,0.0006075342,0.0005829367717336469,3.216,3.234
9913187,0.00060871,0.0005841215165698625,3.216,3.233
10053862,0.0006088987,0.0005842484535165998,3.215,3.233
3514489,0.0006102746,0.0005853908860372363,3.214,3.233
8259520,0.0006103419,0.0005854755106683945,3.214,3.232
14688765,0.00061165,0.0005865756308734519,3.213,3.232
1141390,0.000611756,0.0005868295047669266,3.213,3.231
8944588,0.0006130775,0.0005878026880252466,3.212,3.231
12485311,0.0006136218,0.0005881834988654588,3.212,3.23
18256562,0.0006145666,0.0005893682437016743,3.211,3.23
18351835,0.0006147777,0.0005895374929639908,3.211,3.229
14198686,0.0006159016,0.0005905529885378899,3.21,3.229
17423672,0.0006162637,0.0005908914870625229,3.21,3.228
3845343,0.0006173475,0.0005914838594806307,3.209,3.228
1602206,0.0006183274,0.000592245481161055,3.209,3.227
18966370,0.0006187305,0.0005925839796856881,3.208,3.227
4920164,0.0006198343,0.0005936417875751662,3.208,3.226
13422000,0.0006201759,0.0005940225984153784,3.207,3.226
13977101,0.0006210357,0.0005949957816736984,3.207,3.225
11315835,0.0006216717,0.0005956304664073852,3.206,3.225
6338548,0.0006221565,0.0005963497757722305,3.206,3.224
2423166,0.0006230256,0.0005970267728214965,3.205,3.224
20539430,0.000623915,0.0005977460821863416,3.205,3.223
4941782,0.0006245423,0.0005984653915511868,3.204,3.223
16261601,0.000625505,0.0005991423886004529,3.204,3.222
20407700,0.0006259212,0.000599480887125086,3.203,3.222
13878900,0.0006273484,0.0006001155718587728,3.202,3.222
15421751,0.0006279894,0.000600496382698985,3.202,3.221
2518430,0.000628812,0.0006009195058547763,3.201,3.221
17804278,0.0006298376,0.0006018926891130963,3.201,3.22
3091318,0.0006303168,0.0006024004369000458,3.2,3.22
10723042,0.0006315483,0.0006032889955272074,3.2,3.219
11616181,0.000631748,0.0006034159324739448,3.199,3.219
983098,0.0006331616,0.0006045160526790021,3.198,3.219
17031993,0.000633308,0.0006046853019413186,3.198,3.218
1460234,0.0006347098,0.0006058277344619551,3.197,3.218
11260241,0.0006348318,0.0006060392960398508,3.197,3.217
5230774,0.0006360766,0.0006072240408760664,3.196,3.217
14542487,0.0006363138,0.000607435602453962,3.196,3.216
18172650,0.0006375325,0.0006084510980278611,3.195,3.216
10817682,0.0006378609,0.0006088742211836524,3.195,3.215
4117555,0.0006387704,0.0006102705275977635,3.195,3.214
21917733,0.0006389995,0.0006105244014912384,3.194,3.214
4594053,0.0006397599,0.0006116668340118748,3.194,3.213
12496659,0.0006405433,0.000612724641901353,3.193,3.213
11894037,0.000641008,0.000613063140425986,3.193,3.212
21257939,0.0006420065,0.0006141209483154643,3.192,3.212
4594073,0.0006422118,0.0006145017591556764,3.192,3.211
21876418,0.0006435228,0.0006155172547295754,3.191,3.211
14302124,0.0006437977,0.0006158980655697876,3.191,3.21
18679907,0.0006450111,0.0006169135611436866,3.19,3.21
417818,0.0006454042,0.000617336684299478,3.19,3.209
20617436,0.0006464243,0.0006184791168201144,3.189,3.209
1577601,0.0006465523,0.0006187329907135892,3.189,3.208
12474430,0.0006478427,0.0006201716094432796,3.189,3.207
3474488,0.0006479008,0.0006202139217588587,3.188,3.207
21984011,0.000649168,0.0006216102281729699,3.188,3.206
8272177,0.0006494328,0.0006218217897508656,3.187,3.206
20934217,0.0006509035,0.0006229219099559228,3.186,3.206
2279477,0.0006510072,0.0006230488469026603,3.186,3.205
20202935,0.0006524055,0.0006243605286856132,3.185,3.205
19152040,0.0006525373,0.0006244874656323506,3.185,3.204
16906080,0.0006538941,0.0006258837720464618,3.184,3.204
17777811,0.0006539987,0.000625926084362041,3.184,3.203
17189858,0.0006552208,0.0006273647030917313,3.184,3.202
6843393,0.0006553913,0.0006276608893007852,3.183,3.202
14031713,0.0006567404,0.0006288033218214217,3.183,3.201
835337,0.0006569419,0.0006288879464525799,3.182,3.201
16520644,0.0006584412,0.0006299880666576373,3.181,3.201
14495105,0.0006587568,0.000630241940551112,3.181,3.2
19500725,0.0006597338,0.0006317228715963815,3.181,3.199
3219610,0.0006599939,0.0006320613701210145,3.18,3.199
10532051,0.0006608554,0.0006331614903260718,3.18,3.198
15485016,0.0006614645,0.0006339654243220752,3.179,3.198
6325645,0.0006622196,0.0006346001090557622,3.179,3.197
9063490,0.000663049,0.0006353617307361865,3.178,3.197
11893697,0.0006636732,0.0006360810401010317,3.178,3.196
17026917,0.0006645454,0.0006368003494658768,3.177,3.196
20837782,0.0006656178,0.0006375619711463011,3.177,3.195
16563962,0.000666117,0.0006379850943020924,3.176,3.195
7929399,0.0006677986,0.0006389159652448333,3.175,3.195
20492420,0.0006678997,0.0006390005898759915,3.175,3.194
21590282,0.0006691318,0.0006398045238719949,3.174,3.194
10639436,0.0006697399,0.0006404815209212609,3.174,3.193
10187611,0.0006707126,0.0006413277672328436,3.173,3.193
21258446,0.0006714982,0.0006419624519665304,3.173,3.192
21077951,0.0006722489,0.0006429779475404296,3.172,3.192
10067648,0.0006728409,0.0006434433830118,3.172,3.191
23414841,0.0006738548,0.0006442050046922243,3.171,3.191
12269752,0.0006748014,0.0006449243140570694,3.171,3.19
9033789,0.0006753587,0.0006452628125817024,3.17,3.19
15265597,0.0006762393,0.0006464052451023389,3.17,3.189
13405790,0.0006768748,0.0006470399298360259,3.169,3.189
21354285,0.0006778721,0.0006479284884631875,3.169,3.188
17777457,0.0006784984,0.0006485208608812953,3.168,3.188
10618600,0.000679341,0.0006494094195084569,3.168,3.187
19983411,0.0006800469,0.0006500017919265648,3.167,3.187
7700165,0.0006807975,0.0006508903505537265,3.167,3.186
8101280,0.0006815614,0.0006516096599185717,3.166,3.186
14653287,0.0006825122,0.0006524135939145751,3.166,3.185
18271821,0.0006831676,0.0006527944047547872,3.165,3.185
9651801,0.0006843423,0.0006538945249598446,3.165,3.184
16262346,0.0006847011,0.0006542753358000567,3.164,3.184
9814734,0.0006857924,0.0006554177683206931,3.164,3.183
7009442,0.0006864177,0.000656010140738801,3.163,3.183
18772763,0.0006875057,0.0006569410116815418,3.163,3.182
5532762,0.0006878922,0.0006574064471529122,3.162,3.182
15878872,0.0006888493,0.0006584219427268113,3.162,3.181
10701115,0.0006894628,0.0006589720028293399,3.161,3.181
20837810,0.0006902246,0.0006599451860876598,3.161,3.18
22206109,0.000691092,0.0006610029939771381,3.16,3.18
20439863,0.0006918355,0.0006614684294485085,3.16,3.179
20837826,0.0006927846,0.0006623993003912492,3.159,3.179
5715170,0.0006937158,0.0006629916728093571,3.159,3.178
4251291,0.0006942656,0.0006637109821742023,3.158,3.178
9957679,0.0006949565,0.0006645149161702057,3.158,3.177
22227254,0.0006958858,0.0006655727240596839,3.157,3.177
3765541,0.0006964678,0.0006660804718466335,3.157,3.176
20837795,0.0006975223,0.0006673075289984282,3.156,3.176
15463694,0.0006978698,0.000667603715207482,3.156,3.175
20353737,0.000699057,0.000668915396990435,3.155,3.175
19457435,0.0006994745,0.0006691269585683306,3.155,3.174
17430671,0.0007006546,0.0006704809526668627,3.154,3.174
14975104,0.0007008911,0.0006706925142447584,3.154,3.173
14542440,0.000702269,0.0006720465083432905,3.153,3.173
19581260,0.0007023489,0.000672215757605607,3.153,3.172
16547702,0.0007039009,0.0006737390009664556,3.152,3.172
13324512,0.0007039733,0.0006737813132820347,3.152,3.171
23469847,0.000705508,0.0006750083704338294,3.151,3.171
4856885,0.0007057141,0.0006753468689584624,3.151,3.17
16198490,0.0007071461,0.0006767431753725737,3.15,3.17
8272332,0.0007073022,0.0006768701123193111,3.15,3.169
16288408,0.0007087513,0.0006784356679957388,3.15,3.168
13878768,0.0007088738,0.0006784779803113179,3.149,3.168
22707882,0.0007104147,0.0006795357882007962,3.148,3.168
23207534,0.0007111274,0.0006800012236721666,3.148,3.167
17026514,0.0007121009,0.0006805935960902743,3.147,3.167
17077014,0.0007133416,0.0006815667793485943,3.147,3.166
9029591,0.0007136911,0.0006819052778732273,3.146,3.166
20991504,0.0007150554,0.000683132335025022,3.146,3.165
2051834,0.000715339,0.0006835554581808134,3.145,3.165
7537703,0.0007165702,0.0006847402030170288,3.145,3.164
80741,0.0007170659,0.0006849940769105036,3.144,3.164
5367779,0.000718362,0.0006863057586934566,3.144,3.163
10281651,0.0007186497,0.0006866865695336688,3.143,3.163
9386457,0.0007199157,0.0006878713143698843,3.143,3.162
5716383,0.0007202911,0.0006883367498412547,3.142,3.162
22990366,0.0007212708,0.0006894791823618912,3.142,3.161
1507954,0.0007219465,0.0006901138670955782,3.141,3.161
4699216,0.0007228877,0.000691044738038319,3.141,3.16
6075023,0.0007236372,0.0006918909843499015,3.14,3.16
16107412,0.0007244509,0.0006926526060303258,3.14,3.159
1985465,0.0007253038,0.0006936257892886457,3.139,3.159
22847591,0.0007261607,0.0006942604740223327,3.139,3.158
4143153,0.0007269991,0.0006951067203339153,3.138,3.158
13412179,0.0007277088,0.0006958260296987605,3.138,3.157
23309208,0.0007286728,0.0006966299636947639,3.137,3.157
14367821,0.0007295329,0.0006974338976907673,3.137,3.156
14747179,0.0007303075,0.0006981532070556124,3.136,3.156
7583898,0.0007313755,0.0006990417656827742,3.136,3.155
4890495,0.0007320026,0.0006997610750476193,3.135,3.155
4738121,0.000732879,0.0007006496336747811,3.135,3.154
20043331,0.0007336999,0.0007011573814617306,3.134,3.154
5487244,0.0007351384,0.0007022998139823671,3.134,3.153
8887238,0.0007354599,0.0007024690632446835,3.133,3.153
6116240,0.0007372482,0.0007037384327120574,3.132,3.153
10035082,0.0007373245,0.0007039076819743739,3.132,3.152
12495781,0.0007387578,0.0007053039883884851,3.131,3.152
14119165,0.0007389201,0.0007055155499663808,3.131,3.151
19769064,0.0007404286,0.0007071657302739668,3.131,3.15
17619299,0.0007404865,0.0007072080425895459,3.13,3.15
918735,0.0007420319,0.0007087735982659737,3.13,3.149
12101358,0.0007421692,0.000708900535212711,3.129,3.149
9913130,0.000743676,0.0007104237785735596,3.129,3.148
11806541,0.0007438902,0.0007107199647826135,3.128,3.148
10952735,0.0007451557,0.0007120739588811456,3.128,3.147
14139134,0.0007455945,0.0007124547697213578,3.127,3.147
13055359,0.000746573,0.0007136818268731525,3.127,3.146
11855917,0.0007474002,0.0007145703855003142,3.126,3.146
23133671,0.0007479399,0.0007153320071807385,3.126,3.145
12497440,0.0007490348,0.0007162628781234793,3.125,3.145
3501948,0.0007495653,0.0007169821874883245,3.125,3.144
17031440,0.000750824,0.0007182938692712774,3.124,3.144
17087905,0.0007510341,0.0007186323677959105,3.124,3.143
10717011,0.0007525055,0.0007199863618944425,3.123,3.143
22973896,0.0007528298,0.0007202825481034964,3.123,3.142
3196733,0.0007542334,0.0007218481037799242,3.122,3.142
6719686,0.0007542786,0.0007219750407266615,3.122,3.141
10854830,0.0007560859,0.0007236252210342475,3.121,3.14
16701954,0.000757589,0.0007252754013418335,3.121,3.139
18215993,0.0007577316,0.000725402338288571,3.12,3.139
14139162,0.0007595463,0.0007265447708092073,3.119,3.139
8875416,0.0007598707,0.0007269678939649986,3.119,3.138
20421740,0.0007612945,0.0007281949511167933,3.118,3.138
11761626,0.000761805,0.0007286603865881638,3.118,3.137
12874986,0.0007630264,0.0007299720683711168,3.117,3.137
17102165,0.0007632823,0.0007303105668957498,3.117,3.136
18930133,0.0007647034,0.0007320030595189149,3.117,3.135
22142870,0.0007647257,0.0007320876841500732,3.116,3.135
16308575,0.0007664676,0.00073369555214208,3.116,3.134
21400108,0.0007665184,0.0007337378644576591,3.115,3.134
11496570,0.0007682914,0.0007351341708717703,3.114,3.134
11800728,0.0007684384,0.0007353880447652451,3.114,3.133
5984609,0.0007700497,0.0007367843511793564,3.113,3.133
17758283,0.0007706587,0.0007370805373884102,3.113,3.132
18010884,0.00077185,0.0007379267836999928,3.112,3.132
2498069,0.0007726919,0.0007387730300115753,3.112,3.131
18313715,0.000773577,0.0007394500270608414,3.111,3.131
1970046,0.0007747177,0.0007404655226347405,3.111,3.13
14609238,0.0007754224,0.0007408886457905318,3.11,3.13
4756978,0.000776866,0.0007422003275734848,3.11,3.129
12101412,0.0007771524,0.0007424118891513803,3.109,3.129
22285564,0.0007786235,0.0007438928201966499,3.109,3.128
12479773,0.0007789975,0.0007443159433524411,3.108,3.128
7706331,0.0007800985,0.0007456276251353941,3.108,3.127
22142352,0.0007807743,0.0007462199975535019,3.107,3.127
5103162,0.0007821561,0.0007473201177585592,3.107,3.126
6388402,0.0007825347,0.0007475316793364549,3.106,3.126
18345765,0.0007836761,0.0007490549226973035,3.106,3.125
18832913,0.000784358,0.0007496472951154113,3.105,3.125
17546415,0.0007857851,0.0007507897276360477,3.105,3.124
14072455,0.0007861522,0.0007512551631074181,3.104,3.124
21055867,0.0007873978,0.000752524532574792,3.104,3.123
2567580,0.000787968,0.0007535823404642702,3.103,3.123
15208424,0.000788693,0.0007542593375135363,3.103,3.122
8450179,0.000789784,0.0007554017700341727,3.102,3.122
21258195,0.0007903416,0.0007559941424522805,3.102,3.121
22028927,0.0007916352,0.0007574327611819708,3.101,3.121
13702051,0.0007920769,0.0007577289473910247,3.101,3.12
11533970,0.0007934391,0.0007593791276986107,3.1,3.12
10423086,0.0007936107,0.000759463752329769,3.1,3.119
8805676,0.0007952628,0.0007607331217971428,3.099,3.119
15882147,0.0007955844,0.0007612408695840924,3.099,3.118
1656895,0.0007970793,0.0007627218006293618,3.098,3.118
1917253,0.0007973401,0.0007629756745228366,3.098,3.117
13055387,0.0007989313,0.0007641604193590522,3.097,3.117
7096963,0.0007993998,0.00076475279177716,3.097,3.116
11063640,0.0008008033,0.0007661067858756921,3.096,3.116
12273867,0.0008013722,0.0007664875967159043,3.096,3.115
21257680,0.0008026354,0.0007680954647079111,3.095,3.115
10422758,0.0008027334,0.0007682647139702276,3.095,3.114
8651812,0.000804487,0.0007698725819622345,3.094,3.114
15484583,0.0008047272,0.000770041831224551,3.094,3.113
522335,0.0008063095,0.0007714804499542414,3.093,3.113
2635590,0.0008067024,0.0007718189484788744,3.093,3.112
773100,0.0008081824,0.0007735960657331977,3.092,3.111
6582634,0.0008097357,0.0007753731829875212,3.092,3.11
18313706,0.0008100284,0.0007759232430900498,3.091,3.11
12269715,0.0008113721,0.0007771503002418445,3.091,3.109
18987715,0.00081191,0.0007777849849755314,3.09,3.109
7411356,0.00081312,0.000778969729811747,3.09,3.108
22846869,0.0008137877,0.0007796890391765922,3.089,3.108
999255,0.0008148933,0.0007807468470660704,3.089,3.107
14509336,0.0008156694,0.0007812545948530199,3.088,3.107
22129240,0.0008165752,0.0007825662766359729,3.088,3.106
16224115,0.0008175441,0.0007837510214721885,3.087,3.106
16652429,0.0008181567,0.0007843433938902963,3.087,3.105
21258171,0.0008194383,0.0007854012017797744,3.086,3.105
4630016,0.0008204103,0.0007861628234601988,3.086,3.104
10914511,0.0008213247,0.0007870090697717813,3.085,3.104
10398374,0.000822323,0.0007879822530301013,3.085,3.103
4932487,0.0008232007,0.0007889131239728421,3.084,3.103
2067946,0.0008238601,0.0007898016826000038,3.084,3.102
21258035,0.0008251383,0.0007909441151206403,3.083,3.102
7582190,0.0008261251,0.0007916211121699063,3.083,3.101
3740880,0.0008269907,0.0007924250461659097,3.082,3.101
3849569,0.0008281897,0.0007934405417398088,3.082,3.1
6528209,0.0008289314,0.0007942021634202331,3.081,3.1
23062977,0.0008305712,0.0007952599713097112,3.081,3.099
20124152,0.0008308537,0.0007955561575187652,3.08,3.099
226845,0.000832331,0.0007970794008796138,3.08,3.098
4364277,0.0008327257,0.0007973755870886677,3.079,3.098
15534698,0.0008342989,0.0007989411427650955,3.079,3.097
11981366,0.0008346473,0.0007994912028676241,3.078,3.097
14696927,0.0008358738,0.0008007605723349979,3.078,3.096
10746875,0.0008367468,0.0008015221940154223,3.077,3.096
2666288,0.000838155,0.0008026223142204796,3.077,3.095
17908409,0.0008385147,0.0008028338757983752,3.076,3.095
5718930,0.0008397667,0.0008044840561059612,3.076,3.094
22347760,0.0008404292,0.0008049494915773316,3.075,3.094
17369671,0.0008417672,0.0008063457979914429,3.075,3.093
12507193,0.0008423943,0.0008069381704095506,3.074,3.093
11448300,0.0008436974,0.0008081652275613453,3.074,3.092
14102826,0.0008443116,0.0008089691615573488,3.073,3.092
9502219,0.0008453753,0.0008100692817624061,3.073,3.091
11258427,0.0008463484,0.0008106616541805139,3.072,3.091
21917638,0.0008478068,0.0008119310236478878,3.072,3.09
16354514,0.0008482136,0.0008123118344880998,3.071,3.09
11889407,0.00084962,0.0008137927655333694,3.071,3.089
10916857,0.0008501621,0.0008144697625826355,3.07,3.089
11821460,0.0008516553,0.000815654507418851,3.07,3.088
7685499,0.0008522686,0.0008162468798369588,3.069,3.088
7165909,0.0008537085,0.0008175585616199117,3.069,3.087
1597957,0.000854103,0.0008179393724601239,3.068,3.087
15631407,0.0008557592,0.0008194203035053934,3.068,3.086
22142268,0.0008561184,0.0008195472404521308,3.067,3.086
21258229,0.000858094,0.0008212820453908751,3.066,3.086
22701466,0.000858158,0.0008213243577064542,3.066,3.085
11112920,0.0008600056,0.0008232284119075149,3.065,3.084
13910768,0.0008619282,0.0008250901537929966,3.065,3.083
12181471,0.0008621479,0.0008251747784241548,3.064,3.083
2183352,0.0008639788,0.0008267826464161617,3.063,3.083
2361969,0.0008641811,0.0008269942079940574,3.063,3.082
8013770,0.0008660256,0.0008287290129328016,3.062,3.082
9071340,0.0008662314,0.000828898262195118,3.062,3.081
13253140,0.0008679699,0.0008302522562936502,3.061,3.081
20638805,0.0008687773,0.000830844628711758,3.061,3.08
15565886,0.0008700505,0.0008320293735479736,3.06,3.08
3370576,0.0008706556,0.0008327486829128188,3.06,3.079
21383518,0.0008720033,0.0008343565509048256,3.059,3.079
7446011,0.0008722211,0.0008346527371138794,3.059,3.078
5121037,0.0008739996,0.000836472166683782,3.058,3.078
20162606,0.0008740359,0.0008365991036305194,3.058,3.077
3562351,0.0008754806,0.0008385031578315802,3.058,3.076
18054881,0.0008760486,0.0008391801548808462,3.057,3.076
2522112,0.0008779298,0.0008404495243482201,3.057,3.075
6149805,0.0008780146,0.0008406187736105365,3.056,3.075
13253163,0.0008796494,0.0008423958908648599,3.056,3.074
6719493,0.0008801147,0.0008429459509673886,3.055,3.074
2128560,0.0008818283,0.0008443422573814998,3.055,3.073
4723390,0.0008821192,0.0008445538189593955,3.054,3.073
7912461,0.0008841203,0.0008461616869514023,3.053,3.073
16177306,0.000884302,0.0008462886238981397,3.053,3.072
6500335,0.0008861858,0.0008477272426278301,3.052,3.072
6843040,0.0008865972,0.0008482349904147796,3.052,3.071
22142160,0.0008881784,0.0008495466721977325,3.051,3.071
15902714,0.0008886743,0.0008501813569314195,3.051,3.07
14158600,0.0008902358,0.0008518315372390055,3.05,3.07
20808451,0.0008906965,0.0008521277234480593,3.05,3.069
7830095,0.000892307,0.0008536932791244871,3.049,3.069
11893857,0.0008927593,0.0008541164022802783,3.049,3.068
21258146,0.0008943857,0.0008558088949034436,3.048,3.068
13708637,0.0008946319,0.0008560627687969183,3.048,3.067
15618951,0.0008963641,0.0008580514476291373,3.048,3.066
9188916,0.0008964149,0.0008580937599447164,3.047,3.066
22848725,0.0008984877,0.0008599978141457772,3.046,3.066
17459892,0.0008985153,0.0008600401264613563,3.046,3.065
2094865,0.0009005724,0.0008619441806624171,3.045,3.065
4451617,0.0009006292,0.0008619864929779962,3.045,3.064
14338188,0.000902684,0.0008638059225478987,3.044,3.064
6094955,0.0009027955,0.0008639751718102153,3.044,3.063
16436056,0.0009047044,0.0008659215383268551,3.043,3.063
2668619,0.0009047951,0.0008660061629580134,3.043,3.062
21258160,0.0009067878,0.0008678255925279159,3.042,3.062
11893859,0.0009068695,0.0008679948417902324,3.042,3.061
10602388,0.0009089022,0.0008695603974666601,3.041,3.061
11642329,0.0009094042,0.0008699835206224514,3.041,3.06
15537755,0.0009109719,0.0008713798270365626,3.04,3.06
16224091,0.0009115939,0.0008719721994546704,3.04,3.059
17733202,0.0009131263,0.0008737070043934147,3.039,3.059
5639540,0.0009134712,0.0008740031906024685,3.039,3.058
17464662,0.0009151099,0.0008759918694346876,3.039,3.057
21746698,0.0009151905,0.0008761188063814249,3.038,3.057
20466713,0.0009172305,0.0008780228605824857,3.038,3.056
13486204,0.0009172957,0.000878149797529223,3.037,3.056
4364692,0.0009193916,0.0008799269147835465,3.036,3.056
1460753,0.0009194314,0.0008800538517302838,3.036,3.055
8532971,0.000921519,0.0008819155936157655,3.035,3.055
5117970,0.0009221078,0.000882084842878082,3.035,3.054
10233296,0.0009236349,0.0008836927108700889,3.034,3.054
15476161,0.0009241578,0.0008841158340258801,3.034,3.053
17529298,0.0009257922,0.0008857660143334661,3.033,3.053
21376343,0.000926042,0.0008861468251736783,3.033,3.052
2181837,0.0009278988,0.0008881355040058973,3.032,3.052
19839137,0.0009279556,0.0008882201286370555,3.032,3.051
13941231,0.0009299013,0.0008902511197848537,3.032,3.05
20757128,0.0009301576,0.0008904203690471703,3.031,3.05
16826719,0.0009320499,0.0008922821109326518,3.031,3.049
9212574,0.0009321883,0.0008925782971417058,3.03,3.049
9387352,0.0009334833,0.0008943554143960291,3.03,3.048
16078928,0.0009343896,0.0008952016607076117,3.029,3.048
6528217,0.0009356676,0.0008964287178594064,3.029,3.047
921734,0.0009365233,0.000897274964170989,3.028,3.047
17147245,0.0009376074,0.0008985020213227837,3.028,3.046
9188943,0.0009386777,0.0009000252646836323,3.027,3.046
23439357,0.0009391962,0.000900575324786161,3.027,3.045
17759392,0.0009408533,0.000902225505093747,3.026,3.045
3828809,0.0009412094,0.0009026486282495383,3.026,3.044
14797824,0.0009430842,0.0009042988085571242,3.025,3.044
22266868,0.0009434473,0.0009047219317129155,3.025,3.043
13941820,0.0009451538,0.0009061605504426058,3.024,3.043
3354668,0.0009457916,0.0009067952351762928,3.024,3.042
12859769,0.000947341,0.0009084877277994579,3.023,3.042
21140069,0.0009476765,0.00090886853863967,3.023,3.041
6668800,0.0009495369,0.0009107302805251517,3.022,3.041
1543907,0.0009497698,0.0009109841544186264,3.022,3.04
17026507,0.0009515626,0.0009130997701975829,3.022,3.039
2556998,0.0009517214,0.0009132690194598994,3.021,3.039
17253134,0.0009539135,0.0009151730736609602,3.02,3.038
16196478,0.0009559778,0.0009172886894399166,3.02,3.037
11167758,0.0009561015,0.0009173733140710748,3.019,3.037
21257966,0.0009581143,0.0009194043052188729,3.019,3.036
21928452,0.0009583027,0.0009194889298500312,3.018,3.036
7898082,0.0009605482,0.0009214352963666711,3.017,3.036
10195118,0.0009606993,0.0009215199209978293,3.017,3.035
17127954,0.0009627361,0.0009233393505677319,3.016,3.035
1634576,0.0009628503,0.0009236355367767857,3.016,3.034
5413406,0.0009649486,0.0009257088402401631,3.015,3.034
10163749,0.0009649641,0.0009257934648713213,3.015,3.033
11698345,0.0009672093,0.0009279090806502777,3.014,3.032
1830125,0.0009694371,0.0009299823841136549,3.013,3.032
18722903,0.0009694798,0.0009300670087448132,3.013,3.031
20923187,0.0009714223,0.0009321826245237695,3.013,3.03
17151489,0.000971692,0.0009325634353639817,3.012,3.03
13003611,0.0009735925,0.0009343405526183051,3.012,3.029
11258285,0.000973876,0.0009348483004052547,3.011,3.029
22848182,0.0009756987,0.0009364984807128406,3.011,3.028
17426942,0.0009761666,0.0009368369792374737,3.01,3.028
22410603,0.00097784,0.0009386564088073761,3.01,3.027
18518800,0.0009784128,0.0009392064689099049,3.009,3.027
14985664,0.0009804577,0.0009408143369019117,3.009,3.026
7990113,0.00098068,0.0009410682107953864,3.008,3.026
12156710,0.0009829329,0.0009428453280497099,3.007,3.026
13787724,0.0009830256,0.0009430145773120264,3.007,3.025
8363141,0.000985121,0.0009451725054065619,3.007,3.024
3970203,0.0009851456,0.0009452148177221411,3.006,3.024
21258011,0.0009872182,0.0009473304335010975,3.006,3.023
9150072,0.0009874176,0.0009475843073945722,3.005,3.023
8180455,0.0009895558,0.0009495306739112121,3.005,3.022
13096821,0.0009897489,0.0009496152985423703,3.004,3.022
445843,0.0009919803,0.0009515616650590102,3.003,3.022
15504426,0.0009921439,0.0009517309143213268,3.003,3.021
4874802,0.0009942757,0.0009538888424158623,3.002,3.021
21054911,0.0009942879,0.0009539311547314414,3.002,3.02
14463972,0.000996299,0.000956131395141556,3.002,3.019
17689919,0.0009966015,0.0009563006444038726,3.001,3.019
6261492,0.000998705,0.0009583316355516707,3.001,3.018
22128839,0.0009989697,0.000958416260182829,3.0,3.018
18172534,0.001001158,0.0009603203143838898,2.999,3.018
22848026,0.00100119,0.0009605318759617853,2.999,3.017
14770396,0.001003264,0.0009627321163719001,2.999,3.016
1294666,0.001003644,0.0009630706148965331,2.998,3.016
614944,0.001005371,0.0009649746690975938,2.998,3.015
8054145,0.001005846,0.0009655247292001225,2.997,3.015
13952393,0.001007361,0.0009671749095077085,2.997,3.014
21302462,0.001008123,0.0009681904050816075,2.996,3.014
1461464,0.001009392,0.0009694174622334022,2.996,3.013
4021245,0.001010463,0.0009703060208605639,2.995,3.013
5251528,0.001011775,0.0009716600149590961,2.995,3.012
11396131,0.001012756,0.0009725485735862578,2.994,3.012
15221783,0.001014369,0.0009739025676847898,2.994,3.011
7890644,0.001015157,0.0009746641893652141,2.993,3.011
7413460,0.001016487,0.0009761451204104837,2.993,3.01
22585785,0.001017574,0.0009772029282999618,2.992,3.01
14538330,0.001018977,0.0009783876731361775,2.992,3.009
22228320,0.001019835,0.0009790223578698644,2.991,3.009
5996271,0.001021276,0.0009806302258618712,2.991,3.008
7538020,0.001022137,0.000981857283013666,2.99,3.008
2666010,0.00102283,0.0009829150909031442,2.99,3.007
4890455,0.001024496,0.000984522958895151,2.989,3.007
2267498,0.001025685,0.000985157643628838,2.989,3.006
2635527,0.001026855,0.0009859192653092622,2.988,3.006
18705145,0.001028314,0.0009874425086701109,2.988,3.005
7614441,0.001029215,0.0009884156919284307,2.987,3.005
21375387,0.001030488,0.0009897273737113838,2.987,3.004
8746148,0.001031741,0.0009907851816008618,2.986,3.004
9974524,0.001032498,0.0009920122387526565,2.986,3.003
8967272,0.001034052,0.0009935354821135052,2.985,3.003
15292131,0.00103453,0.0009942971037939295,2.985,3.002
6283589,0.001036352,0.000996116533363832,2.984,3.002
22588724,0.001036739,0.0009965819688352025,2.984,3.001
3068510,0.001038734,0.0009980205875648929,2.983,3.001
2277876,0.001039685,0.0009988668338764754,2.983,3.0
10755965,0.001041171,0.001000432389552903,2.982,3.0
22850099,0.001041669,0.0010011940112333274,2.982,2.999
4693115,0.001043611,0.00100301344080323,2.981,2.999
19972458,0.00104423,0.0010034788762746003,2.981,2.998
11893883,0.001045931,0.0010052559935289237,2.98,2.998
5394777,0.001046925,0.0010058060536314523,2.98,2.997
19000530,0.001048367,0.0010073716093078802,2.979,2.997
22803936,0.001049011,0.0010081332309883045,2.979,2.996
9188701,0.001050783,0.0010094026004556782,2.978,2.996
23433954,0.001051889,0.0010104180960295774,2.978,2.995
11063639,0.001053176,0.001011602840865793,2.977,2.995
15484389,0.001054348,0.0010127452733864294,2.977,2.994
6808485,0.001055642,0.0010135492073824327,2.976,2.994
21056788,0.001056942,0.0010151147630588606,2.976,2.993
9720095,0.001058065,0.0010159610093704431,2.975,2.993
4615825,0.001059845,0.0010174419404157125,2.975,2.992
2275164,0.001060482,0.0010179920005182412,2.974,2.992
18054854,0.001062261,0.0010197691177725647,2.974,2.991
3474473,0.00106298,0.0010202768655595141,2.973,2.991
13128734,0.001064917,0.0010221386074449957,2.973,2.99
11653805,0.001065413,0.0010227732921786828,2.972,2.99
20349589,0.001066975,0.0010245080971174269,2.972,2.989
22750312,0.001067905,0.0010257351542692216,2.971,2.989
9993342,0.001069047,0.001026835274474279,2.971,2.988
21257827,0.001070302,0.0010282315808883902,2.97,2.988
20353680,0.001071043,0.0010292047641467102,2.97,2.987
11859291,0.001072769,0.0010309818814010336,2.969,2.987
1458889,0.001073504,0.0010315742538191414,2.969,2.986
6353402,0.001075265,0.0010328859356020944,2.968,2.986
14725342,0.001076604,0.0010339860558071516,2.968,2.985
14463512,0.001077708,0.0010350015513810506,2.967,2.985
5270560,0.001078693,0.0010363555454795828,2.967,2.984
17654056,0.001080215,0.0010378787888404315,2.966,2.984
7675227,0.001081007,0.001038725035152014,2.966,2.983
20735153,0.001082716,0.0010399520923038087,2.965,2.983
22142958,0.001084045,0.0010411368371400242,2.965,2.982
308549,0.001085179,0.0010421100203983442,2.964,2.982
22026823,0.00108678,0.0010435486391280346,2.964,2.981
14293992,0.001087778,0.001044352573124038,2.963,2.981
12800721,0.001089239,0.0010459604411160448,2.963,2.98
10756045,0.001090225,0.0010469336243743648,2.962,2.98
13315637,0.001091734,0.0010483722431040552,2.962,2.979
15380717,0.001092739,0.00104959930025585,2.961,2.979
19581516,0.001093943,0.0010507840450920654,2.961,2.978
12697617,0.001095244,0.0010518841652971229,2.96,2.978
2435545,0.001096355,0.0010531958470800758,2.96,2.977
19155918,0.00109777,0.0010550999012811366,2.959,2.977
13535048,0.001098269,0.001055607649068086,2.959,2.976
1451174,0.001100315,0.0010575117032691468,2.958,2.976
18650658,0.001100719,0.0010580617633716754,2.958,2.975
13045624,0.001102814,0.001059881192941578,2.957,2.975
6210746,0.00110333,0.0010605158776752649,2.957,2.974
11151326,0.001105454,0.0010628007427165378,2.956,2.974
12006806,0.001105549,0.0010629276796632753,2.956,2.973
13535080,0.00110791,0.0010645778599708612,2.955,2.973
22546477,0.001108663,0.0010653817939668647,2.955,2.972
22680184,0.00111046,0.0010669896619588716,2.954,2.972
7064614,0.001111403,0.0010678359082704541,2.954,2.971
17144623,0.001113017,0.0010693591516313028,2.953,2.971
22347502,0.001113734,0.0010702900225740435,2.953,2.97
18830356,0.001115587,0.0010716863289881547,2.952,2.97
730793,0.001116684,0.001072786449193212,2.952,2.969
581291,0.001118167,0.001074436629500798,2.951,2.969
16366835,0.001119095,0.0010752405634968014,2.951,2.968
14956219,0.001120734,0.0010769330561199665,2.95,2.968
13995159,0.001121756,0.00107773699011597,2.95,2.967
11828246,0.001123333,0.0010790909842145022,2.949,2.967
13161272,0.001124982,0.0010801911044195595,2.949,2.966
9336787,0.001125921,0.0010811219753623002,2.948,2.966
17401748,0.001127801,0.001082687531038728,2.948,2.965
14894750,0.001128543,0.001083660714297048,2.947,2.965
16564995,0.001130011,0.0010851839576578965,2.947,2.964
13741779,0.001131099,0.0010858609547071626,2.946,2.964
11345454,0.001133465,0.0010876803842770652,2.946,2.963
13283123,0.00113374,0.0010878919458549607,2.945,2.963
19248581,0.001135915,0.0010902191232118128,2.945,2.962
7730230,0.001136347,0.0010905576217364458,2.944,2.962
5996519,0.001138769,0.0010927155498309813,2.944,2.961
11615941,0.001139018,0.0010928001744621395,2.943,2.961
20798607,0.001141566,0.0010947888532943585,2.942,2.961
21946618,0.001142073,0.001095254288765729,2.942,2.96
7549016,0.001144311,0.0010974968414914229,2.941,2.96
17902482,0.00114462,0.0010977507153848976,2.941,2.959
22977043,0.001146873,0.0010995701449548001,2.94,2.959
2012824,0.001147759,0.0011002894543196452,2.94,2.958
21955785,0.001149602,0.001101474199155861,2.939,2.958
14976982,0.001150823,0.0011028281932543929,2.939,2.957
2919072,0.001152151,0.001104182187352925,2.938,2.957
14464107,0.001153331,0.0011053669321891405,2.938,2.956
10543708,0.001154806,0.0011066786139720937,2.937,2.956
6993765,0.001156301,0.0011079056711238884,2.937,2.955
17652962,0.001157445,0.0011090057913289457,2.936,2.955
22142951,0.0011586,0.001110486722374215,2.936,2.954
17767867,0.001160142,0.0011113752810013768,2.935,2.954
21385293,0.001162153,0.0011130254613089627,2.935,2.953
582027,0.001162854,0.0011136601460426498,2.934,2.953
11747059,0.001165439,0.0011156065125592896,2.934,2.952
15122821,0.001165615,0.0011156911371904478,2.933,2.952
21439901,0.001168156,0.0011178913776005626,2.932,2.952
16371366,0.001168439,0.0011181875638096165,2.932,2.951
18357206,0.001170977,0.0011205147411664684,2.931,2.951
10625664,0.00117128,0.0011207686150599431,2.931,2.95
3751075,0.001173573,0.0011233073539946908,2.93,2.95
22087276,0.001173599,0.00112334966631027,2.93,2.949
16387487,0.001176216,0.001125930717560597,2.93,2.948
22439650,0.001176331,0.0011260153421917551,2.929,2.948
3964240,0.00117894,0.0011285117688109236,2.929,2.947
23123130,0.001178994,0.0011285540811265028,2.928,2.947
8382111,0.001181527,0.0011311351323768297,2.928,2.946
21343657,0.001181681,0.0011314313185858834,2.927,2.946
1461423,0.001183931,0.0011337161836271563,2.927,2.945
3449019,0.001184481,0.001134223931414106,2.926,2.945
15599588,0.001186715,0.0011363395471930624,2.926,2.944
17716036,0.001187164,0.0011367203580332744,2.925,2.944
3297961,0.001189569,0.0011389629107589683,2.925,2.943
10705432,0.001189897,0.0011393014092836013,2.924,2.943
22142943,0.001192478,0.0011415862743248742,2.924,2.942
11079110,0.001192677,0.0011417555235871907,2.923,2.942
1997956,0.001195372,0.0011433633915791976,2.922,2.942
4693214,0.001196462,0.0011442096378907801,2.922,2.941
3089227,0.001198142,0.001145775193567208,2.921,2.941
13495633,0.001199426,0.001146833001456686,2.921,2.94
22876144,0.001200979,0.0011482293078707974,2.92,2.94
6568360,0.001202364,0.0011494986773381711,2.92,2.939
19642231,0.001203671,0.0011508949837522823,2.919,2.939
2634789,0.001205112,0.0011521643532196562,2.919,2.938
4192630,0.001206448,0.0011535183473181884,2.918,2.938
2016160,0.001207805,0.0011547877167855621,2.918,2.937
10272543,0.001209209,0.0011559724616217778,2.917,2.937
22587297,0.001210679,0.0011574533926670472,2.917,2.936
9189062,0.001211996,0.0011584265759253672,2.916,2.936
1294552,0.001213994,0.0011601190685485323,2.916,2.935
663914,0.0012148,0.0011610499394912731,2.915,2.935
6087431,0.001217176,0.0011628270567455965,2.915,2.934
13235217,0.001217616,0.0011631655552702296,2.914,2.934
7787209,0.001220022,0.0011654927326270816,2.914,2.933
20207966,0.001220406,0.0011658312311517145,2.913,2.933
17347687,0.001222573,0.0011681584085085667,2.913,2.932
12628898,0.00122333,0.001168623843979937,2.912,2.932
3247330,0.001225989,0.0011708663967056308,2.912,2.931
22946567,0.001226204,0.001170951021336789,2.911,2.931
1779478,0.0012289,0.001172939700169008,2.91,2.931
7004847,0.001229518,0.001173574384902695,2.91,2.93
13693386,0.001231689,0.0011757323129972304,2.909,2.93
2165499,0.001232487,0.0011762823730997593,2.909,2.929
15856407,0.001234574,0.0011781441149852408,2.908,2.929
7654265,0.001235749,0.0011789903612968234,2.908,2.928
8591858,0.001237411,0.0011803020430797763,2.907,2.928
5743639,0.001238919,0.0011816983494938875,2.907,2.927
5996613,0.001240259,0.001182502283489891,2.906,2.927
4594408,0.001242602,0.0011844063376909519,2.906,2.926
21917748,0.001243085,0.0011850410224246387,2.905,2.926
10755867,0.001245423,0.0011871566382035952,2.905,2.925
16751267,0.001246001,0.0011876643859905446,2.904,2.925
6873852,0.001248658,0.0011899069387162383,2.904,2.924
20231741,0.001248863,0.0011901608126097132,2.903,2.924
22767423,0.001251703,0.001192107179126353,2.902,2.924
451982,0.001252164,0.0011926149269133027,2.902,2.923
11198024,0.001254585,0.0011948574796389964,2.901,2.923
15343263,0.001254935,0.001195365227425946,2.901,2.922
20113173,0.001257472,0.0011981578402541684,2.901,2.921
13060019,0.001257567,0.0011982001525697476,2.9,2.921
8887592,0.001260039,0.0012009081407668117,2.9,2.92
9992800,0.00126044,0.0012015005131849196,2.899,2.92
8490959,0.001263093,0.001203658441279455,2.899,2.919
15824939,0.00126334,0.0012040392521196672,2.898,2.919
9385708,0.001265886,0.0012064510541076774,2.898,2.918
2934091,0.001266199,0.0012068741772634688,2.897,2.918
760313,0.001269023,0.0012092436669359,2.897,2.917
18936203,0.001269135,0.001209285979251479,2.896,2.917
16403503,0.001271605,0.0012119939674485433,2.896,2.916
5714651,0.001272081,0.001212586339866651,2.895,2.916
14293990,0.001273982,0.001214828892592345,2.895,2.915
2239819,0.001275,0.0012158020758506647,2.894,2.915
15424948,0.001277654,0.0012176215054205673,2.894,2.914
8810783,0.001277953,0.001217833066998463,2.893,2.914
11108188,0.001280372,0.0012204141182487896,2.893,2.913
11076046,0.001280906,0.0012207949290890018,2.892,2.913
18377830,0.001283605,0.0012232490433925912,2.892,2.912
2699573,0.001283959,0.0012233759803393287,2.891,2.912
12606015,0.001286566,0.0012260416562208138,2.891,2.911
1224746,0.001286768,0.0012261685931675512,2.89,2.911
21369370,0.001289634,0.0012288765813646154,2.89,2.91
21257919,0.001289753,0.001229088142942511,2.889,2.91
21218424,0.001292513,0.001231711506508417,2.889,2.909
10682455,0.001292736,0.0012318384434551544,2.888,2.909
2634342,0.001295625,0.0012345464316522185,2.888,2.908
445658,0.001295687,0.001234673368598956,2.887,2.908
20364297,0.001298256,0.00123738135679602,2.887,2.907
5103479,0.001298735,0.0012378044799518113,2.886,2.907
21948121,0.001301136,0.0012402585942554007,2.886,2.906
16020233,0.001301702,0.001240724029726771,2.885,2.906
2722188,0.001304521,0.0012430935193992023,2.885,2.905
7951006,0.001304735,0.001243262768661519,2.884,2.905
21274225,0.00130776,0.001245970756858583,2.883,2.904
17933016,0.001310618,0.0012488479943179637,2.883,2.903
14158558,0.001310707,0.0012489749312647011,2.882,2.903
19965123,0.001313522,0.0012517252317773445,2.882,2.902
9645005,0.001313746,0.0012519367933552402,2.881,2.902
12438382,0.00131643,0.0012546024692367253,2.881,2.901
16209913,0.001316769,0.001254898655445779,2.88,2.901
7649829,0.001319402,0.0012574797066961059,2.88,2.9
4735814,0.001319776,0.001257818205220739,2.879,2.9
4003713,0.001322106,0.0012603992564710657,2.879,2.899
14774907,0.001322946,0.0012609493165735943,2.878,2.899
13878408,0.001325556,0.0012633188062460255,2.878,2.898
3246378,0.001325934,0.0012635303678239212,2.877,2.898
11875606,0.001328942,0.001266153731389827,2.876,2.898
5594236,0.001328955,0.0012661960437054063,2.876,2.897
5767510,0.001332063,0.0012690309688492079,2.875,2.897
6356590,0.001332142,0.0012691155934803661,2.875,2.896
22277651,0.001334675,0.0012720774555709051,2.875,2.895
6085933,0.001335167,0.0012725005787266963,2.874,2.895
9351627,0.001337475,0.001274997005345865,2.874,2.894
13269755,0.001338153,0.0012757586270262893,2.873,2.894
20732129,0.001339858,0.0012779165551208248,2.873,2.893
18048563,0.00134126,0.001279312861534936,2.872,2.893
758943,0.001342676,0.0012808784172113636,2.872,2.892
18456913,0.001344502,0.0012824439728877915,2.871,2.892
22586510,0.001346472,0.0012838402793019026,2.871,2.891
6247315,0.001347492,0.0012847711502446434,2.87,2.891
3696826,0.001349746,0.0012868021413924417,2.87,2.89
1370815,0.001350678,0.0012881138231753946,2.869,2.89
7235452,0.001352605,0.0012897640034829805,2.869,2.889
12383587,0.001353702,0.001290610249794563,2.868,2.889
2041958,0.001356183,0.0012927258655735195,2.868,2.888
3950508,0.001356859,0.0012934451749383646,2.867,2.888
12573453,0.001359379,0.0012956877276640586,2.867,2.887
3813410,0.001359941,0.0012963224123977454,2.866,2.887
10649402,0.001362784,0.0012986919020701766,2.866,2.886
6519040,0.001363025,0.0012989034636480723,2.865,2.886
13588708,0.001366163,0.0013016537641607154,2.864,2.886
5715194,0.001366176,0.0013016960764762947,2.864,2.885
20808890,0.001369344,0.0013046579385668337,2.863,2.885
8382201,0.001369369,0.0013047002508824127,2.863,2.884
3288075,0.001372198,0.0013077044252885308,2.863,2.883
20808936,0.001372484,0.0013080006114975847,2.862,2.883
1294479,0.001375178,0.001310708599694649,2.862,2.882
18370598,0.001375632,0.001311047098219282,2.861,2.882
16828180,0.001378335,0.001313712774100767,2.861,2.881
7350716,0.001378842,0.0013140935849409792,2.86,2.881
16947578,0.001381076,0.0013167592608224643,2.86,2.88
19612012,0.001382088,0.001317605507134047,2.859,2.88
10755843,0.001384639,0.0013198057475441614,2.859,2.879
5531142,0.00138526,0.0013207366184869022,2.858,2.879
12182193,0.001387511,0.0013228522342658587,2.858,2.878
11287388,0.001388399,0.0013234869189995455,2.857,2.878
3859874,0.001390627,0.001325898720987556,2.857,2.877
156277,0.00139158,0.001326618030352401,2.856,2.877
639598,0.001393972,0.0013289452077092532,2.856,2.876
20955480,0.00139491,0.0013296645170740983,2.855,2.876
16115125,0.001397536,0.0013319916944309503,2.855,2.875
1355649,0.001397991,0.0013324571299023207,2.854,2.875
9520812,0.001400821,0.0013350804934682268,2.854,2.874
15800574,0.00140126,0.0013355882412551762,2.853,2.874
13587525,0.001404111,0.001338169292505503,2.853,2.873
18377731,0.001404455,0.0013384231663989778,2.852,2.873
17409511,0.001407426,0.0013412580915427793,2.852,2.872
21078054,0.001407692,0.001341469653120675,2.851,2.872
5727967,0.00141101,0.0013443045782644766,2.85,2.872
2607633,0.001411065,0.0013443468905800558,2.85,2.871
19687251,0.001414187,0.0013472664403550156,2.849,2.871
18041276,0.001414315,0.0013474356896173321,2.849,2.87
14046578,0.001417084,0.0013505244886546084,2.849,2.869
7756372,0.001417435,0.0013509052994948206,2.848,2.869
6122990,0.001420296,0.001353655600007464,2.848,2.868
8579832,0.001420801,0.0013539940985320968,2.847,2.868
10618524,0.001424027,0.0013567020867291612,2.846,2.868
7222651,0.001424172,0.0013567867113603194,2.846,2.867
20216189,0.001427283,0.0013595793241885418,2.845,2.867
22553026,0.001427644,0.001359917822713175,2.845,2.866
6417599,0.001430726,0.0013621180631232894,2.844,2.866
8957475,0.001431794,0.0013630489340660304,2.844,2.865
18736143,0.001433884,0.0013647837390047745,2.843,2.865
23532973,0.001435442,0.0013661800454188857,2.843,2.864
23254047,0.001437168,0.00136791485035763,2.842,2.864
22847812,0.001438531,0.0013693111567717412,2.842,2.863
5145517,0.001440466,0.0013712575232883812,2.841,2.863
7733279,0.001441643,0.001372484580440176,2.841,2.862
12451046,0.001443789,0.0013739231991698661,2.84,2.862
1294694,0.001445848,0.0013756580041086105,2.84,2.861
17189463,0.001447141,0.0013770543105227216,2.839,2.861
8648955,0.001449773,0.001378831427777045,2.839,2.86
8210439,0.001450453,0.0013797199864042068,2.838,2.86
8800441,0.001452678,0.0013820048514454797,2.838,2.859
20124332,0.001453797,0.0013832742209128534,2.837,2.859
18361611,0.001455741,0.0013851782751139142,2.837,2.858
12945939,0.001457154,0.001386109146056655,2.836,2.858
13044091,0.001460148,0.001388394011097928,2.836,2.857
16665252,0.001460526,0.0013886478849914029,2.835,2.857
9385837,0.001463678,0.0013915674347663627,2.835,2.856
10707510,0.001463867,0.0013917789963442582,2.834,2.856
3472112,0.001467264,0.0013945292968569015,2.833,2.856
12597656,0.001467501,0.0013947831707503764,2.833,2.855
22107702,0.001470366,0.0013979989067343902,2.833,2.854
19636010,0.001470671,0.0013982104683122856,2.832,2.854
19009070,0.001473912,0.0014012146427184037,2.832,2.853
11287437,0.001474111,0.0014013415796651411,2.831,2.853
5258357,0.00147734,0.0014044303787024174,2.831,2.852
24516,0.001477409,0.0014045573156491549,2.83,2.852
4276656,0.001480747,0.0014076884270020104,2.83,2.851
17105892,0.001480896,0.0014077307393175896,2.829,2.851
19581509,0.00148429,0.001410819538354866,2.828,2.851
21103809,0.001484387,0.0014109464753016031,2.828,2.85
16925280,0.001487695,0.0014140352743388796,2.827,2.85
5965147,0.00148799,0.001414204523601196,2.827,2.849
13586960,0.001491123,0.001417124073376156,2.826,2.849
17933384,0.001491466,0.0014174625719007889,2.826,2.848
14976318,0.001494758,0.001420085935466695,2.825,2.848
12101481,0.001495321,0.0014207206202003818,2.825,2.847
19790497,0.001497992,0.0014228785482949173,2.824,2.847
5128468,0.001499298,0.0014239786684999748,2.824,2.846
6568303,0.001501508,0.0014259250350166146,2.823,2.846
14093323,0.001502742,0.0014272790291151468,2.823,2.845
15307705,0.001504932,0.0014292677079473658,2.822,2.845
15547466,0.001506418,0.0014305793897303187,2.822,2.844
16543585,0.001508382,0.0014325257562469585,2.821,2.844
8122862,0.001509573,0.0014338797503454907,2.821,2.843
5255539,0.001511836,0.0014363338646490801,2.82,2.843
13586572,0.001512713,0.0014371801109606627,2.82,2.842
9980562,0.001515294,0.0014404804715758346,2.82,2.841
5900314,0.001515362,0.0014405227838914137,2.819,2.841
9393738,0.001518919,0.001443230772088478,2.818,2.841
7753969,0.001519542,0.0014437808321910066,2.818,2.84
19252626,0.001522364,0.0014459810726011213,2.817,2.84
6147461,0.001523556,0.0014471235051217576,2.817,2.839
22176240,0.001525845,0.0014483082499579733,2.816,2.839
13129622,0.001528099,0.0014504661780525088,2.816,2.838
8883262,0.001529593,0.0014516086105731453,2.815,2.838
13581282,0.001531657,0.00145380885098326,2.815,2.837
841906,0.001533015,0.0014546550972948425,2.814,2.837
22235978,0.001535793,0.001457151523914011,2.814,2.836
6418693,0.001536455,0.0014579131455944353,2.813,2.836
12746603,0.001539388,0.0014605365091603412,2.813,2.835
7499059,0.001539962,0.0014610019446317118,2.812,2.835
8014502,0.001543203,0.0014638791820910924,2.812,2.834
1327111,0.00154353,0.0014640484313534088,2.811,2.834
7589543,0.001547035,0.0014670102934439479,2.81,2.834
5370903,0.001547319,0.0014672641673374226,2.81,2.833
22930149,0.001550636,0.0014700567801656452,2.809,2.833
11698278,0.001551161,0.0014706491525837528,2.809,2.832
23380844,0.001553768,0.0014740341378300832,2.809,2.831
20190207,0.001554187,0.0014745841979326118,2.808,2.831
8764936,0.001557068,0.0014774191230764134,2.808,2.83
7955744,0.001557788,0.0014782230570724168,2.807,2.83
17953394,0.001560712,0.0014808464206383226,2.807,2.829
21078026,0.001561368,0.0014814811053720097,2.806,2.829
13969073,0.001564357,0.001484231405884653,2.806,2.828
17758918,0.00156497,0.0014847391536716025,2.805,2.828
265447,0.001568236,0.0014876587034465623,2.805,2.827
12343203,0.001568629,0.001487870265024458,2.804,2.827
16820988,0.00157213,0.0014910860010084717,2.804,2.826
7480131,0.001572225,0.001491128313324051,2.803,2.826
7315460,0.00157557,0.0014945556108859601,2.803,2.825
11299168,0.00157581,0.0014947248601482768,2.802,2.825
2033377,0.001579078,0.0014979829084478696,2.802,2.824
17150852,0.001579453,0.0014986175931815564,2.801,2.824
6147584,0.001582132,0.001501452518325358,2.801,2.823
22037071,0.001583074,0.0015029757616862067,2.8,2.823
21605802,0.001585375,0.0015048798158872675,2.8,2.822
206246,0.001586733,0.0015060645607234832,2.799,2.822
71421,0.001589467,0.0015083494257647559,2.799,2.821
3960406,0.001590443,0.001509322609023076,2.798,2.821
12112300,0.00159373,0.0015118613479578236,2.798,2.82
14682850,0.001594057,0.0015121998464824567,2.797,2.82
6699676,0.001597036,0.001515330957835312,2.797,2.819
13673623,0.001597722,0.0015157540809911034,2.796,2.819
20153485,0.001600822,0.0015188005677128007,2.796,2.818
23631879,0.001601407,0.0015193506278153293,2.795,2.818
639971,0.001604812,0.0015223124899058683,2.795,2.817
5837579,0.001605106,0.0015226933007460803,2.794,2.817
6147607,0.001608357,0.0015258244120989358,2.794,2.816
17290070,0.001608828,0.0015262475352547271,2.793,2.816
22301851,0.001612259,0.0015293363342920034,2.793,2.815
17895389,0.001612502,0.0015294632712387409,2.792,2.815
14979735,0.001616261,0.0015325520702760172,2.791,2.815
4463116,0.00161664,0.0015328905688006503,2.791,2.814
18923421,0.001619962,0.001536106304784664,2.79,2.814
10124604,0.00162026,0.0015364024909937178,2.79,2.813
13625271,0.001623845,0.0015392374161375193,2.789,2.813
11185688,0.001624701,0.0015399567255023647,2.789,2.812
10862263,0.001627435,0.001542453152121533,2.788,2.812
2792490,0.001628653,0.0015435109600110113,2.788,2.811
21058171,0.001631186,0.0015461343235769172,2.787,2.811
8102748,0.001632595,0.001547065194519658,2.787,2.81
21834312,0.001634955,0.0015491808102986145,2.786,2.81
12352898,0.001636289,0.001550619429028305,2.786,2.809
18140998,0.001638773,0.0015529466063851569,2.785,2.809
18631486,0.00164033,0.0015542159758525308,2.785,2.808
19086678,0.001642499,0.001556331591631487,2.784,2.808
13460981,0.001643911,0.0015577702103611775,2.784,2.807
105102,0.001646273,0.0015604358862426626,2.783,2.807
8382224,0.001647409,0.0015613667571854034,2.783,2.806
13504596,0.001650086,0.0015642863069603632,2.782,2.806
8567326,0.001650918,0.0015649633040096293,2.782,2.805
11444070,0.001653949,0.0015669942951574275,2.781,2.805
17061576,0.001655936,0.0015685598508338552,2.781,2.804
16824631,0.001657687,0.001569829220301229,2.78,2.804
6147595,0.001660647,0.00157219870997366,2.78,2.803
6740924,0.001661573,0.001573129580916401,2.779,2.803
21257429,0.001664724,0.0015758375691134652,2.779,2.802
20400609,0.001665356,0.0015765145661627313,2.778,2.802
16310147,0.001668519,0.001579434115937691,2.778,2.801
19792644,0.001669197,0.0015798572390934823,2.777,2.801
1590428,0.001673113,0.001583030662761917,2.776,2.801
3288643,0.001673132,0.001583072975077496,2.776,2.8
417554,0.001676902,0.0015851462785408733,2.775,2.8
7594222,0.001678583,0.0015867541465328801,2.775,2.799
20459498,0.00168076,0.0015882773898937288,2.774,2.799
16225381,0.001682794,0.0015903930056726853,2.774,2.798
5554147,0.001684622,0.001592339372189325,2.773,2.798
1515115,0.001686186,0.0015940741771280694,2.773,2.797
9628946,0.001688565,0.0015967398530095545,2.772,2.797
12474460,0.001689484,0.0015977553485834535,2.772,2.796
8888378,0.001692392,0.0015997863397312516,2.771,2.796
22347070,0.001694681,0.0016014365200388376,2.771,2.795
2317597,0.001696332,0.001603171324977582,2.77,2.795
417217,0.001698017,0.0016051176914942218,2.77,2.794
1936997,0.001700209,0.0016070217456952826,2.769,2.794
12979720,0.001701835,0.001608798862949606,2.769,2.793
5092001,0.001704141,0.001611168352622037,2.768,2.793
33968,0.001705161,0.0016125223467205693,2.768,2.792
16867204,0.001708096,0.0016152726472332124,2.767,2.792
17909412,0.00170923,0.0016162458304915324,2.767,2.791
16173431,0.001712035,0.0016186999447951218,2.766,2.791
13569021,0.001713267,0.0016199693142624958,2.766,2.79
16834154,0.001715969,0.0016229734886686138,2.765,2.79
14203322,0.001716886,0.001623692798033459,2.765,2.789
1926665,0.001719888,0.001626358473914944,2.764,2.789
6147566,0.001721366,0.0016274585941200013,2.764,2.788
21758284,0.001723963,0.0016294049606366413,2.763,2.788
2634691,0.001726334,0.0016311820778909646,2.763,2.787
16834001,0.001727874,0.0016320706365181264,2.762,2.787
14464330,0.001730366,0.001634947873977507,2.762,2.786
5564707,0.001731851,0.0016363018680760392,2.761,2.786
10579222,0.001734703,0.0016387136700640494,2.761,2.785
17264239,0.001735809,0.0016396868533223694,2.76,2.785
3627911,0.001738935,0.001642521778466171,2.76,2.784
8286883,0.001739843,0.001643198775515437,2.759,2.784
3718560,0.001743145,0.0016462875745527133,2.759,2.783
1820283,0.001743932,0.0016469645716019794,2.758,2.783
13146749,0.001746739,0.001650095682954835,2.758,2.782
799596,0.001747884,0.0016513227401066296,2.757,2.782
15859118,0.001750737,0.0016539037913569563,2.757,2.781
12497967,0.00175189,0.0016549192869308555,2.756,2.781
13131281,0.00175496,0.0016577118997590779,2.756,2.78
21257717,0.001755904,0.0016588543322797143,2.755,2.78
1691454,0.001758745,0.0016615200081611995,2.755,2.779
16225314,0.001759979,0.0016625778160506777,2.754,2.779
6121669,0.001762563,0.0016653704288789,2.754,2.778
9842199,0.001764061,0.0016664705490839573,2.753,2.778
17150807,0.001767533,0.0016691785372810217,2.753,2.777
7537820,0.001768088,0.0016694747234900756,2.752,2.777
23253713,0.001772174,0.0016724788978961936,2.751,2.777
2634188,0.001772517,0.0016730289579987222,2.751,2.776
15484487,0.001776296,0.0016762023816671568,2.75,2.776
6240932,0.001776736,0.0016768793787164228,2.75,2.775
16546825,0.001780328,0.001680264363962753,2.749,2.775
13278966,0.001780654,0.0016807721117497027,2.749,2.774
21763211,0.001784329,0.0016846225324674033,2.749,2.773
6231671,0.0017845,0.0016847071570985615,2.748,2.773
2257313,0.001788561,0.0016879228930825752,2.747,2.773
22959844,0.001788932,0.001688515265500683,2.747,2.772
13962580,0.001792897,0.0016916886891691176,2.746,2.772
6201088,0.001793603,0.001692407998533963,2.746,2.771
20862834,0.001796861,0.0016959622330426096,2.745,2.771
20548986,0.001797404,0.0016963007315672427,2.745,2.77
18306089,0.001800949,0.001699728029129152,2.744,2.77
21834271,0.001801564,0.0017002357769161016,2.744,2.769
14069327,0.001805098,0.0017041285099493814,2.743,2.768
3622488,0.001809287,0.0017077673690891863,2.742,2.768
680149,0.001809489,0.0017080635552982402,2.742,2.767
12264771,0.001813427,0.0017118293513847826,2.741,2.767
15191277,0.001813506,0.001711998600647099,2.741,2.766
6856469,0.00181747,0.0017159336459959581,2.741,2.765
5128376,0.001817623,0.0017160605829426954,2.74,2.765
18828110,0.001821672,0.0017199110036603962,2.74,2.764
13460996,0.001821815,0.0017200802529227126,2.739,2.764
3182370,0.001826006,0.0017232959889067264,2.738,2.764
8783040,0.001826456,0.0017238883613248342,2.738,2.763
11893891,0.001830213,0.0017269348480465313,2.737,2.763
17578621,0.001831136,0.0017278657189892723,2.737,2.762
4698722,0.001834447,0.0017312083919200233,2.736,2.762
16451575,0.00183538,0.0017318430766537101,2.736,2.761
50296,0.001838814,0.0017344664402196162,2.735,2.761
5561026,0.001840035,0.0017358204343181482,2.735,2.76
4735957,0.001842935,0.0017387822964086872,2.734,2.76
7537932,0.001843949,0.0017398401042981655,2.734,2.759
19000827,0.001847145,0.0017427596540731253,2.733,2.759
21762272,0.00184832,0.0017438174619626035,2.733,2.758
12595145,0.001851462,0.0017465254501596676,2.732,2.758
2081608,0.001852741,0.0017478371319426206,2.732,2.757
11518194,0.001855686,0.0017505028078241057,2.731,2.757
39053,0.001856759,0.0017518991142382169,2.731,2.756
21552694,0.001859962,0.0017543955408573855,2.73,2.756
3535180,0.001861414,0.0017559187842182342,2.73,2.755
2070324,0.001864248,0.0017587113970464565,2.729,2.755
10086731,0.00186601,0.0017599807665138305,2.729,2.754
18175649,0.001868637,0.001762181006923945,2.728,2.754
3014351,0.001870723,0.0017640427488094267,2.728,2.753
21416401,0.001872866,0.0017656929291170126,2.727,2.753
13584413,0.001875126,0.001768104731105023,2.727,2.752
639963,0.001877238,0.0017703049715151375,2.726,2.752
4540045,0.001878937,0.0017721667134006193,2.726,2.751
12303325,0.001881488,0.0017742823291795756,2.725,2.751
7437992,0.001883585,0.0017762710080117946,2.725,2.75
23414979,0.001885844,0.0017783866237907511,2.724,2.75
3878087,0.001887357,0.001780332990307391,2.724,2.749
18770669,0.001890196,0.0017828294169265596,2.723,2.749
4603820,0.001892017,0.0017844372849185664,2.723,2.748
18988095,0.001894547,0.0017863836514352062,2.722,2.748
7594201,0.001896814,0.001788583891845321,2.722,2.747
5708330,0.001898894,0.001790318696784065,2.721,2.747
17640533,0.001901821,0.0017926881864564963,2.721,2.746
5995940,0.001903299,0.0017939998682394492,2.72,2.746
18655529,0.001906345,0.0017968347933832508,2.72,2.745
20274761,0.001907665,0.0017984849736908369,2.719,2.745
14948176,0.001910443,0.0018009814003100053,2.719,2.744
21400879,0.001912168,0.001802504643670854,2.718,2.744
516675,0.001914801,0.00180512800723676,2.718,2.743
18828148,0.00191647,0.0018063127520729755,2.717,2.743
11310353,0.001919924,0.0018092746141635146,2.717,2.742
5826551,0.001920881,0.0018102054851062554,2.716,2.742
16706235,0.001924496,0.001813463533405848,2.716,2.741
21041647,0.001925344,0.0018146482782420638,2.715,2.741
10468189,0.001928284,0.0018176101403326026,2.715,2.74
13459240,0.001929813,0.0018186256359065019,2.714,2.74
7067434,0.001933557,0.0018217990595749364,2.714,2.739
1285089,0.001934204,0.001822306807361886,2.713,2.739
4847046,0.001937699,0.0018260302911328491,2.713,2.738
274521,0.001938675,0.001826918849760011,2.712,2.738
17185164,0.001942141,0.0018302192103751829,2.712,2.737
20808544,0.001943185,0.0018314885798425568,2.711,2.737
10496811,0.00194609,0.0018344504419330956,2.711,2.736
22346878,0.00194767,0.0018358044360316278,2.71,2.736
19138793,0.001950904,0.0018386816734910084,2.71,2.735
23520062,0.001952106,0.0018396971690649076,2.709,2.735
18832947,0.001955666,0.0018429129050489214,2.709,2.734
22671281,0.001956685,0.001843801463676083,2.708,2.734
20784430,0.001960942,0.0018471441366068341,2.708,2.733
21770757,0.001961203,0.0018472710735535714,2.707,2.733
17775543,0.001965754,0.001851036869640114,2.706,2.733
18969094,0.00196626,0.0018514176804803261,2.706,2.732
2084882,0.001970157,0.0018554373504603432,2.705,2.732
4032834,0.001970504,0.0018556912243538179,2.705,2.731
12288199,0.00197475,0.001859626269702677,2.704,2.731
15830339,0.001975182,0.0018599647682273099,2.704,2.73
14840517,0.001979319,0.0018640690628384854,2.703,2.73
15562338,0.001979757,0.0018642383121008018,2.703,2.729
16436968,0.001983862,0.0018676656096627113,2.702,2.729
20837753,0.001984769,0.0018685541682898728,2.702,2.728
17358620,0.001988461,0.0018714314057492536,2.701,2.728
8649554,0.001989829,0.0018728700244789438,2.701,2.727
7698272,0.001992976,0.001876170385094116,2.7,2.727
2225265,0.001993881,0.001877185880668015,2.7,2.726
7078338,0.00199763,0.0018809939890701364,2.699,2.726
10808660,0.001998224,0.001881501736857086,2.699,2.725
7024976,0.002002184,0.0018852675329436284,2.698,2.725
19032299,0.002002713,0.0018858599053617362,2.698,2.724
22809067,0.002006834,0.001889752638395016,2.697,2.724
21268887,0.002007464,0.0018901757615508072,2.697,2.723
10455686,0.002011494,0.0018935184344815584,2.696,2.723
10589893,0.002012235,0.0018945339300554575,2.696,2.722
16022932,0.002016048,0.001897665041408313,2.695,2.722
23043596,0.00201748,0.0018988920985601077,2.695,2.721
19889983,0.002020718,0.001901642399072751,2.694,2.721
5098791,0.002022472,0.001903292579380337,2.694,2.72
14671376,0.002025361,0.0019057890059995055,2.693,2.72
3775415,0.002027637,0.0019076930602005663,2.693,2.719
17369655,0.002030071,0.0019101894868197348,2.692,2.719
22143384,0.002032016,0.0019120935410207956,2.692,2.718
22511124,0.002034817,0.0019143360937464893,2.691,2.718
19636393,0.002037261,0.001916494021841025,2.691,2.717
19921765,0.002039446,0.0019192020100380891,2.69,2.717
11085362,0.002040817,0.0019208945026612542,2.69,2.716
10837318,0.00204409,0.001924448737169901,2.689,2.716
14495472,0.0020452,0.0019253372957970627,2.689,2.715
15108045,0.002048836,0.001928426094834339,2.688,2.715
12876568,0.002050201,0.0019297800889328711,2.688,2.714
11334194,0.002053577,0.0019335458850194135,2.687,2.714
14702661,0.002054045,0.0019342228820686796,2.687,2.713
18004931,0.002058364,0.0019385387382577506,2.686,2.713
18331618,0.002058549,0.001938665675204488,2.686,2.712
10533087,0.002063042,0.0019425160959221886,2.685,2.712
22611985,0.002063815,0.0019431507806558755,2.685,2.711
3516640,0.002067958,0.0019467473274801014,2.684,2.711
9749226,0.002068644,0.0019476358861072632,2.684,2.71
15119492,0.002072729,0.0019519940546119134,2.683,2.71
22809071,0.002072872,0.0019521209915586506,2.683,2.709
9689067,0.002077324,0.0019564368477477216,2.682,2.709
19551405,0.002077674,0.0019566060970100385,2.682,2.708
4894093,0.002081858,0.001961133514777005,2.682,2.707
7081578,0.002082113,0.0019613027640393217,2.681,2.707
6399881,0.002086895,0.0019652801217037597,2.68,2.707
11597668,0.002087216,0.001965660932543972,2.68,2.706
5556912,0.002091703,0.0019701460379953593,2.679,2.706
19966260,0.002091748,0.0019701883503109386,2.679,2.705
18280004,0.002096022,0.0019747157680779052,2.679,2.704
22125534,0.002096597,0.001975308140496013,2.678,2.704
5168579,0.002100997,0.0019792854981604507,2.678,2.703
6700174,0.002101358,0.001979708621316242,2.677,2.703
18757488,0.002105177,0.0019838129159274174,2.677,2.702
12715981,0.002106233,0.001984913036132475,2.676,2.702
13756936,0.002110226,0.0019884249583255425,2.676,2.701
14050323,0.002111114,0.001989186580005967,2.675,2.701
23403398,0.002115457,0.0019929946884080884,2.675,2.7
13763170,0.002115993,0.0019936716854573543,2.674,2.7
872735,0.002119859,0.0019975644184906344,2.674,2.699
3157738,0.002120806,0.001998495289433375,2.673,2.699
18058219,0.002125283,0.002002176460888759,2.673,2.698
10914769,0.00212571,0.002002811145622446,2.672,2.698
21376872,0.00212958,0.002006788503286884,2.672,2.697
17006366,0.002130601,0.0020075501249673085,2.671,2.697
18710044,0.002134919,0.002011442858000588,2.671,2.696
21975552,0.002135547,0.0020118659811563795,2.67,2.696
6935384,0.002139607,0.0020160549003987133,2.67,2.695
11518132,0.002140465,0.0020166895851324,2.669,2.695
16042334,0.002144425,0.002020709255112417,2.669,2.694
13342830,0.002145414,0.0020214285644772623,2.668,2.694
10646726,0.002149881,0.0020253636098261215,2.668,2.693
16824863,0.002150307,0.0020256597960351752,2.667,2.693
7327132,0.002155345,0.0020296371536996133,2.666,2.693
9901041,0.002155778,0.0020300602768554047,2.666,2.692
7734466,0.002160292,0.002034206883782159,2.665,2.692
13498480,0.002160961,0.0020347146315691086,2.665,2.691
1583703,0.002165325,0.002038861238495863,2.664,2.691
8210975,0.002166291,0.0020394112985983918,2.664,2.69
6990892,0.00217022,0.0020426270345824055,2.663,2.69
19308195,0.002172443,0.002044107965627675,2.663,2.689
11804190,0.002175295,0.00204630820603779,2.662,2.689
8778155,0.002178206,0.002048804632656958,2.662,2.688
13246447,0.002180293,0.0020504971252801236,2.661,2.688
22748808,0.002184204,0.0020535436120018204,2.661,2.687
2240949,0.002185321,0.0020542206090510867,2.66,2.687
17675191,0.002190169,0.002058282591346683,2.66,2.686
937370,0.002190319,0.0020584095282934205,2.659,2.686
20313769,0.002195477,0.002062979258375966,2.658,2.686
13421438,0.002195503,0.002063021570691545,2.658,2.685
13252073,0.002200492,0.0020670412406715625,2.657,2.685
17601171,0.002201386,0.0020677605500364076,2.657,2.684
1848007,0.002205465,0.0020714840338073707,2.656,2.684
16050345,0.002206547,0.002072541841696849,2.656,2.683
13877996,0.00221055,0.002076096076205496,2.655,2.683
20510222,0.002211689,0.0020773231333572908,2.655,2.682
17963773,0.002215814,0.002081427427968466,2.654,2.682
7224549,0.002216666,0.002082104425017732,2.654,2.681
17675195,0.002220835,0.0020865895304691194,2.653,2.681
17675189,0.002221101,0.0020869280289937528,2.653,2.68
9425038,0.002225889,0.0020915823837074567,2.652,2.68
10102667,0.002226034,0.002091709320654194,2.652,2.679
22181633,0.002231017,0.0020961521137900026,2.651,2.679
4066768,0.00223145,0.0020965329246302148,2.651,2.678
5391972,0.002236164,0.0021010603423971814,2.65,2.678
11164981,0.002236555,0.0021013988409218144,2.65,2.677
17006486,0.002241312,0.002105587760164148,2.649,2.677
18010357,0.002241781,0.002106222444897835,2.649,2.676
1821417,0.002246504,0.0021107075503492227,2.648,2.676
10571809,0.00224678,0.002111088361189435,2.648,2.675
13693865,0.002251649,0.0021150234065382936,2.647,2.675
10928440,0.002253096,0.0021159542774810344,2.647,2.674
2954416,0.002256856,0.0021189584518871525,2.646,2.674
9818575,0.002258805,0.002120820193772634,2.646,2.673
22160596,0.002262039,0.002123401245022961,2.645,2.673
21355038,0.002264586,0.002125728422379813,2.645,2.672
1445300,0.002267289,0.002128394098261298,2.644,2.672
1554781,0.002270634,0.002130594338671413,2.644,2.671
11235673,0.002272541,0.002132032957401103,2.643,2.671
10688576,0.002276486,0.0021355025672785918,2.643,2.67
2207335,0.002277737,0.0021367719367459655,2.642,2.67
17992494,0.002281777,0.0021404531082013494,2.642,2.669
19987026,0.002282988,0.002141553228406407,2.641,2.669
11518037,0.002287067,0.0021453613368085283,2.641,2.668
22702305,0.002288247,0.002146588393960323,2.64,2.668
15950185,0.002292351,0.0021503118777312863,2.64,2.667
23232636,0.002293522,0.0021512004363584483,2.639,2.667
17545137,0.002298027,0.0021552624186540444,2.639,2.666
14058550,0.002298833,0.0021559817280188895,2.638,2.666
6871635,0.002304147,0.002160128334945644,2.637,2.666
16993227,0.002304166,0.0021602552718923817,2.637,2.665
574878,0.00230943,0.0021647826896593484,2.636,2.665
14880949,0.002309943,0.0021652481251307185,2.636,2.664
6873486,0.002314769,0.0021687600473237864,2.635,2.664
7320781,0.002316417,0.002170240978369056,2.635,2.663
11449967,0.002320176,0.0021737952128777025,2.634,2.663
13695753,0.002321677,0.0021752338316073927,2.634,2.662
6521662,0.00232546,0.0021789573153783563,2.633,2.662
14443907,0.002326517,0.00218022668484573,2.633,2.661
23550108,0.002330792,0.002184796414928276,2.632,2.661
15631269,0.002331487,0.002185261850399646,2.632,2.66
9192199,0.002336176,0.002189873892797771,2.631,2.66
256084,0.002337002,0.0021902970159535626,2.631,2.659
13015546,0.002341588,0.002194401310564738,2.63,2.659
17963934,0.002342411,0.0021953321815074787,2.63,2.658
22598772,0.002346951,0.0021999442239056034,2.629,2.658
14317643,0.002347322,0.002200409659376974,2.629,2.657
14489772,0.002352341,0.0022042177677790956,2.628,2.657
14532173,0.002354059,0.0022054871372464693,2.628,2.656
5750217,0.002357805,0.0022091683087018536,2.627,2.656
14313652,0.002359028,0.0022105646151159646,2.627,2.655
6873512,0.0023633,0.002213949600362295,2.626,2.655
8650232,0.002365623,0.002215684405301039,2.626,2.654
6395926,0.002368666,0.002218603955075999,2.625,2.654
4455464,0.002371271,0.0022207618831705345,2.625,2.653
20858439,0.002374118,0.0022237660575766525,2.624,2.653
15985481,0.002376609,0.002225881673355609,2.624,2.652
13979042,0.002379653,0.002228293475343619,2.623,2.652
8212768,0.002383409,0.0022310437758562627,2.623,2.651
11839566,0.002385065,0.0022322285206924784,2.622,2.651
8252846,0.002389293,0.0022361635660413373,2.622,2.65
16266322,0.002390625,0.0022379406832956604,2.621,2.65
23127428,0.00239407,0.0022413256685419906,2.621,2.649
4128203,0.002396141,0.0022432297227430514,2.62,2.649
17041154,0.002399954,0.0022464877710426444,2.62,2.648
19078575,0.002401601,0.0022478417651411765,2.619,2.648
15377270,0.002406501,0.002251649873543298,2.619,2.647
23567955,0.002407137,0.0022523691829081432,2.618,2.647
16404879,0.002412013,0.0022568542883595307,2.618,2.646
14325245,0.002412725,0.0022573620361464805,2.617,2.646
23185234,0.002418252,0.002261931766229026,2.616,2.646
14961872,0.002418284,0.0022620587031757637,2.616,2.645
2673458,0.002423825,0.002267263117991996,2.615,2.644
10556281,0.002429412,0.0022723829081770707,2.614,2.644
21094386,0.002429494,0.002272509845123808,2.614,2.643
2062503,0.002435104,0.0022772911367842496,2.613,2.643
169822,0.002435614,0.00227775657225562,2.613,2.642
18213771,0.002440675,0.002282157053075849,2.612,2.642
21249554,0.002441539,0.002283003299387432,2.612,2.641
9949105,0.00244642,0.0022862190353714457,2.611,2.641
17864048,0.002448818,0.0022882500265192438,2.611,2.64
5510434,0.002451914,0.002291296513240941,2.61,2.64
1740720,0.002454125,0.0022935390659666348,2.61,2.639
10900659,0.002457596,0.0022967971142662277,2.609,2.639
7096784,0.002460213,0.0022988281054140258,2.609,2.638
22066532,0.002463218,0.0023013245320331944,2.608,2.638
4128104,0.002466261,0.0023041171448614168,2.608,2.637
22066521,0.002468895,0.0023063596975871105,2.607,2.637
14787627,0.002472715,0.0023094061843088078,2.607,2.636
19097685,0.002474647,0.002311140989247552,2.606,2.636
22727902,0.002478513,0.002314737536071778,2.606,2.635
15484759,0.002480286,0.002316514653326101,2.605,2.635
15987545,0.0024847,0.002320068887834748,2.605,2.634
4414284,0.002486018,0.0023211266957242262,2.604,2.634
19060142,0.0024911,0.0023254425519132972,2.604,2.633
10540413,0.0024918,0.0023261195489625635,2.603,2.633
7792075,0.002496604,0.0023307739036762675,2.603,2.632
17794444,0.002497509,0.0023315355253566918,2.602,2.632
14333215,0.002502185,0.002336147567754817,2.602,2.631
1636998,0.002503255,0.0023372900002754534,2.601,2.631
10364865,0.002508249,0.002341563544148945,2.601,2.63
12162455,0.002509037,0.0023422828535137902,2.6,2.63
18444494,0.002514767,0.002346937208227494,2.6,2.629
16661025,0.002514789,0.0023470218328586526,2.599,2.629
21104332,0.00252058,0.0023520569984125687,2.598,2.629
12492477,0.002520794,0.002352353184621623,2.598,2.628
12008070,0.002526426,0.002356753665441852,2.597,2.628
22901435,0.002527242,0.002357769161015751,2.597,2.627
22043790,0.002532245,0.002361408020155556,2.596,2.627
7957804,0.002534454,0.0023632274497254586,2.596,2.626
18517119,0.002538144,0.0023667816842341052,2.595,2.626
13233231,0.002540568,0.002368685738435166,2.595,2.625
19034499,0.002543947,0.002371224477369914,2.594,2.625
5995845,0.002546978,0.0023741440271448735,2.594,2.624
11657197,0.002549766,0.002376555829132884,2.593,2.624
9749351,0.002553236,0.0023796023158545814,2.593,2.623
11249858,0.002555692,0.0023817179316335375,2.592,2.623
12213939,0.002559412,0.0023851029168798677,2.592,2.622
20551488,0.002561543,0.0023873031572899826,2.591,2.622
29016,0.002564684,0.0023906035179051544,2.591,2.621
12875073,0.002567453,0.002393099944524323,2.59,2.621
9068691,0.002570581,0.002396104118930441,2.59,2.62
17362267,0.00257336,0.0023982197347093975,2.589,2.62
2734139,0.002576142,0.0024016047199557277,2.589,2.619
18280209,0.002579387,0.0024044819574151085,2.588,2.619
12434160,0.002581779,0.0024071476332965937,2.588,2.618
21915220,0.002585267,0.0024103633692806074,2.587,2.618
544423,0.002588065,0.002412690546637459,2.587,2.617
2636652,0.002591334,0.002415906282621473,2.586,2.617
17810213,0.002593716,0.0024182757722939043,2.586,2.616
19061329,0.002597267,0.002421830006802551,2.585,2.616
6146533,0.002599695,0.00242381868563477,2.585,2.615
12695322,0.002603248,0.0024269497969876255,2.584,2.615
9689650,0.002605692,0.002429446223606794,2.584,2.614
21055818,0.002609216,0.0024322388364350165,2.583,2.614
20007978,0.002611769,0.002435031449263239,2.583,2.613
9689621,0.00261523,0.0024382048729316734,2.582,2.613
1540382,0.002618254,0.002440658987235263,2.582,2.612
14046847,0.002621371,0.002442647666067482,2.581,2.612
16657329,0.002624473,0.002446286525207287,2.581,2.611
18016770,0.002627311,0.0024480636424616103,2.58,2.611
18177175,0.002632231,0.002451914063179311,2.58,2.61
2237819,0.002633331,0.002452844934122052,2.579,2.61
8016301,0.00263831,0.002457541601151335,2.579,2.609
18705518,0.002639379,0.0024586840336719715,2.578,2.609
1640981,0.002644287,0.002463211451438938,2.578,2.608
7594242,0.002645477,0.002464269259328416,2.577,2.608
18887442,0.002651057,0.0024688813017265413,2.577,2.607
23569805,0.002651606,0.0024693044248823327,2.576,2.607
2636507,0.002657167,0.0024745934643297237,2.576,2.606
18808580,0.002657665,0.0024751435244322524,2.575,2.606
16853922,0.002663145,0.002480305626932906,2.575,2.605
7015978,0.002663859,0.0024808133747198555,2.574,2.605
15059919,0.002669888,0.002486017789536088,2.574,2.604
2636409,0.002669952,0.0024860601018516673,2.573,2.604
20539373,0.002676125,0.002491560702876954,2.572,2.604
4382918,0.002676183,0.0024917299521392705,2.572,2.603
15631483,0.00268234,0.0024970613039022407,2.571,2.603
21577712,0.002682817,0.002497484427058032,2.571,2.602
4232771,0.00268845,0.0025020118448249988,2.57,2.602
20286818,0.002690172,0.0025032389019767932,2.57,2.601
18529584,0.002694714,0.002507427821219127,2.569,2.601
14824257,0.002696472,0.0025090356892111336,2.569,2.6
7187585,0.002700884,0.002513182296137888,2.568,2.6
16366764,0.002702554,0.0025147901641298953,2.568,2.599
23136541,0.002707112,0.0025192752695812827,2.567,2.599
11953887,0.002708316,0.0025205869513642357,2.567,2.598
11163520,0.002713328,0.0025257490538648894,2.566,2.598
22998308,0.002713803,0.0025264260509141553,2.566,2.597
20211351,0.002719586,0.0025316304657303883,2.565,2.597
10738106,0.002720224,0.002532222838148496,2.565,2.596
3444549,0.002725838,0.0025377657514893616,2.564,2.596
19269047,0.002726225,0.0025380619376984158,2.564,2.595
5709181,0.002732145,0.002543731787986019,2.563,2.595
7426893,0.002732253,0.0025439010372483354,2.563,2.594
23136950,0.002738444,0.0025496978244826758,2.562,2.594
17697507,0.002738507,0.0025497824491138342,2.562,2.593
16041413,0.002744772,0.002555663860979333,2.561,2.592
591635,0.002751109,0.002561291398951357,2.56,2.592
4367245,0.00275144,0.002561545272844832,2.56,2.591
19233482,0.002756905,0.0025674689970259096,2.56,2.59
22675072,0.002757411,0.0025680613694440174,2.559,2.59
11368253,0.002762837,0.0025733927212069877,2.559,2.589
11049934,0.002763887,0.00257423896751857,2.558,2.589
13167447,0.002769069,0.0025793164453880653,2.558,2.588
20011718,0.002770208,0.0025805435025398602,2.557,2.588
6976998,0.002776326,0.0025852401695691434,2.557,2.587
2128248,0.002776524,0.0025854940434626183,2.556,2.587
646161,0.002782702,0.0025912062060658007,2.556,2.586
1306193,0.002782953,0.0025915447045904336,2.555,2.586
21770731,0.002789068,0.0025971722425624576,2.555,2.585
1683960,0.002789368,0.0025974261164559325,2.554,2.585
17262205,0.002794899,0.0026031805913746936,2.554,2.584
6146509,0.00279577,0.0026037729637928015,2.553,2.584
17698193,0.002801919,0.0026091889401869297,2.553,2.583
12497072,0.002802284,0.0026093158771336674,2.552,2.583
17525791,0.002808675,0.0026149857274212706,2.551,2.583
17428714,0.002808793,0.0026151972889991663,2.551,2.582
2942841,0.002814853,0.0026212056378114024,2.551,2.581
10457129,0.002815167,0.0026215864486516145,2.55,2.581
18718783,0.002821071,0.0026272562989392177,2.55,2.58
15462278,0.002821632,0.002627764046726167,2.549,2.58
1689104,0.002827175,0.002633306960067033,2.549,2.579
17892187,0.002828139,0.0026341955186941946,2.548,2.579
20505918,0.002833719,0.002639399933510427,2.548,2.578
10436903,0.002834669,0.002640330804453168,2.547,2.578
22286157,0.002839251,0.0026454929069538217,2.547,2.577
6095839,0.002841238,0.002646889213367933,2.546,2.577
6116112,0.002846962,0.002651585880397216,2.546,2.576
17459580,0.002847802,0.0026520513158685864,2.545,2.576
19824097,0.002854313,0.0026570018567913445,2.544,2.576
4934855,0.002854623,0.0026576788538406108,2.544,2.575
416875,0.002860884,0.002662121646976419,2.543,2.575
6147848,0.002862271,0.002663814139599584,2.543,2.574
21497221,0.002867478,0.0026685108066288672,2.542,2.574
11733923,0.0028686,0.002669949425358558,2.542,2.573
11444603,0.00287412,0.0026745191554411038,2.541,2.573
21870616,0.002875658,0.0026761270234331104,2.541,2.572
19896769,0.002880745,0.0026810775643558685,2.54,2.572
10707366,0.002881909,0.002682262309192084,2.54,2.571
3977584,0.002887355,0.002687001288536946,2.539,2.571
5131235,0.00288916,0.0026884399072666368,2.539,2.57
8730028,0.002894051,0.0026937289467140278,2.538,2.57
5482027,0.002894943,0.0026946598176567685,2.538,2.569
14051714,0.002900766,0.0026999488571041595,2.537,2.569
255232,0.00290182,0.0027008797280469003,2.537,2.568
5258174,0.002907454,0.002706126455178712,2.536,2.568
14341711,0.002908586,0.002707099638437032,2.536,2.567
19941754,0.002914087,0.002711330869994945,2.535,2.567
13171650,0.002916013,0.002713319548827164,2.535,2.566
19568452,0.002920863,0.00271788927890971,2.534,2.566
17653627,0.002922594,0.002719581771532875,2.534,2.565
2789859,0.002927608,0.0027235168168817337,2.533,2.565
7827441,0.002930578,0.002725843994238586,2.533,2.564
17133411,0.002934377,0.002729186667169337,2.532,2.564
15227734,0.002937323,0.0027321485292598757,2.532,2.563
20701667,0.002941058,0.002735702763768523,2.531,2.563
13769629,0.002944011,0.002738453064281166,2.531,2.562
2843632,0.002947815,0.0027425573588923413,2.53,2.562
12845189,0.002950004,0.002744757599302456,2.53,2.561
14214916,0.002954644,0.0027488195815980523,2.529,2.561
10449237,0.002956941,0.002751062134323746,2.529,2.56
12004863,0.002961537,0.0027553779905128174,2.528,2.56
1474735,0.002963681,0.0027574089816606155,2.528,2.559
514234,0.00296826,0.0027614709639562115,2.527,2.559
13131557,0.002970514,0.0027637981413130637,2.527,2.558
305138,0.002975149,0.002767437000452869,2.526,2.558
206531,0.002977758,0.0027701449886499327,2.526,2.557
14870587,0.002981953,0.002774080033998792,2.525,2.557
20420713,0.002984688,0.0027765341483023814,2.525,2.556
844232,0.002988877,0.0027805961305979775,2.524,2.556
18406968,0.002991085,0.0027829233079548297,2.524,2.555
22754588,0.002995735,0.0027873237887750587,2.523,2.555
3698932,0.002997565,0.002789354779922857,2.523,2.554
15126310,0.003002755,0.002793628323796349,2.522,2.554
20424750,0.003005343,0.0027957862518908846,2.522,2.553
1506446,0.003009574,0.0027994674233462686,2.521,2.553
18405333,0.003012859,0.002802217723858912,2.521,2.552
18351588,0.003016529,0.0028050949613182925,2.52,2.552
17459987,0.003020406,0.0028086915081425184,2.52,2.551
8439563,0.003023664,0.002811187934761687,2.519,2.551
18370724,0.003028384,0.002815165292426125,2.519,2.55
21922609,0.003030456,0.002816815472733711,2.518,2.55
21695434,0.00303505,0.002821639076709732,2.518,2.549
14475236,0.003037405,0.00282367006785753,2.517,2.549
8596978,0.003041782,0.0028281551733089173,2.517,2.548
15530155,0.003044445,0.0028305246629813487,2.516,2.548
12736873,0.003049382,0.0028346712699081032,2.516,2.547
7016571,0.003051444,0.0028368715103182177,2.515,2.547
17296148,0.003056442,0.002841229678822868,2.515,2.546
13619781,0.003058517,0.0028427529221837166,2.514,2.546
6146263,0.003063808,0.002847745775422054,2.514,2.545
20145265,0.003065497,0.0028493536434140605,2.513,2.545
2970809,0.003070754,0.0028543041843368186,2.513,2.544
13588847,0.003072559,0.0028559543646444045,2.512,2.544
16383990,0.003077945,0.0028609049055671625,2.512,2.543
18024939,0.003079713,0.0028628089597682233,2.511,2.543
12895052,0.003085974,0.0028675056267975065,2.511,2.542
2695714,0.003086764,0.00286830956079351,2.51,2.542
21302252,0.003093365,0.0028741063480278504,2.51,2.541
1328439,0.003093885,0.002874571783499221,2.509,2.541
13971980,0.00310027,0.0028807493815737736,2.509,2.54
5008992,0.003101037,0.0028814263786230395,2.508,2.54
20433752,0.003107698,0.0028873924151196968,2.508,2.539
4154079,0.003108254,0.0028879424752222254,2.507,2.539
16227307,0.003115097,0.00289403544866562,2.507,2.538
8167509,0.003115318,0.0028943316348746737,2.506,2.538
13800888,0.003122314,0.002900720794527122,2.506,2.537
16387084,0.003122518,0.002901101605367334,2.505,2.537
1658704,0.003129155,0.0029074061403886243,2.505,2.536
11172798,0.00312973,0.0029079138881755737,2.504,2.536
6998013,0.003136684,0.0029140914862501263,2.504,2.535
18029759,0.003136917,0.0029143876724591804,2.503,2.535
5943469,0.003144105,0.002920819144427208,2.503,2.534
21077406,0.003144128,0.002920861456742787,2.502,2.534
3775470,0.003151182,0.002927546802604289,2.502,2.533
13421975,0.003151453,0.0029277160518666055,2.501,2.533
7414806,0.003158488,0.0029342744607813707,2.501,2.532
18441410,0.003158666,0.0029344860223592664,2.5,2.532
8863202,0.003165544,0.002941044431274031,2.5,2.531
6609927,0.003166044,0.0029412983051675056,2.499,2.531
6018981,0.003173227,0.0029474759032420586,2.498,2.531
6964925,0.00317352,0.0029478144017666915,2.498,2.53
20839121,0.003180538,0.0029542881860502982,2.497,2.53
12437180,0.003181012,0.002954626684574931,2.497,2.529
19433328,0.003187762,0.002961438967383171,2.497,2.528
5036028,0.003187897,0.00296148127969875,2.496,2.528
18039062,0.003195282,0.0029678704393511983,2.495,2.528
1253347,0.003195634,0.0029682512501914104,2.495,2.527
12288740,0.003202335,0.002975105845315229,2.495,2.526
17373742,0.003202615,0.0029753174068931246,2.494,2.526
19032213,0.003210061,0.0029819181281234685,2.493,2.526
5459227,0.003210168,0.0029819604404390477,2.493,2.525
4120313,0.003217066,0.002988857347878446,2.493,2.524
4011923,0.003217435,0.0029890265971407623,2.492,2.524
5553989,0.003224385,0.0029957119430022642,2.492,2.523
8070988,0.003224796,0.0029960081292113184,2.491,2.523
13802814,0.00323071,0.0030026511627572416,2.491,2.522
11567813,0.003232244,0.0030040897814869317,2.49,2.522
14771488,0.003239553,0.003009548070196639,2.49,2.521
3353764,0.003239747,0.003009801944090114,2.489,2.521
3932822,0.003246935,0.003016487289951616,2.489,2.52
4903882,0.003247146,0.003016741163845091,2.488,2.52
22793550,0.003254621,0.003022961074235223,2.487,2.52
18864469,0.003255444,0.0030234688220221726,2.487,2.519
17447757,0.003262124,0.003029942606305779,2.486,2.519
8952416,0.003262791,0.0030304080417771495,2.486,2.518
10829111,0.003269678,0.0030359932674335942,2.485,2.518
11089829,0.003271048,0.0030373895738477056,2.485,2.517
15150574,0.003277303,0.0030437364211845746,2.484,2.517
3740684,0.003278009,0.003044413418233841,2.484,2.516
14977429,0.003284744,0.0030502525177837606,2.483,2.516
21449913,0.00328576,0.003051437262619976,2.483,2.515
8344844,0.003292393,0.0030581649207970575,2.482,2.515
1507334,0.003292656,0.003058461107006111,2.482,2.514
16354330,0.00329996,0.003064977203605297,2.481,2.514
10100078,0.003300515,0.0030655272637078257,2.481,2.513
504130,0.003307517,0.0030720433603070112,2.48,2.513
20365005,0.003308148,0.00307259342040954,2.48,2.512
6146552,0.003315241,0.003079617264795675,2.479,2.512
7487778,0.003315241,0.0030796595771112544,2.479,2.511
6325656,0.003322561,0.0030867680461285477,2.479,2.51
14518204,0.003322877,0.0030869372953908646,2.478,2.51
10034869,0.003329351,0.0030938765151458415,2.478,2.509
23101535,0.003330456,0.003094722761457424,2.477,2.509
4696436,0.003338113,0.003100688797954081,2.476,2.509
13787797,0.00333832,0.003101027296478714,2.476,2.508
13196674,0.003345844,0.0031080511408648494,2.475,2.508
13384635,0.003345925,0.0031081780778115867,2.475,2.507
18419387,0.003353515,0.003115201922197722,2.474,2.507
18102406,0.003353579,0.0031153288591444592,2.474,2.506
16387740,0.003361246,0.003122183454268278,2.473,2.506
15824693,0.003361425,0.003122521952792911,2.473,2.505
14083064,0.003369068,0.003129503484863467,2.472,2.505
17620166,0.003369317,0.003129715046441363,2.472,2.504
1780593,0.00337673,0.0031369081400898146,2.472,2.503
19073215,0.003376818,0.003136950452405394,2.471,2.503
20740976,0.003384632,0.0031427895519553135,2.47,2.503
19639066,0.003386027,0.0031441435460538457,2.47,2.502
8664981,0.003392364,0.0031500249579193445,2.469,2.502
21835652,0.003393909,0.0031513789520178762,2.469,2.501
4226010,0.003400172,0.0031576834870391665,2.468,2.501
13841244,0.003401095,0.0031586566702974865,2.468,2.5
20231662,0.003408043,0.0031645380821629853,2.467,2.5
4451310,0.003409308,0.0031659343885770963,2.467,2.499
640210,0.003415892,0.0031715196142335414,2.466,2.499
22441700,0.003418269,0.0031732544191722858,2.466,2.498
14427292,0.003423782,0.0031784588339885183,2.465,2.498
7956804,0.003425955,0.003180574449767475,2.465,2.497
16128224,0.003431628,0.0031851864921656,2.464,2.497
418851,0.003434631,0.003187894480362664,2.464,2.496
23330858,0.003439561,0.003191998774973839,2.463,2.496
16116977,0.003442707,0.003195214510957853,2.463,2.495
8825316,0.003447578,0.003199445742515766,2.462,2.495
228016,0.003450733,0.0032026191661842004,2.462,2.494
6350528,0.003455536,0.003206765773110955,2.461,2.494
20317881,0.003458768,0.0032099815090949686,2.461,2.493
16472781,0.003463403,0.0032145935514930938,2.46,2.493
21209489,0.003466936,0.003217386164321316,2.46,2.492
461402,0.003471383,0.003222590579137549,2.459,2.492
17095130,0.003473382,0.0032247908195476636,2.459,2.491
21228394,0.003479378,0.003230249108257371,2.458,2.491
7648313,0.003481636,0.00323223778708959,2.458,2.49
1360037,0.003487459,0.003237823012746035,2.457,2.49
5879767,0.003489849,0.0032396847546315166,2.457,2.489
21220731,0.003495428,0.0032445506709231162,2.456,2.489
7588307,0.003498831,0.003247174034489022,2.456,2.488
22517674,0.003503538,0.0032511090798378814,2.455,2.488
19058821,0.003506991,0.003254621002030949,2.455,2.487
212634,0.003511628,0.0032594446060069692,2.454,2.487
13245031,0.003514333,0.0032621525942040336,2.454,2.486
19628552,0.003519681,0.0032673993213358453,2.453,2.486
11891435,0.003522554,0.003269641874061539,2.453,2.485
14902404,0.003527845,0.003274126979512927,2.452,2.485
15857437,0.003531518,0.003277215778550203,2.452,2.484
19886486,0.003535926,0.003281700884001591,2.451,2.484
1691814,0.003539079,0.003284747370723288,2.451,2.483
18744267,0.003544077,0.0032901633471174164,2.45,2.483
8296563,0.003546022,0.0032923212752119517,2.45,2.482
6685926,0.0035523,0.003297948813183976,2.449,2.482
20575949,0.003554061,0.0032998951797006157,2.449,2.481
4420556,0.003560412,0.0033063689639842224,2.448,2.481
3444436,0.003561608,0.003307511396504859,2.448,2.48
3543835,0.003568653,0.003313900556157307,2.447,2.48
14922102,0.003570656,0.003315127613309102,2.447,2.479
7691036,0.003576858,0.0033215167729615503,2.446,2.479
16650654,0.00357823,0.003322786142428924,2.446,2.478
4656674,0.003585127,0.00332930223902811,2.445,2.478
23255818,0.003586502,0.0033304446715487464,2.445,2.477
2731999,0.003593404,0.003336876143516774,2.444,2.477
6659100,0.003594516,0.0033381455129841476,2.444,2.476
17047696,0.003601682,0.0033454655435793366,2.443,2.476
10297336,0.003602036,0.0033458040421039696,2.443,2.475
4656673,0.003610007,0.00335354719585495,2.442,2.474
19766846,0.003617614,0.0033612480372903516,2.442,2.473
6210430,0.003618272,0.003362009658970776,2.441,2.473
14568428,0.003626015,0.003369033503356911,2.441,2.472
12815955,0.003626667,0.0033695412511438607,2.44,2.472
955007,0.003634918,0.0033767766571078913,2.44,2.471
21857284,0.003635091,0.0033768612817390497,2.439,2.471
18720299,0.003643365,0.0033831235044447607,2.438,2.471
2127400,0.003644503,0.003384562123174451,2.438,2.47
2997761,0.00365175,0.0033911205320892156,2.437,2.47
12149836,0.003653197,0.0033923475892410106,2.437,2.469
4554002,0.003660256,0.0033989059981557753,2.436,2.469
2436214,0.003661755,0.0034001753676231494,2.436,2.468
1105234,0.003668623,0.003406606839591177,2.435,2.468
16733954,0.003670227,0.003408045458320867,2.435,2.467
9749331,0.003677105,0.0034154501135472146,2.434,2.467
4589635,0.003677697,0.0034158732367030055,2.434,2.466
13012990,0.003685596,0.003423150954982616,2.433,2.466
5407191,0.003686544,0.0034237433274007236,2.433,2.465
18533234,0.003694056,0.0034304286732622256,2.432,2.465
1882920,0.003695348,0.0034316557304140205,2.432,2.464
4252885,0.00370255,0.0034391026979559472,2.431,2.464
23115986,0.003702869,0.0034395681334273174,2.431,2.463
13342115,0.003711115,0.00344722666254714,2.43,2.463
13161016,0.00371147,0.0034474805364406143,2.43,2.462
16436836,0.003719677,0.003454885191666962,2.429,2.462
4343598,0.003720401,0.0034554352517694904,2.429,2.461
19442481,0.003728209,0.003461655162159622,2.428,2.461
2777894,0.003730012,0.0034633899670983665,2.428,2.46
21691073,0.003736815,0.0034703291868533434,2.427,2.46
7598334,0.003738221,0.003471386994742822,2.427,2.459
5887865,0.003745425,0.0034786224007068525,2.426,2.459
11293762,0.003746145,0.003479384022387277,2.426,2.458
5502066,0.003754071,0.003486661740666887,2.425,2.458
1682326,0.00375483,0.0034874233623473114,2.425,2.457
1851691,0.003762737,0.0034938971466309176,2.424,2.457
5183544,0.003764533,0.0034954627023073455,2.424,2.456
21568000,0.003771389,0.003501809549644215,2.423,2.456
2051565,0.003772925,0.00350350204226738,2.423,2.455
16146890,0.003780109,0.0035109490098093063,2.422,2.455
11038475,0.003780792,0.0035115836945429934,2.422,2.454
4605305,0.003788788,0.003518015166511021,2.421,2.454
10918071,0.003791154,0.0035196653468186068,2.421,2.453
668334,0.003797524,0.003525716007946422,2.42,2.453
211287,0.003799664,0.0035277893114097993,2.42,2.452
13657342,0.003806306,0.003533924597168773,2.419,2.452
1124462,0.003808171,0.003535913276000992,2.419,2.451
14447422,0.003815049,0.0035425986218624943,2.418,2.451
20888909,0.003816181,0.0035440795529077637,2.418,2.45
15245223,0.003823848,0.0035512303342406363,2.417,2.45
19979893,0.003824933,0.0035522458298145355,2.417,2.449
8307925,0.003832716,0.0035598197343031995,2.416,2.449
11167301,0.003833048,0.003560412106721307,2.416,2.448
3285727,0.00384157,0.003567689825000917,2.415,2.448
16172933,0.003842584,0.003568620695943658,2.415,2.447
773515,0.003850488,0.0035768715974815878,2.414,2.446
18818675,0.003859232,0.003584826312810464,2.413,2.446
13397441,0.003859636,0.003585122499019518,2.413,2.445
10023177,0.003868025,0.003593373400557448,2.413,2.444
18828093,0.003868126,0.0035934580251886063,2.412,2.444
2122791,0.00387708,0.0036012434912551655,2.411,2.444
15899258,0.003877691,0.003601666614410957,2.411,2.443
7957419,0.00388598,0.00360830964795688,2.41,2.443
8955788,0.003887659,0.003609959828264466,2.41,2.442
11806261,0.003894942,0.003616814423388285,2.409,2.442
1606194,0.00389643,0.0036182953544335542,2.409,2.441
5192270,0.003903931,0.003624896075663898,2.408,2.441
15392850,0.00390556,0.0036266308806026425,2.408,2.44
3981086,0.003912921,0.0036333585387797237,2.407,2.44
12695880,0.003914576,0.0036349664067717308,2.407,2.439
122610,0.003921944,0.0036423710619980783,2.406,2.439
10551987,0.003922805,0.003643344245256398,2.406,2.438
18204411,0.003930978,0.003651341272900853,2.405,2.438
22098472,0.003931515,0.0036517643960566446,2.405,2.437
18985672,0.003940097,0.003659211363598571,2.404,2.437
12143223,0.003941311,0.003660184546856891,2.404,2.436
6071023,0.003949162,0.0036669122050339725,2.403,2.436
1471885,0.003951181,0.0036686046976571376,2.403,2.435
22707111,0.003958239,0.0036745284218382152,2.402,2.435
5555230,0.003961282,0.003677067160772963,2.402,2.434
22901394,0.003967393,0.0036828216356917243,2.401,2.434
9102544,0.003970157,0.003685571936204368,2.401,2.433
16485652,0.003976501,0.003691326411123129,2.4,2.433
1387354,0.003979418,0.0036940343993201934,2.4,2.432
16236274,0.003985668,0.0037009736190751702,2.399,2.432
21844862,0.003987246,0.0037025814870671773,2.399,2.431
18012193,0.003994857,0.0037088860220884676,2.398,2.431
4135555,0.003997305,0.003711086262498582,2.398,2.43
22815782,0.004004061,0.0037176446714133468,2.397,2.43
21320070,0.00400667,0.003719633350245566,2.397,2.429
12612124,0.004013309,0.0037254724497954857,2.396,2.429
18655637,0.004016681,0.0037282227503081288,2.396,2.428
21743977,0.004022558,0.003733934912911311,2.395,2.428
17148075,0.00402548,0.003736812150370692,2.395,2.427
22881358,0.004031829,0.003742524312973874,2.394,2.427
14796578,0.004034836,0.003745443862748834,2.394,2.426
555969,0.004041139,0.00375145221156107,2.393,2.426
18922920,0.004043282,0.003754075575126976,2.393,2.425
15550379,0.00405052,0.003760930170250795,2.392,2.425
7442054,0.004052321,0.0037627072875051184,2.392,2.424
2574,0.00405979,0.003769223384104304,2.391,2.424
18268090,0.004061763,0.0037713813121988396,2.391,2.423
5455817,0.004069134,0.0037771357871176007,2.39,2.423
7305075,0.004072111,0.00378009764920814,2.39,2.422
17459661,0.004078514,0.0037856828748645847,2.389,2.422
20425110,0.00408139,0.00378881398621744,2.389,2.421
13815662,0.004087963,0.003794737710398518,2.388,2.421
3355325,0.004090916,0.0037975303232267404,2.388,2.42
5554181,0.004097356,0.00380336942277666,2.387,2.42
10233578,0.004100076,0.00380628897255162,2.387,2.419
11758678,0.004106783,0.003812297321363856,2.386,2.419
4433237,0.004110069,0.0038150899341920785,2.386,2.418
20639923,0.004116249,0.0038202520366927323,2.385,2.418
14462756,0.004120308,0.003823848583516958,2.385,2.417
9486549,0.004125795,0.0038286721874929786,2.384,2.417
5665857,0.004129821,0.003832691857472996,2.384,2.416
13284807,0.004135261,0.0038377270230269124,2.383,2.416
19133157,0.004138366,0.0038414928191134548,2.383,2.415
14724118,0.00414479,0.0038470780447698995,2.382,2.415
22540018,0.004147607,0.0038503784053850717,2.382,2.414
16956643,0.004154521,0.0038571906881933113,2.381,2.414
8137011,0.004156877,0.0038592639916566886,2.381,2.413
18279409,0.004163949,0.003866414772989561,2.38,2.413
19986722,0.004165748,0.0038681495779283055,2.38,2.412
20755451,0.004173503,0.0038769082272531847,2.379,2.412
20231822,0.004173715,0.003877077476515501,2.379,2.411
14579773,0.004183007,0.0038860053751026973,2.379,2.41
7505527,0.004183135,0.0038861746243650137,2.378,2.41
11739005,0.004192051,0.0038949332736898934,2.378,2.409
9263764,0.00419283,0.003895821832317055,2.377,2.409
18033366,0.004202216,0.0039039457969082475,2.377,2.408
4680332,0.004202429,0.0039042842954328805,2.376,2.408
2295217,0.004211866,0.0039129160078110225,2.376,2.407
10670539,0.00421218,0.003913296818651235,2.375,2.407
15622626,0.00422184,0.003921843906398219,2.374,2.407
18075708,0.004221911,0.003921970843344956,2.374,2.406
4474687,0.004231563,0.003929290873940145,2.373,2.406
1302079,0.004232662,0.00393098336656331,2.373,2.405
9820450,0.00424132,0.003937541775478075,2.372,2.405
2285007,0.004245022,0.003940038202097244,2.372,2.404
8352349,0.004251219,0.0039453695538602136,2.371,2.404
22622366,0.004255206,0.003949135349946756,2.371,2.403
21656539,0.004260909,0.003953874329291619,2.37,2.403
4226382,0.004265279,0.0039582324977962685,2.37,2.402
10578139,0.004270733,0.003963225351034606,2.369,2.402
19437659,0.004275911,0.00396737195796136,2.369,2.401
15825410,0.004280659,0.003971603189519273,2.368,2.401
10545697,0.004286685,0.003976511418126452,2.368,2.4
12366307,0.004290422,0.003980911898946681,2.367,2.4
15688357,0.004295349,0.003985693190607123,2.367,2.399
14462502,0.004300316,0.003990559106898723,2.366,2.399
2128810,0.004304629,0.003994874963087793,2.366,2.398
7957214,0.004310228,0.003999867816326131,2.365,2.398
4126623,0.004314769,0.004004056735568464,2.365,2.397
18822668,0.004320185,0.004009430399647014,2.364,2.397
5709619,0.004324062,0.004013323132680294,2.364,2.396
13734733,0.004330121,0.004018908358336739,2.363,2.396
4481612,0.004334099,0.004022547217476543,2.363,2.395
8863312,0.004340186,0.00402758238303046,2.362,2.395
19615634,0.004345215,0.004031813614588373,2.362,2.394
5672814,0.00435015,0.004035410161412598,2.361,2.394
19273008,0.004356483,0.004041122324015781,2.361,2.393
11773697,0.004360302,0.004044845807786744,2.36,2.393
13039190,0.004365874,0.0040504310334431885,2.36,2.392
16482808,0.004370201,0.0040546622650011015,2.359,2.392
16658326,0.004376212,0.0040597820551861764,2.359,2.391
9065031,0.004380337,0.0040641825360064054,2.358,2.391
7710191,0.004385217,0.0040691330769291635,2.358,2.39
18119763,0.004390375,0.004073448933118234,2.357,2.39
16132395,0.004395552,0.00407852641098773,2.357,2.389
15356036,0.00440057,0.00408288457949238,2.356,2.389
4772750,0.004406589,0.004087919745046296,2.356,2.388
16651875,0.004410634,0.004091473979554943,2.355,2.388
16658665,0.004416928,0.004097355391420442,2.355,2.387
5416841,0.004420871,0.004101713559925092,2.354,2.387
19356504,0.00442757,0.004106791037794587,2.354,2.386
17466809,0.004431045,0.004110176023040917,2.353,2.386
1459828,0.004438438,0.004116268996484312,2.353,2.385
12072592,0.004441227,0.004118638486156743,2.352,2.385
4052300,0.004449057,0.004125746955174037,2.352,2.384
13878074,0.004451438,0.004127904883268572,2.351,2.384
22192740,0.004460164,0.004135267226179341,2.351,2.383
16974761,0.004461749,0.004136663532593452,2.35,2.383
13941539,0.004469394,0.004144787497184645,2.35,2.382
19226754,0.004471992,0.00414694542527918,2.349,2.382
23469215,0.004481268,0.004154350080505527,2.349,2.381
3902903,0.004482373,0.0041551540145015305,2.348,2.381
11891224,0.004491824,0.00416391266382641,2.348,2.38
21743918,0.004492749,0.004164589660875676,2.347,2.38
9325131,0.004502208,0.004173517559462873,2.347,2.379
3355640,0.004503027,0.0041743638057744545,2.346,2.379
16251323,0.004511769,0.004183122455099334,2.346,2.378
5502156,0.004513387,0.004184645698460183,2.345,2.378
18534082,0.004521697,0.004192769663051376,2.345,2.377
9689509,0.004523792,0.004195562275879598,2.344,2.377
13838521,0.004530782,0.004202459183318996,2.344,2.376
10054813,0.004534245,0.004205632606987431,2.343,2.376
2048253,0.004543431,0.004212148703586616,2.343,2.375
7705845,0.004544718,0.004213968133156519,2.342,2.375
9017105,0.004552693,0.004221838223854237,2.342,2.374
21760732,0.004555122,0.00422408077657993,2.341,2.374
8596323,0.004563184,0.004231570056437436,2.341,2.373
3078217,0.004565648,0.004234447293896816,2.34,2.373
6888617,0.004573465,0.004241344201336214,2.34,2.372
8245545,0.004576163,0.004244179126480016,2.339,2.372
9720150,0.004582359,0.004251118346234993,2.339,2.371
23474263,0.004586745,0.0042545879561124815,2.338,2.371
20341640,0.004594069,0.004260892491133771,2.338,2.37
4864907,0.004597303,0.004264235164064523,2.337,2.37
4071564,0.00460422,0.004270751260663708,2.337,2.369
12644173,0.004607877,0.004274305495172355,2.336,2.369
10356960,0.004615397,0.004280567717878066,2.336,2.368
15484611,0.004618504,0.004283614204599763,2.335,2.368
2570576,0.004625593,0.004290426487408003,2.335,2.367
22727307,0.004629166,0.004293684535707596,2.334,2.367
16204860,0.004635555,0.004300327569253519,2.334,2.366
3701381,0.004639812,0.004303966428393324,2.333,2.366
4153320,0.004647298,0.004310228651099035,2.333,2.365
7958588,0.004650545,0.0043131058885584155,2.332,2.365
2813384,0.004657452,0.00432017204526013,2.332,2.364
23446402,0.004661307,0.004324149402924568,2.331,2.364
11837531,0.004668493,0.004330157751736804,2.331,2.363
23539813,0.00467197,0.004334177421716821,2.33,2.363
17824936,0.004678655,0.004340143458213479,2.33,2.362
639513,0.004682747,0.0043439515666156,2.329,2.362
9312618,0.004689715,0.0043501291646901525,2.329,2.361
2832608,0.004693565,0.00435364108688322,2.328,2.361
18124450,0.00470183,0.004360157183482406,2.328,2.36
19640608,0.004704432,0.004362188174630204,2.327,2.36
9690721,0.004711828,0.0043702275145902384,2.327,2.359
6332765,0.004715277,0.004373358625943094,2.326,2.359
21151251,0.004723185,0.004380297845698071,2.326,2.358
15944607,0.004726246,0.0043824134614770275,2.325,2.358
15664828,0.004735395,0.004390368176805904,2.325,2.357
10913221,0.004736982,0.0043921029817446475,2.324,2.357
5936292,0.004746772,0.004400480820229315,2.324,2.356
13675421,0.004747909,0.004401580940434372,2.323,2.356
21572635,0.004757513,0.004410635775968306,2.323,2.355
3106618,0.004758872,0.0044116512715422045,2.322,2.355
17377618,0.004769455,0.0044208330440228755,2.322,2.354
9690728,0.004769839,0.004421129230231929,2.321,2.354
15610161,0.004779015,0.004430987999761866,2.321,2.353
1142061,0.004780812,0.0044326381800694524,2.32,2.353
18614112,0.0047896,0.004441227580132015,2.32,2.352
12778957,0.004791823,0.004442750823492864,2.319,2.352
4709142,0.004800076,0.004451467160502164,2.319,2.351
5548729,0.004802881,0.004454217461014808,2.318,2.351
6115874,0.00481128,0.004461706740872313,2.318,2.35
20903340,0.004813953,0.00446378004433569,2.317,2.35
23623560,0.004822523,0.004471988633558042,2.317,2.349
8012110,0.004825079,0.004474358123230472,2.316,2.349
17723320,0.004834643,0.004482312838559348,2.316,2.348
2391248,0.004836157,0.004483793769604618,2.315,2.348
22002648,0.004845895,0.004492637043560656,2.315,2.347
16353226,0.004847394,0.004493694851450134,2.314,2.347
18631478,0.004858102,0.0045030035608775425,2.314,2.346
8970988,0.004858487,0.004503468996348912,2.313,2.346
18083583,0.004869753,0.004513327765878849,2.312,2.346
4136198,0.004869844,0.004513370078194428,2.312,2.345
7570881,0.004880838,0.004523778907826894,2.312,2.344
5931999,0.004880903,0.004523905844773631,2.311,2.344
19269743,0.004891567,0.004534230049774939,2.311,2.343
21071837,0.004892198,0.0045347377975618886,2.31,2.343
4253313,0.004903287,0.004544681191722983,2.31,2.342
13016394,0.004903453,0.004545104314878774,2.309,2.342
17148968,0.004914631,0.004555132333671028,2.309,2.341
4479828,0.004914747,0.004555216958302186,2.308,2.341
18614565,0.004926076,0.004564398730782857,2.307,2.341
6145336,0.004927256,0.004565625787934652,2.307,2.34
22274262,0.004937476,0.004574172875681635,2.306,2.34
3003827,0.004939905,0.004576161554513855,2.306,2.339
11761901,0.004948811,0.004583523897424622,2.305,2.339
7409925,0.00495201,0.004586697321093057,2.305,2.338
7044764,0.004960234,0.004594059664003826,2.304,2.338
14287216,0.004963353,0.004597275399987839,2.304,2.337
3293495,0.004971649,0.004605610926156928,2.303,2.337
16875357,0.004974,0.004607895791198201,2.303,2.336
16305026,0.004983132,0.0046163582543140265,2.302,2.336
14743100,0.004985715,0.004618516182408562,2.302,2.335
8541821,0.004994599,0.004627528705626916,2.301,2.335
21384138,0.004996691,0.004629178885934502,2.301,2.334
7595558,0.005006176,0.0046378529106282235,2.3,2.334
22222969,0.005008097,0.004639841589460442,2.3,2.333
19943075,0.005017649,0.004646992370793315,2.299,2.333
7642206,0.005022291,0.004650504292986382,2.299,2.332
14580872,0.005029251,0.004656428017167461,2.298,2.332
9731547,0.005034479,0.004661251621143481,2.298,2.331
11334261,0.005040821,0.0046673022822712965,2.297,2.331
9931652,0.005046565,0.004671998949300579,2.297,2.33
7223467,0.005052456,0.004676864865592179,2.296,2.33
364368,0.005058894,0.004682746277457678,2.296,2.329
6495304,0.005064116,0.004687781443011595,2.295,2.329
4573519,0.005069743,0.004693535917930355,2.295,2.328
17007450,0.005075832,0.004699078831271222,2.294,2.328
509257,0.005081358,0.004704367870718613,2.294,2.327
7365761,0.005087489,0.004710418531846428,2.293,2.327
9408358,0.00509274,0.004715199823506869,2.293,2.326
9213313,0.005099253,0.00472099661074121,2.292,2.326
23262646,0.00510514,0.004726074088610705,2.292,2.325
10490615,0.005110955,0.0047321670620540995,2.291,2.325
12715574,0.005116241,0.00473699066603012,2.291,2.324
22498323,0.005122731,0.00474333751336699,2.29,2.324
18205084,0.005127666,0.004747907243449535,2.29,2.323
18180293,0.005134549,0.004754084841524088,2.289,2.323
5460294,0.005138739,0.004758866133184529,2.289,2.322
3036953,0.005146368,0.004766270788410877,2.288,2.322
18120111,0.005149613,0.004769825022919523,2.288,2.321
12097913,0.005158299,0.004777948987510716,2.287,2.321
9543265,0.005162067,0.0047808262249700965,2.287,2.32
7491310,0.005170173,0.004789331000401502,2.286,2.32
15181254,0.005172377,0.00479182742702067,2.286,2.319
4618690,0.005182034,0.004799993703927442,2.285,2.319
12363888,0.005185274,0.0048028709413868225,2.285,2.318
19459393,0.005193986,0.004810656407453382,2.284,2.318
8838796,0.005196683,0.004813956768068554,2.284,2.317
20841256,0.005205959,0.004822588480446696,2.283,2.317
12596815,0.005208975,0.004825042594750285,2.283,2.316
5570946,0.005217956,0.004833420433234953,2.282,2.316
19253344,0.005219987,0.004836170733747596,2.282,2.315
8577680,0.005230035,0.004845394818543846,2.281,2.315
9250765,0.005232,0.004847341185060486,2.281,2.314
10517241,0.00524206,0.004857792327008531,2.28,2.314
9651341,0.005242684,0.004858511636373376,2.28,2.313
454137,0.005254154,0.004869132027583737,2.279,2.313
8438470,0.005254658,0.0048696820876862655,2.279,2.312
9217808,0.00526624,0.004880556352790101,2.278,2.312
3253959,0.005266701,0.004880937163630313,2.278,2.311
1645934,0.005277989,0.004892192239574362,2.278,2.31
6031182,0.005278407,0.004892826924308049,2.277,2.31
1744207,0.005289555,0.00490344731551841,2.277,2.309
2539902,0.005290555,0.004904293561829993,2.276,2.309
21938748,0.005302273,0.004914744703778037,2.276,2.308
22529495,0.005302791,0.00491508320230267,2.275,2.308
14706841,0.00531503,0.004925576656566294,2.274,2.308
1836032,0.005315632,0.0049260844043532434,2.274,2.307
21686721,0.005327258,0.004936704795563605,2.273,2.307
3478493,0.00532814,0.00493742410492845,2.273,2.306
7808969,0.0053395,0.004947325186773966,2.272,2.306
6104001,0.005341379,0.004948806117819235,2.272,2.305
1091087,0.005351942,0.004958622575033593,2.271,2.305
16182757,0.005353477,0.0049602304430256,2.271,2.304
14771841,0.005364157,0.004970723897289224,2.27,2.304
3621861,0.005365068,0.004971654768231964,2.27,2.303
4589950,0.005376507,0.00498155585007748,2.269,2.303
10517000,0.005378138,0.004983121405753908,2.269,2.302
18644686,0.005388944,0.004994418794013535,2.268,2.302
10369943,0.005389196,0.00499463035559143,2.268,2.301
17149048,0.005401381,0.005004996872908317,2.267,2.301
6096445,0.005402392,0.0050061393054289536,2.267,2.3
11616170,0.005413848,0.005015955762643311,2.266,2.3
2919461,0.005416012,0.005017648255266477,2.266,2.299
16089213,0.005426254,0.005027718586374309,2.265,2.299
9797119,0.005428049,0.005029241829735158,2.265,2.298
11418003,0.005438821,0.005038846725371619,2.264,2.298
1872593,0.005441277,0.005040835404203838,2.264,2.297
5597645,0.00545132,0.005050863422996092,2.263,2.297
19576506,0.005453264,0.00505242897867252,2.263,2.296
9956922,0.005463916,0.00506262624672709,2.262,2.296
466565,0.005465499,0.005064107177772359,2.262,2.295
18268409,0.005476475,0.005074389070458087,2.261,2.295
3859592,0.005477707,0.005075785376872199,2.261,2.294
3167833,0.005489111,0.0050861518941890844,2.26,2.294
8296355,0.005490665,0.005087463575972038,2.26,2.293
5623778,0.005501764,0.005098126279497978,2.259,2.293
64897,0.005502874,0.005099184087387456,2.259,2.292
22483476,0.005514501,0.005110058352491292,2.258,2.292
12856174,0.00551559,0.005110946911118454,2.258,2.291
12395058,0.005527183,0.0051212288038041814,2.257,2.291
16918908,0.005528807,0.00512275204716503,2.257,2.29
13215465,0.005539911,0.00513248387974823,2.256,2.29
5560267,0.005542693,0.005134557183211607,2.256,2.289
22905148,0.005552705,0.005143442769483224,2.255,2.289
6203752,0.005555101,0.005146362319258184,2.255,2.288
7286261,0.005565476,0.005157067335099704,2.254,2.288
20435653,0.005566621,0.0051582520799359185,2.254,2.287
21515017,0.005578277,0.0051693802189332295,2.253,2.287
10000508,0.005579381,0.005170141840613654,2.253,2.286
8290343,0.005591256,0.005181862352029072,2.252,2.286
15504372,0.005591448,0.005182031601291389,2.252,2.285
14059044,0.005603535,0.005194005986600282,2.252,2.284
10361622,0.005604055,0.005194513734387231,2.251,2.284
1583564,0.005616979,0.005204880251704118,2.25,2.284
2634750,0.005618047,0.005205980371909175,2.25,2.283
11215813,0.005629902,0.0052173200724843815,2.249,2.283
15840249,0.005630466,0.005217954757218068,2.249,2.282
7912837,0.005642498,0.00523001376715812,2.249,2.281
1715162,0.005642887,0.005230267641051595,2.248,2.281
16616390,0.005655285,0.005242072777098172,2.248,2.28
13319087,0.005655951,0.0052427074618318584,2.247,2.28
3572991,0.005668941,0.005253835600829169,2.246,2.28
10557519,0.005669297,0.005254131787038223,2.246,2.279
6233506,0.005681992,0.005263948244252581,2.245,2.279
15917308,0.005684984,0.005266233109293854,2.245,2.278
6365035,0.005695134,0.005275372569458945,2.244,2.278
1394424,0.005698697,0.005278376743865064,2.244,2.277
594668,0.005708245,0.0052866276454029935,2.243,2.277
15437662,0.005712137,0.005290562690751852,2.243,2.276
608700,0.00572142,0.005300040649441577,2.242,2.276
1656666,0.005724035,0.005302748637638641,2.242,2.275
1736834,0.005734612,0.005312649719484157,2.241,2.275
15393584,0.005737185,0.005314976896841009,2.241,2.274
20432744,0.005747811,0.005325512663420212,2.24,2.274
21772487,0.00574953,0.005327247468358956,2.24,2.273
17576214,0.005761029,0.005337656297991422,2.239,2.273
12883275,0.005762793,0.0053395180398769036,2.239,2.272
3366344,0.005774352,0.005350773115820951,2.238,2.272
17464392,0.005775777,0.0053518309237104295,2.238,2.271
16125771,0.005787625,0.00536300137502332,2.237,2.271
13578762,0.005788889,0.005364143807543956,2.237,2.27
13710743,0.00580112,0.005375779694328216,2.236,2.27
18264756,0.005801956,0.005376541316008641,2.236,2.269
19155477,0.005814349,0.005387754079637109,2.235,2.269
20421767,0.005815985,0.005388938824473325,2.235,2.268
18685057,0.005827818,0.005399305341790211,2.234,2.268
5944531,0.005829865,0.005401336332938009,2.234,2.267
8084083,0.005841176,0.005411745162570475,2.233,2.267
12861777,0.005844132,0.005413776153718273,2.233,2.266
2695248,0.005854677,0.005424227295666318,2.232,2.266
13032594,0.005856473,0.005426258286814116,2.232,2.265
6341392,0.005868144,0.005436582491815423,2.231,2.265
8725978,0.00587046,0.005438782732225538,2.231,2.264
20938370,0.005881694,0.005449064624911266,2.23,2.264
1851471,0.005884205,0.00545130717763696,2.23,2.263
19330036,0.005895251,0.005460869760957843,2.229,2.263
22200742,0.005899228,0.005463873935363961,2.229,2.262
17513554,0.005908823,0.005474071203418531,2.228,2.262
16889070,0.005911647,0.0054764830054065405,2.228,2.261
7067127,0.005922438,0.0054860032764118445,2.227,2.261
9638003,0.005925996,0.005489092075449121,2.227,2.26
12509547,0.005936099,0.005498993157294637,2.226,2.26
1563931,0.005939605,0.00550174345780728,2.226,2.259
11020515,0.005949815,0.005511644539652796,2.225,2.259
18484372,0.005953418,0.005514437152481019,2.225,2.258
18922901,0.00596354,0.005523661237277268,2.224,2.258
19040596,0.00596664,0.005527173159470336,2.224,2.257
9271597,0.005977299,0.005536989616684694,2.223,2.257
18567996,0.005980038,0.005539909166459653,2.223,2.256
16738698,0.005991066,0.005549048626624745,2.222,2.256
4866504,0.005994668,0.005552687485764551,2.222,2.255
4355266,0.006004853,0.00556098069961806,2.221,2.255
10743870,0.006010024,0.005565465805069447,2.221,2.254
2933145,0.006018674,0.005572447337140003,2.22,2.254
13619792,0.006025356,0.005578286436689923,2.22,2.253
22368144,0.006032541,0.005584844845604687,2.219,2.253
5626295,0.006039835,0.005591149380625978,2.219,2.252
10340482,0.006046495,0.005597369291016109,2.218,2.252
8089528,0.006053176,0.005604054636877612,2.218,2.251
7647183,0.006060384,0.005610655358107956,2.217,2.251
90113,0.006066212,0.005616959893129245,2.217,2.25
21498641,0.006074367,0.005624449172986752,2.216,2.25
15096199,0.006079717,0.005629907461696459,2.216,2.249
11296859,0.006088379,0.005638116050918809,2.215,2.249
843307,0.006093407,0.0056428973425792514,2.215,2.248
4537787,0.006102447,0.005652036802744343,2.214,2.248
19872715,0.006106125,0.005655887223462043,2.214,2.247
15340341,0.006116471,0.00566528055752061,2.213,2.247
22095345,0.006120774,0.005668919416660415,2.213,2.246
19269738,0.006130623,0.005678058876825507,2.212,2.246
20324275,0.006134746,0.005681993922174365,2.212,2.245
15504353,0.006144758,0.005691133382339457,2.211,2.245
18120886,0.006149738,0.005695110740003896,2.211,2.244
4427873,0.006158913,0.005703869389328774,2.21,2.244
11051132,0.006163959,0.005708227557833425,2.21,2.243
20548707,0.006173083,0.0057158860869532474,2.209,2.243
20507464,0.006179288,0.005721386687978534,2.209,2.242
5392571,0.006187315,0.005728452844680248,2.208,2.242
22713384,0.00619492,0.005734588130439222,2.208,2.241
17149089,0.0062016,0.005740469542304721,2.207,2.241
3572873,0.006209618,0.0057477895728999095,2.207,2.24
10996203,0.006215874,0.005754771104970466,2.206,2.24
12670395,0.006223598,0.005761033327676177,2.206,2.239
4636704,0.00623018,0.005767041676488413,2.205,2.239
6603711,0.006238329,0.005774319394768023,2.205,2.238
1483824,0.006244543,0.005780243118949101,2.204,2.238
20896036,0.006252623,0.0057876477741754485,2.204,2.237
18756628,0.006258934,0.0057931060628851555,2.203,2.237
19038066,0.006267816,0.005800976153582873,2.203,2.236
14464066,0.006273387,0.005806053631452369,2.202,2.236
16730525,0.006282607,0.005814346845305878,2.202,2.235
6493963,0.006287868,0.005819508947806531,2.201,2.235
18898266,0.006297622,0.005827759849344462,2.201,2.234
22701784,0.006302338,0.005831567957746583,2.2,2.234
13040417,0.006312424,0.005841172853383045,2.2,2.233
7814362,0.006316858,0.005845954145043486,2.199,2.233
19901782,0.006327052,0.005854670482052787,2.199,2.232
19251410,0.006331542,0.005859113275188596,2.198,2.232
6203754,0.006341353,0.005868168110722529,2.198,2.231
18614059,0.006346058,0.005872822465436233,2.197,2.231
13117833,0.006355371,0.005881665739392271,2.197,2.23
22277126,0.006360647,0.005886700904946187,2.196,2.23
9846861,0.006369966,0.005895247992693171,2.196,2.229
21738268,0.00637533,0.005900748593718457,2.195,2.229
5332579,0.006384462,0.005908830245994071,2.195,2.228
19155310,0.006390018,0.005913061477551984,2.194,2.228
9907252,0.006400574,0.00592245481161055,2.194,2.227
1337864,0.006405005,0.005926093670750355,2.193,2.227
7458300,0.006414324,0.005936121689542609,2.193,2.226
9778622,0.006419615,0.005940733731940734,2.192,2.226
18640586,0.006429497,0.005949788567474667,2.192,2.225
1380909,0.006434321,0.005954823733028583,2.191,2.225
22131748,0.006444489,0.005963497757722304,2.191,2.224
9317349,0.006449198,0.005967009679915372,2.19,2.224
12696629,0.006460092,0.005977249260285521,2.19,2.223
23087665,0.00646398,0.0059805073085851135,2.189,2.223
13866313,0.006475604,0.005991043075164316,2.189,2.222
13742501,0.006478902,0.00599379337567696,2.188,2.222
15626261,0.006490566,0.0060048368900431125,2.188,2.221
14141129,0.006493893,0.006007587190555756,2.187,2.221
21855684,0.006507302,0.006018673017237487,2.187,2.22
13237654,0.006508792,0.0060201539482827564,2.186,2.22
6043542,0.006522713,0.006032551456747442,2.186,2.219
11857622,0.006523821,0.006033524640005761,2.185,2.219
21708770,0.006538833,0.0060462606469950785,2.184,2.219
8052264,0.006538977,0.006046472208572975,2.184,2.218
3837372,0.006554045,0.006059969837242716,2.183,2.218
20615115,0.006554877,0.006060392960398508,2.183,2.217
14900086,0.006569062,0.0060733828412813,2.182,2.217
2088891,0.006569879,0.00607435602453962,2.182,2.216
9913236,0.006584173,0.006088276776365153,2.181,2.216
10178811,0.006584279,0.006088361400996311,2.181,2.215
15770256,0.006599672,0.006102155215875107,2.18,2.215
8430092,0.00659992,0.006102409089768582,2.18,2.214
16663942,0.006614612,0.006115737469176007,2.179,2.214
4825531,0.006615437,0.006116499090856431,2.179,2.213
10689960,0.006629821,0.006129700533317119,2.178,2.213
1293304,0.006630537,0.006130589091944281,2.178,2.212
17149323,0.006645099,0.00614421365756076,2.177,2.212
18625461,0.006645634,0.00614472140534771,2.177,2.211
7773470,0.006660437,0.006158345970964189,2.176,2.211
14915449,0.006660736,0.006158896031066717,2.176,2.21
11971795,0.006675757,0.006172309035105301,2.175,2.21
2268801,0.006676911,0.006173070656785726,2.175,2.209
22242989,0.006691139,0.006187033720926838,2.174,2.209
21256931,0.006691356,0.0061872875948203124,2.174,2.208
14995919,0.00670654,0.006201546845170478,2.174,2.207
22065324,0.006706628,0.006201716094432795,2.173,2.207
7912643,0.006720788,0.0062158484078362235,2.173,2.206
3817820,0.006722148,0.006216906215725702,2.172,2.206
8604262,0.006736969,0.006230192282817549,2.172,2.205
9772500,0.006737544,0.006230700030604498,2.171,2.205
12746932,0.006751546,0.006244536157798873,2.171,2.204
11226942,0.006753084,0.006245847839581826,2.17,2.204
21686683,0.006766923,0.006258964657411355,2.17,2.203
14282511,0.006768638,0.006260360963825467,2.169,2.203
15718404,0.006782397,0.006273393157023838,2.169,2.202
18076402,0.006784273,0.0062749164003846865,2.168,2.202
18103516,0.006799733,0.006287821656636321,2.168,2.201
22125581,0.006799871,0.006287906281267479,2.167,2.201
8102189,0.006815467,0.006302334780879962,2.167,2.2
12142189,0.006815536,0.0063024194055111196,2.166,2.2
5100362,0.006831443,0.006316043971127599,2.165,2.2
5344616,0.006832391,0.006316847905123602,2.165,2.199
23013460,0.006846996,0.006330599407686819,2.164,2.199
4338941,0.006847929,0.006331445653998402,2.164,2.198
11274314,0.006862838,0.006344308597934457,2.163,2.198
715484,0.006865076,0.006346001090557622,2.163,2.197
7162113,0.006878672,0.00635822934975999,2.162,2.197
7582777,0.00688085,0.006360641151748,2.162,2.196
8474179,0.006894457,0.006372996347897106,2.161,2.196
11334730,0.006896844,0.006375323525253957,2.161,2.195
19769583,0.006910358,0.0063872132859316925,2.16,2.195
21666241,0.006913424,0.006390005898759915,2.16,2.194
9896803,0.006926282,0.006400330103761222,2.159,2.194
23047519,0.006931478,0.006404730584581452,2.159,2.193
11373035,0.006942268,0.0064149701649516,2.158,2.193
14386172,0.006946763,0.0064194975827185675,2.158,2.192
2676810,0.006958276,0.006430160286244507,2.157,2.192
14183898,0.006963239,0.006434306893171262,2.157,2.191
9855528,0.006974303,0.006445181158275098,2.156,2.191
15855406,0.006979692,0.006449116203623957,2.156,2.19
15892163,0.0069904,0.006458509537682523,2.155,2.19
17852822,0.00699582,0.00646401013870781,2.155,2.189
3987617,0.007006547,0.006474799779180487,2.154,2.189
2176154,0.007011027,0.006478904073791663,2.154,2.188
6196276,0.007022835,0.006488847467952758,2.153,2.188
21695789,0.007028647,0.006493840321191095,2.153,2.187
19198027,0.007038975,0.006502429721253658,2.152,2.187
6399657,0.007045716,0.006508818880906106,2.152,2.186
11508629,0.007055126,0.0065174929055998275,2.151,2.186
5285817,0.007062422,0.006523797440621117,2.151,2.185
18657554,0.007071318,0.006531625219003257,2.15,2.185
23533225,0.007080472,0.006538860624967288,2.15,2.184
12833526,0.007087673,0.00654554597082879,2.149,2.184
11473009,0.007096395,0.006553923809313457,2.149,2.183
3115868,0.007104067,0.006560439905912643,2.148,2.183
22867856,0.007114798,0.006569029305975206,2.148,2.182
16691948,0.007120416,0.006573429786795435,2.147,2.182
19284623,0.007131765,0.006584177114952534,2.147,2.181
1986894,0.007136775,0.006588873781981816,2.146,2.181
12599231,0.007147915,0.00659936723624544,2.146,2.18
22881893,0.007153197,0.006604656275692831,2.145,2.18
4213825,0.007163725,0.006614557357538347,2.145,2.179
8806793,0.007169713,0.006620142583194792,2.144,2.179
4528562,0.007180597,0.006629832103462413,2.144,2.178
4626565,0.007186212,0.0066361366384837025,2.143,2.178
10576635,0.007195343,0.006645106849386477,2.143,2.177
20760935,0.007202809,0.006651199822829872,2.142,2.177
8163677,0.007212401,0.006660423907626122,2.142,2.176
17587192,0.007219513,0.006665966820966988,2.141,2.176
750571,0.007231697,0.006675783278181345,2.141,2.175
9836873,0.007236278,0.006679676011214625,2.14,2.175
2431435,0.007250015,0.006691142648736569,2.14,2.174
12383339,0.007252772,0.006694062198511529,2.139,2.174
21670873,0.007267287,0.006706586643922951,2.139,2.173
13841384,0.007269441,0.006708998445910961,2.138,2.173
7920579,0.007282315,0.006722030639109333,2.138,2.172
1863580,0.007286213,0.006724865564253134,2.137,2.172
3411445,0.007299344,0.006737559258926873,2.137,2.171
20164008,0.007303059,0.006741282742697836,2.136,2.171
8954641,0.007314601,0.006753087878744413,2.136,2.17
18437328,0.007319832,0.006758207668929487,2.135,2.17
4756188,0.007332066,0.006768658810877531,2.135,2.169
22488513,0.007336703,0.006772974667066603,2.134,2.169
4225290,0.007349281,0.0067842297430106505,2.134,2.168
22817344,0.007353645,0.006788291725306247,2.133,2.168
19110459,0.00736577,0.006799885299774928,2.133,2.167
1663190,0.007370638,0.0068037780328082074,2.132,2.167
14018302,0.007383994,0.006815540856539205,2.132,2.166
21773153,0.007387548,0.0068193066526257475,2.131,2.166
10735128,0.007399938,0.006831281037934641,2.131,2.165
9124838,0.007404583,0.006835385332545817,2.13,2.165
370093,0.007416977,0.006847021219330077,2.13,2.164
17361538,0.007421642,0.006851125513941252,2.129,2.164
17053262,0.007435205,0.006862803713041091,2.129,2.163
6825159,0.007438753,0.00686627332291858,2.128,2.163
20433711,0.007452308,0.006878628519067685,2.128,2.162
9392734,0.007455901,0.006882182753576332,2.127,2.162
8887667,0.007470286,0.006894495637409858,2.127,2.161
12864138,0.007473137,0.006897288250238081,2.126,2.161
20629564,0.007487811,0.006910362755752031,2.126,2.16
22411819,0.007490367,0.0069128591823712,2.125,2.16
18314815,0.007504031,0.0069263144987253625,2.125,2.159
20139606,0.007507616,0.0069293186731314805,2.124,2.159
6692603,0.007520775,0.006942266241698694,2.124,2.158
11058250,0.007525011,0.006945989725469657,2.123,2.158
6080019,0.007537262,0.006958260296987605,2.123,2.157
4299057,0.007542249,0.00696236459159878,2.122,2.157
20077642,0.007554857,0.006974296664592094,2.122,2.156
16664511,0.007559629,0.006979077956252536,2.121,2.156
15294102,0.007571493,0.006990375344512163,2.121,2.155
5661728,0.007577055,0.006995368197750499,2.12,2.155
22670826,0.007590137,0.00700649633674781,2.12,2.154
5577294,0.007594526,0.00701038906978109,2.119,2.154
13825605,0.007608519,0.007022659641299037,2.119,2.153
15876851,0.007612193,0.007026213875807684,2.118,2.153
21183903,0.007626146,0.007038822945850264,2.118,2.152
5554301,0.007629641,0.0070425041173056485,2.117,2.152
1757458,0.007642753,0.007055070875032649,2.117,2.151
15992577,0.007647178,0.007058286611016663,2.116,2.151
5676948,0.007662086,0.007071318804215034,2.116,2.15
14093606,0.007664868,0.00707444991556789,2.115,2.15
23409736,0.007679412,0.007087651358028578,2.115,2.149
17658427,0.007682465,0.007090063160016588,2.114,2.149
5176063,0.007696635,0.007103983911842121,2.114,2.148
14995529,0.007700172,0.00710745352171961,2.113,2.148
5177295,0.007715348,0.007120358777971244,2.113,2.147
3881943,0.007717945,0.007122728267643675,2.112,2.147
8307588,0.007732996,0.007136775956415945,2.112,2.146
12680386,0.007735768,0.007139230070719535,2.111,2.146
3315611,0.007750378,0.007153235447176227,2.111,2.145
5534307,0.007753648,0.007156493495475819,2.11,2.145
16463975,0.007768313,0.007169694937936507,2.11,2.144
5425240,0.007771425,0.007173206860129575,2.109,2.144
19571554,0.007784623,0.007186239053327946,2.109,2.143
19830075,0.007789339,0.007191781966668812,2.108,2.143
19672829,0.007801032,0.007202783168719386,2.108,2.142
9413660,0.00780729,0.007208791517531622,2.107,2.142
22197094,0.007819084,0.007219411908741983,2.107,2.141
17375372,0.007825289,0.0072251240713451645,2.106,2.141
4675721,0.007837093,0.007236040648764579,2.106,2.14
2698291,0.007843329,0.007241456625158708,2.105,2.14
22941541,0.00785596,0.007252711701102756,2.105,2.139
10466800,0.007861412,0.007258085365181305,2.104,2.139
1152863,0.007872507,0.007269425065756512,2.104,2.138
8904640,0.007879525,0.007276364285511489,2.103,2.138
6314446,0.00788979,0.007286223055041426,2.103,2.137
18512576,0.007897729,0.00729379695953009,2.102,2.137
16454647,0.007908463,0.00730297873201076,2.102,2.136
21357474,0.007915988,0.007309833327134579,2.101,2.136
2941681,0.007925755,0.0073198190336112535,2.101,2.135
19430836,0.007934217,0.0073275621873622335,2.1,2.135
7865376,0.007944623,0.007336701647527325,2.1,2.134
14183922,0.007952442,0.007343979365806936,2.099,2.134
22868218,0.007963688,0.007353626573758976,2.099,2.133
1284097,0.007970771,0.007359677234886792,2.098,2.133
5427956,0.00798122,0.007370593812306207,2.098,2.132
10759777,0.007989156,0.00737821002911045,2.097,2.132
22281175,0.007999399,0.007387561050853437,2.097,2.131
4626815,0.008007558,0.0073949233937642056,2.096,2.131
10313814,0.008018577,0.007404612914031826,2.096,2.13
21324782,0.008026105,0.007411806007680277,2.095,2.13
5475151,0.008036569,0.007421664777210214,2.095,2.129
12606027,0.008044521,0.007429238681698878,2.094,2.129
11046467,0.008054136,0.007438758952704182,2.094,2.128
7309433,0.008063066,0.0074481522867627485,2.093,2.128
1337749,0.008071466,0.007455937752829309,2.093,2.127
20692999,0.008081663,0.007465881146990403,2.092,2.127
14140916,0.008089052,0.007473116552954434,2.092,2.126
15122286,0.008100457,0.007482975322484371,2.091,2.126
22329272,0.008108077,0.007490337665395139,2.091,2.125
5796472,0.008118958,0.007501169618183396,2.09,2.125
22701039,0.008127217,0.007507601090151424,2.09,2.124
2538997,0.008137709,0.007517713733574835,2.089,2.124
2249227,0.008144723,0.007524906827223287,2.089,2.123
20526579,0.008156462,0.007536204215482914,2.088,2.123
13017313,0.008163572,0.007542254876610729,2.088,2.122
21244509,0.008175324,0.00755384845107941,2.087,2.122
1385140,0.008181341,0.007559645238313751,2.087,2.121
11122306,0.00819422,0.007571661935938223,2.086,2.121
18551057,0.008199355,0.007577077912332352,2.086,2.12
19720420,0.008212972,0.00759074479026441,2.085,2.12
21381809,0.008217017,0.007594552898666532,2.085,2.119
23468849,0.008231935,0.00760919295985691,2.084,2.119
11963154,0.008234535,0.007612027885000711,2.084,2.118
23266622,0.008250903,0.007625737075248349,2.083,2.118
3876990,0.008254728,0.00762958749596605,2.083,2.117
555649,0.008270074,0.007643212061582529,2.082,2.117
8550514,0.008274745,0.0076471894192469666,2.082,2.116
5115766,0.008288997,0.007658740681400069,2.081,2.116
4553008,0.008295295,0.007664791342527884,2.081,2.115
3147073,0.008308076,0.0076778658480418345,2.08,2.115
18939788,0.008313369,0.00768247789043996,2.08,2.114
7312736,0.008327244,0.00769411377722422,2.079,2.114
14287129,0.008333368,0.007700206750667614,2.079,2.113
22369063,0.008346424,0.007712604259132299,2.078,2.113
2290628,0.008352661,0.007717935610895269,2.078,2.112
19151425,0.008365664,0.007729317623786054,2.077,2.112
7114689,0.008372473,0.007735749095754082,2.077,2.111
4070919,0.008384943,0.007747427294853921,2.076,2.111
20872069,0.008390966,0.007753562580612895,2.076,2.11
13469770,0.00840428,0.007765071530450417,2.075,2.11
18779949,0.008411266,0.007771418377787287,2.075,2.109
21688166,0.008423655,0.007781911832050911,2.074,2.109
5129705,0.008431887,0.007789358799592837,2.074,2.108
13387287,0.008443068,0.00780086774943036,2.073,2.108
10787784,0.008450142,0.007807299221398388,2.073,2.107
10695189,0.00846253,0.007818004237239906,2.072,2.107
9752227,0.008470028,0.007825324267835096,2.072,2.106
19831866,0.008482068,0.007836156220623353,2.071,2.106
20886864,0.008489534,0.007843349314271804,2.071,2.105
4092738,0.008501595,0.007855027513371644,2.07,2.105
13651943,0.008508397,0.007861416673024093,2.07,2.104
19801697,0.008521205,0.007871825502656558,2.069,2.104
2530585,0.008529419,0.00787952634409196,2.069,2.103
7639286,0.008540948,0.007889850549093266,2.068,2.103
18016236,0.00854968,0.007897720639790985,2.068,2.102
1637092,0.008560528,0.00790711397384955,2.067,2.102
23480436,0.008570505,0.00791591493549001,2.067,2.101
5639263,0.008580268,0.007924715897130468,2.066,2.101
4778471,0.008590748,0.007934151543504613,2.066,2.1
18451749,0.008600071,0.00794252938198928,2.065,2.1
22781564,0.008611653,0.007952472776150375,2.065,2.099
10152070,0.008619961,0.007959073497380719,2.064,2.099
23274237,0.008632928,0.007970794008796137,2.064,2.098
23136324,0.008639853,0.0079765484837149,2.063,2.098
9808925,0.008653876,0.00798915755375748,2.063,2.097
7702423,0.008659667,0.007993684971524447,2.062,2.097
1901470,0.008675621,0.0080075634110344,2.062,2.096
6585958,0.00867965,0.008010779147018414,2.061,2.096
20208679,0.008694217,0.008026053892942479,2.061,2.095
9035635,0.008699616,0.008031004433865237,2.06,2.095
19542816,0.008713082,0.008044544374850558,2.06,2.094
7218557,0.00871967,0.008051314345343218,2.059,2.094
5458766,0.008732143,0.008063077169074217,2.059,2.093
17935002,0.008739773,0.008069847139566877,2.058,2.093
3227722,0.008753072,0.008081652275613454,2.058,2.092
1842610,0.008759946,0.008087575999794532,2.057,2.092
7968418,0.008774385,0.00810031200678385,2.057,2.091
4576464,0.00878012,0.008106320355596086,2.056,2.091
16066492,0.008793884,0.008118971737954244,2.056,2.09
12995873,0.008800357,0.008124937774450901,2.055,2.09
19521905,0.008812209,0.00813767378144022,2.055,2.089
6178959,0.008820668,0.008145163061297724,2.054,2.089
2450762,0.008833168,0.008156460449557352,2.054,2.088
8803668,0.008841031,0.008164330540255069,2.053,2.088
5040048,0.008852184,0.008175247117674485,2.053,2.087
22197002,0.008861361,0.008183413394581257,2.052,2.087
20319430,0.008872693,0.008194118410422776,2.052,2.086
8968355,0.008881825,0.008201988501120494,2.051,2.086
8067558,0.008892785,0.008212989703171067,2.051,2.085
3032154,0.008902293,0.008220478983028573,2.05,2.085
119002,0.008913816,0.008231903308234936,2.05,2.084
23063250,0.008922784,0.008239688774301496,2.049,2.084
14777133,0.008934129,0.008250901537929966,2.049,2.083
7892954,0.00894335,0.008258813940943263,2.048,2.083
10832388,0.008955484,0.008269899767624994,2.048,2.082
17760074,0.008964115,0.008277769858322712,2.047,2.082
15110457,0.008976453,0.00828898262195118,2.047,2.081
16246374,0.008984726,0.00829723352348911,2.046,2.081
20090590,0.008996434,0.008308107788592946,2.046,2.08
14504846,0.009005377,0.008316570251708772,2.045,2.08
15548486,0.00901679,0.008327232955234713,2.045,2.079
8071869,0.009026276,0.008336668601608858,2.044,2.079
4368438,0.009037288,0.008346442746507636,2.044,2.078
22975735,0.009046927,0.008355836080566203,2.043,2.078
20847553,0.009055992,0.00836569485009614,2.043,2.077
11403352,0.009067837,0.008376526802884397,2.042,2.077
9079817,0.00907694,0.008384946953684642,2.042,2.076
22168180,0.009088679,0.008396455903522166,2.041,2.076
1746914,0.009096919,0.008404283681904304,2.041,2.075
15598403,0.009109655,0.008416088817950881,2.04,2.075
3813136,0.009117543,0.008423662722439546,2.04,2.074
9506833,0.009130638,0.008436398729428862,2.039,2.074
15723496,0.009138238,0.008443084075290364,2.039,2.073
11021236,0.009151673,0.008455735457648524,2.038,2.073
98628,0.009159675,0.008462547740456764,2.038,2.072
17532116,0.009172765,0.008475199122814924,2.037,2.072
21507264,0.0091802,0.008482053717938741,2.037,2.071
3837172,0.009193981,0.008493943478616477,2.036,2.071
13464636,0.009201856,0.0085016020077363,2.036,2.07
14141294,0.009215118,0.008514126453147721,2.035,2.07
16363365,0.009222582,0.008521192609849435,2.035,2.069
13639935,0.009236545,0.008533759367576436,2.034,2.069
5715135,0.009245455,0.00854086783659373,2.034,2.068
11755757,0.009257659,0.008553053783480518,2.033,2.068
17111283,0.009265723,0.008560543063338024,2.033,2.067
17106755,0.009278995,0.008573152133380604,2.032,2.067
16120684,0.009285933,0.008580260602397898,2.032,2.066
12990211,0.009300384,0.008593123546333953,2.031,2.066
11095397,0.009307618,0.00860006276608893,2.031,2.065
16654532,0.009321816,0.008613264208549617,2.03,2.065
7142190,0.009328798,0.008619864929779963,2.03,2.064
6723059,0.009343299,0.0086325586244537,2.029,2.064
10009758,0.009351755,0.008639751718102152,2.029,2.063
11632876,0.009364864,0.00865248772509147,2.028,2.063
5964120,0.009372773,0.00865968081873992,2.028,2.062
5459077,0.009386426,0.008672501450360397,2.027,2.062
17585900,0.009394988,0.008679609919377692,2.027,2.061
9085103,0.009408063,0.008690061061325735,2.026,2.061
22112524,0.009419311,0.00869962364464662,2.026,2.06
7130556,0.009429781,0.00870922854028308,2.025,2.06
4398093,0.009440564,0.008719679682231125,2.025,2.059
15064311,0.009451588,0.008729199953236429,2.024,2.059
17060951,0.009462731,0.008739778032131211,2.024,2.058
4082474,0.009473457,0.008750567672603888,2.023,2.058
6675288,0.009483244,0.008759918694346875,2.023,2.057
2603774,0.009495141,0.00877036983629492,2.022,2.057
18058408,0.009504255,0.008780143981193698,2.022,2.056
7304512,0.009517109,0.008791610618715643,2.021,2.056
14759364,0.009526219,0.008800369268040523,2.021,2.055
23050091,0.009538952,0.008812682151874049,2.02,2.055
17151781,0.009546621,0.008820679179518504,2.02,2.054
11320904,0.009560944,0.008834684555975195,2.019,2.054
21698673,0.009567034,0.008840989090996485,2.019,2.053
15723479,0.009583009,0.008857194707863291,2.018,2.053
6466739,0.009587414,0.008861383627105625,2.018,2.052
925992,0.009605099,0.008878435490284014,2.017,2.052
8416084,0.009608545,0.008881820475530343,2.017,2.051
5258290,0.009627213,0.00889899927565547,2.016,2.051
1750928,0.009630699,0.008902257323955063,2.016,2.05
8786632,0.009649474,0.008919774622604822,2.015,2.05
4387991,0.009652164,0.00892277879701094,2.015,2.049
4119860,0.009671653,0.008939492161664696,2.014,2.049
6938523,0.009675878,0.008943384894697974,2.014,2.048
21263114,0.009693941,0.008960563694823101,2.013,2.048
7436566,0.009698042,0.00896399099238501,2.013,2.047
20227466,0.009716292,0.008980831293985502,2.012,2.047
14520819,0.009719641,0.008984639402387624,2.012,2.046
83037,0.00973886,0.009003426070504758,2.011,2.046
13200682,0.009740367,0.009005372437021398,2.011,2.045
22095493,0.009761134,0.009025343849974747,2.01,2.045
3795038,0.009762018,0.009026105471655171,2.01,2.044
3304146,0.009783713,0.009045696073768306,2.009,2.044
12181729,0.009784842,0.009046923130920101,2.009,2.043
12309955,0.009806226,0.009066598357664395,2.008,2.043
13683005,0.009807286,0.009067783102500612,2.008,2.042
12289457,0.009828822,0.009087331392298168,2.007,2.042
5105361,0.009830402,0.0090886853863967,2.007,2.041
17755223,0.009851493,0.009109164547136998,2.006,2.041
22137261,0.009851739,0.009109629982608369,2.006,2.04
8700857,0.009873983,0.009130616891135616,2.006,2.039
21766625,0.009874231,0.009130743828082355,2.005,2.039
1154660,0.009896212,0.009151688424294022,2.005,2.038
7298352,0.009896925,0.009152534670605604,2.004,2.038
16058082,0.009918567,0.009172759957452427,2.004,2.037
16847710,0.009919856,0.00917411395155096,2.003,2.037
5198596,0.009942412,0.009193916115241991,2.003,2.036
17622484,0.009942603,0.009194127676819888,2.002,2.036
23604996,0.009964553,0.009215114585347135,2.002,2.035
8963180,0.009965582,0.009216172393236613,2.001,2.035
1298517,0.009986315,0.009236355367767858,2.001,2.034
6319524,0.009988518,0.009238809482071448,2.0,2.034
18685406,0.01000816,0.009257638462504159,2.0,2.033
9613846,0.01001157,0.009260684949225856,1.999,2.033
4299392,0.01003236,0.009279006181871618,1.999,2.032
19966457,0.01003463,0.009281079485334996,1.998,2.032
14636234,0.01005651,0.009300373901239079,1.998,2.031
15782459,0.01005783,0.009301558646075294,1.997,2.031
6231891,0.01007729,0.009321826245237697,1.997,2.03
20347201,0.01008098,0.009325295855115184,1.996,2.03
5695610,0.01010097,0.009343320901551893,1.996,2.029
20496651,0.01010419,0.009346705886798224,1.995,2.029
20610508,0.01012337,0.009364857870181669,1.995,2.028
1992910,0.01012745,0.009368919852477266,1.994,2.028
6356802,0.01014648,0.009386437151127025,1.994,2.027
9079705,0.01015083,0.009390372196475883,1.993,2.027
18484349,0.01017037,0.00940805874438796,1.993,2.026
21272693,0.01017422,0.009411866852790081,1.992,2.026
7090846,0.01019392,0.009429764962280051,1.992,2.025
14779187,0.01019765,0.00943276913668617,1.991,2.025
16633031,0.01021828,0.009451513492487724,1.991,2.024
13305771,0.01022131,0.009454390729947105,1.99,2.024
5178871,0.01024298,0.009473304335010974,1.99,2.023
2468834,0.01024473,0.009474827578371823,1.989,2.023
22929247,0.01026648,0.009495137489849804,1.989,2.022
17498978,0.01026853,0.009496449171632757,1.988,2.022
7442891,0.01028901,0.009517012957004214,1.988,2.021
23234069,0.01029202,0.009519805569832436,1.987,2.021
85380,0.01031253,0.00953897304878978,1.987,2.02
3249568,0.01031574,0.009542358034036112,1.986,2.02
14931207,0.01033344,0.009560933140575349,1.986,2.019
3869128,0.01033955,0.009566941489387585,1.985,2.019
3871844,0.01035785,0.009582977856992074,1.985,2.018
21830037,0.01036342,0.009588774644226415,1.984,2.018
15205967,0.01037948,0.00960506488572438,1.984,2.017
22399981,0.01038724,0.00961285035179094,1.983,2.017
4453382,0.01040163,0.009627236539087843,1.983,2.016
21984180,0.01041125,0.009635952876097142,1.982,2.016
6228420,0.01042537,0.009649408192451305,1.982,2.015
23187643,0.0104352,0.00965888615114103,1.981,2.015
13945904,0.01044771,0.009671664470445927,1.981,2.014
9934472,0.01045933,0.009681353990713546,1.98,2.014
20809959,0.01047285,0.009693963060756127,1.98,2.013
13602273,0.01048337,0.009703948767232802,1.979,2.013
13820239,0.01049649,0.009716303963381906,1.979,2.012
19811560,0.01050752,0.009727220540801322,1.978,2.012
8078754,0.01051799,0.009738687178323265,1.978,2.011
1007398,0.01053185,0.00975108468678795,1.977,2.011
5845477,0.01054224,0.009761155017895783,1.977,2.01
17680046,0.01055616,0.009773637150991625,1.976,2.01
8121088,0.010568,0.009783665169783878,1.976,2.009
10850540,0.01058036,0.009795427993514875,1.975,2.009
1933713,0.01059103,0.009806217633987554,1.975,2.008
20420997,0.01060477,0.009818615142452239,1.974,2.008
3903198,0.01061695,0.009828812410506808,1.974,2.007
20692136,0.01062921,0.009840744483500122,1.973,2.007
6040295,0.01064257,0.009851449499341641,1.973,2.006
16755852,0.01065372,0.009862366076761057,1.972,2.006
16708059,0.01066661,0.009874171212807634,1.972,2.005
17150967,0.01067833,0.009886780282850213,1.971,2.005
7418589,0.01068874,0.009896935238589205,1.971,2.004
17151080,0.01070291,0.009909713557894101,1.97,2.004
7309305,0.01071316,0.009919741576686354,1.97,2.003
20882701,0.01072758,0.00993349307924957,1.969,2.003
4899623,0.01073716,0.009942632539414662,1.969,2.002
23392015,0.01075232,0.009956595603555775,1.968,2.002
22028086,0.01076198,0.00996552350214297,1.968,2.001
3187690,0.01077708,0.00997919038007503,1.967,2.001
16670229,0.01078725,0.009988499089502436,1.967,2.0
9571593,0.01080197,0.010001996718172179,1.966,2.0
19710926,0.01081213,0.010011559301493061,1.966,1.999
20759292,0.01082692,0.01002518386710954,1.965,1.999
22663651,0.01083656,0.010034619513483686,1.965,1.998
13231666,0.01085179,0.010050275070247965,1.964,1.998
7912954,0.01086004,0.01005776435010547,1.964,1.997
18531583,0.01087678,0.010072489035927007,1.963,1.997
3650213,0.01088566,0.010080951499042833,1.963,1.996
10372421,0.01090188,0.010096776305069426,1.962,1.996
355767,0.01090962,0.010104180960295773,1.962,1.995
23236584,0.01092711,0.010120936637265108,1.961,1.995
2053740,0.01093293,0.010127452733864294,1.961,1.994
5461390,0.01095222,0.010145223906407527,1.96,1.994
9722806,0.01095742,0.010150809132063973,1.96,1.993
1824839,0.0109776,0.010169214989340893,1.959,1.993
16364597,0.01098289,0.01017420784257923,1.959,1.992
5123589,0.01100273,0.010193967693954684,1.958,1.992
12409633,0.0110062,0.010197648865410067,1.958,1.991
12250675,0.01102809,0.010218974272461948,1.957,1.991
6197632,0.01103104,0.010221174512872062,1.957,1.99
9414921,0.01105353,0.010243430790866684,1.956,1.99
21764102,0.01105484,0.010244742472649636,1.956,1.989
7410418,0.01107854,0.01026835274474279,1.956,1.988
14031695,0.01107904,0.01026881818021416,1.955,1.988
8276933,0.01110457,0.010291412956733414,1.954,1.988
9754184,0.0111056,0.010292005329151522,1.954,1.987
22295866,0.01113027,0.010313288423887824,1.953,1.987
10485995,0.01113322,0.010315742538191413,1.953,1.986
23593896,0.01115582,0.010337914191554876,1.952,1.986
16599627,0.01115751,0.010339522059546883,1.952,1.985
20400692,0.0111815,0.010361905274488242,1.951,1.985
11720912,0.01118305,0.01036338620553351,1.951,1.984
22417421,0.01120729,0.010386531042155294,1.95,1.984
20400317,0.01120803,0.01038725035152014,1.95,1.983
22981148,0.01123235,0.010411199122137926,1.95,1.982
8592217,0.01123312,0.010411706869924875,1.949,1.982
976105,0.01125716,0.010435190205071292,1.949,1.981
22709383,0.01125909,0.010436628823800982,1.948,1.981
19710977,0.01128337,0.010459265912635816,1.948,1.98
4067492,0.01128496,0.010461254591468034,1.947,1.98
7294278,0.01130708,0.01048338393251592,1.947,1.979
4966290,0.01131109,0.010487276665549198,1.946,1.979
1581500,0.01133199,0.0105075442647116,1.946,1.978
14205799,0.0113371,0.010512283244056463,1.945,1.978
15717288,0.01135615,0.010531746909222862,1.945,1.977
16905933,0.01136323,0.01053817838119089,1.944,1.977
12267003,0.01138227,0.010556034178365281,1.944,1.976
6873134,0.01138938,0.010563100335066996,1.943,1.976
20150136,0.01140709,0.01058036375982328,1.943,1.975
891016,0.01141565,0.010589714781566267,1.942,1.975
3543370,0.01143195,0.010604777965912436,1.942,1.974
6194,0.01144202,0.010613959738393108,1.941,1.974
3901392,0.01145994,0.010629192172001594,1.941,1.973
5094362,0.01146834,0.010637400761223945,1.94,1.973
15721767,0.01148658,0.01065369100272191,1.94,1.972
20783009,0.01149488,0.010662534276677947,1.939,1.972
4974592,0.01151071,0.010678274458073383,1.939,1.971
18871584,0.01152129,0.010688387101496794,1.938,1.971
12106651,0.01153654,0.010702900225740435,1.938,1.97
10580717,0.01154786,0.010713647553897533,1.937,1.97
11025398,0.01156369,0.010727568305723066,1.937,1.969
15723040,0.01157449,0.010737300138306266,1.936,1.969
14424003,0.01159119,0.010752278698021277,1.936,1.968
17484639,0.01160118,0.010762010530604476,1.935,1.968
4157558,0.01161752,0.010777073714950645,1.935,1.967
12136992,0.01162791,0.010786086238169,1.934,1.967
14663010,0.01164683,0.010801911044195594,1.934,1.966
1606922,0.0116547,0.01081033119499584,1.933,1.966
10324055,0.01167217,0.010826832998071701,1.933,1.965
18377592,0.01168158,0.010836141707499108,1.932,1.965
18736732,0.01169781,0.010851797264263387,1.932,1.964
20354400,0.01170848,0.0108637293372567,1.931,1.964
17948864,0.0117222,0.010876803842770651,1.931,1.963
2664277,0.01173558,0.010888820540395123,1.93,1.963
18646005,0.01174892,0.010901852733593495,1.93,1.962
14141509,0.01176251,0.010915561923841133,1.929,1.962
6341396,0.01177518,0.010926986249047498,1.929,1.961
8766008,0.01178964,0.010939637631405656,1.928,1.961
13943142,0.01180417,0.010952204389132657,1.928,1.96
10216457,0.0118169,0.010963882588232497,1.927,1.96
21237260,0.01183135,0.010977422529217818,1.927,1.959
14903096,0.01184419,0.010989227665264395,1.926,1.959
12360570,0.01185903,0.011002725293934135,1.926,1.958
10022258,0.01187136,0.011014826616189766,1.925,1.958
9796263,0.01188515,0.011028112683281613,1.925,1.957
8605329,0.01189874,0.011040214005537244,1.924,1.957
10430697,0.01191229,0.01105354238494467,1.924,1.956
4410555,0.0119262,0.01106759007371694,1.923,1.956
10807026,0.01193792,0.011079014398923304,1.923,1.955
1354577,0.0119537,0.01109276590148652,1.922,1.955
15144825,0.01196738,0.011104528725217519,1.922,1.954
7155902,0.01198124,0.011116968545997781,1.921,1.954
12930652,0.01199597,0.01113012767614289,1.921,1.953
18202727,0.01200884,0.011142525184607574,1.92,1.953
20585495,0.01202414,0.011155811251699422,1.92,1.952
12154679,0.01203667,0.01116702401532789,1.919,1.952
23476868,0.01205208,0.011181537139571531,1.919,1.951
20653758,0.01206425,0.011193511524880424,1.918,1.951
7248896,0.01207808,0.01120730533975922,1.918,1.95
4998006,0.01209206,0.011220506782219909,1.917,1.95
17304977,0.01210584,0.011233115852262488,1.917,1.949
9071044,0.01211998,0.011245724922305068,1.916,1.949
5536424,0.01213545,0.011259010989396915,1.916,1.948
15696074,0.01214789,0.011269927566816329,1.915,1.948
20660498,0.01216356,0.011284990751162498,1.915,1.947
470797,0.01217592,0.011296711262577917,1.914,1.947
11323454,0.01219036,0.011311012825243662,1.914,1.946
14816766,0.01220396,0.011324045018442034,1.913,1.946
22263423,0.01221882,0.011337077211640406,1.913,1.945
16502754,0.01223211,0.011350701777256885,1.912,1.945
2167040,0.01224479,0.011363183910352728,1.912,1.944
23295425,0.01226027,0.011377823971543107,1.911,1.944
14975000,0.01227302,0.011389417546011787,1.911,1.943
20586567,0.01228856,0.011404099919517744,1.91,1.943
21863111,0.01230046,0.011415651181670846,1.91,1.942
1763712,0.0123169,0.011429868119705434,1.909,1.942
3013160,0.01233076,0.011441969441961065,1.909,1.941
7497220,0.0123453,0.011455636319893122,1.908,1.941
513961,0.01235877,0.01146833001456686,1.908,1.94
16070029,0.01237388,0.011482039204814498,1.907,1.94
5716820,0.01238712,0.011494775211803816,1.907,1.939
14732502,0.01240224,0.011508484402051454,1.906,1.939
12930577,0.01241503,0.01152126272135635,1.906,1.938
18246929,0.01243083,0.011535945094862308,1.905,1.938
9763773,0.01244346,0.011547834855540043,1.905,1.937
11596729,0.01245956,0.011562601853677159,1.904,1.937
23415404,0.01247119,0.011574449302039314,1.904,1.936
12794986,0.01248825,0.0115896817356478,1.903,1.936
156824,0.01249868,0.011601148373169744,1.903,1.935
13918935,0.01251701,0.011618919545712978,1.902,1.935
6049220,0.01252554,0.011627889756615753,1.902,1.934
6713476,0.0125459,0.011646591800101727,1.901,1.934
15083522,0.01255444,0.011654673452377341,1.901,1.933
20559339,0.01257492,0.011673883243650264,1.9,1.933
19672462,0.0125823,0.011681541772770088,1.9,1.932
18571801,0.01260393,0.011700243816256062,1.899,1.932
12632308,0.01261161,0.01170849471779399,1.899,1.931
22676942,0.01263284,0.011728169944538286,1.898,1.931
22300480,0.01264118,0.011735489975133476,1.898,1.93
4457826,0.01266206,0.011755503700402403,1.897,1.93
2061864,0.01267021,0.011762527544788537,1.897,1.929
14666695,0.01269113,0.011784614573520842,1.896,1.929
11944624,0.01269636,0.011789649739074759,1.896,1.928
18369709,0.01272048,0.011812583014118647,1.895,1.928
20174396,0.01272518,0.011816814245676559,1.895,1.927
2004917,0.01274971,0.011839493646826972,1.894,1.927
22028188,0.01275541,0.011844063376909518,1.894,1.926
12142243,0.01277912,0.011866912027322247,1.893,1.926
2916092,0.01278362,0.011871354820458055,1.893,1.925
9781241,0.01280859,0.011895007404866789,1.892,1.925
9017661,0.01281249,0.011898730888637752,1.892,1.924
18818512,0.01283821,0.011923229719358067,1.891,1.924
14151654,0.01284232,0.011926149269133025,1.891,1.923
8136209,0.01286779,0.011951578970796082,1.89,1.923
22894254,0.01287007,0.01195365227425946,1.89,1.922
16653762,0.01289737,0.011979674348340623,1.889,1.922
19553472,0.01289875,0.011981197591701472,1.889,1.921
17881929,0.012927,0.012008827533774642,1.889,1.92
887999,0.01292708,0.012008954470721379,1.888,1.92
22641030,0.01295472,0.012036499788163391,1.888,1.919
13079611,0.01295688,0.012038107656155398,1.887,1.919
19059239,0.01298483,0.0120642566671833,1.887,1.918
22341576,0.01298674,0.012065949159806464,1.886,1.918
9209688,0.01301558,0.012092055858518786,1.886,1.917
4899180,0.01301668,0.012093155978723845,1.885,1.917
9039407,0.01304432,0.012119939674485432,1.885,1.916
16566323,0.01304674,0.0121224361011046,1.884,1.916
16517382,0.01307478,0.012147908115083237,1.884,1.915
8473726,0.01307676,0.012149642920021981,1.883,1.915
6697946,0.01310366,0.01217587655568104,1.883,1.914
13010203,0.01310693,0.012178499919246947,1.882,1.914
21686281,0.01313479,0.012203971933225581,1.882,1.913
4480073,0.0131372,0.012206002924373379,1.881,1.913
21219790,0.01316363,0.0122321096230857,1.881,1.912
16739277,0.01316743,0.012235748482225505,1.88,1.912
20562516,0.01319196,0.0122602896252614,1.88,1.911
8572209,0.01319793,0.012265282478499737,1.879,1.911
7100373,0.01322274,0.012288554252068257,1.879,1.91
4373694,0.01322835,0.012292954732888488,1.878,1.91
2428338,0.01325372,0.012316861191190694,1.878,1.909
6636768,0.01325875,0.012321303984326503,1.877,1.909
2495612,0.01328524,0.012345295067259869,1.877,1.908
14147630,0.01328924,0.012348680052506198,1.876,1.908
5236504,0.01331428,0.012373728943329042,1.876,1.907
17023427,0.01331991,0.012379610355194541,1.875,1.907
10379540,0.01334339,0.012402247444029374,1.875,1.906
16416518,0.01335058,0.01240876354062856,1.874,1.906
14289564,0.01337428,0.012430850569360866,1.874,1.905
7088128,0.01338144,0.012437789789115842,1.873,1.905
6860868,0.0134031,0.012459496007007935,1.873,1.904
1529707,0.01341226,0.012467704596230285,1.872,1.904
21804503,0.0134327,0.012488226069286163,1.872,1.903
5818757,0.01344326,0.012498423337340733,1.871,1.903
2141565,0.01346264,0.01251699844387997,1.871,1.902
8435038,0.01347411,0.012528845892242126,1.87,1.902
10014697,0.01349392,0.012545855443104935,1.87,1.901
16364690,0.01350526,0.012556095023475084,1.869,1.901
10934171,0.01352422,0.012574797066961059,1.869,1.9
16722037,0.01353633,0.012586475266060899,1.868,1.9
8353531,0.0135534,0.012603781003132761,1.868,1.899
20632329,0.01356757,0.012617532505695979,1.867,1.899
20335520,0.01358316,0.012632849563935622,1.867,1.898
7220829,0.01359884,0.01264901286848685,1.866,1.898
19595494,0.01361233,0.012661960437054063,1.866,1.897
2312251,0.01363015,0.012680281669699825,1.865,1.897
16114951,0.01364178,0.01269115593480366,1.865,1.896
17172481,0.01366159,0.012711254284703747,1.864,1.896
12335286,0.01367099,0.012720393744868838,1.864,1.895
2889425,0.01369307,0.012741380653396086,1.863,1.895
3285867,0.01370206,0.012749716179565175,1.863,1.894
4760398,0.01372461,0.012770110715674314,1.862,1.894
12157433,0.01373384,0.012779123238892668,1.862,1.893
18196565,0.01375625,0.012800152459735495,1.861,1.893
13343973,0.0137651,0.01280857261053574,1.861,1.892
12566597,0.01378798,0.012829686456009726,1.86,1.892
19235318,0.01379739,0.012838106606809972,1.86,1.891
12856695,0.01381976,0.012858755016812587,1.859,1.891
19276714,0.01382959,0.012867682915399784,1.859,1.89
14119195,0.01385165,0.012889346820976297,1.858,1.89
1090280,0.01386053,0.012897343848620752,1.858,1.889
4001829,0.01388355,0.012919007754197265,1.857,1.889
4229368,0.01389235,0.012927089406472879,1.857,1.888
12232325,0.01391556,0.012950403492356979,1.856,1.888
7691568,0.01392111,0.012956877276640586,1.856,1.887
16266778,0.01394765,0.012982264665988062,1.855,1.887
2516565,0.01395254,0.01298674977143945,1.855,1.886
2589527,0.01397986,0.013013745028778933,1.854,1.886
701237,0.01398266,0.013016706890869471,1.854,1.885
4580369,0.01401205,0.013043744460524535,1.853,1.885
10826597,0.01401547,0.013046706322615073,1.853,1.884
11324005,0.01404431,0.01307552100952446,1.852,1.884
20735919,0.01404531,0.013076790378991834,1.852,1.883
9033326,0.01407627,0.013106916747684173,1.852,1.882
14643165,0.01407669,0.013107424495471122,1.851,1.882
20414354,0.01410842,0.01313712774100767,1.851,1.881
10850629,0.0141092,0.013138185548897148,1.85,1.881
15724032,0.01413945,0.013167423358962326,1.85,1.88
6262548,0.01414171,0.013169285100847807,1.849,1.88
9658076,0.01417309,0.01319776128923256,1.849,1.879
1690737,0.0141743,0.013198649847859723,1.848,1.879
10445817,0.01420695,0.013227845345609321,1.847,1.879
23428703,0.01420732,0.013228183844133955,1.847,1.878
7322795,0.01423939,0.013258691023666506,1.847,1.877
1698022,0.01423971,0.013259114146822296,1.846,1.877
18229760,0.01427169,0.013289240515514635,1.846,1.876
15800033,0.01427261,0.013290256011088535,1.845,1.876
3832005,0.01430433,0.013319874631993925,1.845,1.875
3174801,0.0143054,0.013320805502936664,1.844,1.875
14505769,0.01433706,0.013350593373104371,1.844,1.874
17597438,0.01433843,0.013351947367202903,1.843,1.874
2832269,0.01437019,0.013381354426530398,1.843,1.873
19674814,0.01437145,0.013382877669891246,1.842,1.873
12266852,0.01440229,0.013412200104587583,1.842,1.872
15916887,0.01440457,0.013414400344997697,1.841,1.872
10079928,0.01443478,0.013443130407275924,1.841,1.871
4010283,0.0144378,0.013445542209263934,1.84,1.871
18721815,0.01446799,0.013474145334595426,1.84,1.87
141443,0.01447105,0.013477361070579438,1.839,1.87
6931669,0.01449963,0.013505202574230504,1.839,1.869
5269108,0.01450446,0.013510068490522104,1.838,1.869
1031133,0.01453091,0.013536302126181165,1.838,1.868
19086624,0.014538,0.013542733598149191,1.837,1.868
17725716,0.01456582,0.01356752861507856,1.837,1.867
7474959,0.01457145,0.013572182969792264,1.836,1.867
21963767,0.01459996,0.013598797416291537,1.836,1.866
10859232,0.01460497,0.013602901710902712,1.835,1.866
2760119,0.01463349,0.01363015084213567,1.835,1.865
949606,0.01463862,0.013635778380107695,1.834,1.865
7453842,0.01466457,0.013661588892610961,1.834,1.864
22295093,0.01467242,0.01366890892320615,1.833,1.864
13804035,0.01469602,0.013693069255401834,1.833,1.863
19646124,0.01470621,0.013703139586509667,1.832,1.863
2279810,0.01472807,0.013724634242823863,1.832,1.862
16141464,0.01474013,0.013735677757190016,1.831,1.862
16770804,0.01476137,0.01375628385487705,1.831,1.861
3060726,0.01477407,0.013768300552501523,1.83,1.861
9006488,0.01479248,0.013787975779245818,1.83,1.86
15676076,0.01480817,0.013803292837485461,1.829,1.86
6546617,0.01482398,0.013819752328245742,1.829,1.859
23011580,0.01484231,0.013837396563842239,1.828,1.859
12454797,0.0148562,0.013851613501876827,1.828,1.858
12010512,0.01487648,0.013871965725670387,1.827,1.858
7585088,0.01488914,0.013883559300139068,1.827,1.857
14432458,0.01491082,0.013902176718993884,1.826,1.857
21335462,0.01492386,0.013915547410716888,1.826,1.856
14854627,0.01494515,0.013936534319244137,1.825,1.856
20236325,0.01495737,0.013947620145925868,1.825,1.855
20011356,0.01497962,0.013969961048551647,1.824,1.855
7980843,0.01499022,0.013979777505766004,1.824,1.854
3050273,0.01501415,0.014002837717756629,1.823,1.854
5765434,0.01502372,0.014012019490237301,1.823,1.853
9681163,0.01504876,0.014034487329809818,1.822,1.853
18161926,0.01505879,0.014044303787024176,1.822,1.852
14557361,0.01508343,0.014067110125121325,1.821,1.852
1538645,0.01509262,0.014076672708442208,1.821,1.851
7823902,0.01511827,0.014101044602215786,1.82,1.851
1871343,0.01512681,0.0141091262544914,1.82,1.85
1990632,0.01515305,0.014134894454679088,1.819,1.85
2796253,0.01515955,0.014141664425171748,1.819,1.849
13240181,0.01518804,0.014169717490400711,1.818,1.849
17935084,0.01519357,0.014174287220483257,1.818,1.848
4892123,0.01522304,0.014200563168457895,1.817,1.848
1586028,0.01523039,0.014206952328110343,1.817,1.847
12165555,0.01525816,0.014232382029773399,1.816,1.847
16760609,0.01526633,0.014239702060368589,1.816,1.846
22874954,0.01529328,0.014265301011293962,1.815,1.846
11746252,0.01529995,0.014272536417257993,1.815,1.845
7793285,0.01532857,0.014297712245027573,1.814,1.845
2275248,0.01533737,0.014305413086462975,1.814,1.844
12567355,0.01536389,0.014330461977285817,1.813,1.844
11186604,0.01537234,0.014338416692614694,1.813,1.843
4367196,0.01539936,0.01436240777554806,1.812,1.843
5176225,0.01540916,0.014371462611081994,1.812,1.842
17246201,0.01543486,0.014396765375798311,1.811,1.842
13953939,0.01544256,0.01440459315418045,1.811,1.841
1179805,0.01547037,0.01443133453762646,1.81,1.841
11051678,0.01547819,0.014437808321910066,1.81,1.84
20970638,0.01550601,0.014464422768409337,1.809,1.84
22546618,0.01551252,0.01447106580195526,1.809,1.839
13324483,0.0155418,0.014496834002142949,1.808,1.839
3928633,0.01554966,0.014504407906631614,1.808,1.838
19015227,0.01557767,0.014529626046716773,1.807,1.838
18942964,0.01558729,0.014537876948254704,1.807,1.837
1808435,0.01561365,0.014561571844979016,1.806,1.837
2797680,0.01562473,0.014571388302193374,1.806,1.836
11695708,0.0156495,0.01459436388955284,1.805,1.836
4298507,0.01566109,0.0146049842807632,1.805,1.835
17509149,0.01568561,0.014628933051380986,1.804,1.835
6156387,0.01569527,0.014638622571648607,1.804,1.834
13939613,0.01572175,0.01466278290384429,1.803,1.834
10961093,0.01573127,0.014672387799480751,1.803,1.833
3826244,0.01575802,0.014698325248930758,1.802,1.833
2466371,0.01576706,0.014706195339628475,1.802,1.832
298753,0.01579435,0.01473073648266437,1.801,1.832
12489010,0.01580472,0.014740087504407357,1.801,1.831
16571841,0.01583074,0.014765009458283462,1.8,1.831
21112419,0.01584027,0.014774106606132976,1.8,1.83
20640667,0.01586727,0.014798351562959815,1.799,1.83
22278389,0.01587714,0.014808125707858595,1.799,1.829
23375181,0.01590383,0.014834443968148812,1.798,1.829
14863740,0.01591163,0.01484227174653095,1.798,1.828
13276620,0.01594045,0.014868590006821168,1.797,1.828
11935189,0.01594829,0.014876502409834465,1.797,1.827
12628130,0.01597718,0.014905020910534798,1.796,1.827
18916082,0.01598359,0.014910775385453559,1.796,1.826
12871087,0.01601401,0.014941071003408215,1.795,1.826
18936166,0.01601762,0.01494517529801939,1.795,1.825
866705,0.01605051,0.0149796175229008,1.795,1.824
21121918,0.01605101,0.014980336832265646,1.794,1.824
11207594,0.01608621,0.01501414437241337,1.794,1.823
20170792,0.01608794,0.015015244492618426,1.793,1.823
21696794,0.01612238,0.015048755846557096,1.793,1.822
19222019,0.01612505,0.01505243701801248,1.792,1.822
18571359,0.01615816,0.01508345194533198,1.792,1.821
1399320,0.01616222,0.015087471615311997,1.791,1.821
9077748,0.01619648,0.015118232668738024,1.791,1.82
20086217,0.01619947,0.015121279155459721,1.79,1.82
2141135,0.01623294,0.015153055704459645,1.79,1.819
9725483,0.01623679,0.015157075374439664,1.789,1.819
4466317,0.01626903,0.015188005677128006,1.789,1.818
4722998,0.01627424,0.015192956218050764,1.788,1.818
8593990,0.01630349,0.015222997962111944,1.788,1.817
22725559,0.01631174,0.015230656491231767,1.787,1.817
22351544,0.016341,0.015258117184042621,1.787,1.816
15412202,0.01634941,0.015265056403797599,1.786,1.816
6875111,0.01637906,0.015293278718288877,1.786,1.815
19781383,0.01638703,0.015300725685830803,1.785,1.815
18431969,0.01641566,0.01532852487716629,1.785,1.814
7047034,0.01642485,0.015337029652597695,1.784,1.814
16464936,0.01645212,0.015363855660674861,1.784,1.813
2080767,0.01646267,0.015373418243995745,1.783,1.813
16955583,0.01648795,0.015399271068814592,1.783,1.812
6401157,0.01650066,0.015410653081705378,1.782,1.812
12939496,0.01652617,0.015434771101585481,1.782,1.811
9429585,0.01653871,0.015446406988369741,1.781,1.811
6660357,0.0165628,0.015470355758987527,1.781,1.81
15416843,0.0165768,0.015483176390608004,1.78,1.81
12307187,0.01660041,0.015506025041020732,1.78,1.809
14864924,0.01661509,0.015519861168215106,1.779,1.809
21105784,0.01663607,0.015541778947685094,1.779,1.808
20742644,0.01665331,0.015558069189183059,1.778,1.808
9923406,0.01667224,0.015577617478980618,1.778,1.807
22513779,0.01669172,0.015595684837732904,1.777,1.807
6435868,0.01671097,0.015613498322591717,1.777,1.806
4536062,0.01673016,0.015630211687245474,1.776,1.806
19843367,0.01674911,0.015649506103149555,1.776,1.805
15434349,0.01676873,0.01566727727569279,1.775,1.805
5045909,0.01678737,0.01568559850833855,1.775,1.804
9193734,0.01680745,0.015704765987295897,1.774,1.804
2982608,0.01682496,0.015721733225843127,1.774,1.803
20589150,0.01684618,0.015743651005313115,1.773,1.803
2612413,0.01686179,0.01575799488029444,1.773,1.802
6928662,0.01688497,0.01578092815533833,1.772,1.802
7839249,0.01689914,0.015794298847061333,1.772,1.801
18052555,0.01692389,0.015817782182207748,1.771,1.801
235162,0.01693665,0.01583072975077496,1.771,1.8
2841561,0.0169629,0.015855228581495275,1.77,1.8
15157625,0.01697709,0.01586720296680417,1.77,1.799
7835204,0.01700201,0.015892294169942593,1.769,1.799
3343968,0.01701399,0.015903803119780114,1.769,1.798
17785393,0.01704121,0.01592982519386128,1.768,1.798
6675188,0.01705271,0.015940445585071638,1.768,1.797
12003604,0.01708048,0.01596621378525933,1.767,1.797
12005382,0.01709273,0.0159772149873099,1.767,1.796
2481941,0.01711989,0.01600306781212875,1.766,1.796
9992193,0.01713239,0.016014026701863745,1.766,1.795
18681937,0.01715938,0.016039921838998168,1.765,1.795
6238312,0.01717159,0.016050923041048742,1.765,1.794
3902476,0.01719888,0.016074279439248423,1.764,1.794
2005913,0.0172135,0.01608794631718048,1.764,1.793
10915979,0.01723861,0.01611062571833089,1.763,1.793
10164850,0.01725306,0.016125011905627797,1.763,1.792
11137554,0.01727845,0.016149256862454636,1.762,1.792
1641262,0.01729306,0.01616220443102185,1.762,1.791
12718511,0.01731817,0.016186703261742166,1.761,1.791
20074490,0.01733342,0.016199481581047063,1.761,1.79
13164756,0.01735802,0.016222118669881894,1.76,1.79
19616186,0.01737223,0.01623680104338785,1.76,1.789
515834,0.0173981,0.016261765309579537,1.759,1.789
9904480,0.01741048,0.01627424744267538,1.759,1.788
18910813,0.01743814,0.016299634832022857,1.758,1.788
803582,0.01745008,0.01631173615427849,1.758,1.787
17325442,0.01747835,0.016339069910142605,1.757,1.787
19165819,0.01748923,0.016349351802828333,1.757,1.786
1904746,0.0175187,0.016376008561643184,1.756,1.786
13124354,0.01752945,0.016387052076009337,1.756,1.785
9529296,0.01755907,0.01641396270871766,1.755,1.785
12843035,0.01757061,0.016424836973821497,1.755,1.784
15479560,0.0175995,0.01645094367253382,1.754,1.784
8120559,0.01761076,0.016462664183949236,1.754,1.783
20016045,0.01764009,0.01649114037233399,1.753,1.783
21339715,0.01765001,0.016500618331023717,1.753,1.782
17126226,0.01768076,0.016528205960781306,1.752,1.782
2733083,0.01769079,0.01653865710272935,1.752,1.781
4512362,0.01772155,0.01656874115910611,1.751,1.781
13479895,0.0177297,0.016576780499066145,1.751,1.78
5151905,0.01776236,0.016607456927861013,1.75,1.78
14262128,0.01777144,0.0166149885200341,1.75,1.779
14856537,0.01780334,0.016644734077886227,1.749,1.779
8381988,0.01781279,0.01665332347794879,1.749,1.778
8303072,0.01784433,0.016684169156005974,1.748,1.778
20489203,0.01785294,0.016691700748179057,1.748,1.777
13070075,0.01788546,0.01672309648633877,1.747,1.777
6459365,0.01789358,0.016730162643040485,1.747,1.776
4941196,0.0179268,0.01675965432699914,1.746,1.776
1600101,0.01793755,0.01676875147484865,1.746,1.775
12837947,0.01796827,0.016797481537126877,1.745,1.775
4757657,0.01797896,0.016807382618972393,1.745,1.774
715185,0.01800946,0.0168371704891401,1.744,1.774
5765374,0.01801938,0.016846140700042873,1.744,1.773
3499697,0.018051,0.01687360139285373,1.743,1.773
19352063,0.01806353,0.016884983405744514,1.743,1.772
3296939,0.01809281,0.0169137980926539,1.742,1.772
7851682,0.01810273,0.016923910736077314,1.742,1.771
12641550,0.01813432,0.016954037104769653,1.741,1.771
5011975,0.01814536,0.016962922691041268,1.741,1.77
3266440,0.01817608,0.016995164675512563,1.74,1.77
21341519,0.01818277,0.01700201927063638,1.74,1.769
7738590,0.01821802,0.01703857711129675,1.739,1.769
18852111,0.01822114,0.017041200474862656,1.739,1.768
11354222,0.01826003,0.017075854261321962,1.738,1.768
6567368,0.01826515,0.017080508616035665,1.738,1.767
12383462,0.01830223,0.01711478159165476,1.737,1.767
5328748,0.01830768,0.017119859069524256,1.737,1.766
13392589,0.01834431,0.017153962795881033,1.736,1.766
4298743,0.01835022,0.01715933645995958,1.736,1.765
19456584,0.01838659,0.01719280550158267,1.735,1.765
14941105,0.0183928,0.017198898475026064,1.735,1.764
2325011,0.01842893,0.017232790639804946,1.734,1.764
14553775,0.01843495,0.017238545114723707,1.734,1.763
18682431,0.01847142,0.017272733465711645,1.733,1.763
3524394,0.01847694,0.01727827637905251,1.733,1.762
3393660,0.01851399,0.017314326471925927,1.732,1.762
8244079,0.01851796,0.01731809226801247,1.732,1.761
11702554,0.0185567,0.017355073231828628,1.731,1.761
15322553,0.01855995,0.017358035093919165,1.731,1.76
12052038,0.01859947,0.017395396868575535,1.73,1.76
8053998,0.01860211,0.01739806254445702,1.73,1.759
12641028,0.01864233,0.017435805129953602,1.729,1.759
20896607,0.01864518,0.017438174619626035,1.729,1.758
15602377,0.01868526,0.017478371319426207,1.729,1.757
11192038,0.01868532,0.017478413631741786,1.728,1.757
8038942,0.01872665,0.017518652643857536,1.728,1.756
17478883,0.01872839,0.017520302824165123,1.727,1.756
13022397,0.01877043,0.017559018592920025,1.727,1.755
8711655,0.01877155,0.017560372587018556,1.726,1.755
12404895,0.01881298,0.01759951147892925,1.726,1.754
2298143,0.01881486,0.01760137322081473,1.725,1.754
10203606,0.01885516,0.017640088989569633,1.725,1.753
12333932,0.01885819,0.017642923914713435,1.724,1.753
15125337,0.01889884,0.017680751124841177,1.724,1.752
15328970,0.01890168,0.017683670674616136,1.723,1.752
7046696,0.01894321,0.017721497884743875,1.723,1.751
22810820,0.01894537,0.017723105752735883,1.722,1.751
1345729,0.01898845,0.017762371581593314,1.722,1.75
13463770,0.01898893,0.01776304857864258,1.721,1.75
18588432,0.01903234,0.01780328759075833,1.721,1.749
17376414,0.01903277,0.01780366840159854,1.72,1.749
7047878,0.01907386,0.017844330536870085,1.72,1.748
10905444,0.01907664,0.017847207774329465,1.719,1.748
5634915,0.01911532,0.017885458107613,1.719,1.747
3520898,0.01912057,0.017890450960851335,1.718,1.747
3100026,0.01915929,0.017926712615302647,1.718,1.746
11460073,0.01916467,0.017932128591696773,1.717,1.746
11153146,0.01920059,0.017968051747623455,1.717,1.745
19721409,0.01920886,0.017975794901374437,1.716,1.745
3165555,0.01924172,0.018009433192259842,1.716,1.744
22892077,0.01925327,0.018020476706625994,1.715,1.744
17872157,0.01928542,0.018050983886158545,1.715,1.743
13762589,0.01929749,0.01806333908230765,1.714,1.743
3393169,0.01932911,0.018092576892372828,1.714,1.742
6095597,0.01934205,0.01810611683335815,1.713,1.742
11028934,0.0193697,0.018134296835533848,1.713,1.741
3785718,0.0193866,0.018150460140085076,1.712,1.741
9337262,0.01941274,0.01817610140332603,1.712,1.74
696389,0.01943122,0.018193618701975785,1.711,1.74
11394266,0.01945687,0.018217990595749363,1.711,1.739
8333070,0.01947603,0.018235507894399122,1.71,1.739
8512451,0.01950151,0.01826000672511944,1.71,1.738
1864004,0.01952095,0.018278497207027518,1.709,1.738
14132174,0.01954518,0.01830206516680509,1.709,1.737
4857068,0.01956602,0.01832199426744286,1.708,1.737
23332070,0.01958875,0.01834429285775306,1.708,1.736
4101301,0.01961103,0.018366506823432105,1.707,1.736
3335810,0.01963255,0.01838656286101661,1.707,1.735
2530622,0.01965626,0.01840839601585544,1.706,1.735
3143702,0.01967746,0.018428959801226896,1.706,1.734
292946,0.01970155,0.018450454457541093,1.705,1.734
6673780,0.01972322,0.01847144136606834,1.705,1.733
21514680,0.01974696,0.018494967013530338,1.704,1.733
10773278,0.01976688,0.018514007555540942,1.704,1.732
4905480,0.01979249,0.01853939494488842,1.703,1.732
19929931,0.01981083,0.018556700681960282,1.703,1.731
13346694,0.01983813,0.01858268044372587,1.702,1.731
7930954,0.01985658,0.018599478433010783,1.702,1.73
23621815,0.01988389,0.018624992759304997,1.701,1.73
18756845,0.01990253,0.01864234080869244,1.701,1.729
23408556,0.01992969,0.018666839639412753,1.7,1.729
13351797,0.01995011,0.018685330121320832,1.7,1.728
13903247,0.01997562,0.018711098321508524,1.699,1.728
2105560,0.01999378,0.018728404058580384,1.699,1.727
21332835,0.02002171,0.018754468444977128,1.698,1.727
8939724,0.0200384,0.018771562620471097,1.698,1.726
19014428,0.02006782,0.018799277187175424,1.697,1.726
1328316,0.02008453,0.018814848119308544,1.697,1.725
2019561,0.02011411,0.01884315505843098,1.696,1.725
1855200,0.02012952,0.01885821824277715,1.696,1.724
11004326,0.02016044,0.01888775223905138,1.695,1.724
20355219,0.02017585,0.018901672990876913,1.695,1.723
1739208,0.02020692,0.018932391731987363,1.694,1.723
12489321,0.02022142,0.018945254675923416,1.694,1.722
2362086,0.02025354,0.01897660810176755,1.693,1.722
11140163,0.02026573,0.018988920985601076,1.693,1.721
12445012,0.02030019,0.01902167071785932,1.692,1.721
1279802,0.02031129,0.019032714232225474,1.692,1.72
11753998,0.02034701,0.019066564084688778,1.691,1.72
173402,0.02035641,0.01907659210348103,1.691,1.719
12332319,0.0203939,0.01911149976383381,1.69,1.719
9035005,0.02040332,0.019120554599367744,1.69,1.718
19039338,0.02044109,0.019155504572036103,1.689,1.718
23298135,0.0204509,0.019164644032201195,1.689,1.717
5944999,0.02048815,0.019199636317185135,1.688,1.717
3256333,0.02049793,0.019208818089665805,1.688,1.716
10989624,0.02053533,0.019244656620961326,1.687,1.716
14854005,0.02054361,0.019253076771761572,1.687,1.715
20438510,0.02058268,0.019290734732626998,1.686,1.715
10147941,0.02058993,0.019297462390804078,1.686,1.714
10830623,0.02063005,0.01933478185314487,1.685,1.714
7703318,0.02063807,0.019341974946793322,1.685,1.713
9040822,0.02067769,0.019381790835753282,1.684,1.713
5099104,0.02068267,0.01938652981509814,1.684,1.712
18806397,0.0207253,0.019424060839016828,1.683,1.712
3832034,0.02073236,0.01943125393266528,1.683,1.711
22175896,0.02077317,0.019470392824575973,1.682,1.711
12810909,0.02077902,0.019476020362548,1.682,1.71
9725673,0.02082098,0.019516047813085854,1.681,1.71
8769098,0.02082596,0.019520913729377455,1.681,1.709
4199615,0.02086893,0.019561068116862045,1.68,1.709
11451567,0.02087397,0.019565934033153647,1.68,1.708
17241576,0.02091711,0.019604903675802022,1.679,1.708
20715940,0.02092341,0.019611038961560995,1.679,1.707
11092969,0.02096534,0.019652505030828542,1.678,1.707
9093481,0.02096893,0.019656228514599503,1.678,1.706
15201445,0.02101358,0.019699852511961585,1.677,1.706
17256485,0.02101471,0.01970154500458475,1.677,1.705
16516178,0.02106019,0.019746988431516736,1.677,1.704
8438397,0.02106204,0.01974914635961127,1.676,1.704
17463494,0.0211078,0.019792474170764296,1.676,1.703
11985691,0.02111062,0.01979526678359252,1.675,1.703
1865194,0.0211547,0.019838129159274177,1.675,1.702
14773010,0.02115924,0.019842571952409984,1.674,1.702
10193820,0.02120182,0.019883868772415214,1.674,1.701
10089664,0.02120802,0.019889750184280713,1.673,1.701
8012710,0.02124922,0.01992969301018741,1.673,1.7
12392138,0.02125692,0.019937224602360495,1.672,1.7
14369364,0.02129731,0.01997564418490634,1.672,1.699
9951917,0.02130597,0.019985164455911645,1.671,1.699
17995980,0.02134578,0.020021679984256434,1.671,1.698
4703699,0.02135503,0.020029803948847628,1.67,1.698
2242862,0.02139546,0.020067842720553262,1.67,1.697
5746409,0.02140438,0.02007579743588214,1.669,1.697
6352335,0.02144344,0.02011409008148125,1.669,1.696
1500066,0.02145361,0.020124541223429295,1.668,1.696
20854166,0.02148971,0.020160464379355973,1.668,1.695
19699613,0.02150313,0.02017417356960361,1.667,1.695
890618,0.02153885,0.020206923301861857,1.667,1.694
19633962,0.02155265,0.020220040119691387,1.666,1.694
1718269,0.02158734,0.020253509161314475,1.666,1.693
6476839,0.02160231,0.020267133726930956,1.665,1.693
890617,0.0216358,0.020300221957713832,1.665,1.692
8342787,0.02165213,0.020315581328269057,1.664,1.692
1807763,0.0216858,0.02034701937874435,1.664,1.691
10240766,0.02170204,0.020361447878356833,1.663,1.691
7411189,0.02173587,0.020393901424406023,1.663,1.69
7503149,0.02175206,0.020409895479694934,1.662,1.69
20323478,0.02178155,0.020440910407014436,1.662,1.689
22639920,0.0218022,0.020459781699762727,1.661,1.689
16188993,0.02183037,0.020488046326569583,1.661,1.688
22383143,0.02185251,0.020507848490260615,1.66,1.688
23199068,0.02188128,0.02053526687075589,1.66,1.687
20368585,0.02190285,0.020556846151701245,1.659,1.687
19864643,0.02192954,0.020582614351888934,1.659,1.686
14763441,0.02195333,0.02060465906830566,1.658,1.686
2532779,0.02197995,0.020630046457653137,1.658,1.685
3631231,0.02200409,0.020653910603639764,1.657,1.685
21961882,0.02203001,0.020677605500364075,1.657,1.684
7042630,0.0220547,0.02070121577245723,1.656,1.684
17324126,0.02208077,0.020725291480021755,1.656,1.683
21090131,0.02210552,0.020750551932422492,1.655,1.683
17265570,0.02212856,0.020773062084310588,1.655,1.682
17711791,0.02215645,0.020800734338699337,1.654,1.682
22324971,0.02217938,0.020820959625546163,1.654,1.681
13221377,0.02220757,0.020849816624771127,1.653,1.681
9239314,0.02222623,0.020868941791412892,1.653,1.68
21526806,0.02225875,0.020899448970945443,1.652,1.68
10767645,0.02227694,0.020917050894226363,1.652,1.679
20953393,0.02231006,0.020949081317119762,1.651,1.679
19241756,0.02232593,0.02096528693398657,1.651,1.678
20771657,0.02236149,0.021000490780548404,1.65,1.678
15605814,0.02237624,0.02101360759837793,1.65,1.677
11992079,0.02241302,0.021048007510943764,1.649,1.677
15566037,0.02242748,0.021062055199716035,1.649,1.676
3028654,0.02246467,0.02109768216943366,1.648,1.676
19696849,0.02247857,0.021110587425685293,1.648,1.675
11167793,0.02251647,0.021146849080136604,1.647,1.675
6676324,0.02253024,0.021159246588601292,1.647,1.674
8333111,0.02256836,0.021194535059794285,1.646,1.674
22592796,0.02258286,0.021208032688464024,1.646,1.673
11167607,0.02262056,0.02124277109955449,1.645,1.673
22386646,0.02263558,0.021256945725273497,1.645,1.672
2183886,0.02267276,0.021292953505831335,1.644,1.672
11730449,0.02268604,0.021305943386714127,1.644,1.671
15866219,0.02272481,0.021342501227374494,1.643,1.671
439495,0.02273847,0.021355025672785917,1.643,1.67
1487378,0.0227772,0.02139268363365134,1.642,1.67
9078758,0.02278852,0.02140427720812002,1.642,1.669
23477306,0.0228298,0.021443373787715134,1.641,1.669
2867142,0.02284088,0.021453613368085284,1.641,1.668
5238591,0.02288255,0.021492413761471346,1.64,1.668
10626057,0.02289378,0.021503076464997287,1.64,1.667
16729463,0.02293507,0.02154310391553514,1.639,1.667
5438286,0.0229442,0.021552624186540446,1.639,1.666
14999058,0.02298794,0.021592524700131562,1.638,1.666
10685461,0.02299998,0.021602341157345918,1.638,1.665
22611836,0.02304096,0.021640929989154085,1.637,1.665
18326890,0.02305355,0.021652100440466972,1.637,1.664
7275522,0.02309407,0.021692212515635988,1.636,1.664
12412076,0.02310511,0.021702028972850344,1.636,1.663
12237441,0.02314729,0.021744891348532,1.635,1.663
11295996,0.0231547,0.021752042129864875,1.635,1.662
8853641,0.02320066,0.021797527869112435,1.634,1.662
1630831,0.02320553,0.02180222453614172,1.634,1.661
23127904,0.02325417,0.02185037595127077,1.633,1.661
4709591,0.02325619,0.021852449254734146,1.633,1.66
8711769,0.02330785,0.021901996976277305,1.632,1.66
17895001,0.0233088,0.021902843222588887,1.632,1.659
10809908,0.02336095,0.021953321815074787,1.632,1.658
22846235,0.02336147,0.021953702625915,1.631,1.658
5422099,0.02341537,0.022003334972089315,1.63,1.658
9825303,0.02341611,0.022003927344507422,1.63,1.657
5709205,0.02346936,0.022052713444370157,1.629,1.657
14505760,0.02347185,0.0220546598108868,1.629,1.656
10801358,0.02352348,0.02210268428906911,1.628,1.656
11192134,0.02352619,0.02210551921421291,1.628,1.655
14889988,0.02357766,0.022155913182067652,1.627,1.655
8683028,0.02357792,0.02215646324217018,1.627,1.654
21117363,0.02362921,0.02220753420707419,1.627,1.653
14074565,0.02363199,0.022210749943058203,1.626,1.653
19527037,0.02368102,0.02225873210892493,1.626,1.652
19979987,0.02368649,0.02226372496216327,1.625,1.652
18615124,0.02373121,0.022310056947722416,1.625,1.651
10206831,0.02374106,0.02231851941083824,1.624,1.651
9379463,0.02378345,0.022361466411151054,1.624,1.65
1197962,0.02379579,0.022372679174779524,1.623,1.65
1164693,0.02383807,0.022413002811526434,1.623,1.649
22262538,0.02385064,0.02242527338304438,1.622,1.649
19256445,0.02389164,0.022464708461164128,1.622,1.648
7556539,0.02390566,0.022476471284895126,1.621,1.648
16279974,0.02394633,0.022516456423117403,1.621,1.647
12304502,0.02396073,0.022530884922729883,1.62,1.647
8473265,0.0240018,0.02256837363433299,1.62,1.646
1387245,0.02401597,0.022581490452162522,1.619,1.646
22226298,0.02405688,0.02262041778249532,1.619,1.645
20203311,0.02407141,0.022634634720529907,1.618,1.645
14248399,0.02410943,0.022672546555288806,1.618,1.644
22264019,0.02412682,0.022690360040147618,1.617,1.644
10688792,0.02416408,0.02272480226502903,1.617,1.643
12008675,0.02418247,0.022741938752838576,1.616,1.643
7637170,0.02422132,0.02277718491171599,1.616,1.642
11857794,0.02423822,0.022793305903951636,1.615,1.642
15399286,0.02427632,0.022829694495349686,1.615,1.641
3865529,0.02429411,0.02284657710926576,1.614,1.641
14557173,0.0243327,0.02288233101593012,1.614,1.64
23208262,0.02435009,0.02289802888500998,1.613,1.64
15906812,0.02438951,0.022935094473457294,1.613,1.639
2734505,0.02440624,0.02295019997011904,1.612,1.639
17559941,0.02444704,0.022987942555615624,1.612,1.638
6282763,0.02446246,0.02300173637049442,1.611,1.638
1224347,0.0245025,0.023040959887036274,1.611,1.637
22917680,0.02451886,0.02305517682507086,1.61,1.637
18426058,0.02455902,0.023094061843088078,1.61,1.636
18494411,0.02457537,0.023110182835323727,1.609,1.636
14695749,0.02461483,0.02314729073608662,1.609,1.635
13726075,0.02463219,0.023164131037687115,1.608,1.635
20688674,0.02467081,0.0232006465660319,1.608,1.634
14550303,0.02468883,0.023217486867632395,1.607,1.634
18462894,0.02472487,0.02325412933292392,1.607,1.633
9509636,0.02474572,0.023275539364606957,1.606,1.633
1289595,0.02477768,0.023307739036762674,1.606,1.632
17804935,0.02480277,0.023333041801478993,1.605,1.632
22768718,0.02483151,0.023361475677548166,1.605,1.631
5537323,0.02485998,0.02338906330730576,1.604,1.631
6139737,0.02488811,0.023415339255280398,1.604,1.63
10632668,0.02491725,0.023445084813132525,1.603,1.63
21994578,0.02494298,0.023469329769959364,1.603,1.629
20951582,0.02497476,0.023499836949491915,1.602,1.629
12821578,0.0250008,0.02352340490926949,1.602,1.628
1708510,0.0250323,0.023552727343965827,1.601,1.628
15006839,0.02505763,0.02357764929784193,1.601,1.627
17120915,0.02509,0.023607479480325218,1.6,1.627
23370713,0.0251155,0.02363197831104553,1.6,1.626
19102970,0.02514791,0.023663331736889667,1.599,1.626
16066803,0.02517203,0.023686476573511448,1.599,1.625
9060919,0.02520585,0.023717237626937476,1.598,1.625
1544338,0.02523052,0.023741059460608525,1.598,1.624
14358466,0.02526391,0.02377093195540739,1.597,1.624
7132173,0.02528983,0.023795811596967916,1.597,1.623
23022177,0.02532212,0.02382568409176678,1.596,1.623
6451798,0.02534711,0.023850648357958467,1.596,1.622
4092580,0.0253805,0.023882213345380494,1.595,1.622
17431424,0.02540492,0.02390565436821133,1.595,1.621
14982246,0.02543901,0.023937177043317784,1.594,1.621
21921593,0.02546567,0.023960745003095356,1.594,1.62
11006685,0.02549766,0.02399277542598876,1.593,1.62
19974982,0.02552265,0.024016004887241697,1.593,1.619
3372324,0.02555646,0.024048966181077838,1.592,1.619
12883444,0.02558191,0.0240713493960192,1.592,1.618
3907896,0.02561538,0.024106468617949874,1.591,1.618
12926408,0.02563547,0.024126820841743436,1.591,1.617
20952094,0.02567441,0.024164309553346544,1.59,1.617
19552274,0.02569336,0.02418246153672999,1.59,1.616
17472017,0.02573358,0.024221346554747208,1.589,1.616
10622909,0.02575126,0.0242381868563477,1.589,1.615
7724714,0.02579301,0.024278468180779028,1.588,1.615
7497768,0.02580846,0.024294081425227727,1.588,1.614
19640286,0.0258524,0.024337705422589808,1.587,1.614
5293510,0.02586498,0.024350060618738914,1.587,1.613
10049315,0.02591195,0.02439486936093721,1.586,1.613
17246898,0.02592339,0.02440620906151242,1.586,1.612
2180644,0.0259717,0.02445271029633388,1.585,1.612
22960136,0.02598188,0.024462484441232658,1.585,1.611
9897993,0.0260316,0.024511524414988866,1.584,1.611
4884737,0.02603908,0.024518886757899636,1.584,1.61
10549579,0.02609163,0.0245661919267171,1.583,1.61
5504040,0.02610106,0.02457537369919777,1.583,1.609
14218230,0.02615173,0.024624540609900717,1.582,1.609
13810842,0.02615894,0.024632029889758225,1.582,1.608
6520227,0.02621213,0.024681492986670224,1.581,1.608
22400924,0.02622059,0.024688813017265412,1.581,1.607
7806505,0.02627242,0.024740560979218687,1.58,1.607
12072905,0.02627848,0.02474572308171934,1.58,1.606
22583431,0.02633302,0.024797767229881668,1.579,1.606
12562774,0.02633852,0.024802760083120004,1.579,1.605
22332532,0.02639373,0.024854973480544648,1.578,1.605
16066833,0.02639859,0.024859966333782985,1.578,1.604
20067619,0.02645469,0.024912941352888053,1.577,1.604
12172179,0.0264587,0.024917257209077125,1.577,1.603
5571086,0.02651319,0.024974717333633583,1.577,1.602
13553798,0.02651555,0.02497725607256833,1.576,1.602
19756429,0.0265715,0.025032262082821194,1.576,1.601
13405107,0.02657665,0.025036027878907737,1.575,1.601
12008473,0.02663136,0.025089976081271125,1.575,1.6
5719427,0.02663791,0.02509564593155873,1.574,1.6
18609003,0.02669286,0.025147817016667795,1.574,1.599
8971661,0.02669942,0.025153994614742346,1.573,1.599
13068460,0.02675254,0.0252057848890112,1.573,1.598
764272,0.02676087,0.025213274168868705,1.572,1.598
9185850,0.02681568,0.025263879698301343,1.572,1.597
4208886,0.02682256,0.025270607356478424,1.571,1.597
18615702,0.02687303,0.0253221437568538,1.571,1.596
23435518,0.02688442,0.025332298712592793,1.57,1.596
19791342,0.0269391,0.02538049244003742,1.57,1.595
22018690,0.02694637,0.02538713547358334,1.569,1.595
11088442,0.0269998,0.025439010372483355,1.569,1.594
20234167,0.02700854,0.025448784517382132,1.568,1.594
20080100,0.02706142,0.025497655241876024,1.568,1.593
16524332,0.0270708,0.025505863831098374,1.567,1.593
6381734,0.02712134,0.025556427048215435,1.567,1.592
5201547,0.0271333,0.025567935998052956,1.566,1.592
14382592,0.02718242,0.02561536810381716,1.566,1.591
20065533,0.02719569,0.025627850236913,1.565,1.591
104241,0.02724245,0.025674393784050044,1.565,1.59
19559189,0.02725838,0.025689710842289687,1.564,1.59
14083831,0.02730395,0.025733588713545242,1.564,1.589
21265951,0.02732122,0.025749963579674365,1.563,1.589
8950244,0.02736906,0.02579291057998718,1.563,1.588
13857091,0.02738422,0.025806789019497133,1.562,1.588
21405376,0.02743075,0.025852359383375854,1.562,1.587
5474534,0.02744746,0.02586860731255824,1.561,1.587
13601037,0.02749355,0.025911977436026846,1.561,1.586
19743052,0.02751061,0.025927167557319754,1.56,1.586
5829706,0.02755714,0.025971680113308995,1.56,1.585
17909834,0.02757407,0.025988605039540646,1.559,1.585
19728718,0.02761801,0.026031552039853464,1.559,1.584
6844998,0.02763761,0.026050888768073124,1.558,1.584
10301547,0.02767995,0.026091593215660246,1.558,1.583
23362998,0.02770132,0.02611308787197444,1.557,1.583
22474264,0.02774086,0.026151719016098186,1.557,1.582
21072442,0.02776517,0.02617571009903155,1.556,1.582
19472054,0.02780525,0.026212014065798442,1.556,1.581
441091,0.02782919,0.02623401646989959,1.555,1.581
2882687,0.02786965,0.026272436052445437,1.555,1.58
3053639,0.02789331,0.02629575013832954,1.554,1.58
18118224,0.02793007,0.02633298497603917,1.554,1.579
421187,0.02795764,0.026358499302333385,1.553,1.579
161386,0.02799357,0.02639370314889522,1.553,1.578
17959680,0.02802207,0.026420106033816594,1.552,1.578
12871016,0.02805584,0.026454548258698005,1.552,1.577
2247839,0.02808666,0.02648348988255413,1.551,1.577
15005265,0.02811974,0.02651552030544753,1.551,1.576
7160660,0.02815145,0.02654797385149672,1.55,1.576
13505107,0.02818114,0.02657666160145937,1.55,1.575
7435668,0.02821632,0.026609834456873406,1.549,1.575
10182114,0.02824535,0.026637929834417946,1.549,1.574
17650112,0.02828136,0.026674783861287365,1.548,1.574
11565572,0.02830769,0.02669932500432326,1.548,1.573
1910188,0.02834655,0.026735502034143415,1.547,1.573
5780665,0.02837399,0.02676088942349089,1.547,1.572
19633691,0.02841194,0.026796727954786412,1.546,1.572
13306090,0.02843854,0.02682258077960526,1.546,1.571
13476110,0.0284774,0.026861592734569218,1.545,1.571
10744197,0.02850225,0.026884399072666366,1.545,1.57
9771040,0.02854309,0.026924468835519803,1.544,1.57
3600417,0.02856489,0.02694638661498979,1.544,1.569
11140274,0.02860888,0.02698848736899102,1.543,1.569
18947264,0.02863108,0.027008501094259948,1.543,1.568
22864899,0.02867487,0.027050517223630024,1.542,1.568
16626726,0.02869605,0.027070742510476847,1.542,1.567
4939150,0.02874093,0.027114916567941457,1.541,1.567
5861537,0.02876035,0.02713315317595606,1.541,1.566
422571,0.02880715,0.027179400536884047,1.54,1.566
15858936,0.02882446,0.027195690778382013,1.54,1.565
6420409,0.02887357,0.027245069250662855,1.539,1.565
73667,0.02888739,0.02725839763007028,1.539,1.564
18079152,0.02894021,0.02730773379003554,1.538,1.564
6702306,0.02895452,0.027321231418705284,1.538,1.563
20209195,0.02900682,0.027372133134346974,1.537,1.563
18429128,0.02901893,0.027384234456602607,1.537,1.562
9507913,0.02907369,0.027434924610666402,1.536,1.562
9616371,0.02908668,0.027447364431446665,1.536,1.561
1624640,0.02914071,0.027500339450551733,1.535,1.561
4482301,0.02915138,0.027510621343237462,1.535,1.56
7583326,0.02920806,0.027569139275683396,1.534,1.56
21439282,0.02921396,0.027574047504290575,1.534,1.559
199913,0.02927545,0.027632903935261143,1.533,1.559
5033888,0.02928059,0.027637600602290424,1.533,1.558
19121693,0.02934271,0.027697895651990684,1.532,1.558
10583835,0.02934604,0.027701322949552593,1.532,1.557
20543719,0.02941035,0.027763268179560437,1.531,1.557
17597289,0.02941209,0.027765172233761497,1.531,1.556
8997815,0.02947825,0.027827963710080922,1.53,1.556
4399283,0.02947979,0.027829190767232715,1.53,1.555
2440173,0.02954612,0.027893293925335096,1.529,1.555
15602207,0.02954617,0.027893336237650675,1.529,1.554
6302159,0.02961311,0.02795760864501537,1.529,1.553
14989199,0.02961433,0.027958708765220427,1.528,1.553
8900498,0.02968092,0.028022092613957963,1.528,1.552
21026533,0.02968264,0.02802353123268765,1.527,1.552
11614838,0.02974815,0.02808666120753171,1.527,1.551
21344335,0.0297509,0.028089326883413195,1.526,1.551
1897226,0.02981507,0.028151441362683355,1.526,1.55
16905516,0.02981952,0.028155799531188005,1.525,1.55
10005432,0.02988281,0.02821630614246616,1.525,1.549
17062737,0.02988823,0.028222441428225133,1.524,1.549
599593,0.02994955,0.028281382483826858,1.524,1.548
10337630,0.02995716,0.028288829451368784,1.523,1.548
18220412,0.03001894,0.028346543449818715,1.523,1.547
15517326,0.03002618,0.028353863480413903,1.522,1.547
19083213,0.0300876,0.028411915977388468,1.522,1.546
5884366,0.03009545,0.0284191513833525,1.521,1.546
10599996,0.03015412,0.02847741544190496,1.521,1.545
2746870,0.03016477,0.028487189586803737,1.52,1.545
5724654,0.03022425,0.028543041843368186,1.52,1.544
3862143,0.03023432,0.02855243517742675,1.519,1.544
9040735,0.03029144,0.02860883749409373,1.519,1.543
14924664,0.03030404,0.028621150377927257,1.518,1.543
4847027,0.03035869,0.02867480239408159,1.518,1.542
17870880,0.03037387,0.02868986557842776,1.517,1.542
10577623,0.03042606,0.02874089423101619,1.517,1.541
22108728,0.03044396,0.0287589192774529,1.516,1.541
13172944,0.03049431,0.028807155317213104,1.516,1.54
1523560,0.03051409,0.028826576670063924,1.515,1.54
9530754,0.03056147,0.028873543340356755,1.515,1.539
11657609,0.03058444,0.02889567268140464,1.514,1.539
2558018,0.03062961,0.028940100612762722,1.514,1.538
17035104,0.030655,0.028965064878954408,1.513,1.538
11225525,0.03069754,0.029006827134431007,1.513,1.537
1603532,0.03072564,0.029033780079454913,1.512,1.537
15914528,0.03076923,0.02907368059304603,1.512,1.536
9824105,0.03079641,0.02910088741196341,1.511,1.536
19307066,0.03083797,0.02914070330092337,1.511,1.535
7083447,0.03086747,0.029170533483406653,1.51,1.535
3237166,0.03090736,0.029207895258063023,1.51,1.534
7453020,0.03093856,0.029236836881919148,1.509,1.534
13418073,0.0309782,0.029275214152149415,1.509,1.533
15340885,0.03100988,0.029305002022317124,1.508,1.533
23309935,0.03104714,0.029342702295498128,1.508,1.532
1193627,0.03108144,0.02937705989574838,1.507,1.532
8388268,0.03111689,0.029410359688109153,1.507,1.531
3225688,0.03115315,0.02944505578688404,1.506,1.531
14807746,0.03118652,0.029478144017666914,1.506,1.53
16377613,0.03122494,0.029514490296749386,1.505,1.53
10218828,0.03125783,0.029546097596486996,1.505,1.529
16802661,0.03129685,0.02958168225388904,1.504,1.529
13998043,0.03133062,0.02961422042456939,1.504,1.528
23423223,0.03136897,0.029650397454389545,1.503,1.528
4524201,0.03140329,0.029682470189598523,1.503,1.527
8146208,0.03144128,0.029718393345525205,1.502,1.527
10204997,0.03147554,0.029750931516205552,1.502,1.526
14861375,0.03151377,0.02978981653422277,1.501,1.526
11192504,0.03154463,0.02981947746744374,1.501,1.525
14542476,0.03158644,0.029859039482510227,1.5,1.525
2527737,0.03161761,0.029888234980259824,1.5,1.524
16910827,0.03165926,0.02992919330174042,1.499,1.524
22390579,0.0316853,0.029957119430022643,1.499,1.523
21413685,0.03173222,0.030001208862856097,1.498,1.523
16283580,0.03175891,0.03002621544136336,1.498,1.522
6349494,0.0318054,0.030072462802291346,1.497,1.522
5227568,0.0318282,0.030095396077335235,1.497,1.521
16837163,0.03187867,0.030144478363407022,1.496,1.521
4729039,0.03189986,0.030164788274885005,1.496,1.52
1179771,0.03195216,0.030214674494952798,1.495,1.52
10639678,0.03197408,0.030234307409381513,1.495,1.519
13393474,0.03202582,0.03028432056639604,1.494,1.519
10516604,0.03204541,0.030304038105455913,1.494,1.518
7757566,0.03209965,0.0303571823738233,1.493,1.518
7957418,0.03211886,0.030373895738477055,1.493,1.517
20060066,0.03217369,0.030427293880737914,1.492,1.517
1617126,0.032191,0.030443880308444932,1.492,1.516
14760635,0.03224784,0.030499944126587276,1.491,1.516
12274274,0.03226373,0.030514076439990708,1.491,1.515
16591893,0.03232215,0.030569590198030523,1.49,1.515
5745685,0.03233803,0.030584441820798797,1.49,1.514
12554985,0.03239666,0.030638305398531025,1.489,1.514
19286380,0.03241431,0.030654934138553625,1.489,1.513
8499280,0.03247134,0.030709305464072804,1.488,1.513
20559226,0.03248869,0.030725595705570766,1.488,1.512
3900285,0.03254623,0.030779670844880893,1.487,1.512
16076494,0.03256357,0.030796426521850228,1.487,1.511
5023972,0.03262121,0.030851305595156357,1.486,1.511
1079969,0.0326393,0.030867426587392003,1.486,1.51
1398399,0.03269647,0.030922686471538344,1.485,1.51
1056192,0.03271236,0.03093855358988052,1.485,1.509
2588098,0.03277182,0.030996817648432977,1.484,1.509
14335221,0.03278497,0.03100989215394693,1.484,1.508
7975127,0.03284734,0.031071371948483403,1.483,1.508
2263733,0.03285671,0.031081399967275655,1.483,1.507
20953612,0.03292306,0.03114224507707844,1.482,1.507
21912266,0.03293443,0.03115303471755112,1.482,1.506
22267445,0.03299896,0.031216164692395177,1.481,1.506
13687119,0.03300881,0.0312248387170889,1.481,1.505
13350573,0.03307505,0.03128551457762937,1.48,1.505
1308355,0.03308792,0.031296811965888995,1.48,1.504
7007141,0.03315126,0.03135867257126568,1.479,1.504
13402505,0.03316293,0.03136895446395141,1.479,1.503
7438730,0.03322781,0.03143094200627483,1.478,1.503
9428367,0.03323661,0.03144126621127614,1.478,1.502
19100120,0.03330437,0.03150380381370209,1.477,1.502
12046959,0.03331512,0.03151374720786319,1.477,1.501
14938209,0.03338109,0.03157814655217462,1.476,1.501
15510619,0.03338954,0.03158639745371255,1.476,1.5
22138765,0.03345808,0.03165088142265514,1.475,1.5
13170088,0.03346615,0.031659216948824224,1.475,1.499
10251446,0.03353517,0.031724843350287454,1.474,1.499
14363879,0.03354299,0.03173220569319822,1.474,1.498
5266300,0.03361246,0.03179855140402629,1.473,1.498
20761077,0.03361913,0.03180536368683454,1.473,1.497
3292386,0.03368998,0.03187238639471188,1.472,1.497
13916107,0.03369604,0.03187869092973317,1.472,1.496
8735008,0.03376759,0.03194634832234419,1.471,1.496
11417331,0.03377437,0.03195214510957853,1.471,1.495
20806269,0.03384543,0.03201764457409502,1.47,1.495
8674657,0.03385302,0.03202581085100179,1.47,1.494
19325257,0.03392349,0.03209012557068207,1.469,1.494
20191021,0.03393429,0.03209964584168737,1.469,1.493
11338099,0.03400169,0.032166330051040075,1.468,1.493
5015831,0.03400852,0.032173650081635266,1.468,1.492
6635072,0.03408015,0.03224439627328357,1.467,1.492
3112853,0.03408352,0.03224782357084548,1.467,1.491
13741890,0.0341586,0.032317723516182194,1.466,1.491
21181404,0.03416353,0.03232216630931801,1.466,1.49
15109430,0.03423734,0.032390543011293876,1.465,1.49
16869598,0.03424403,0.03239667829705285,1.465,1.489
12627283,0.03431628,0.03246336250640556,1.464,1.489
1055102,0.03432492,0.03247135953405001,1.464,1.488
6288811,0.03439543,0.0325376629325625,1.463,1.488
23405972,0.03440491,0.03254621002030949,1.463,1.487
15765047,0.03447469,0.03261357122671146,1.462,1.487
1677615,0.03448263,0.03262122975583128,1.462,1.486
3952406,0.03455414,0.032691552824323795,1.461,1.486
19726388,0.03455899,0.03269641874061539,1.461,1.485
15556405,0.03463381,0.03276801117857528,1.46,1.485
8941572,0.03463802,0.0327718192869774,1.46,1.484
19126959,0.03471327,0.03284734677028614,1.46,1.483
4332596,0.03471363,0.03284789683038867,1.459,1.483
584132,0.03479166,0.03292308581517278,1.459,1.482
20689772,0.03479386,0.03292469368316479,1.458,1.482
20471976,0.03487162,0.03299895179700616,1.458,1.481
16313544,0.03487388,0.033001490535940904,1.457,1.481
13683795,0.03494934,0.03307502934041743,1.457,1.48
17168444,0.03495426,0.03307968369513113,1.456,1.48
1767667,0.03503108,0.03315127613309102,1.456,1.479
9945470,0.03503493,0.03315512655380872,1.455,1.479
12561847,0.03510828,0.03322769217502693,1.455,1.478
18299230,0.03511573,0.03323386977310148,1.454,1.478
3222268,0.03518837,0.03330427746622515,1.454,1.477
2829131,0.03519659,0.03331223218155402,1.453,1.477
1831909,0.03526468,0.03338107431900127,1.453,1.476
10818296,0.03527776,0.03339385263830616,1.452,1.476
3512157,0.03534051,0.0334580404210397,1.452,1.475
22005890,0.03535902,0.03347619240442314,1.451,1.475
8747316,0.03542124,0.03353513346002487,1.451,1.474
3011680,0.03544054,0.033553116194146,1.45,1.474
4504722,0.0355019,0.03361243806058794,1.45,1.473
7930508,0.03552224,0.03363321340753729,1.449,1.473
16499135,0.03558047,0.0336899542227289,1.449,1.472
18960926,0.0356041,0.03371292981008837,1.448,1.472
17798870,0.03566025,0.0337675973218166,1.448,1.471
12307281,0.03568621,0.03379260390032386,1.447,1.471
4132315,0.03574188,0.03384545198248219,1.447,1.47
19151692,0.03576852,0.03387071243488293,1.446,1.47
14629300,0.03582088,0.033923475892410106,1.446,1.469
11753917,0.03585091,0.0339518674561637,1.445,1.469
12236830,0.0359023,0.03400166905160033,1.445,1.468
22641819,0.03593355,0.03403302247744447,1.444,1.468
11940168,0.03598413,0.034080073772368456,1.444,1.467
13145256,0.03601639,0.03411130026126585,1.443,1.467
14599559,0.03606211,0.03415860543008332,1.443,1.466
4993472,0.03609951,0.034194909396850215,1.442,1.466
10199643,0.03614318,0.034237348649376075,1.442,1.465
23275216,0.03618268,0.034275387421081716,1.441,1.465
11084701,0.03622475,0.03431630343024673,1.441,1.464
15759733,0.03626609,0.03435451145121468,1.44,1.464
2527208,0.03630886,0.034395385148064124,1.44,1.463
22801256,0.03634972,0.03443503178776176,1.439,1.463
16567387,0.03639114,0.03447467842745941,1.439,1.462
22328390,0.03643344,0.034512971073058514,1.438,1.462
11417413,0.03647729,0.03455414095611701,1.438,1.461
16484291,0.03651747,0.034590825733724115,1.437,1.461
11083021,0.03656351,0.03463381504635251,1.437,1.46
14133228,0.03660161,0.03467278468900088,1.436,1.46
12490299,0.03664296,0.03471365838585032,1.436,1.459
13325828,0.03668601,0.03475575913985155,1.435,1.459
7934124,0.03672491,0.034793670974610454,1.435,1.458
11448541,0.0367706,0.034835940977874,1.434,1.458
20574024,0.03681312,0.03487389512494848,1.434,1.457
6724782,0.03685531,0.034915953566634135,1.433,1.457
4011588,0.03689475,0.03495428852454882,1.433,1.456
22815678,0.03694031,0.0349979125219109,1.432,1.456
13380846,0.03697807,0.035034851173411485,1.432,1.455
21635809,0.03702552,0.03508215634222895,1.431,1.455
2055165,0.03706021,0.03511562538385204,1.431,1.454
22711936,0.03711078,0.03516551160391983,1.43,1.454
17880461,0.03714568,0.03519656884355491,1.43,1.453
17382242,0.03719634,0.035247258997618706,1.429,1.453
3305863,0.03722676,0.0352776815525201,1.429,1.452
19373302,0.03728217,0.0353328144997197,1.428,1.452
6335180,0.0373096,0.03535900582306318,1.428,1.451
4642699,0.03736803,0.03541346177321352,1.427,1.451
15153895,0.03739508,0.03544054165518416,1.427,1.45
11612778,0.03745417,0.035497620968900405,1.426,1.45
15515825,0.03747834,0.03552224673656746,1.426,1.449
13550220,0.03754054,0.03558381115573509,1.425,1.449
6699795,0.0375609,0.03560412106721307,1.425,1.448
17745965,0.03762708,0.03566547392480281,1.424,1.448
17484712,0.03764801,0.03568620695943658,1.424,1.447
22843486,0.03771378,0.03575166411163749,1.423,1.447
10617634,0.0377334,0.0357684621009224,1.423,1.446
18383412,0.03780076,0.035830872766401616,1.422,1.446
1637860,0.03782098,0.035850928803986125,1.422,1.445
14596166,0.03788787,0.03591431265272366,1.421,1.445
13841782,0.0379075,0.03593356475631216,1.421,1.444
12145370,0.03797528,0.036001222148923186,1.42,1.444
12095811,0.03798999,0.0360164122702161,1.42,1.443
14216856,0.03806276,0.03608821626975387,1.419,1.443
4462030,0.03807395,0.03609942903338234,1.419,1.442
8009941,0.03815051,0.03617576045068709,1.418,1.442
3022246,0.0381577,0.03618265735812649,1.418,1.441
1287072,0.03823843,0.03626072358036998,1.417,1.441
16352021,0.03824372,0.03626605493213295,1.417,1.44
4968269,0.03832658,0.03634814082435646,1.416,1.44
1450900,0.03832753,0.03634966406771731,1.416,1.439
2795966,0.03841493,0.036433315515617244,1.415,1.439
9147013,0.03841505,0.03643344245256398,1.415,1.438
15658185,0.03850349,0.03651696696351718,1.414,1.438
1942194,0.03850399,0.036517432398988546,1.414,1.437
261182,0.03858987,0.03660163390699101,1.414,1.436
19810735,0.03859234,0.03660383414740113,1.413,1.436
491703,0.03867793,0.0366860046642558,1.413,1.435
21812558,0.03868122,0.0366896435233956,1.412,1.435
1368507,0.03876464,0.0367705446707829,1.412,1.434
7923427,0.03877043,0.036775241337812174,1.411,1.434
6017746,0.03885169,0.036855338551203466,1.411,1.433
4574263,0.03885981,0.03686392795126603,1.41,1.433
14597506,0.0389394,0.036940301680886356,1.41,1.432
11094520,0.03894934,0.036950964384412296,1.409,1.432
6837113,0.03902518,0.03702543405983156,1.409,1.431
10115480,0.03903916,0.03703774694366509,1.408,1.431
10317078,0.03911609,0.037110778000354665,1.408,1.43
3909204,0.03912912,0.037124191004393244,1.407,1.43
6664058,0.03920512,0.03719633350245566,1.407,1.429
4318464,0.03921932,0.03720966188186308,1.406,1.429
2522363,0.03929834,0.037282100566134554,1.406,1.428
11219479,0.03930975,0.03729331332976302,1.405,1.428
19057175,0.0393863,0.03736803687907576,1.405,1.427
3394101,0.03940038,0.03738221150479477,1.404,1.427
9523271,0.03947542,0.03745418475359486,1.404,1.426
13923655,0.03949121,0.03746988262267472,1.403,1.426
23337864,0.03956162,0.03754050187737629,1.403,1.425
5414906,0.03958221,0.03756005016717384,1.402,1.425
17083749,0.03964802,0.03762707287505118,1.402,1.424
8669450,0.0396735,0.0376515717057715,1.401,1.424
11722995,0.03973681,0.0377138131219884,1.401,1.423
4951423,0.03976495,0.03774101994090577,1.4,1.423
1735525,0.03982551,0.037800722618187926,1.4,1.422
2441909,0.03985659,0.03783114517308932,1.399,1.422
15346540,0.03991501,0.037887885988280925,1.399,1.421
16761867,0.03994856,0.03791911247717832,1.398,1.421
11292074,0.04000628,0.037975218607636245,1.398,1.42
14698986,0.04004057,0.03800991470641113,1.397,1.42
4768196,0.04009451,0.03806276278856947,1.397,1.419
1461417,0.0401329,0.03810046306175047,1.396,1.419
16294102,0.04018417,0.03815051853108058,1.396,1.418
16170781,0.04022542,0.03819287315897528,1.395,1.418
17140991,0.04027234,0.038238443522854,1.395,1.417
2374973,0.04031812,0.038282406018740715,1.394,1.417
2916082,0.04036221,0.038326580076205326,1.394,1.416
8290553,0.04041113,0.03837248893860868,1.393,1.416
11123529,0.04045374,0.03841492819113455,1.393,1.415
21317604,0.04050424,0.038463545041734964,1.392,1.415
4887894,0.04054525,0.03850348786764166,1.392,1.414
17149917,0.04059774,0.03855506658033262,1.391,1.414
18728982,0.04063393,0.038592259105726674,1.391,1.413
23588388,0.04069116,0.03864768823913533,1.39,1.413
2360458,0.04072472,0.03868124190538958,1.39,1.412
25871,0.04078501,0.038737601909740974,1.389,1.412
356810,0.04081724,0.0387703939543148,1.389,1.411
753320,0.04087901,0.03882963119612558,1.388,1.411
11191479,0.04090787,0.038859757564817916,1.388,1.41
15416483,0.04097325,0.03892377609828914,1.387,1.41
19258524,0.04100047,0.038949332736898934,1.387,1.409
13004451,0.04106767,0.039014070579735,1.386,1.409
12795179,0.04109352,0.03903911947055784,1.386,1.408
10726831,0.04116234,0.0391063114276975,1.385,1.408
8120661,0.04118533,0.03912911776579465,1.385,1.407
21742603,0.04125728,0.03919605584904083,1.384,1.407
3770113,0.04128168,0.03921932762260935,1.384,1.406
21005182,0.04135236,0.039289735315733015,1.383,1.406
20753717,0.04137265,0.03930974904100194,1.383,1.405
6623096,0.04144766,0.039380876043490456,1.382,1.405
18081005,0.04146776,0.03940038202097244,1.382,1.404
2358057,0.04154325,0.039472820705243904,1.381,1.404
13281596,0.04156101,0.039491184250205244,1.381,1.403
9357554,0.04163899,0.039565526988677775,1.38,1.403
7343092,0.04165668,0.03958224035333153,1.38,1.402
11754311,0.04173498,0.03965785246127143,1.379,1.402
5759081,0.04175054,0.03967346570572013,1.379,1.401
23112175,0.04183123,0.03975385910532047,1.378,1.401
15170316,0.04184369,0.03976494493200221,1.378,1.4
20417484,0.0419276,0.03984415358676633,1.377,1.4
10210928,0.04194089,0.039856593407546596,1.377,1.399
4094480,0.0420243,0.039937325305671574,1.376,1.399
13888118,0.04203644,0.03994849575698446,1.376,1.398
1381872,0.04212117,0.04002855065806017,1.375,1.398
14575910,0.04213329,0.04004056735568465,1.375,1.397
19931494,0.04221828,0.04012510736221174,1.374,1.397
18626908,0.04222698,0.04013285051596272,1.374,1.396
6441025,0.04231557,0.04021679815007171,1.373,1.396
23112735,0.04232551,0.04022538755013427,1.373,1.395
16843112,0.0424131,0.04030658488373062,1.372,1.395
13517229,0.04242625,0.040318136145883726,1.372,1.394
19680063,0.04251095,0.04040326852482893,1.371,1.394
15238301,0.04251962,0.04041105399089549,1.371,1.393
5299037,0.04260892,0.04050075609992324,1.37,1.393
12311825,0.04261266,0.04050422570980073,1.37,1.392
7422521,0.04270716,0.040594858689771224,1.369,1.392
21998810,0.04271007,0.04059756667796829,1.369,1.391
5105853,0.04280557,0.040688411219516676,1.368,1.391
13380165,0.0428091,0.040691161520029315,1.368,1.39
10990649,0.04290423,0.040782175310840024,1.367,1.39
6498189,0.04290667,0.040784967923668244,1.367,1.389
18284731,0.04300145,0.04087898588888507,1.367,1.388
22369092,0.04300315,0.040881016880032865,1.366,1.388
18535284,0.04310074,0.04097321541567978,1.366,1.387
10576533,0.04310229,0.040974696346725056,1.365,1.387
17913676,0.04319972,0.04106769881636798,1.365,1.386
17253449,0.04320169,0.04106994136909367,1.364,1.386
5298883,0.0433015,0.041161970655478275,1.363,1.386
1734406,0.04330197,0.041162351466318484,1.363,1.385
7777374,0.04339992,0.04125725799016247,1.363,1.384
15116239,0.04340108,0.04125848504731427,1.362,1.384
1368718,0.04349908,0.04135233376326877,1.362,1.383
20350123,0.04350109,0.04135398394357636,1.361,1.383
18141189,0.0435981,0.041447663410268544,1.361,1.382
2473268,0.04360137,0.041450921458568143,1.36,1.382
4321435,0.04369925,0.0415432469311618,1.36,1.381
1349200,0.04370194,0.0415460818563056,1.359,1.381
21353678,0.04380066,0.04163899970131736,1.359,1.38
22084756,0.04380301,0.04164107300478074,1.358,1.38
21249820,0.04390232,0.041734964033050825,1.358,1.379
11067568,0.04390385,0.04173640265178052,1.357,1.379
6082755,0.04400428,0.041831182238677767,1.357,1.378
7769080,0.04400485,0.04183164767414913,1.356,1.378
15893455,0.04410565,0.041927612005882596,1.356,1.377
11564262,0.04410629,0.04192824669061628,1.355,1.377
14500566,0.0442076,0.04202425333466533,1.355,1.376
21063749,0.04420797,0.04202459183318996,1.354,1.376
5865447,0.04430984,0.042119836855558576,1.353,1.376
4227558,0.04431089,0.04212114853734153,1.353,1.375
17441547,0.04440928,0.04221825530159563,1.353,1.374
10552400,0.04441202,0.04222121716368617,1.352,1.374
1709916,0.04451186,0.04231557362742762,1.352,1.373
19280141,0.04451435,0.04231823930330911,1.351,1.373
13735462,0.0446114,0.042413103514837514,1.351,1.372
13890984,0.04461697,0.042418138680391425,1.35,1.372
14336689,0.04471201,0.04251088727614088,1.35,1.371
6015149,0.04471986,0.04251846118062954,1.349,1.371
20143623,0.04481143,0.04260888259902214,1.349,1.37
9340403,0.04482296,0.04262098392127777,1.348,1.37
14706754,0.04491232,0.042707131795796875,1.348,1.369
13954015,0.04492624,0.04272075636141335,1.347,1.369
18871321,0.04501392,0.042805550241833926,1.347,1.368
5028988,0.04502986,0.04282074036312683,1.346,1.368
12688536,0.04511851,0.04290422256176445,1.346,1.367
20982834,0.04513362,0.042918143313589986,1.345,1.367
18550927,0.04522069,0.04300314875558845,1.345,1.366
7322444,0.04523768,0.04301935437245526,1.344,1.366
16703241,0.04532285,0.04310228651099035,1.344,1.365
1616330,0.04534201,0.04312120011605422,1.343,1.365
20375973,0.04542506,0.04320163582797014,1.343,1.364
10433659,0.04544647,0.04322131105471443,1.342,1.364
491556,0.04552769,0.04330123901884341,1.342,1.363
13434539,0.04555125,0.04332336835989129,1.341,1.363
3591330,0.04563285,0.04340105377129457,1.341,1.362
14218335,0.04565624,0.043423267736973616,1.34,1.362
1949937,0.04574039,0.04350108008532363,1.34,1.361
14669777,0.0457615,0.04352033218891213,1.339,1.361
4046284,0.04584783,0.04360136027324617,1.339,1.36
1001545,0.04586697,0.04362031619062561,1.338,1.36
12308809,0.04594959,0.04370189433506217,1.338,1.359
10794317,0.04597275,0.04372626622883575,1.337,1.359
23046492,0.04604824,0.043802639958456076,1.337,1.358
13734173,0.04607869,0.04383348563651326,1.336,1.358
2130428,0.04615061,0.043903597143427876,1.336,1.357
22957387,0.04618491,0.04393621993873938,1.335,1.357
22927636,0.04625621,0.04400480820229315,1.335,1.356
22158595,0.0462914,0.0440373463729735,1.334,1.356
722420,0.04636261,0.0441062731350519,1.334,1.355
11095224,0.04639814,0.044142196290978576,1.333,1.355
22963355,0.04646762,0.044207949629388545,1.333,1.354
6715547,0.04650506,0.04424361891142175,1.332,1.354
23298911,0.04657451,0.04430983768530308,1.332,1.353
1981749,0.04661226,0.04434614165206997,1.331,1.353
10916042,0.04667847,0.0444119796151111,1.331,1.352
8317839,0.04671975,0.04445179550407106,1.33,1.352
4591291,0.04678729,0.04451437541881259,1.33,1.351
4521790,0.04682742,0.0445526680644117,1.329,1.351
9378777,0.04689106,0.04461698278409197,1.329,1.35
6690230,0.04693536,0.04465899891346205,1.328,1.35
4681197,0.04699752,0.044719844023264836,1.328,1.349
13917821,0.04704355,0.04476507588861892,1.327,1.349
22692206,0.04710255,0.04482291682401559,1.327,1.348
17360342,0.04715204,0.04487085667756674,1.326,1.348
1692396,0.04720808,0.04492624349865982,1.326,1.347
14024507,0.04726069,0.04497689134040804,1.325,1.347
2662427,0.04731324,0.04502982404719753,1.325,1.346
20270537,0.04736969,0.04508453387124134,1.324,1.346
21257008,0.04741803,0.04513361615731313,1.324,1.345
23203341,0.04747884,0.04519378427006665,1.323,1.345
9286335,0.04752457,0.0452376621413222,1.323,1.344
13167328,0.0475883,0.04529694169544856,1.322,1.344
1795970,0.04763537,0.04534196199922475,1.322,1.343
12626536,0.04769803,0.04540136849029785,1.321,1.343
17168016,0.0477439,0.0454464734187052,1.321,1.342
13832740,0.04780794,0.04550571066051598,1.32,1.342
4889098,0.04785794,0.04555123871207912,1.32,1.341
4165625,0.04791816,0.045612168446513064,1.319,1.341
10794498,0.04796332,0.04565625787934652,1.319,1.34
21837771,0.04802862,0.045720276412817736,1.318,1.34
2731419,0.04807341,0.045761488608191805,1.318,1.339
18198288,0.04813935,0.045827241946601774,1.317,1.339
8804125,0.048183,0.04586697321093058,1.317,1.338
23002919,0.0482503,0.04593251498776264,1.316,1.338
7703284,0.04829202,0.04597271168756282,1.316,1.337
6504334,0.04836153,0.04604011520628037,1.315,1.337
21808401,0.04840171,0.04607870403808853,1.315,1.336
20472341,0.04847305,0.046144795875023126,1.314,1.336
5992972,0.04851292,0.046184907950192144,1.314,1.335
3077726,0.04858477,0.046253326964483595,1.313,1.335
2388030,0.04862334,0.04629140804850481,1.313,1.334
17145768,0.04869681,0.04636232348941543,1.312,1.334
8428314,0.04873406,0.04639811970839537,1.312,1.333
8712747,0.04880902,0.04647051608035126,1.311,1.333
15866425,0.04884332,0.04650504292986383,1.311,1.332
2650186,0.04892155,0.04658107816095952,1.31,1.332
22701917,0.04895473,0.04661226233754134,1.31,1.331
18845218,0.04903433,0.04668825525632145,1.309,1.331
18868133,0.04906801,0.04671973561911232,1.309,1.33
8115698,0.04914735,0.046796151661048224,1.308,1.33
6493098,0.04917918,0.0468274204622612,1.308,1.329
23352476,0.04926066,0.04690590980766048,1.307,1.329
8597857,0.0492939,0.046935359179303554,1.307,1.328
15772849,0.0493742,0.04701050585177209,1.306,1.328
7952790,0.049408,0.04704355177023939,1.306,1.327
20802348,0.04948802,0.04711971393828182,1.305,1.327
2934596,0.04952135,0.047151998235068694,1.305,1.326
4730421,0.04960213,0.047230233706574504,1.304,1.326
5535276,0.04963592,0.04726069857379147,1.304,1.325
5105657,0.04971649,0.047339018669928436,1.303,1.325
14661074,0.04974952,0.04736965278640773,1.303,1.324
14804785,0.04983108,0.04745008849832365,1.302,1.324
10197630,0.04985951,0.04747886087291746,1.302,1.323
21688789,0.04994598,0.047560946765140964,1.301,1.323
13382654,0.04997491,0.04758828052100508,1.301,1.322
15686208,0.05006112,0.04767421683394629,1.3,1.322
12325422,0.05008644,0.04769799635530176,1.3,1.321
1302572,0.05017648,0.04778147855393938,1.299,1.321
4513365,0.05020465,0.04780796606349191,1.299,1.32
22724083,0.05029219,0.047891279012867216,1.298,1.32
12122518,0.05032165,0.04791814733325996,1.298,1.319
11628308,0.05040812,0.048001629531897586,1.297,1.319
15721772,0.05043632,0.04802862478923707,1.297,1.318
5461894,0.05052434,0.048114476477547116,1.296,1.318
9751309,0.05054996,0.04813935611910765,1.296,1.317
2171026,0.05064078,0.04822389612563474,1.295,1.317
232527,0.05066693,0.04825029901055612,1.295,1.316
7559231,0.05075749,0.048339324122534603,1.294,1.316
13328657,0.05078176,0.04836153808821365,1.294,1.315
17038987,0.05087452,0.04844734746420812,1.293,1.315
4714855,0.05090015,0.04847303103976465,1.293,1.314
13796358,0.05099177,0.0485607021576446,1.292,1.314
3303539,0.05101783,0.04858477786520913,1.292,1.313
16071346,0.05110934,0.048674691535814774,1.291,1.313
2586798,0.05113249,0.04869677856454708,1.291,1.312
15239800,0.05122726,0.04878745385683315,1.29,1.312
13432513,0.05124912,0.048809033137778506,1.29,1.311
16005941,0.05134549,0.04890051236406058,1.289,1.311
14975220,0.05136479,0.0489215415849034,1.289,1.31
22048917,0.05146367,0.049018775286104245,1.288,1.31
325605,0.05148012,0.04903430390592178,1.288,1.309
22575721,0.05158222,0.049138096016037386,1.287,1.309
18053023,0.05159153,0.04914736241314921,1.287,1.308
22860673,0.05170117,0.04925153533410503,1.286,1.308
5606065,0.05171147,0.04926067479427012,1.286,1.307
20446043,0.05182031,0.04936514390143498,1.285,1.307
23278975,0.05182935,0.04937419873696892,1.285,1.306
1571895,0.05193978,0.04948129120769969,1.284,1.306
7166080,0.05194602,0.049488018865876775,1.284,1.305
2650224,0.05205954,0.049597480826279974,1.283,1.305
22526608,0.05206486,0.0496020928686781,1.283,1.304
22038614,0.05217955,0.049713797381807,1.282,1.304
13217146,0.05218243,0.04971646305768848,1.282,1.303
11462130,0.05229981,0.049829521564915914,1.281,1.303
2638999,0.05230091,0.049831087120592345,1.281,1.302
6333601,0.0524204,0.049945330372655986,1.28,1.302
16926865,0.05242104,0.049945922745074096,1.28,1.301
18438433,0.05253874,0.05006109686808048,1.28,1.3
21369529,0.05254122,0.05006312785922828,1.279,1.3
361006,0.05265813,0.05017648255266476,1.279,1.299
12339709,0.05266236,0.05018037528569804,1.278,1.299
19556294,0.05277986,0.0502921644234581,1.278,1.298
14315975,0.05278374,0.05029614178112254,1.277,1.298
3697684,0.05289711,0.05040810016814491,1.277,1.297
16983049,0.05290546,0.05041537788642452,1.276,1.297
21221471,0.05301686,0.0505242897867252,1.276,1.296
6332396,0.05302744,0.050534613991726506,1.275,1.296
17658966,0.05313585,0.05064077559151454,1.275,1.295
11580361,0.0531496,0.050653342349241536,1.274,1.295
1691329,0.05325551,0.05075751527019735,1.274,1.294
4505518,0.05327217,0.050773382388539526,1.273,1.294
21003012,0.05337852,0.05087450882277364,1.273,1.293
10175473,0.05339502,0.05089088368890276,1.272,1.293
18261613,0.05350113,0.050991798561558985,1.272,1.292
5282558,0.05351805,0.051007496430638836,1.271,1.292
20603024,0.05362269,0.0511093421742378,1.271,1.291
10082135,0.05364148,0.051128044217723774,1.27,1.291
10577301,0.05374758,0.05122713966081009,1.27,1.29
6766426,0.0537651,0.05124376840083269,1.269,1.29
8490691,0.05387189,0.051345233333591436,1.269,1.289
12507270,0.05388899,0.05136351225392162,1.268,1.289
20594223,0.05399001,0.05146358088026626,1.268,1.288
18418629,0.05401323,0.05148706421541267,1.267,1.288
7838628,0.05410879,0.05158222461315014,1.267,1.287
22010357,0.05413774,0.051609346807436354,1.266,1.287
17800746,0.05422805,0.05170116453224306,1.266,1.286
4634255,0.05426255,0.05173480282312847,1.265,1.286
8106474,0.05434927,0.05182031601291389,1.265,1.285
6184189,0.05438769,0.05185729697673005,1.264,1.285
13384725,0.05447074,0.051939805992109345,1.264,1.284
8211563,0.05451302,0.05197898719633562,1.263,1.284
17965285,0.05459627,0.0520595075328827,1.263,1.283
3766963,0.05463869,0.052103723902662887,1.262,1.283
15728947,0.05471404,0.052179547572180685,1.262,1.282
19266737,0.05476476,0.05222875679519921,1.261,1.282
18723507,0.05483522,0.05229979917305657,1.261,1.281
996598,0.05489094,0.05235493212025617,1.26,1.281
18786924,0.05495696,0.05242038927245708,1.26,1.28
7954572,0.05501746,0.052475945342812476,1.259,1.28
6965946,0.05508539,0.05254123324575107,1.259,1.279
11141660,0.05514425,0.05259911649346332,1.258,1.279
5795658,0.0552129,0.05266233109293854,1.258,1.278
18189053,0.05527135,0.052720975962331204,1.257,1.278
910109,0.05533619,0.05278372512633506,1.257,1.277
16745613,0.05539885,0.05284643197802332,1.256,1.277
3480160,0.05546069,0.05290541534594063,1.256,1.276
22072533,0.05552653,0.05297049168730133,1.255,1.276
9121394,0.05558248,0.053027359439439675,1.255,1.275
7258868,0.05565456,0.053096455450780386,1.254,1.275
5432634,0.05571046,0.05314964203146336,1.254,1.274
21108770,0.05578279,0.05322385783298914,1.253,1.274
11776971,0.05583648,0.053272136185064926,1.253,1.273
4774493,0.05591136,0.05334330549986902,1.252,1.273
5552562,0.05596731,0.05339496883719114,1.252,1.272
18864369,0.05604027,0.05346440334705649,1.251,1.272
4494414,0.05609608,0.053518055363210824,1.251,1.271
23454178,0.05616945,0.05359299047410146,1.25,1.271
19567588,0.0562203,0.05364139576312398,1.25,1.27
3652354,0.05629894,0.05371408832128892,1.249,1.27
76005,0.05635102,0.053765074661561774,1.249,1.269
20730969,0.05642871,0.0538412368296042,1.248,1.269
15697033,0.05647783,0.053889007433893035,1.248,1.268
1279920,0.05655882,0.05396736984234558,1.247,1.268
17299323,0.05660613,0.054013236392433356,1.247,1.267
18378331,0.05668918,0.054091429551623584,1.246,1.267
20271426,0.05673565,0.05413776153718273,1.246,1.266
18599199,0.05681986,0.05422005899098414,1.245,1.266
7302795,0.05686458,0.05426254055582558,1.245,1.265
370259,0.05695088,0.054345218820467195,1.244,1.265
10903658,0.05699372,0.05438761576067748,1.244,1.264
19860909,0.05708214,0.054473932884458905,1.243,1.264
9611608,0.05712243,0.054513029464054015,1.243,1.263
23007971,0.0572137,0.0546000235848847,1.242,1.263
15641801,0.05725211,0.05463869704132403,1.242,1.262
10512923,0.0573457,0.054730472453815154,1.241,1.262
5819047,0.05738095,0.05476461849248751,1.241,1.261
7137658,0.0574778,0.054858509520757597,1.24,1.261
7237466,0.05751257,0.05489087844217563,1.24,1.26
786610,0.0576103,0.05498350010097834,1.239,1.26
18991322,0.05764393,0.05501739226575722,1.239,1.259
20738207,0.05774313,0.055114795216220376,1.238,1.259
17745697,0.0577737,0.05514424458786345,1.238,1.258
21698067,0.0578762,0.055244905586626196,1.237,1.258
20632569,0.0579016,0.05527135078386315,1.237,1.257
3802412,0.05800962,0.055374000461458114,1.236,1.257
23352176,0.05803409,0.05539879547838748,1.236,1.256
22512681,0.05814341,0.05550631107227405,1.235,1.256
16637711,0.05816398,0.05552649404680529,1.235,1.255
3491071,0.05827739,0.055633671142167225,1.234,1.255
22207047,0.05829991,0.05565448880143215,1.234,1.254
17772908,0.05841183,0.05575760391449849,1.233,1.254
717764,0.05843724,0.05578277974226807,1.233,1.253
9146633,0.05854645,0.055888264345006836,1.232,1.253
22587227,0.05857063,0.05591136686931304,1.232,1.252
18453023,0.05868137,0.05601460891932611,1.231,1.252
4993464,0.05870726,0.056040250182567065,1.231,1.251
10641321,0.05881663,0.05614675028087973,1.23,1.251
622373,0.05884084,0.05616942968203014,1.23,1.25
7321985,0.05895226,0.05627652215276092,1.229,1.25
9416838,0.05897604,0.05629894768001785,1.229,1.249
1352617,0.05908814,0.05640790189263411,1.228,1.249
8769282,0.05911039,0.056428719551899036,1.228,1.248
20162843,0.05922433,0.056541058749761626,1.227,1.248
5630327,0.05924263,0.05655878760998928,1.227,1.247
14172971,0.05936084,0.05667133836942976,1.226,1.247
20858031,0.0593781,0.05668919416660415,1.226,1.246
15772078,0.05949769,0.05680775327485687,1.225,1.246
16088493,0.05951064,0.056819854597112494,1.225,1.245
4538695,0.0596349,0.056934563284647514,1.224,1.245
760640,0.05965152,0.05695085352614548,1.224,1.244
14860818,0.05977235,0.05706755089251271,1.223,1.244
15989049,0.05978853,0.05708214864138751,1.223,1.243
3317245,0.05991012,0.05719719582744716,1.222,1.243
723220,0.05992706,0.057213697630523024,1.222,1.242
1041485,0.06004835,0.0573280678195334,1.221,1.242
15415576,0.06006592,0.057345627430498744,1.221,1.241
14346444,0.06018669,0.05746219785991924,1.22,1.241
22784857,0.06020373,0.05747781110436794,1.22,1.24
16746561,0.06032538,0.057593535287476856,1.219,1.24
1048272,0.06034329,0.05761029096444619,1.219,1.239
19959983,0.06046444,0.05772423803030078,1.218,1.239
22574271,0.06048457,0.057743109323049074,1.218,1.238
17771604,0.06060384,0.05785828344605546,1.217,1.238
15751649,0.06062002,0.05787622386786101,1.217,1.237
4592149,0.06074359,0.057998125649044475,1.216,1.237
9640099,0.06075613,0.058009634598882,1.216,1.236
11363499,0.06088356,0.05813225568943031,1.215,1.236
10509184,0.06089462,0.058143383828427625,1.215,1.235
2259768,0.06102394,0.05826845903327953,1.214,1.235
8807620,0.06103304,0.05827738693186672,1.214,1.234
18630519,0.0611646,0.05840398538007947,1.213,1.234
14327695,0.06117238,0.058411728533830455,1.213,1.233
12165695,0.06130566,0.058540569534768896,1.212,1.233
10863445,0.06131222,0.058546408634318814,1.212,1.232
14291465,0.06144695,0.058674149515052204,1.211,1.232
17038241,0.06145582,0.05868134260870066,1.211,1.231
2185666,0.06158856,0.058812806973205005,1.21,1.231
6747306,0.06159256,0.058816615081607126,1.21,1.23
12262800,0.0617307,0.058949771938734644,1.209,1.23
10094162,0.06173308,0.05895222605303824,1.209,1.229
8585745,0.06187288,0.059084071228382794,1.208,1.229
3414112,0.0618765,0.05908813321067839,1.208,1.228
5753213,0.06201447,0.05922433655452761,1.208,1.227
13607956,0.06201557,0.05922535205010151,1.207,1.227
7671072,0.06215846,0.05935766266091744,1.206,1.227
1789782,0.06216165,0.05936083608458587,1.206,1.226
10347461,0.0623018,0.059494331440238024,1.205,1.226
18850119,0.06230476,0.059497716425484355,1.205,1.225
10205242,0.06244536,0.05963307352302198,1.204,1.225
6508815,0.06244742,0.05963485064027631,1.204,1.224
13401641,0.06258929,0.05977168866885921,1.203,1.224
19755828,0.06259006,0.05977232335359289,1.203,1.223
1707854,0.06273358,0.059910007628487374,1.202,1.223
4783251,0.06273377,0.05991013456543411,1.202,1.222
19036846,0.06287826,0.060046041723074275,1.201,1.222
5547273,0.06288053,0.060048241963484385,1.201,1.221
8621787,0.06302323,0.060186645547743715,1.2,1.22
6734580,0.06316853,0.06032454138421609,1.199,1.22
11972882,0.06316956,0.06032538763052767,1.199,1.219
12936297,0.06331044,0.06046446821183627,1.199,1.218
2881739,0.06331407,0.06046747238624239,1.198,1.218
10446260,0.0634596,0.060603844979353914,1.198,1.217
14848140,0.06346002,0.06060439503945644,1.197,1.217
23581101,0.06360422,0.0607435602453962,1.197,1.216
6739285,0.06360634,0.06074550661191284,1.196,1.216
5082206,0.06374902,0.060883571697647534,1.196,1.215
21769152,0.06375299,0.06088699899520944,1.195,1.215
11809965,0.06389387,0.0610239216484235,1.195,1.214
14988252,0.06389997,0.06102971843565784,1.194,1.214
15154301,0.06404029,0.0611646100977241,1.194,1.213
783589,0.06404722,0.06117163394211023,1.193,1.213
13401627,0.06418371,0.061305594733233756,1.193,1.212
65304,0.06419484,0.061316934433808964,1.192,1.212
21117285,0.06433269,0.061446917867268046,1.192,1.211
4942392,0.06434299,0.06145580345353966,1.191,1.211
11867506,0.06448073,0.06158857949982696,1.191,1.21
22778091,0.06449116,0.06159877676788154,1.19,1.21
7013037,0.06462544,0.06173053731859494,1.19,1.209
6827387,0.06463981,0.06174352719947773,1.189,1.209
21123037,0.06477633,0.061872833635887546,1.189,1.208
16007790,0.06478881,0.06188480802119644,1.188,1.208
23621603,0.06492455,0.06201546845170479,1.188,1.207
17043509,0.06493824,0.0620286275818499,1.187,1.207
5041117,0.06507392,0.06215844176604666,1.187,1.206
7525026,0.06508791,0.06217405501049536,1.186,1.206
11580991,0.0652213,0.06230175357891317,1.186,1.205
20375935,0.06523805,0.06231571664305428,1.185,1.205
22436788,0.06537437,0.062445361577988724,1.185,1.204
22596448,0.06538834,0.06245945157907658,1.184,1.204
21251129,0.06552226,0.06258930807558892,1.184,1.203
18252571,0.06553927,0.06260530213087784,1.183,1.203
13160615,0.06567756,0.06273359307171375,1.183,1.202
9373500,0.06569024,0.06274624445407191,1.182,1.202
13936444,0.06582706,0.06287821656636321,1.182,1.201
20137797,0.06584163,0.06289044482556558,1.181,1.201
3803907,0.06597861,0.06302313624722172,1.181,1.2
5105247,0.06599338,0.06303701468673167,1.18,1.2
12948766,0.06612944,0.06316843673892045,1.18,1.199
11666948,0.06614552,0.06318485391736514,1.179,1.199
1189781,0.06627957,0.0633140757291438,1.179,1.198
3750062,0.06629795,0.06333315858347,1.178,1.198
22588670,0.06642559,0.06346001090557622,1.178,1.197
13740918,0.06645077,0.06348243643283316,1.177,1.197
20215676,0.06658009,0.06360628458053326,1.177,1.196
18094225,0.06660396,0.06363086803588473,1.176,1.196
842507,0.06672774,0.06375293906633052,1.176,1.195
10827534,0.06675753,0.06378365780744097,1.175,1.195
8322071,0.06687937,0.06389988973833684,1.175,1.194
1852964,0.06691142,0.06392950835924222,1.174,1.194
19330053,0.0670323,0.06404717890886778,1.174,1.193
14288618,0.06706567,0.06407971707954813,1.173,1.193
18402278,0.06718653,0.06419484889023894,1.173,1.192
18101797,0.06722026,0.06422679468850118,1.172,1.192
14743070,0.06734275,0.06434281505781915,1.172,1.191
20618941,0.06737523,0.06437247599104011,1.171,1.191
17961557,0.06750189,0.06449116203623957,1.171,1.19
21954275,0.06753058,0.06451743798421421,1.17,1.19
1123771,0.06765526,0.06463980520086904,1.17,1.189
10957123,0.06768641,0.06466916994788095,1.169,1.189
2819632,0.0678106,0.06478882917633873,1.169,1.188
11403596,0.06784235,0.06481984410365824,1.168,1.188
15342535,0.06797044,0.06493819165033306,1.168,1.187
19775343,0.06799864,0.06496531384461927,1.167,1.187
18872074,0.06812694,0.06508789262285201,1.167,1.186
9319952,0.06815541,0.06511505712945381,1.166,1.186
472371,0.06828132,0.0652379320938956,1.166,1.185
776549,0.06831249,0.06527004714142015,1.165,1.185
12015780,0.06843858,0.06538831006346382,1.165,1.184
6079333,0.06846997,0.06541983273857027,1.164,1.184
9504078,0.06859406,0.06553906884387226,1.164,1.183
4724133,0.0686278,0.06556991452192944,1.163,1.183
14559500,0.068752,0.06569012381048973,1.163,1.182
12995937,0.06878601,0.06572075792696903,1.162,1.182
21515319,0.06891323,0.06584155958794743,1.162,1.181
19332606,0.0689446,0.06586897796844271,1.161,1.181
308774,0.06907055,0.06599333386392978,1.161,1.18
14151387,0.06910351,0.06602561816071664,1.16,1.18
20913454,0.06922757,0.06614548895075231,1.16,1.179
21794852,0.06926281,0.06618259685151522,1.159,1.179
9290964,0.06938416,0.06629794022378391,1.159,1.178
11866639,0.0694225,0.0663346673137066,1.158,1.178
10385022,0.06954225,0.06645077230765573,1.158,1.177
7220898,0.06958252,0.06649071513356242,1.157,1.177
21047677,0.06970252,0.06660398520236775,1.157,1.176
8968681,0.0697429,0.06664405496522118,1.156,1.176
5983701,0.06985957,0.06675749428328882,1.156,1.175
23627590,0.06990372,0.06679857954171615,1.155,1.175
5535858,0.07001695,0.06691138417505012,1.155,1.174
10622332,0.07006482,0.06695720841282231,1.154,1.174
19513638,0.07017651,0.0670656548776516,1.154,1.173
9778578,0.07022638,0.06711312929573139,1.153,1.173
20972759,0.07033888,0.06722026407877775,1.153,1.172
7456474,0.07038827,0.06726731537370173,1.152,1.172
22257867,0.07049834,0.0673752117784285,1.152,1.171
1703087,0.07055053,0.0674255211216521,1.151,1.171
4732122,0.07065735,0.06753054028891949,1.151,1.17
17593241,0.07071318,0.06758448849128287,1.15,1.17
7836031,0.07081591,0.0676862072979351,1.15,1.169
4113351,0.07087614,0.06774552916437704,1.149,1.169
8884926,0.07097514,0.06784221280547535,1.149,1.168
4217519,0.07103953,0.0679047504079013,1.148,1.168
3829873,0.07113879,0.06799864143617139,1.148,1.167
13955069,0.07120329,0.0680626599696426,1.147,1.167
14156916,0.07129907,0.06815536625307647,1.147,1.166
23516713,0.07136745,0.06822023103285928,1.146,1.166
11994325,0.07146346,0.06831247188082178,1.146,1.165
18395468,0.07153197,0.06837784440839154,1.145,1.165
8529850,0.07162326,0.06846995831940729,1.145,1.164
13803885,0.07169684,0.06854057757410886,1.144,1.164
22125954,0.07178412,0.06862782556883303,1.144,1.163
16683452,0.0718622,0.06870326842751061,1.143,1.163
9715984,0.07194631,0.06878603131678337,1.143,1.162
1726734,0.07202782,0.06886701708880183,1.142,1.162
15242259,0.07211062,0.06894457556325838,1.142,1.161
18746085,0.07219402,0.06902395346728482,1.141,1.161
20768285,0.0722747,0.06910350062057358,1.141,1.16
10866025,0.07236029,0.06918533263890361,1.14,1.16
16559863,0.07244065,0.069262806488729,1.14,1.159
11548096,0.07252708,0.06934768499378073,1.139,1.159
9165814,0.07260323,0.06942249316772463,1.139,1.158
8203650,0.07269425,0.06951168752896543,1.138,1.158
4565812,0.07276474,0.06958251834524488,1.138,1.157
1519678,0.07286184,0.06967649399814613,1.137,1.157
8598507,0.07293064,0.06974292433360536,1.137,1.156
16495284,0.07302988,0.06984252752447863,1.136,1.156
14860259,0.07309424,0.06990371113280605,1.136,1.155
21672458,0.07319818,0.0700053453148271,1.135,1.155
6883513,0.07325884,0.07006483643053137,1.135,1.154
10305774,0.07336691,0.07016765535738864,1.134,1.154
553290,0.0734298,0.0702263425390969,1.134,1.153
4535276,0.073536,0.07032598804228575,1.133,1.153
8643253,0.073602,0.07038822945850264,1.133,1.152
20608860,0.07370557,0.07048457460107632,1.132,1.152
7836438,0.07377361,0.07055049718874859,1.132,1.151
5761802,0.07387544,0.07064912719636354,1.131,1.151
10313404,0.07394303,0.07071314572983477,1.131,1.15
15010324,0.07404581,0.07081351054238845,1.13,1.15
1390,0.07411159,0.07087613276944557,1.13,1.149
16473998,0.07421642,0.07097666683126158,1.129,1.149
6120002,0.07428131,0.07103954293221215,1.129,1.148
7451243,0.0743876,0.0711414309881267,1.128,1.148
18169361,0.07445057,0.07120329159350339,1.128,1.147
4378048,0.07455919,0.0713088608208733,1.127,1.147
364106,0.07461776,0.07136742106563482,1.127,1.146
7597,0.07473087,0.07147129780038158,1.126,1.146
9169603,0.07479107,0.07153197366092205,1.126,1.145
13537364,0.07490319,0.0716417318075343,1.125,1.145
26683,0.07495646,0.07169686475473391,1.125,1.144
22120177,0.07507584,0.07181440836741274,1.124,1.144
22022328,0.07512311,0.07186213665938598,1.124,1.143
20726315,0.07524888,0.07198877741991432,1.123,1.143
5600615,0.0752898,0.07202778937487828,1.123,1.142
20388994,0.07542235,0.07216005767337863,1.122,1.142
13917746,0.07545582,0.07219382290121078,1.122,1.141
11802913,0.07559631,0.0723281645031745,1.121,1.141
23396552,0.07562968,0.07236027955069906,1.121,1.14
13510647,0.07577048,0.07249567896055227,1.12,1.14
16176697,0.07580191,0.07252707469871199,1.12,1.139
11673921,0.07594519,0.07266492822286878,1.119,1.139
19538234,0.07597577,0.07269425065756512,1.119,1.138
15864873,0.07612022,0.07283142718467266,1.118,1.138
22399661,0.07615049,0.07286184973957405,1.118,1.137
5342400,0.07629575,0.07299885701741926,1.117,1.137
17430735,0.07632781,0.0730297873201076,1.117,1.136
22684118,0.07647157,0.07317381844233896,1.116,1.136
18039261,0.07649681,0.07319814802379696,1.116,1.135
16500807,0.07664791,0.07334467557264747,1.115,1.135
10607704,0.07667058,0.07336688953832651,1.115,1.134
22903381,0.07682459,0.07351675976010778,1.114,1.134
19537436,0.07684518,0.0735360118636963,1.114,1.133
49282,0.07700178,0.07369019794166663,1.113,1.133
14589099,0.07701942,0.07370555731222185,1.113,1.132
5980975,0.07717917,0.07386249369070484,1.112,1.132
2880070,0.07719242,0.07387544125927206,1.112,1.131
9116303,0.07735709,0.07403508562595211,1.111,1.131
14298222,0.07736749,0.07404574832947805,1.111,1.13
13650726,0.0775354,0.07421199341738845,1.11,1.13
5414738,0.07753992,0.07421643621052425,1.11,1.129
18560576,0.07771414,0.07438263898611906,1.109,1.129
21407750,0.07771984,0.07438754721472625,1.109,1.128
17061379,0.07789321,0.07455899671745286,1.109,1.127
15898498,0.07789335,0.07455912365439961,1.108,1.127
21066773,0.07807254,0.07473086934333528,1.108,1.126
2436595,0.0780729,0.07473112321722876,1.107,1.126
19247846,0.07824656,0.07490316509237349,1.107,1.125
19095889,0.07825292,0.07490980812591942,1.106,1.125
7676181,0.0784257,0.07507584165225192,1.106,1.124
19116902,0.07843322,0.07508286549663805,1.105,1.124
14643356,0.07861322,0.07524889902297055,1.105,1.123
18301871,0.07861402,0.0752498298939133,1.104,1.123
11806952,0.0787944,0.07542237951684498,1.104,1.122
20798681,0.07879535,0.07542326807547214,1.103,1.122
18258453,0.0789769,0.07559480220282992,1.102,1.122
21372665,0.07897806,0.07559624082155962,1.102,1.121
17850754,0.07915906,0.07576659020408118,1.101,1.121
22164857,0.07916246,0.07577048293711447,1.101,1.12
16300855,0.07934144,0.07594510586350953,1.1,1.12
2454938,0.0793415,0.07594514817582511,1.1,1.119
2906303,0.0795187,0.07612023653769154,1.1,1.118
11024685,0.07952434,0.07612548326482335,1.099,1.118
18801783,0.07969734,0.07629570571039818,1.099,1.117
2823757,0.07970771,0.07630636841392412,1.098,1.117
10740243,0.07987484,0.07647159800626062,1.098,1.116
19752482,0.07989149,0.07648729587534048,1.097,1.116
4099901,0.08005712,0.07664787111296326,1.097,1.115
17345228,0.08007561,0.07666496528845723,1.096,1.115
8066642,0.08023682,0.0768245673428217,1.096,1.114
2800253,0.08026018,0.07684678130850074,1.095,1.114
10713721,0.08041942,0.07700168669583593,1.095,1.113
16364689,0.08044525,0.07702753952065478,1.094,1.113
6665241,0.08060108,0.07717918685969037,1.094,1.112
13668590,0.08063079,0.07720897472985808,1.093,1.112
18723476,0.08077923,0.0773571101467006,1.093,1.111
8278101,0.0808165,0.07739404879820118,1.092,1.111
1807764,0.08096217,0.07753541424455106,1.092,1.11
6068890,0.08100285,0.0775764571906628,1.091,1.11
13940965,0.08114431,0.07771414146555729,1.091,1.109
23545730,0.08118955,0.07775844245996863,1.09,1.109
19822570,0.0813269,0.07789329180971932,1.09,1.108
7027214,0.08137671,0.07794313571747152,1.089,1.108
12179673,0.08150993,0.07807286527703713,1.089,1.107
18666459,0.08156433,0.07812651729319146,1.088,1.107
1058841,0.08169461,0.07825286186751075,1.088,1.106
20989473,0.08175233,0.0783048637033575,1.087,1.106
12709339,0.08188839,0.07843323926882458,1.087,1.105
2809094,0.08194078,0.07848232155489636,1.086,1.105
17133084,0.08207339,0.07861403979329418,1.086,1.104
20357619,0.08212975,0.07866756487250177,1.085,1.104
16544196,0.08226145,0.07879526344091958,1.085,1.103
2515725,0.08231903,0.07885276587779162,1.084,1.103
22244820,0.08244463,0.07897691021170078,1.084,1.102
17545976,0.08250886,0.07904037868506948,1.083,1.102
8656511,0.08262946,0.07915898010563778,1.083,1.101
4756986,0.08269896,0.07922710293372016,1.082,1.101
160657,0.0828183,0.07934143081041498,1.082,1.1
20723237,0.08288962,0.07941361562079297,1.081,1.1
12926794,0.08300213,0.07952434695066354,1.081,1.099
18991130,0.08308071,0.07959877431376723,1.08,1.099
21262029,0.08319363,0.0797076862140679,1.08,1.098
18580326,0.08327229,0.07978490618999981,1.079,1.098
9331839,0.08338026,0.07989140628831248,1.079,1.097
11623632,0.08346434,0.07997120731549472,1.078,1.097
19000209,0.08357267,0.08007559179802842,1.078,1.096
20374134,0.08365663,0.08015797387646098,1.077,1.096
9684899,0.08375967,0.08026015811858458,1.077,1.095
15386572,0.08384942,0.0803487177950917,1.076,1.095
11749067,0.08394885,0.0804451898746121,1.076,1.094
1532053,0.08404274,0.0805356112930047,1.075,1.094
19864725,0.08414399,0.08063064475379543,1.075,1.093
16344621,0.08423648,0.08072000836429855,1.074,1.093
15376881,0.08433642,0.08081652275613453,1.074,1.092
20013060,0.08443065,0.0809074096099985,1.073,1.092
17790359,0.08453434,0.08100282388162944,1.073,1.091
13608975,0.08462531,0.0810908758103496,1.072,1.091
7701224,0.08472844,0.08118954813028013,1.072,1.09
16871306,0.08482042,0.0812816197289803,1.071,1.09
13599553,0.08491955,0.08137669550208661,1.071,1.089
13372415,0.08501588,0.08147041728109437,1.07,1.089
17812452,0.0851121,0.08156430830936447,1.07,1.088
16671627,0.08521186,0.08165997645488887,1.069,1.088
10981272,0.08530545,0.0817523442397981,1.069,1.087
14042995,0.08540832,0.08185093193509747,1.068,1.087
534756,0.08550086,0.08194080329338754,1.068,1.086
16746331,0.08560522,0.08204315678477346,1.067,1.086
6256980,0.08569392,0.08212968547013277,1.067,1.085
12725075,0.0858026,0.08223360451719511,1.066,1.085
21093469,0.08589434,0.0823189907700338,1.066,1.084
13023108,0.08600033,0.08241884783480054,1.065,1.084
19761945,0.08609178,0.08250876150540618,1.065,1.083
11257542,0.08619859,0.0826127228647841,1.064,1.083
15259535,0.08628936,0.08269895536393436,1.064,1.082
22997031,0.08639728,0.08280274747404996,1.063,1.082
14373167,0.08648972,0.08288961465793392,1.063,1.081
22746684,0.08659645,0.08299746875034511,1.062,1.081
13770997,0.08668407,0.08308069707508925,1.062,1.08
5994405,0.08679607,0.08319041290938593,1.061,1.08
1270193,0.08688351,0.08327220261540039,1.061,1.079
18955810,0.08699616,0.0833814530142257,1.06,1.079
13694508,0.08708284,0.0834641735911829,1.06,1.078
2657341,0.08719675,0.08357528573189368,1.059,1.078
6386057,0.08728268,0.08365656769012118,1.059,1.077
10098372,0.08739777,0.08376624121210229,1.058,1.077
837911,0.08748327,0.08384942722453086,1.058,1.076
7086242,0.08759921,0.08396011624208585,1.057,1.076
11141145,0.08768406,0.0840427098820963,1.057,1.075
14090535,0.08780112,0.0841520025932372,1.056,1.075
20302692,0.0878872,0.08423645797513314,1.056,1.074
4962299,0.08800352,0.08434608918479866,1.055,1.074
10719257,0.08809391,0.08443062919132575,1.055,1.073
23616076,0.08820646,0.08453569067090873,1.054,1.073
17069336,0.08829946,0.08462526584298974,1.054,1.072
14652449,0.08840974,0.08473062350878177,1.053,1.072
15338344,0.08850467,0.08482036793012511,1.053,1.071
250477,0.0886136,0.08492898364421672,1.052,1.071
930698,0.08870441,0.08501589314041626,1.052,1.07
19221224,0.08881786,0.08512404341903651,1.051,1.07
13124692,0.08890518,0.08521188378617878,1.051,1.069
15242360,0.08902255,0.08532604241361126,1.05,1.069
19810146,0.08910793,0.08540829755509709,1.05,1.068
13024074,0.08922781,0.08552550266925127,1.049,1.068
16478985,0.08931171,0.08560517675948677,1.049,1.067
16543241,0.08943354,0.08572348199384601,1.048,1.067
16897426,0.08951448,0.08580252139934783,1.048,1.066
10792250,0.08963972,0.08592450780516245,1.047,1.066
23038501,0.08971932,0.08600033147468025,1.047,1.065
12489239,0.0898463,0.08612350262533108,1.046,1.065
1677254,0.08992419,0.08619856467316846,1.046,1.064
14927696,0.09005338,0.08632541699527468,1.045,1.064
12563227,0.09012818,0.08639730561944363,1.045,1.063
18819470,0.09026101,0.08652703517900923,1.044,1.063
4426277,0.09033101,0.08659646968887458,1.044,1.062
7642197,0.09046906,0.0867332654051419,1.043,1.062
16477336,0.09053058,0.08679609919377691,1.043,1.061
19278889,0.0906776,0.08694148431010679,1.042,1.061
9696798,0.09073273,0.08699615182183502,1.042,1.06
66404,0.09088672,0.08714686828992788,1.041,1.06
7327351,0.09093875,0.08719671219768009,1.041,1.059
5637436,0.09109624,0.08735229458206455,1.04,1.059
16426366,0.09114398,0.08739773800899653,1.04,1.058
20499849,0.09130635,0.08755035853129045,1.039,1.058
11482210,0.09135913,0.08759918694346876,1.039,1.057
2442693,0.0915167,0.08775113046871341,1.038,1.057
20815947,0.09156769,0.08780114362572794,1.038,1.056
8398602,0.0917276,0.08794965985341067,1.037,1.056
1212859,0.09178099,0.0880035234311429,1.037,1.055
4280725,0.09193907,0.08815390140071112,1.036,1.055
11059811,0.09199196,0.08820641098434483,1.036,1.054
6832962,0.09215107,0.08835983544063475,1.035,1.054
21477835,0.09220302,0.08840972166070253,1.035,1.053
17299133,0.09236342,0.08856179212289392,1.034,1.053
12965247,0.09241497,0.08861354008484719,1.034,1.052
14367676,0.09257634,0.08877157658353524,1.033,1.052
8445833,0.09262402,0.08881782394446322,1.033,1.051
15464619,0.09278975,0.08897886461755738,1.032,1.051
16086588,0.09283684,0.08902257323955062,1.032,1.05
11453452,0.09300369,0.08918200604465278,1.031,1.05
3683517,0.09305179,0.0892277879701094,1.031,1.049
15278035,0.09321805,0.08939200206687199,1.03,1.049
13138677,0.09325824,0.08943346813613953,1.03,1.048
12320387,0.09343294,0.08960072871962382,1.029,1.048
4551156,0.09347612,0.08963965604995663,1.029,1.047
4697998,0.09364838,0.08980932843542894,1.028,1.047
7497011,0.09368744,0.08984626708692951,1.028,1.046
4047707,0.09386425,0.09001856283596772,1.027,1.046
18158235,0.09390094,0.09005338587168935,1.027,1.045
7799916,0.09408059,0.09022288900789933,1.026,1.045
19255865,0.09412018,0.09026101240423612,1.026,1.044
6817241,0.09429751,0.09042966929413453,1.025,1.044
14026233,0.09433833,0.0904690620599387,1.025,1.043
2883325,0.09451485,0.09064106162276785,1.024,1.043
7011181,0.09455426,0.09067761946342821,1.024,1.042
5075173,0.09473273,0.0908530040115037,1.023,1.042
14368707,0.09476847,0.0908866423023891,1.023,1.041
18609758,0.09495114,0.09106511564950187,1.022,1.041
5210012,0.0949847,0.09109617288913695,1.022,1.04
22823469,0.09517,0.09127997758801268,1.021,1.04
23551971,0.09519739,0.09130616891135616,1.021,1.039
22981385,0.09538943,0.09149255466148222,1.02,1.039
705859,0.09541406,0.09151663036904675,1.02,1.038
5279185,0.09560927,0.09170534329652966,1.019,1.038
19637802,0.0956321,0.09172759957452428,1.019,1.037
20499034,0.09582968,0.09191783574536803,1.018,1.037
13394533,0.09585,0.09193907652778877,1.018,1.036
12731018,0.09605073,0.09213950996668709,1.017,1.036
7289344,0.09606257,0.09215101891652461,1.017,1.035
1332885,0.09627203,0.09235361028351748,1.016,1.035
13569230,0.09628178,0.09236342674073184,1.016,1.034
22335727,0.09649396,0.09257376126147568,1.015,1.034
21408811,0.09649673,0.092576342312726,1.015,1.033
2725417,0.09671638,0.09278439196842858,1.014,1.033
10825891,0.09672159,0.09278976563250713,1.014,1.032
13432741,0.09693938,0.0930016657089274,1.013,1.032
8943312,0.0969419,0.09300365438775962,1.013,1.031
16184250,0.09716285,0.09321271953903609,1.012,1.031
3170310,0.0971685,0.09321805089079907,1.012,1.03
178010,0.09738708,0.0934277930391248,1.011,1.03
2642257,0.0973927,0.09343295514162546,1.011,1.029
12685791,0.09761135,0.0936457437766729,1.01,1.029
11209172,0.09761402,0.09364832482792322,1.01,1.028
19157248,0.09783406,0.0938642445743235,1.01,1.027
6478689,0.0978363,0.09386640250241804,1.009,1.027
6878861,0.09806186,0.09407986813451474,1.008,1.027
4462220,0.09806261,0.09408058744387959,1.008,1.026
14171714,0.09828793,0.09429151433704154,1.007,1.026
953919,0.09829376,0.0942974803735382,1.007,1.025
19501626,0.0985145,0.09451107294258164,1.006,1.025
20882818,0.09851865,0.09451488105098375,1.006,1.024
17704858,0.09874159,0.09472843130771162,1.005,1.024
11602025,0.09874577,0.09473274716390069,1.005,1.023
17272378,0.0989685,0.09495112102460457,1.005,1.022
1136262,0.09896926,0.09495184033396942,1.004,1.022
15862295,0.09918998,0.0951700026330954,1.004,1.021
1042263,0.09919734,0.09517821122231775,1.003,1.021
20798590,0.09940946,0.09538939198937317,1.003,1.02
10991224,0.09942603,0.09540610535402694,1.002,1.02
10822018,0.09963617,0.09560928909343791,1.002,1.019
15433748,0.09965527,0.09562807576155503,1.001,1.019
17015240,0.09986526,0.09582969394528959,1.001,1.018
10984441,0.09988495,0.09584801517793534,1.0,1.018
20980076,0.1000951,0.09605060654492821,1.0,1.017
14786523,0.1001152,0.09606990096083229,0.999,1.017
15316018,0.1003218,0.09627202689235378,0.999,1.016
8718646,0.100346,0.09629567947676253,0.998,1.016
19071886,0.1005503,0.09649395498756631,0.998,1.015
8393959,0.1005775,0.09651968087543843,0.997,1.015
1948067,0.1007826,0.0967163908305658,0.997,1.014
17352833,0.1008092,0.09674055116276148,0.996,1.014
17899975,0.1010161,0.09693933442135222,0.996,1.013
8980420,0.1010416,0.09696535649543338,0.995,1.013
11401015,0.1012417,0.09716282807224116,0.995,1.012
13102434,0.1012745,0.097195620116815,0.994,1.012
8680642,0.1014713,0.0973867871586015,0.994,1.011
3824094,0.101508,0.09742059469874922,0.993,1.011
189317,0.1017034,0.09761129630506435,0.993,1.01
21002445,0.1017421,0.09764726177330661,0.992,1.01
2084998,0.101938,0.09783631319931416,0.992,1.009
11339433,0.1019765,0.09787524052964695,0.991,1.009
12410450,0.1021734,0.0980618378413509,0.991,1.008
16385212,0.1022116,0.09809966505147864,0.99,1.008
18674458,0.1024031,0.09828791254349019,0.99,1.007
4140871,0.1024472,0.0983296324866512,0.989,1.007
18114495,0.1026386,0.09851449499341641,0.989,1.006
11372498,0.1026834,0.09855731505678249,0.988,1.006
14681796,0.1028704,0.09874158519112959,0.988,1.005
8069950,0.1029201,0.09879070978951696,0.987,1.005
8188219,0.1031025,0.0989692254489453,0.987,1.004
18092392,0.1031574,0.09902592395182133,0.986,1.004
3991006,0.1033367,0.09919737345454796,0.986,1.003
1277110,0.1033952,0.09925673763330548,0.985,1.003
5323848,0.103566,0.09942602920793757,0.985,1.002
6908387,0.1036335,0.09949474440843807,0.984,1.002
13987090,0.1037971,0.0996552350214297,0.984,1.001
9660560,0.1038724,0.09973093175400077,0.983,1.001
5002088,0.1040281,0.0998849485827088,0.983,1.0
9586928,0.1041119,0.09996474960989103,0.982,1.0
1793250,0.1042673,0.1001152122040904,0.982,0.999
1968326,0.1043519,0.1001997522106175,0.981,0.999
10914265,0.1044965,0.10034602588557455,0.981,0.998
6341400,0.1045924,0.10044372502224676,0.98,0.998
6612778,0.1047278,0.10057734731484565,0.98,0.997
21051473,0.1048335,0.10067783906434608,0.979,0.997
1311617,0.1049652,0.10080917649190368,0.979,0.996
22714793,0.1050752,0.10091652283652794,0.978,0.996
15766766,0.1052033,0.10104155572906426,0.978,0.995
11742532,0.1053174,0.10115605285502138,0.977,0.995
7086545,0.1054376,0.10127448502632735,0.977,0.994
22242150,0.1055602,0.10139592137203945,0.976,0.994
11583550,0.1056717,0.10150796438369299,0.976,0.993
20631999,0.1058035,0.10163557832747963,0.975,0.993
10461772,0.1059101,0.10174195148884556,0.975,0.992
1913636,0.1060474,0.1018710040513619,0.974,0.992
11434176,0.1061555,0.10197648865410067,0.974,0.991
7031196,0.1062919,0.10210744527081807,0.973,0.991
3241372,0.1064002,0.10221157587945831,0.973,0.99
9328229,0.1065369,0.10234997946371763,0.972,0.99
15110405,0.106633,0.10244721316491846,0.972,0.989
10720015,0.1067825,0.10259598326649469,0.971,0.989
448033,0.106871,0.10268335819816558,0.971,0.988
14092335,0.1070288,0.1028372057776113,0.97,0.988
10934009,0.107113,0.10292005329151523,0.97,0.987
7462760,0.1072756,0.10307800516557211,0.969,0.987
15555486,0.1073586,0.10315734075728297,0.969,0.986
18539893,0.1075227,0.10332011623531588,0.968,0.986
16594689,0.1075964,0.10339513597083767,0.968,0.985
13959619,0.1077706,0.10356413135926071,0.967,0.985
7927980,0.107845,0.10363348124449491,0.967,0.984
14475384,0.108019,0.10380412681322553,0.966,0.984
14942460,0.1080888,0.10387237657825465,0.966,0.983
21902849,0.108268,0.1040494536189533,0.965,0.983
803460,0.1083314,0.10411182197211695,0.965,0.982
5181487,0.1085176,0.10429571129562383,0.964,0.982
18379265,0.1085799,0.10435181742608177,0.964,0.981
15077428,0.1087679,0.10452885215446484,0.963,0.981
5504924,0.1088311,0.10459240525246469,0.963,0.98
1339987,0.1090185,0.10477849481638168,0.962,0.98
18633814,0.1090729,0.10483350082663455,0.962,0.979
6025237,0.1092698,0.10502949147239707,0.961,0.979
17840525,0.1093141,0.10507514646090696,0.961,0.978
7386167,0.1095218,0.10527820326337119,0.96,0.978
14690760,0.1095611,0.10531738446759746,0.96,0.977
19647747,0.1097742,0.10552077976858633,0.959,0.977
7453459,0.1098158,0.1055601725343905,0.959,0.976
4009505,0.1100272,0.10577207261081077,0.958,0.976
16842560,0.1100595,0.10580351066128606,0.958,0.975
19316509,0.1102809,0.10602226533283016,0.957,0.975
16827002,0.1103075,0.10604739884828415,0.957,0.974
3839541,0.1105352,0.106268692258763,0.956,0.974
13434376,0.1105599,0.10629187940770037,0.956,0.973
19453737,0.1107899,0.10651516149701142,0.955,0.973
6742432,0.1108123,0.10653691002721909,0.955,0.972
8362875,0.1110453,0.10675993824263667,0.954,0.972
22130766,0.1110698,0.10678249070684034,0.954,0.971
9340719,0.1113013,0.10700780378729921,0.953,0.971
14391033,0.1113224,0.10702866375887972,0.953,0.97
7319987,0.1115579,0.1072656550384384,0.952,0.97
23229086,0.1115678,0.10727538687102162,0.952,0.969
9212512,0.111815,0.10751931737033528,0.951,0.969
12326523,0.111818,0.10752266004326604,0.951,0.968
3414741,0.1120706,0.10777052558792857,0.951,0.967
15316013,0.1120728,0.10777217576823615,0.95,0.967
139372,0.1123234,0.1080189835050092,0.95,0.966
5680952,0.1123311,0.10802655740949788,0.949,0.966
20595839,0.1125763,0.10826799148219238,0.949,0.965
23334868,0.1125901,0.10828038899065706,0.948,0.965
21899242,0.1128364,0.10851759183179366,0.948,0.964
6615631,0.1128496,0.10852833915995075,0.947,0.964
6423648,0.1131011,0.10876774224149746,0.947,0.963
7911425,0.1131098,0.10877561233219517,0.946,0.963
12643280,0.1133566,0.10901848502361937,0.946,0.962
12880906,0.1133705,0.10903253271239163,0.945,0.962
21771814,0.1136146,0.10926977786584381,0.945,0.961
5619414,0.1136319,0.10928615273197294,0.944,0.961
18959655,0.1138751,0.10952166308048636,0.944,0.96
3577170,0.1138938,0.10953939194071402,0.943,0.96
8626952,0.1141352,0.10977414066754701,0.943,0.959
5830118,0.1141565,0.10979474676523406,0.942,0.959
2302863,0.1143988,0.11002721062702578,0.942,0.958
15363488,0.1144196,0.11004747822618818,0.941,0.958
15771773,0.1146555,0.11028083064660707,0.941,0.957
15925207,0.1146833,0.11030689503300382,0.94,0.957
11584660,0.1149135,0.11053508535092206,0.94,0.956
3293220,0.1149477,0.11056825820633609,0.939,0.956
8869687,0.1151753,0.11078989011533956,0.939,0.955
568394,0.1152127,0.11082759038852057,0.938,0.955
8259849,0.1154357,0.11104528725217518,0.938,0.954
186830,0.1154782,0.11108573782586882,0.937,0.954
3219044,0.1156922,0.11130127676142891,0.937,0.953
16670771,0.1157445,0.11135255928791081,0.936,0.953
2441962,0.115957,0.11155781633078515,0.936,0.952
23589930,0.1160113,0.11161083366220581,0.935,0.952
8128029,0.1162168,0.1118149905848751,0.935,0.951
5381811,0.1162787,0.11187786668582568,0.934,0.951
3008563,0.1164861,0.11207275721138314,0.934,0.95
245414,0.1165468,0.11213030196057076,0.933,0.95
22110265,0.1167601,0.1123311162103093,0.933,0.949
9480661,0.1168154,0.11238679921761144,0.932,0.949
22890856,0.1170249,0.11259006758165356,0.932,0.948
12854545,0.1170847,0.11264820470325929,0.931,0.948
966248,0.1172949,0.11284961132541593,0.931,0.947
19525912,0.1173546,0.11290774844702166,0.93,0.947
7404350,0.1175619,0.11310974744159642,0.93,0.946
6024434,0.1176251,0.11316983092971877,0.929,0.946
17283790,0.1178356,0.11337051824251058,0.929,0.945
17909269,0.1178963,0.11342954392274347,0.928,0.945
14650312,0.1181089,0.11363183910352728,0.928,0.944
3095939,0.1181681,0.11369073784681342,0.927,0.944
4226916,0.1183721,0.11389379464927765,0.927,0.943
1839060,0.1184405,0.11396069042020826,0.926,0.943
19710417,0.1186413,0.11415634256744615,0.926,0.942
996360,0.1187135,0.11422569245268034,0.925,0.942
6728755,0.118913,0.11441952517034833,0.925,0.941
11406678,0.1189872,0.11449086373441474,0.924,0.941
12755120,0.1191841,0.11468325783335304,0.924,0.94
19127469,0.1192615,0.11475738901024767,0.923,0.94
5395842,0.1194527,0.11494762518109142,0.923,0.939
16568243,0.1195364,0.11502801858069177,0.922,0.939
12537399,0.1197228,0.1152126272135635,0.922,0.938
18907627,0.119812,0.11529632097377901,0.921,0.938
7303734,0.1199966,0.11547822161845368,0.921,0.937
3715164,0.1200882,0.11556826222600607,0.92,0.937
2297144,0.1202692,0.11574440839576199,0.92,0.936
3705242,0.1203651,0.1158398649797085,0.919,0.936
4093104,0.1205425,0.11601122985780396,0.919,0.935
21642177,0.1206425,0.11610782887427111,0.918,0.935
4611382,0.1208176,0.11627868600457963,0.918,0.934
19741798,0.1209206,0.11637685057672321,0.917,0.934
15496991,0.1210961,0.11654673452377341,0.917,0.933
1393216,0.1211993,0.11664354510181846,0.916,0.933
8977920,0.121382,0.1168153754153853,0.916,0.932
15100258,0.1214787,0.11690837788502821,0.915,0.932
19858681,0.1216597,0.11708469330404644,0.915,0.931
7165287,0.1217587,0.11718319637471465,0.914,0.931
18775572,0.121935,0.1173546035651257,0.914,0.93
10463193,0.1220394,0.1174561531225156,0.913,0.93
20298759,0.1222123,0.11762510619862307,0.913,0.929
11452671,0.1223208,0.11773169092156689,0.912,0.929
20338920,0.1224908,0.1178962858291697,0.912,0.928
13029275,0.1226027,0.11800426685852763,0.911,0.928
10490649,0.1227679,0.11816805783213444,0.911,0.927
9757931,0.1228855,0.11828179333641113,0.91,0.927
22007604,0.1230535,0.11844046451983287,0.91,0.926
1786874,0.1231686,0.1185516612851748,0.909,0.926
18035417,0.1233309,0.11871350589226498,0.909,0.925
6077190,0.1234526,0.11883358824387855,0.908,0.925
394973,0.1236087,0.1189871396371152,0.908,0.924
8999063,0.1237372,0.11910747586262224,0.907,0.924
11128079,0.1238949,0.11926145037901469,0.907,0.923
6363010,0.1240224,0.11938694870702238,0.906,0.923
5388871,0.1241782,0.11953635349333228,0.906,0.922
4427675,0.1243083,0.11966172488439324,0.905,0.922
9866335,0.1244598,0.11981193360469913,0.905,0.921
14518653,0.1245949,0.11994454040172413,0.904,0.921
8064333,0.1247393,0.12008814840079969,0.904,0.92
11949907,0.1248821,0.1202279906037887,0.903,0.92
22029653,0.1250216,0.12036495556931834,0.903,0.919
22527791,0.12517,0.1205105945595417,0.902,0.919
5315716,0.1253081,0.12064243973488627,0.902,0.918
6771857,0.1254585,0.12078879803447447,0.901,0.918
7858163,0.1255945,0.12092055858518787,0.901,0.917
22871312,0.1257477,0.12107588709567885,0.9,0.917
11168835,0.1258735,0.12119926980790759,0.9,0.916
18341344,0.1260376,0.12135861798837859,0.899,0.916
9291406,0.126161,0.12147870033999215,0.899,0.915
11304896,0.1263282,0.12164143350570948,0.898,0.915
19579420,0.1264485,0.12175872324449481,0.898,0.914
16012303,0.1266194,0.12192826869302038,0.897,0.914
17966478,0.1267332,0.12203942314604675,0.897,0.913
5755884,0.1269113,0.1222128613276056,0.896,0.913
21342016,0.1270212,0.1223207154200168,0.896,0.912
18704620,0.1272038,0.12249846945776471,0.895,0.912
5463449,0.1273095,0.12260272700335169,0.895,0.911
20720663,0.1274971,0.12278589701749373,0.894,0.911
13885064,0.1275971,0.12288533095910469,0.894,0.91
3483563,0.127791,0.12307163208459958,0.893,0.91
12981195,0.1278887,0.12316861191190695,0.893,0.909
7557829,0.1280856,0.12336333318820208,0.892,0.909
9484033,0.1281768,0.12345256986175847,0.892,0.908
16965885,0.1283808,0.12365169161887385,0.891,0.908
2742073,0.1284702,0.1237371201840281,0.891,0.907
9998813,0.1286768,0.12393476101009822,0.89,0.907
13210238,0.1287664,0.12402238981566259,0.89,0.906
17132527,0.1289734,0.1242297624743159,0.889,0.906
16696819,0.1290481,0.12430829413203076,0.889,0.905
4076152,0.1292707,0.12452624486957885,0.888,0.905
2584943,0.1293413,0.12459483313313262,0.888,0.904
21747958,0.1295687,0.12481587266971798,0.887,0.904
22545128,0.1296361,0.12488204913128373,0.887,0.903
17418451,0.1298674,0.12510748914868933,0.886,0.903
5896907,0.1299304,0.1251699421264841,0.886,0.902
22228713,0.1301668,0.12539969800007877,0.885,0.902
151812,0.1302276,0.12545851211873377,0.885,0.901
12293500,0.1304669,0.12569326084556678,0.884,0.901
7940445,0.1305197,0.1257477167957171,0.884,0.9
18889599,0.1307676,0.12598745837578845,0.883,0.9
13284265,0.1308205,0.1260375984697497,0.883,0.899
1224614,0.1310691,0.12628004803801812,0.882,0.899
5109241,0.1311175,0.12632811482851602,0.882,0.898
19747972,0.1313712,0.1265807193525234,0.881,0.898
23606089,0.1314115,0.12661935049664716,0.881,0.897
20851492,0.131674,0.1268773286847331,0.88,0.897
15862140,0.1317098,0.12691122084951198,0.88,0.896
11424726,0.1319776,0.12716556017845812,0.879,0.896
6446875,0.132017,0.12720381051174165,0.879,0.895
5235561,0.1322818,0.1274725360279847,0.878,0.895
22220395,0.1323063,0.127497034858705,0.878,0.894
20983132,0.1325868,0.12777159947449795,0.877,0.894
4653048,0.132607,0.12779093620271761,0.877,0.893
780926,0.1328924,0.12807252466289673,0.876,0.893
7835284,0.1329051,0.1280855145437795,0.876,0.892
9680210,0.1331989,0.12837835807990267,0.875,0.892
13725531,0.1332012,0.12838081219420625,0.875,0.891
16284132,0.1335043,0.12867674452936667,0.875,0.89
3147619,0.1335058,0.12867780233725615,0.874,0.89
13423731,0.1338073,0.12897339617389195,0.874,0.889
1125976,0.1338136,0.12897940452270418,0.873,0.889
13536380,0.1341186,0.12927068250315088,0.873,0.888
11796749,0.134122,0.12927457523618419,0.872,0.888
19733864,0.1344204,0.1295686881417747,0.872,0.887
4695587,0.1344312,0.12957888540982926,0.871,0.887
22795891,0.1347175,0.12986737077744775,0.871,0.886
10886593,0.1347412,0.12988886543376196,0.87,0.886
9781843,0.1350346,0.13016677272248567,0.87,0.885
15299974,0.1350518,0.13018259752851227,0.869,0.885
10156472,0.1353517,0.13046680935225727,0.869,0.884
20031736,0.1353631,0.1304776836173611,0.868,0.884
18834882,0.1356599,0.13076756529139372,0.868,0.883
2849606,0.1356751,0.13078330547278913,0.867,0.883
12423677,0.1359662,0.131069040539895,0.867,0.882
15499240,0.1359879,0.1310909160070494,0.866,0.882
17329919,0.1362746,0.13137115047312997,0.866,0.881
4542729,0.1363014,0.13139729948415788,0.865,0.881
3907598,0.1365831,0.13167402202804537,0.865,0.88
15589533,0.1366156,0.13170622170020108,0.864,0.88
11751713,0.1368899,0.13197757058001003,0.864,0.879
22717083,0.1369305,0.1320163286610805,0.863,0.879
6000568,0.1371984,0.13228179612902397,0.863,0.878
14527625,0.1372461,0.13232656255890668,0.862,0.878
13241554,0.1375103,0.13258674098740272,0.862,0.877
19727762,0.1375625,0.13263815045083138,0.861,0.877
4669038,0.1378222,0.13289236284283076,0.861,0.876
2384219,0.1378796,0.13294791891318616,0.86,0.876
4178466,0.1381273,0.13319874631993925,0.86,0.875
1296583,0.1381975,0.13326843470369806,0.859,0.875
18685149,0.1384417,0.1335057644817814,0.859,0.874
384036,0.1385162,0.13358006490793833,0.858,0.874
15614596,0.1387518,0.13381354426530398,0.858,0.873
11301304,0.1388354,0.13389474159890033,0.857,0.873
1938079,0.1390637,0.13412200104587582,0.857,0.872
20876156,0.1391554,0.13420996834996482,0.856,0.872
22612511,0.1393821,0.1344311771358125,0.856,0.871
18654299,0.1394762,0.13452104849410257,0.855,0.871
17365348,0.1396972,0.13474107253511403,0.855,0.87
19599626,0.1397977,0.13483729074074097,0.854,0.87
3375277,0.140016,0.13505168724378042,0.854,0.869
6120709,0.14012,0.13515196743170296,0.853,0.869
5251431,0.1403268,0.13536302126181163,0.853,0.868
12336588,0.140443,0.1354756143335677,0.852,0.868
23630944,0.1406465,0.13567507458920772,0.852,0.867
27909,0.1407668,0.13579481844229666,0.851,0.867
13897582,0.1409618,0.13598784722596863,0.851,0.866
15792856,0.1410913,0.13611474186039044,0.85,0.866
6029687,0.1412773,0.1363013391720944,0.85,0.865
8907132,0.1414165,0.13643707708047223,0.849,0.865
6278490,0.1415929,0.1366155081152694,0.849,0.864
17037175,0.1417425,0.13676482827694816,0.848,0.864
22343407,0.1419084,0.13693048099244043,0.848,0.863
491645,0.1420693,0.13708987148522703,0.847,0.863
13779110,0.1422327,0.13724613086666074,0.847,0.862
12539890,0.1423968,0.13740767928754186,0.846,0.862
5631455,0.1425538,0.13756250005024587,0.846,0.861
4951104,0.1427251,0.1377319185618247,0.845,0.861
22225967,0.1428739,0.13787963085551144,0.845,0.86
1933976,0.143054,0.1380528574754924,0.844,0.86
4371336,0.1431979,0.13819748097014184,0.844,0.859
16827542,0.1433838,0.13838069329659947,0.843,0.859
23061254,0.1435185,0.1385160503941371,0.843,0.858
9750366,0.1437144,0.1387082329314975,0.842,0.858
21409241,0.1438421,0.1388353391274972,0.842,0.857
16524790,0.1440457,0.13903890367774838,0.841,0.857
22528406,0.1441664,0.13915538948253772,0.841,0.856
21840756,0.1443778,0.1393611965855146,0.84,0.856
11127708,0.1444885,0.13947620145925868,0.84,0.855
8823619,0.1447105,0.1396981295544712,0.839,0.855
5572535,0.1448113,0.13979773274534446,0.839,0.854
9332881,0.1450441,0.14002706549578334,0.838,0.854
9073126,0.1451367,0.14011998334079512,0.838,0.853
21680727,0.1453786,0.14035934411002624,0.837,0.853
3703190,0.1454663,0.14044299555792616,0.837,0.852
6613375,0.1457137,0.14068383725820258,0.836,0.852
19247373,0.1457994,0.1407667270844221,0.836,0.851
15133363,0.1460497,0.14100981133742418,0.835,0.851
21139175,0.1461309,0.141091262544914,0.835,0.85
23623114,0.1463862,0.14134674430638078,0.834,0.85
16262566,0.1464548,0.14141647500245516,0.834,0.849
7931544,0.1467237,0.14167923448220154,0.833,0.849
2833006,0.146786,0.14174249139399236,0.833,0.848
2072660,0.1470619,0.14201447495853498,0.832,0.848
22512842,0.1471171,0.1420692270948944,0.832,0.847
4497971,0.1474009,0.1423523387984343,0.831,0.847
23394836,0.1474432,0.1423967667297924,0.831,0.846
3655563,0.1477407,0.14269346068663324,0.83,0.846
9258937,0.1477723,0.1427249833617397,0.83,0.845
20598381,0.1480813,0.14302100032153128,0.829,0.845
17239889,0.1481144,0.143054003927683,0.829,0.844
18112686,0.1484226,0.1433564946717582,0.828,0.844
19845469,0.1484513,0.14338378611530672,0.828,0.843
14686041,0.1487648,0.14369126971262025,0.827,0.843
12558442,0.1487876,0.1437143299246109,0.827,0.842
3991098,0.1491077,0.14403247622545035,0.826,0.842
6316938,0.1491208,0.14404563535559545,0.826,0.841
18881913,0.1494515,0.1443656433983204,0.825,0.841
16275650,0.1494628,0.14437770240826045,0.825,0.84
17090004,0.149796,0.14470511510621173,0.824,0.84
2518809,0.1498019,0.1447104887702903,0.824,0.839
15535444,0.1501413,0.14503879002686873,0.823,0.839
10118820,0.1501475,0.14504407906631614,0.823,0.838
13179676,0.1504874,0.14537813479781336,0.822,0.838
21612006,0.1504876,0.145378473296338,0.822,0.837
14286214,0.150823,0.1457135868357247,0.822,0.836
13017760,0.1508343,0.14572492653629987,0.821,0.836
22125864,0.1511613,0.14604950430910738,0.821,0.835
18717327,0.151182,0.14607087202847482,0.82,0.835
20566098,0.1514961,0.1463861834041705,0.82,0.834
22551773,0.1515305,0.1464214295630479,0.819,0.834
22607749,0.1518388,0.14672362412091405,0.819,0.833
1793469,0.1518798,0.14676085895862367,0.818,0.833
19627318,0.1521812,0.1470618687716536,0.818,0.832
22397676,0.15223,0.147108073820266,0.817,0.832
12631002,0.1525225,0.14740087504407356,0.817,0.831
18881658,0.1525809,0.14745706579916265,0.816,0.831
7356686,0.1528758,0.14774068525048956,0.816,0.83
22183829,0.1529326,0.1477975106903123,0.815,0.83
14213442,0.1532211,0.14808125707858594,0.815,0.829
6298573,0.1532852,0.1481445986150079,0.814,0.829
20375829,0.1535637,0.14842259052836276,0.814,0.828
6818131,0.1536385,0.14849684864220414,0.813,0.828
2202411,0.1539106,0.14876477022445117,0.813,0.827
7064986,0.1539927,0.14884059389396898,0.812,0.827
8814061,0.1542692,0.14910771154222002,0.812,0.826
379453,0.1543477,0.14918501614278307,0.811,0.826
13859075,0.1546218,0.14945141448166926,0.811,0.825
13897349,0.1547035,0.14952990382706854,0.81,0.825
9677446,0.1549757,0.14979596366743012,0.81,0.824
4305714,0.1550601,0.14987720331334203,0.809,0.824
13567649,0.1553261,0.15014127447487138,0.809,0.823
8800588,0.1554176,0.15023068039769008,0.808,0.823
12186019,0.1556796,0.15048738921630864,0.808,0.822
5868609,0.1557759,0.15058403054509137,0.807,0.822
8177278,0.156035,0.15083426557942634,0.807,0.821
14267991,0.156135,0.1509346727042956,0.806,0.821
17749888,0.1563848,0.15118198818885561,0.806,0.82
16680702,0.1564949,0.15129259258177943,0.805,0.82
5023031,0.156737,0.15153051473228088,0.805,0.819
3402195,0.1568556,0.15165102020705024,0.804,0.819
19733261,0.1570848,0.1518798028973866,0.804,0.818
17963539,0.1572172,0.1520092785830587,0.803,0.818
9722374,0.15744,0.15222993730880388,0.803,0.817
8967921,0.1575797,0.15236681764970234,0.802,0.817
15576572,0.157798,0.15258087565421716,0.802,0.816
22004595,0.1579429,0.1527253298996043,0.801,0.816
2762581,0.1581554,0.15293257562131088,0.801,0.815
1024046,0.158307,0.15308168422141172,0.8,0.815
9071299,0.1585118,0.15328512183471615,0.8,0.814
14021224,0.1586719,0.15344040803289155,0.799,0.814
9034344,0.158869,0.15363851429443304,0.799,0.813
1625481,0.1590377,0.15380433625918763,0.798,0.813
4049369,0.1592239,0.15399266837583034,0.798,0.812
22513626,0.1594043,0.15417071859978732,0.797,0.812
3923128,0.1595816,0.15434766870353922,0.797,0.811
8283371,0.1597718,0.15453384289208738,0.796,0.811
16929406,0.1599452,0.15470347296524412,0.796,0.81
10223368,0.1601401,0.15489341294987882,0.795,0.81
13270282,0.1603137,0.155060081160945,0.795,0.809
18928601,0.1605093,0.15524930183621485,0.794,0.809
20406713,0.1606795,0.15541753560295749,0.794,0.808
8520911,0.1608793,0.15561462636892506,0.793,0.808
12139266,0.1610389,0.15577583629128153,0.793,0.807
18793557,0.1612502,0.15598358976077506,0.792,0.807
20354991,0.1614058,0.15613494091360158,0.792,0.806
7421460,0.1616219,0.15634891429348524,0.791,0.806
18141414,0.16177,0.15649484946991765,0.791,0.805
7300464,0.1619944,0.15671736993754828,0.79,0.805
20762600,0.1621437,0.1568556042725453,0.79,0.804
14176282,0.1623679,0.1570796056712212,0.789,0.804
11539554,0.1625048,0.15721720532148453,0.789,0.803
19253308,0.1627423,0.15745741233702723,0.788,0.803
7258626,0.1628655,0.15757961030441978,0.788,0.802
23285623,0.1631173,0.1578217636864791,0.787,0.802
7151038,0.1632416,0.15794286153366657,0.787,0.801
20819299,0.1634934,0.15819635461630113,0.786,0.801
462637,0.1636071,0.15830695900922498,0.786,0.8
17974407,0.1638703,0.15857284960032422,0.785,0.8
13226317,0.163972,0.15867190273109497,0.785,0.799
13333709,0.164248,0.15894346317248179,0.784,0.799
21025058,0.1643426,0.1590376926992765,0.784,0.798
20421842,0.1646266,0.1593170809190455,0.783,0.798
13137727,0.1647139,0.15940432891376966,0.783,0.797
18714624,0.1650062,0.15969429521243342,0.782,0.797
4053338,0.1650842,0.15977176906225882,0.782,0.796
7573956,0.1653866,0.16006846301909966,0.781,0.796
14919729,0.1654604,0.16014009776937513,0.781,0.795
6700511,0.1657678,0.16044779292826652,0.78,0.795
16620640,0.1658296,0.16050923041048742,0.78,0.794
5672243,0.1661499,0.16082141067483025,0.779,0.794
17171785,0.1662084,0.1608792516102269,0.779,0.793
4406869,0.1665329,0.16119841340664026,0.778,0.793
9530333,0.1665867,0.16125011905627795,0.778,0.792
157001,0.1669168,0.16157774331580715,0.777,0.792
15504547,0.1669608,0.1616218327486406,0.777,0.791
11597724,0.1673017,0.1619650702526185,0.776,0.791
9860369,0.1673285,0.1619944349996304,0.776,0.79
19973412,0.1676873,0.16235036619828203,0.775,0.79
9781513,0.1677052,0.1623678411846162,0.775,0.789
940244,0.1680738,0.16272719968082974,0.774,0.789
4292867,0.1680887,0.16274213592822917,0.774,0.788
20363432,0.1684613,0.16310572565600062,0.773,0.788
12378198,0.1684722,0.1631173192304693,0.773,0.787
19248424,0.1688484,0.16349334877902102,0.773,0.786
9191566,0.1688496,0.16349449121154164,0.772,0.786
1969554,0.1692295,0.1638702245738843,0.772,0.785
6354943,0.1692389,0.1638797448448896,0.771,0.785
10308791,0.1696145,0.16424798892737477,0.771,0.784
12684256,0.169629,0.1642624597393028,0.77,0.784
18951607,0.1699944,0.1646265995271768,0.77,0.783
22684117,0.17002,0.16465097142095036,0.769,0.783
16589904,0.170386,0.16500614099792157,0.769,0.782
5019805,0.170412,0.16503271313210527,0.768,0.782
3749871,0.1707694,0.16538648640266235,0.768,0.781
17920442,0.1708048,0.16542355199110967,0.767,0.781
2792061,0.1711481,0.1657677626783459,0.767,0.78
9488038,0.1711986,0.16581807202156945,0.766,0.78
9667666,0.1715359,0.166149885200341,0.766,0.779
9583778,0.1715932,0.16620649907858587,0.765,0.779
8285471,0.1719253,0.16653289628096327,0.765,0.778
15389362,0.1719888,0.1665939952646595,0.764,0.778
9246974,0.1723137,0.1669167959202127,0.764,0.777
3474483,0.1723853,0.16698610349313128,0.763,0.777
3377539,0.1727083,0.16730158411808926,0.763,0.776
1911065,0.1727826,0.16737364199152052,0.762,0.776
6376110,0.1731041,0.167687260874593,0.762,0.775
17415761,0.1731811,0.16776278835790176,0.761,0.775
9642336,0.1734943,0.16807382618972394,0.761,0.774
14286280,0.1735802,0.16815705451446808,0.76,0.774
3756740,0.1738871,0.16846128006348202,0.76,0.773
8668071,0.1739803,0.16855398634691587,0.759,0.773
20836629,0.1742783,0.16884962249586724,0.759,0.772
18517977,0.1743814,0.1689466023231746,0.758,0.772
6609267,0.1746702,0.16923885348687964,0.758,0.771
19584179,0.1747834,0.16934907706896327,0.757,0.771
16640635,0.1750657,0.16962897303651922,0.757,0.77
9883030,0.1751863,0.16975150950243637,0.756,0.77
10339000,0.1754532,0.17002002345710152,0.756,0.769
16717877,0.1755901,0.17015593061474166,0.755,0.769
16491766,0.1758485,0.170411962436311,0.755,0.768
11827220,0.1759949,0.17055040833288587,0.754,0.768
1081489,0.1762489,0.1708047899741476,0.754,0.767
23272371,0.1764008,0.17095097902447348,0.753,0.767
3246993,0.1766494,0.17119854838292697,0.753,0.766
2852965,0.1768073,0.17135404614268027,0.752,0.766
8049247,0.1770488,0.1715931953503335,0.752,0.765
6837375,0.1772149,0.1717580018195142,0.751,0.765
14910868,0.1774427,0.17198877318868275,0.751,0.764
7203770,0.1776234,0.17216936215157447,0.75,0.764
13590702,0.177843,0.17238523958565918,0.75,0.763
10945229,0.1780328,0.17257221770820336,0.749,0.763
3308993,0.1782436,0.17278263685357836,0.749,0.762
21042965,0.1784433,0.17297930449639015,0.748,0.762
12593680,0.1786485,0.1731809226801247,0.748,0.761
9117040,0.1788546,0.17338080605892048,0.747,0.761
23231385,0.179057,0.17358013937761377,0.747,0.76
4238167,0.1792669,0.1737868773515334,0.746,0.76
11872866,0.1794624,0.1739802869460456,0.746,0.759
13047044,0.1796802,0.17419629131707703,0.745,0.759
7097041,0.1798699,0.17438136538542012,0.745,0.758
16094685,0.1800944,0.17460917489249816,0.744,0.758
13209588,0.1802708,0.17478333238342184,0.744,0.757
19395485,0.1805095,0.17502210078023486,0.743,0.757
15348055,0.1806768,0.1751862725646819,0.743,0.756
6719370,0.1809256,0.1754299068777865,0.742,0.756
22726135,0.1810881,0.1755901013045691,0.742,0.755
22672851,0.1813427,0.1758426635162609,0.741,0.755
2321398,0.1814958,0.1759949032277146,0.741,0.754
3787064,0.1817608,0.17625652027494035,0.74,0.754
4613642,0.181907,0.17640059370948727,0.74,0.753
13890250,0.1821798,0.1766740158927596,0.739,0.753
14586919,0.1823107,0.17680725737451827,0.739,0.752
7560037,0.1825997,0.17709409256182918,0.738,0.752
10544799,0.1827212,0.17721480959817645,0.738,0.751
21755203,0.1830207,0.1775171310929893,0.737,0.751
10187512,0.1831259,0.17762333500509292,0.737,0.75
10859550,0.1834427,0.17793674232658752,0.736,0.75
15382710,0.1835371,0.17803279128295216,0.736,0.749
20959797,0.1838654,0.17835233389020572,0.735,0.749
16843136,0.1839545,0.17844322074406968,0.735,0.748
6605108,0.1842893,0.17877224131001299,0.734,0.748
9482517,0.1843725,0.17885458107612998,0.734,0.747
10064412,0.1847141,0.1791930372884474,0.733,0.747
6608977,0.1847883,0.179266872279133,0.733,0.746
22569966,0.1851399,0.17961015209542647,0.732,0.746
6073936,0.185212,0.17968013666539434,0.732,0.745
12832443,0.1855667,0.18002921326892213,0.731,0.745
23491548,0.1856317,0.1800943319225984,0.731,0.744
11266921,0.1859945,0.18045343654491847,0.73,0.744
1337264,0.1860521,0.18050950036306082,0.73,0.743
3240558,0.1864233,0.18088066399532093,0.729,0.743
18602614,0.1864697,0.18092559967446598,0.729,0.742
22280662,0.186853,0.18130751063488318,0.728,0.742
21905475,0.1868868,0.18134267216912944,0.728,0.741
304084,0.1872838,0.18173414571286753,0.727,0.741
13376588,0.1873123,0.18176071784705122,0.727,0.74
15602350,0.1877156,0.18216006148148703,0.726,0.74
7693735,0.1877353,0.18217973670823132,0.726,0.739
2102723,0.1881482,0.18258733124420506,0.725,0.739
16693330,0.1881593,0.18259968644035418,0.725,0.738
17058471,0.1885819,0.18301290851429994,0.724,0.738
23562068,0.1885903,0.18302065166805093,0.724,0.737
13847391,0.1890167,0.18343844347207922,0.723,0.737
18417740,0.1890203,0.1834425477666904,0.723,0.736
7489550,0.189448,0.1838654170485882,0.723,0.735
16585882,0.1894524,0.18386897128309684,0.722,0.735
14143176,0.1898838,0.18428925951374434,0.722,0.734
10417565,0.1898891,0.18429467549013845,0.721,0.734
20129208,0.1903149,0.18471411747447436,0.721,0.733
16433527,0.1903269,0.18472541486273397,0.72,0.733
17838951,0.1907459,0.18513990630614713,0.72,0.732
4875732,0.1907657,0.18515949690826025,0.719,0.732
1435642,0.1911792,0.18556671063339378,0.719,0.731
7223647,0.1912054,0.18559163258726988,0.718,0.731
19671763,0.1916235,0.18599448814389877,0.718,0.73
14605305,0.1916462,0.18601699829578686,0.717,0.73
13716630,0.1920572,0.18642323883766207,0.717,0.729
20081682,0.1920879,0.18645361908024788,0.716,0.729
915819,0.19249,0.18685300502699928,0.716,0.728
10178858,0.1925308,0.1868926939790125,0.715,0.728
22322273,0.1929243,0.1872837443995948,0.715,0.727
10471124,0.1929746,0.18733231893787963,0.714,0.727
11410830,0.1933611,0.18771545695544864,0.714,0.726
14987759,0.1934194,0.18777308632926742,0.713,0.726
2620811,0.1938015,0.18814818500687638,0.713,0.725
23358096,0.1938655,0.1882104264230933,0.712,0.725
15698072,0.1942402,0.18858192855387804,0.712,0.724
22721820,0.1943122,0.18865369024110024,0.711,0.724
5038051,0.1946788,0.189016645284138,0.711,0.723
7228960,0.1947602,0.1890947115063815,0.71,0.723
6291667,0.1951242,0.18945237750997185,0.71,0.722
3249076,0.1952091,0.18953674826723663,0.709,0.722
7500781,0.1955571,0.1898891252313796,0.709,0.721
16897923,0.1956591,0.18998877073456846,0.708,0.721
8531594,0.1960096,0.1903268461360457,0.708,0.72
8114910,0.1961102,0.19042704169933705,0.707,0.72
4228830,0.1964472,0.19076558253628567,0.707,0.719
23287562,0.1965622,0.19087999503761163,0.706,0.719
4158955,0.1968963,0.19120533443209956,0.706,0.718
9814043,0.1970154,0.19132414741424575,0.705,0.718
6953900,0.1973423,0.1916461441358029,0.705,0.717
1830491,0.1974695,0.19176516867952698,0.704,0.717
14597762,0.1977933,0.1920879270227646,0.704,0.716
18963275,0.1979248,0.19221714883454324,0.703,0.716
14309013,0.1982448,0.19253072540530014,0.703,0.715
4617039,0.198381,0.19267124460533844,0.702,0.715
12789474,0.1986903,0.19297453928340963,0.702,0.714
20381328,0.1988383,0.1931185280933254,0.701,0.714
14044564,0.1991398,0.19341941096940857,0.701,0.713
5301396,0.1992967,0.1935742317321126,0.7,0.713
7029932,0.199591,0.19386529815098144,0.7,0.712
13158688,0.1997561,0.19403348960540845,0.699,0.712
18453541,0.2000372,0.19431220082812817,0.699,0.711
1912008,0.2002166,0.1944869083791544,0.698,0.711
18206124,0.2004917,0.19476011900084883,0.698,0.71
7322148,0.2006782,0.19494498150761405,0.697,0.71
6193031,0.2009448,0.19520909498145894,0.697,0.709
4670264,0.2011409,0.19540292769912693,0.696,0.709
793545,0.201401,0.195659086457643,0.696,0.708
22755980,0.2016044,0.19585947758422573,0.695,0.708
13403756,0.2018539,0.19611013574171648,0.695,0.707
2361817,0.2020692,0.19632207813045233,0.694,0.707
2070681,0.202317,0.1965622005213639,0.694,0.706
1791810,0.202535,0.19678103981753914,0.693,0.706
20268893,0.2027706,0.19701532310890077,0.693,0.705
22588249,0.2030019,0.19724867552931966,0.692,0.705
17990967,0.2032218,0.19746950350432713,0.692,0.704
21585236,0.2034699,0.19771804604603893,0.691,0.704
12714013,0.2036847,0.19792474170764296,0.691,0.703
23353676,0.2039389,0.19817662692228552,0.69,0.703
4535133,0.2041412,0.1983809954065327,0.69,0.702
370784,0.204409,0.1986492554873044,0.689,0.702
2386447,0.2045975,0.19883830691331192,0.689,0.701
19773364,0.2048803,0.19912048774590912,0.688,0.701
8936311,0.2050609,0.1992966762279806,0.688,0.7
3624023,0.2053526,0.19958084573941004,0.687,0.7
5320147,0.2055292,0.19975610335053878,0.687,0.699
2394452,0.2058259,0.2000498777576047,0.686,0.699
55325,0.2059927,0.20021658828098643,0.686,0.698
1442813,0.2063004,0.2005250027492427,0.685,0.698
20369558,0.2064571,0.20067813101932358,0.685,0.697
248398,0.206776,0.20099141140387144,0.684,0.697
8817395,0.206926,0.20114073156555018,0.684,0.696
10840858,0.2072527,0.20145769312155343,0.683,0.696
6421292,0.2074002,0.20160443223198185,0.683,0.695
1786478,0.2077304,0.20192812144616218,0.682,0.695
10816888,0.2078739,0.2020691483939874,0.682,0.694
1197767,0.2082093,0.2024000307018162,0.681,0.694
656917,0.2083477,0.20253496467619803,0.681,0.693
2610029,0.2086893,0.20287164377126116,0.68,0.693
8925935,0.2088218,0.2030018810786137,0.68,0.692
9579035,0.2091703,0.2033405911648246,0.679,0.692
1662277,0.2093005,0.20346985528891887,0.679,0.691
14058024,0.2096525,0.2038172817121391,0.678,0.691
22508871,0.2097725,0.2039388873071135,0.678,0.69
119079,0.2101358,0.20429909204963861,0.677,0.69
250413,0.2102464,0.20440901944551318,0.677,0.689
18860327,0.2106202,0.20477937914377728,0.676,0.689
14240417,0.2107234,0.20488020939180235,0.676,0.688
2853211,0.2111058,0.205264489841892,0.675,0.688
17014543,0.2111953,0.20535254177061216,0.675,0.687
10344694,0.2115924,0.20574651174096942,0.674,0.687
6030677,0.2116725,0.20582588964499587,0.674,0.686
16382808,0.2120802,0.20622142517102957,0.673,0.686
13288795,0.2121595,0.2063003799519002,0.673,0.685
2786138,0.2125691,0.20670501262578342,0.672,0.685
14217667,0.2126416,0.2067759703790096,0.672,0.684
7153184,0.2130591,0.20718834620664378,0.671,0.684
8493816,0.2131244,0.20725261861400848,0.671,0.683
14922448,0.2135504,0.2076643174445934,0.67,0.683
4868092,0.2136178,0.207730409281528,0.67,0.682
571209,0.2140425,0.20815137450922475,0.669,0.682
18542988,0.2141023,0.208209257756937,0.669,0.681
3618995,0.214536,0.20864372061330347,0.668,0.681
12710419,0.2145839,0.20868924866486663,0.668,0.68
3668405,0.2150305,0.20913348566613188,0.667,0.68
7934251,0.2150675,0.2091702973806857,0.667,0.679
23348563,0.2155262,0.2096293013800881,0.666,0.679
15878265,0.2155512,0.20965248852902546,0.666,0.678
5194303,0.2160231,0.21011796631271146,0.665,0.678
14519696,0.2160412,0.21013577979757025,0.665,0.677
9391603,0.216521,0.21060984698131882,0.664,0.677
7861742,0.2165301,0.21062021349863572,0.664,0.676
14572156,0.2170117,0.2111057473199062,0.664,0.675
8869320,0.2170202,0.21111463290617782,0.663,0.675
7726408,0.2175081,0.21159238126138175,0.663,0.674
22696079,0.2175205,0.21160477876984643,0.662,0.674
22274626,0.2180027,0.21208015763537794,0.662,0.673
19777273,0.2180219,0.21209915586507297,0.661,0.673
9222387,0.2184987,0.21256907644189477,0.661,0.672
6427469,0.2185245,0.21259247515241003,0.66,0.672
13075918,0.2189954,0.21305909536861664,0.66,0.671
12860170,0.2190282,0.21309243747329298,0.659,0.671
19172369,0.219486,0.2135502144155436,0.659,0.67
22753186,0.2195331,0.21359773114593894,0.658,0.67
22795001,0.2199771,0.21404251820730674,0.658,0.669
3017925,0.2200392,0.21410365950331858,0.657,0.669
14254545,0.2204709,0.21453592211927494,0.657,0.668
21429544,0.2205465,0.2146126343474199,0.656,0.668
1462571,0.2209703,0.2150304684637638,0.656,0.667
5513939,0.2210549,0.21511898582795533,0.655,0.667
11956912,0.2214644,0.21552619955308885,0.655,0.666
9769973,0.2215645,0.21562427950060128,0.654,0.666
19315923,0.2219619,0.21602303076261897,0.654,0.665
17530485,0.2220752,0.21613439677722324,0.653,0.665
15479923,0.2224553,0.21652100440466973,0.653,0.664
18839670,0.2225872,0.21665416126179726,0.652,0.664
4716303,0.2229602,0.21702012047924113,0.652,0.663
20589098,0.2231003,0.21716080892854173,0.651,0.663
21240045,0.2234587,0.21752042129864874,0.651,0.662
1697661,0.2236146,0.2176817158456364,0.65,0.662
787133,0.2239601,0.21802186455057698,0.65,0.661
15183530,0.2241301,0.21819284861783225,0.649,0.661
15216186,0.2244728,0.21852445023502587,0.649,0.66
3123451,0.2246467,0.2186958997377525,0.648,0.66
3549441,0.224983,0.21902822066431096,0.648,0.659
9941809,0.2251646,0.21920927506267407,0.647,0.659
19173994,0.2254897,0.2195331335261167,0.647,0.658
19574273,0.2256836,0.21972688161915352,0.646,0.658
858162,0.225992,0.22003918882044307,0.646,0.657
16358812,0.2262039,0.2202532045126423,0.645,0.657
11786908,0.2264982,0.22054642885960565,0.645,0.656
19775576,0.2267254,0.22077453455289275,0.644,0.656
22824837,0.2270056,0.22105485364360447,0.644,0.655
15283782,0.227248,0.22129396053894212,0.643,0.655
12343224,0.2275203,0.2215644208601239,0.643,0.654
14396382,0.2277719,0.22181122859689695,0.642,0.654
16743814,0.2280428,0.22207517282147957,0.642,0.653
23513180,0.2282969,0.22232781965780254,0.641,0.653
17438385,0.2285684,0.22258710952767144,0.641,0.652
12660471,0.2288233,0.22284301441229398,0.64,0.652
10569879,0.2290844,0.22310023097869952,0.64,0.651
16506818,0.2293507,0.2233620172751876,0.639,0.651
159978,0.2296008,0.2236145371745638,0.639,0.65
22096478,0.2298795,0.22388491287111445,0.638,0.65
23213310,0.2301271,0.22413002811526433,0.638,0.649
18718651,0.2304094,0.22440455041874172,0.637,0.649
18142401,0.2306523,0.22464670380080107,0.637,0.648
1086687,0.2309405,0.2249292231319229,0.636,0.648
1114287,0.2311787,0.225164564231174,0.636,0.647
12128032,0.2314729,0.2254542766559443,0.635,0.647
17590561,0.2317019,0.22568360940638318,0.635,0.646
266029,0.2320065,0.22599058525590976,0.634,0.646
2049225,0.2322188,0.22620388163874414,0.634,0.645
23517811,0.2325413,0.22652634379577266,0.633,0.645
5056098,0.2327431,0.2267253386159413,0.633,0.644
9826298,0.2330774,0.2270578287917621,0.632,0.644
3143869,0.233273,0.2272479803379747,0.632,0.643
20448118,0.2336147,0.22759477207646123,0.631,0.643
21267901,0.2337907,0.2277718491171599,0.631,0.642
10867299,0.2341532,0.22813336554146796,0.63,0.642
18364215,0.2343132,0.22829690264118127,0.63,0.641
1681034,0.234693,0.22867470930698733,0.629,0.641
18212356,0.2348424,0.22882318322235448,0.629,0.64
13205227,0.235234,0.2292083099187557,0.628,0.64
2933581,0.2353802,0.22935069086067947,0.628,0.639
10603943,0.2357764,0.22974601482513526,0.627,0.639
16118524,0.235908,0.22987938324384066,0.627,0.638
16789584,0.2363198,0.23030009459764395,0.626,0.638
942403,0.2364288,0.23040930268415366,0.626,0.637
10277322,0.2368646,0.23084880070607408,0.625,0.637
14294682,0.2369546,0.23094044918161846,0.625,0.636
5588955,0.2374106,0.23139162540263872,0.624,0.636
3110097,0.2374888,0.23147282273623504,0.624,0.635
15262004,0.2379579,0.23194363187168401,0.623,0.635
20746912,0.23802,0.23200642334800345,0.623,0.634
1988219,0.2385065,0.23249555371609815,0.622,0.634
4956691,0.2385533,0.2325412510169236,0.622,0.633
19301756,0.2390562,0.23304819486987716,0.621,0.633
4618816,0.2390851,0.23307734805531116,0.621,0.632
8200324,0.2396073,0.23360147070838982,0.62,0.632
23461424,0.2396197,0.23361462983853493,0.62,0.631
6433569,0.2401597,0.23415280018038587,0.619,0.631
21882231,0.2401602,0.2341531809912261,0.619,0.63
9945977,0.2406999,0.234692959201069,0.619,0.629
573314,0.2407133,0.23470544133416485,0.618,0.629
19512512,0.2412437,0.23523396446806374,0.618,0.628
20253305,0.2412682,0.2352579555509971,0.617,0.628
5462528,0.241791,0.23577623910452586,0.617,0.627
9770332,0.2418244,0.23581131601414093,0.616,0.627
23149176,0.2423392,0.23631974079813975,0.616,0.626
10934112,0.2423818,0.23636370329402645,0.615,0.626
12979910,0.2428818,0.2368645541735366,0.615,0.625
15084006,0.2429406,0.2369253992833394,0.614,0.625
4722495,0.243431,0.23741055229376967,0.614,0.624
16438868,0.2435006,0.23747897130806112,0.613,0.624
6954374,0.2439738,0.23795786209578568,0.613,0.623
14403826,0.244062,0.2380448139043008,0.612,0.623
21626960,0.2445301,0.2385063989549535,0.612,0.622
15914008,0.2446246,0.23860223634974023,0.611,0.622
17608268,0.2450793,0.2390562051835887,0.611,0.621
14677452,0.2451885,0.23916393233905314,0.61,0.621
23482634,0.2456332,0.23960728078169125,0.61,0.62
7176695,0.2457537,0.23973193286338737,0.609,0.62
22707081,0.2461797,0.24015966806157676,0.609,0.619
503805,0.2463203,0.24030166819266033,0.608,0.619
12445059,0.2467364,0.2407132823986141,0.608,0.618
9793553,0.2468881,0.24086429505291598,0.607,0.618
5398580,0.2472914,0.24126816610511878,0.607,0.617
17633076,0.2474572,0.24143470737923822,0.606,0.617
2900458,0.2478527,0.24182436149340641,0.606,0.616
15556267,0.2480276,0.24200266559125685,0.605,0.616
19520776,0.248407,0.24238182625116142,0.605,0.615
6564679,0.2485994,0.24257515122104245,0.604,0.615
14377531,0.2489643,0.2429405603783838,0.604,0.614
17910159,0.2491725,0.24315296820259102,0.603,0.614
4864272,0.2495244,0.24350060618738914,0.603,0.613
12028194,0.2497469,0.24372642701563496,0.602,0.613
3198990,0.2500799,0.24406192136586186,0.602,0.612
2961304,0.2503226,0.24430483636960162,0.601,0.612
22514257,0.25064,0.2446245482261175,0.601,0.611
2654139,0.2508997,0.24488294953735926,0.6,0.611
5307396,0.2512085,0.24518848676815613,0.6,0.61
8134086,0.2514781,0.24545602753956297,0.599,0.61
4110203,0.2517761,0.24575369467966213,0.599,0.609
18683556,0.2520578,0.24603511389057892,0.598,0.609
5953760,0.2523381,0.2463202142729511,0.598,0.608
19678488,0.2526388,0.24662482063280522,0.597,0.608
20095365,0.252907,0.246888045548023,0.597,0.607
15726864,0.2532212,0.24720716503212076,0.596,0.607
2399298,0.2534707,0.24745714619256226,0.596,0.606
22115539,0.253805,0.24778540513682512,0.595,0.606
5947950,0.2540434,0.24802760083120004,0.595,0.605
15295332,0.25439,0.24836690328982908,0.594,0.605
17819532,0.2546124,0.24859936715162081,0.594,0.604
17605072,0.2549765,0.24895830252467854,0.593,0.604
12689150,0.2551923,0.24917244515382453,0.593,0.603
22317627,0.2555642,0.24955325599403666,0.592,0.603
18037919,0.2557587,0.24974687715012675,0.592,0.602
17839566,0.2561534,0.25013919694017644,0.591,0.602
17523045,0.2563371,0.2503225785158964,0.591,0.601
4859284,0.2567439,0.25072852287156255,0.59,0.601
728167,0.256917,0.2508996338757645,0.59,0.6
3587257,0.2573357,0.2513130251989726,0.589,0.6
19294144,0.2575034,0.2514780432297312,0.589,0.599
6713398,0.2579289,0.25190370512445726,0.588,0.599
15556045,0.2580799,0.2520577219531653,0.588,0.598
15536317,0.2585235,0.2525083058017674,0.587,0.598
10695985,0.2586543,0.25263879698301345,0.587,0.597
17516463,0.2591195,0.2531052902622733,0.586,0.597
7144907,0.2592359,0.2532211836946445,0.586,0.596
11532075,0.2597168,0.2536983819897459,0.585,0.596
1105375,0.2598187,0.25380492440037417,0.585,0.595
23279996,0.2603155,0.2542998092433877,0.584,0.595
20890746,0.2604037,0.25439001910020237,0.584,0.594
11407763,0.2609156,0.2548953550851639,0.583,0.594
8721650,0.260998,0.2549764254818135,0.583,0.593
7146627,0.2615171,0.25549978651321176,0.582,0.593
10210255,0.2615803,0.25556422816983876,0.582,0.592
17112518,0.26212,0.25610430256589073,0.581,0.592
12062694,0.2621701,0.25615334253964694,0.581,0.591
8426844,0.2627243,0.25670132933871226,0.58,0.591
6341930,0.2627673,0.2567438532158693,0.58,0.59
23359889,0.2633298,0.257306776262334,0.579,0.59
16484416,0.2633597,0.2573357178861901,0.579,0.589
11783630,0.2639369,0.25790672258493047,0.578,0.589
13727109,0.2639588,0.2579289365506095,0.578,0.588
13884324,0.2645453,0.25852253602586905,0.577,0.588
14177229,0.2645465,0.25852350920912737,0.577,0.587
9710463,0.26514,0.2591194781740594,0.577,0.586
19752216,0.2651552,0.2591343297968277,0.576,0.586
22098959,0.2657392,0.25971680113309,0.576,0.585
20250814,0.2657664,0.25974434645053196,0.575,0.585
2142753,0.2663454,0.2603155203985346,0.575,0.584
2927699,0.2663791,0.2603512319928834,0.574,0.584
20208444,0.2669503,0.2609155936580778,0.574,0.583
3816874,0.2669931,0.26095727128892326,0.573,0.583
22660022,0.2675429,0.2615170632240351,0.573,0.582
11533168,0.2676086,0.26158315506096974,0.572,0.582
2779447,0.2681535,0.2621199290964065,0.572,0.581
20609832,0.2682255,0.2621917754082599,0.571,0.581
7499981,0.2687647,0.2627241912751921,0.571,0.58
7509848,0.2688438,0.2628055578580507,0.57,0.58
3721189,0.2693759,0.2633298074480761,0.57,0.579
19000942,0.2694636,0.2634203134910999,0.569,0.579
8526297,0.2699816,0.2639368622396899,0.569,0.578
10459743,0.2700848,0.26404175447001055,0.568,0.578
13894255,0.2705951,0.26454527102540215,0.568,0.577
19880863,0.2707074,0.2646590488419944,0.567,0.577
20981855,0.2712083,0.2651551184298441,0.567,0.576
15707352,0.2713314,0.2652784165174417,0.566,0.576
74744,0.2718165,0.2657663621407002,0.566,0.575
2491304,0.2719569,0.26590776989936565,0.565,0.575
20775162,0.2724227,0.266379044470286,0.565,0.574
20119890,0.2725838,0.2665428777562084,0.564,0.574
5547459,0.273033,0.26699308079397027,0.564,0.573
8786736,0.2732122,0.26717155414108307,0.563,0.573
7746134,0.2736459,0.26760859804869985,0.563,0.572
22452010,0.273842,0.26780776211813084,0.562,0.572
1127393,0.2742621,0.268225469297528,0.562,0.571
8735308,0.2744733,0.2684328419561813,0.561,0.571
6852540,0.2748912,0.2688438214774014,0.561,0.57
12319329,0.275106,0.2690560600523463,0.56,0.57
6263484,0.2755187,0.26946356996368886,0.56,0.569
20877983,0.2757402,0.2696858788697416,0.559,0.569
14272003,0.2761421,0.27008471475639045,0.559,0.568
19818511,0.2763758,0.27031700936891984,0.558,0.568
20287849,0.2767701,0.2707073404801373,0.558,0.567
13226964,0.277013,0.27094365476264676,0.557,0.567
20972763,0.2773999,0.27133140482261386,0.557,0.566
22612932,0.2776515,0.2715815552323177,0.556,0.566
9198869,0.2780387,0.27195686547150455,0.556,0.565
9242690,0.2782916,0.27221429359948796,0.555,0.565
20377139,0.2786623,0.2725838070514405,0.555,0.564
13975050,0.2789331,0.27285655223766353,0.554,0.564
2934999,0.2792908,0.2732121449377905,0.554,0.563
22497984,0.2795763,0.2734968645093225,0.553,0.563
1897004,0.279922,0.2738419637551858,0.553,0.562
11928606,0.2802206,0.2741365420962477,0.552,0.562
16451368,0.2805574,0.27447326350362644,0.552,0.561
7191042,0.2808667,0.2747795200437882,0.551,0.561
638956,0.2811955,0.2751060018707967,0.551,0.56
5252864,0.2815141,0.275422455679013,0.55,0.56
11258790,0.2818249,0.2757401788566967,0.55,0.559
17297962,0.282163,0.27607673101481306,0.549,0.559
4512278,0.2824649,0.2763757944613264,0.549,0.558
12108933,0.2828135,0.27673096403829756,0.548,0.558
21616329,0.2830944,0.27701293330931687,0.548,0.557
16841794,0.2834654,0.2773838007553679,0.547,0.557
7215313,0.2837367,0.27765151077603706,0.547,0.556
3653048,0.284119,0.27803088299751955,0.546,0.556
22227178,0.2843837,0.27829156917380254,0.546,0.555
11578626,0.2847738,0.27867885379829826,0.545,0.555
1386665,0.2850286,0.2789330661902977,0.545,0.554
10986781,0.2854303,0.2793390528582794,0.544,0.554
21623084,0.2856644,0.2795760864501537,0.544,0.553
21760404,0.2860884,0.27999722092711277,0.543,0.553
9312748,0.2863086,0.28022058764105495,0.543,0.552
3795886,0.2867478,0.2806541619387943,0.542,0.552
5852509,0.2869589,0.2808665697630015,0.542,0.551
887741,0.2874088,0.28131304931699247,0.541,0.551
1154945,0.2876113,0.28151403281599335,0.541,0.55
22996635,0.2880714,0.281980145284413,0.54,0.55
5450362,0.2882554,0.28216297680003044,0.54,0.549
3067751,0.2887354,0.28265434972085085,0.539,0.549
905204,0.2888942,0.28281344402742836,0.539,0.548
16892996,0.289401,0.28331374484683597,0.538,0.548
2577196,0.289554,0.2834653921858716,0.538,0.547
20151707,0.2900682,0.2839875684724336,0.537,0.547
8428387,0.2902023,0.28411882127536003,0.537,0.546
7303594,0.2907368,0.28464933308809115,0.536,0.546
8016728,0.2908611,0.2847738159205249,0.536,0.545
8681636,0.2914071,0.28530631641208826,0.535,0.545
8935740,0.2915354,0.2854302914967351,0.535,0.544
9917089,0.2920788,0.2859635112976633,0.534,0.544
6724530,0.2921992,0.2860882480039906,0.534,0.543
20171458,0.2927521,0.2866375464848388,0.533,0.543
20592853,0.2928622,0.2867477700669224,0.533,0.542
6878937,0.293427,0.2873010459054351,0.532,0.542
8162475,0.2935324,0.28740877306089957,0.532,0.541
21520631,0.2941034,0.2879805816936359,0.531,0.541
23040318,0.2941932,0.28807134161055314,0.531,0.54
4813686,0.2947814,0.28866506802275943,0.53,0.54
8513714,0.2948525,0.28873539109125196,0.53,0.539
20679810,0.2954609,0.2893325448010202,0.529,0.539
1685922,0.2955292,0.2894010061276272,0.529,0.538
14691772,0.2961421,0.2900048028709414,0.528,0.538
16023896,0.2962083,0.29006814440736334,0.528,0.537
272128,0.2968248,0.29067959967979734,0.527,0.537
9802793,0.2968828,0.2907368059304603,0.527,0.536
5754599,0.297509,0.29136053177441223,0.526,0.536
14939654,0.2975554,0.2914070330092337,0.526,0.535
7718026,0.2981948,0.2920348631477968,0.525,0.535
2209155,0.2982372,0.29207878333136794,0.525,0.534
94321,0.2988822,0.2927345395982133,0.524,0.534
7980239,0.2989013,0.2927520992091786,0.524,0.533
21422109,0.2995712,0.2934173757470292,0.523,0.533
11634062,0.2995823,0.2934269806426657,0.523,0.532
16808313,0.3002488,0.29410338531951363,0.523,0.531
5208027,0.3002618,0.2941160367018718,0.522,0.531
786184,0.3009389,0.294781355552038,0.522,0.53
646825,0.300954,0.29479586867628166,0.521,0.53
16557453,0.3016098,0.2954608913402388,0.521,0.529
6624510,0.3016477,0.2954986339257354,0.52,0.529
7314661,0.3022895,0.2961420349964316,0.52,0.528
679996,0.3023431,0.2961967025081598,0.519,0.528
19619477,0.3029683,0.29682470189598525,0.519,0.527
20082713,0.3030401,0.29689345940880135,0.518,0.527
3018328,0.3036536,0.29750893435121534,0.518,0.526
23619440,0.3037387,0.29759279736069316,0.517,0.526
12461017,0.3043491,0.2981947746744374,0.517,0.525
21438652,0.3044388,0.29828633852535064,0.516,0.525
22118686,0.3050431,0.29888218055333593,0.516,0.524
1233977,0.3051407,0.2989767062663397,0.515,0.524
10496247,0.3057334,0.29957119430022644,0.515,0.523
18069571,0.3058441,0.2996825180025151,0.514,0.523
14314361,0.3064172,0.3002617736027934,0.514,0.522
3322978,0.3065491,0.30039251865793287,0.513,0.522
8181666,0.3071036,0.30095391846103675,0.513,0.521
13070428,0.3072558,0.3011071736680644,0.512,0.521
16590902,0.3078002,0.30164771349958774,0.512,0.52
1030876,0.3079641,0.30181099672540757,0.511,0.52
7467882,0.3084915,0.3023430740938151,0.511,0.519
19257984,0.308674,0.30252772503900244,0.51,0.519
4079405,0.3091844,0.3030400425560345,0.51,0.518
18238142,0.3093856,0.30323645632495283,0.509,0.518
1572760,0.3098775,0.3037386188862459,0.509,0.517
7114493,0.3100988,0.30395707737158095,0.508,0.517
10739038,0.3105646,0.3044388030844493,0.508,0.516
9885103,0.3108136,0.30468726100153,0.507,0.516
15132925,0.3112677,0.30514063746296033,0.507,0.515
20590369,0.3115301,0.3054100822885682,0.506,0.515
13878897,0.3119716,0.30584403739714777,0.506,0.514
18521629,0.3122483,0.306120379130195,0.505,0.514
9586405,0.3126708,0.3065490875116428,0.505,0.513
18249579,0.3129681,0.30684489290985645,0.504,0.513
1253721,0.3133814,0.30725574549412976,0.504,0.512
14291561,0.3136896,0.3075622135958694,0.503,0.512
3609468,0.3140882,0.30796405365692436,0.503,0.511
22639876,0.3144127,0.30829159329182243,0.502,0.511
12934252,0.3148048,0.308673969687711,0.502,0.51
9289510,0.3151375,0.30900925247636,0.501,0.51
10348810,0.3155128,0.3093855358988052,0.501,0.509
20464578,0.3158641,0.30973169295255804,0.5,0.509
4960744,0.3162288,0.31009875229020695,0.5,0.508
2915506,0.3165921,0.31046043796377737,0.499,0.508
2807884,0.3169464,0.31081361886191633,0.499,0.507
17547241,0.3173219,0.31119066390604194,0.498,0.507
7768680,0.3176639,0.31153009330161774,0.498,0.506
3051379,0.3180534,0.31191365444234254,0.497,0.506
23176353,0.3183901,0.31224826023394225,0.497,0.505
11262073,0.3187866,0.31264764618069363,0.496,0.505
10012512,0.3191071,0.3129680773465744,0.496,0.504
20623159,0.3195215,0.31338438821955744,0.495,0.504
8871497,0.3198284,0.3136895446395141,0.495,0.503
4393143,0.3202581,0.31411245623372747,0.494,0.503
12128187,0.3205587,0.31441266211276137,0.494,0.502
18321428,0.3209963,0.31484847896322643,0.493,0.502
6911102,0.3212801,0.31513747207863185,0.493,0.501
10018499,0.3217363,0.31560290755000225,0.492,0.501
22163329,0.3219966,0.3158639322248099,0.492,0.5
7409580,0.322478,0.3163492121721869,0.491,0.5
11799372,0.3227195,0.3165920848636111,0.491,0.499
22193914,0.3232214,0.31709640535299877,0.49,0.499
1944593,0.323443,0.3173218876827199,0.49,0.498
18648946,0.3239666,0.3178508339397746,0.489,0.498
16464579,0.3241688,0.3180533829944519,0.489,0.497
10421948,0.3247133,0.3186035700339273,0.488,0.497
8382233,0.3248971,0.318786570798807,0.488,0.496
14340339,0.3254618,0.3193483091004355,0.487,0.496
15870305,0.3256402,0.31952145109578534,0.487,0.495
13793568,0.3262121,0.3200902978664311,0.486,0.495
23223523,0.3263825,0.32025802388538677,0.486,0.494
20132787,0.3269641,0.3208436263330019,0.485,0.494
9226425,0.3271172,0.3209962891676114,0.485,0.493
12301202,0.3277178,0.3216020322774422,0.484,0.493
5403479,0.3278517,0.32173628925477477,0.484,0.492
80340,0.3284733,0.32235887266620605,0.483,0.492
3458030,0.3285911,0.32247793952224574,0.483,0.491
15975586,0.3292305,0.32311660161359707,0.482,0.491
14449965,0.3293355,0.3232213245946554,0.482,0.49
8077262,0.3299895,0.3238647256653516,0.481,0.49
7005099,0.3300927,0.32396644447200384,0.481,0.489
15031474,0.3307502,0.3246293092078665,0.48,0.489
5910149,0.3308342,0.3247132568419755,0.48,0.488
17418924,0.3315126,0.3253909732006064,0.479,0.488
5670177,0.3315837,0.32546180401688585,0.479,0.487
21557167,0.3322768,0.32615492205838753,0.478,0.487
21402212,0.3323339,0.3262120859967349,0.478,0.486
1653819,0.3330428,0.32692124040584114,0.477,0.486
12009925,0.3330841,0.3269640604692072,0.477,0.485
5791015,0.3338106,0.3276964866518819,0.476,0.485
17960136,0.3338315,0.3277178120589338,0.476,0.484
2580846,0.334578,0.32847325614128353,0.476,0.483
21234524,0.3345801,0.32847571025558714,0.475,0.483
18346526,0.335338,0.3292304773408876,0.475,0.482
21466312,0.3353514,0.3292430440986146,0.474,0.482
5174431,0.3360954,0.3299894333454304,0.474,0.481
4544695,0.3361244,0.330019136590967,0.473,0.481
15637803,0.3368591,0.330750124154912,0.473,0.48
17374596,0.3368993,0.33078938998376944,0.472,0.48
13748309,0.3376222,0.33151259208164785,0.472,0.479
1842001,0.3376759,0.33156573635001524,0.471,0.479
4960598,0.3383817,0.3322767948133225,0.471,0.478
19947521,0.3384543,0.3323496143084342,0.47,0.478
21881792,0.3391407,0.33304277466225146,0.47,0.477
1288344,0.3392345,0.33313632719199693,0.469,0.477
418018,0.3399014,0.3338105316284347,0.469,0.476
20008411,0.3400166,0.3339259596253346,0.468,0.476
3380655,0.3406776,0.3345800233995568,0.468,0.475
3880904,0.3408004,0.3347029829886297,0.467,0.475
9141308,0.3414373,0.3353513346002487,0.467,0.474
7868587,0.341586,0.33550458980727627,0.466,0.474
2037562,0.3422068,0.33612438060587935,0.466,0.473
8782913,0.3423734,0.33628901782579773,0.465,0.473
13973534,0.3429892,0.3368992460410799,0.465,0.472
313692,0.3431628,0.33707293809653227,0.464,0.472
3471562,0.3437715,0.3376758885935348,0.464,0.471
21065970,0.3439538,0.33785592749632404,0.463,0.471
14296863,0.3445513,0.338454308263244,0.463,0.47
11862375,0.3447467,0.33864797173164973,0.462,0.47
2869683,0.3453253,0.3392345050502076,0.462,0.469
22220622,0.3455414,0.33944703981136154,0.461,0.469
15895751,0.3461098,0.34001652126674103,0.461,0.468
5465921,0.346338,0.34024670026349146,0.46,0.468
7031929,0.3468868,0.3408003569128444,0.46,0.467
1923644,0.3471363,0.34104551446930986,0.459,0.467
18583260,0.3476755,0.34158596967620203,0.459,0.466
9202512,0.3479366,0.34185067552246506,0.458,0.466
18967701,0.3484606,0.3423734018691296,0.458,0.465
12388866,0.3487386,0.3426494897282834,0.457,0.465
22217160,0.3492439,0.3431626534916271,0.457,0.464
1712979,0.3495426,0.3434651442357023,0.456,0.464
18030478,0.3500273,0.3439537245436945,0.456,0.463
10424316,0.3503483,0.3442707284120133,0.455,0.463
23095016,0.3508272,0.34474661502533177,0.455,0.462
10991113,0.351156,0.3450779204563163,0.454,0.462
23435169,0.3516219,0.34554136724885454,0.454,0.461
7784308,0.3519655,0.34588168520305745,0.453,0.461
921634,0.3524183,0.3463378965896316,0.453,0.46
744974,0.3527768,0.3467022056267679,0.452,0.46
17414659,0.3532076,0.34713628767229415,0.452,0.459
21055574,0.3535901,0.34752327611058087,0.451,0.459
21930106,0.3540075,0.3479365404968422,0.451,0.458
8282696,0.3544052,0.34833347232929,0.45,0.458
22715716,0.3548124,0.3487386127509602,0.45,0.457
1738605,0.3552222,0.34915488131162764,0.449,0.457
14441278,0.3556059,0.3495425467469636,0.449,0.456
18378091,0.356041,0.3499765441678587,0.448,0.456
15552335,0.3564149,0.35034830017253693,0.448,0.455
13995416,0.3568618,0.35079020999644533,0.447,0.455
14575238,0.3572308,0.35115595765231133,0.447,0.454
20895610,0.3576845,0.3516179235138042,0.446,0.454
20226116,0.3580295,0.35196543456165563,0.446,0.453
15838794,0.358509,0.35244259054444144,0.445,0.453
7281600,0.3588498,0.35277681552520096,0.445,0.452
13136436,0.3593354,0.35325837198880705,0.444,0.452
21837366,0.3596676,0.35359005823063183,0.444,0.451
4509100,0.3601638,0.354083969890387,0.443,0.451
15228352,0.3604793,0.35440516267794814,0.443,0.45
6364895,0.3609941,0.35491134490922127,0.442,0.45
11809944,0.3612992,0.35522212886714993,0.442,0.449
12698131,0.3618262,0.35575204830746293,0.441,0.449
4575266,0.362119,0.3560409991105528,0.441,0.448
3022971,0.3626603,0.35657430353611214,0.44,0.448
22661090,0.3629479,0.3568617734081567,0.44,0.447
18620816,0.3634964,0.35741454149888247,0.439,0.447
4146549,0.3637636,0.3576844094476461,0.439,0.446
17072416,0.3643343,0.3582469093709551,0.438,0.446
6826807,0.3645975,0.3585089495413366,0.438,0.445
13078268,0.3651742,0.3590849894056309,0.437,0.445
18564690,0.3654248,0.3593354360015437,0.437,0.444
20991662,0.366016,0.35993339364530796,0.436,0.444
14158458,0.3662482,0.3601637842036363,0.436,0.443
15875787,0.3668597,0.3607755779745949,0.435,0.443
4022858,0.3670791,0.36099403645992995,0.435,0.442
4205118,0.3677054,0.36162715563794046,0.434,0.442
18406355,0.3679032,0.36182619277042466,0.434,0.441
8826618,0.3685531,0.3624707785859571,0.433,0.441
20602985,0.3687444,0.362660295447436,0.433,0.44
17532699,0.3694027,0.3633141053477647,0.432,0.44
16449841,0.3695856,0.363496344490964,0.432,0.439
6048237,0.3702543,0.3641635673953313,0.431,0.439
10535155,0.3704261,0.36433425527637747,0.431,0.438
5272820,0.371108,0.3650011819945357,0.43,0.438
17252241,0.3712808,0.3651741547406232,0.43,0.437
17945545,0.3719633,0.3658583448835377,0.429,0.437
11866773,0.3721191,0.3660159582590699,0.429,0.436
9179945,0.3728207,0.3667085262404691,0.428,0.436
11581137,0.3729775,0.36685970814403335,0.428,0.435
8743933,0.3736802,0.3675601462161302,0.427,0.435
16547771,0.3738249,0.36770540439551336,0.427,0.434
7587860,0.3745416,0.3684114700055823,0.426,0.434
20567640,0.3746868,0.36855304701351005,0.426,0.433
397856,0.375405,0.3692601281191528,0.425,0.433
20016268,0.3755481,0.3694026783103389,0.425,0.432
8179856,0.3762704,0.3701325657540789,0.424,0.432
12085981,0.3763879,0.37025421366136885,0.424,0.431
14133863,0.3771378,0.37100127990523396,0.423,0.431
15637832,0.3772482,0.37110773769123107,0.423,0.43
8677678,0.3780072,0.37186203934106016,0.422,0.43
4253963,0.3781071,0.37196325039992545,0.422,0.429
12943832,0.3788786,0.37273130355231776,0.421,0.429
656605,0.378966,0.37282070947513646,0.421,0.428
18635554,0.379752,0.37361457314003205,0.42,0.428
15710443,0.3798172,0.3736801572291797,0.42,0.427
4496275,0.3806274,0.3744906073217823,0.419,0.427
22300022,0.3806779,0.3745415513497396,0.419,0.426
9552266,0.381505,0.37537772733021435,0.418,0.426
9902033,0.3815329,0.37540497646144727,0.418,0.425
5140382,0.3823844,0.3762580350558381,0.417,0.425
20407846,0.3823975,0.37627039025198716,0.417,0.424
8591752,0.3832658,0.3771317420602315,0.416,0.424
19431881,0.3832721,0.37713775040904374,0.416,0.423
23487483,0.3841298,0.37800714155724807,0.416,0.422
7589353,0.3841493,0.37802605516231197,0.415,0.422
19464537,0.3850091,0.3788785636966002,0.415,0.421
13562724,0.3850349,0.37890424727215677,0.414,0.421
5823386,0.3858895,0.3797519745147846,0.414,0.42
21386717,0.3859225,0.37978413187462473,0.413,0.42
14624213,0.3867789,0.38062737401180113,0.413,0.419
8478286,0.3868123,0.3806591505608011,0.412,0.419
17844867,0.3876634,0.38150480449996554,0.412,0.418
12166010,0.3877038,0.38154529738597476,0.411,0.418
21269189,0.3885463,0.3823842659792777,0.411,0.417
13203108,0.3885975,0.38243487150871036,0.41,0.417
2156676,0.3894316,0.3832657584497377,0.41,0.416
2535027,0.3894934,0.3833282114275325,0.409,0.416
5542266,0.3903144,0.38414928191134545,0.409,0.415
23573296,0.3903912,0.38422654419959296,0.408,0.415
21467020,0.3912039,0.385034836364101,0.408,0.414
8972761,0.3912912,0.38512174586030057,0.407,0.414
10783516,0.3920869,0.3859224218080044,0.407,0.413
8873282,0.3921932,0.3860301066511533,0.406,0.413
15975186,0.3929754,0.38681208055537114,0.406,0.412
21506163,0.3930973,0.3869330091532963,0.405,0.412
19093075,0.3938603,0.3877037702938857,0.405,0.411
4573592,0.3940035,0.38784699748212104,0.404,0.411
6712665,0.3947585,0.3885975333358636,0.404,0.41
22176901,0.3949117,0.3887518040384651,0.403,0.41
7837872,0.3956446,0.38949332736898934,0.403,0.409
23299264,0.3958221,0.3896709544697905,0.402,0.409
23547290,0.3965473,0.3903911947055784,0.402,0.408
7293689,0.3967346,0.3905780035788603,0.401,0.408
1644294,0.3974517,0.3912911353456309,0.401,0.407
15521473,0.3976491,0.3914878029884427,0.4,0.407
8601415,0.3983517,0.3921931492891467,0.4,0.406
22819884,0.3985658,0.39241080384048577,0.399,0.406
2965815,0.3992484,0.39309727884844153,0.399,0.405
20825296,0.3994846,0.3933340162541068,0.398,0.405
18937104,0.4001614,0.39400343939888416,0.398,0.404
1763233,0.4004055,0.39424292710506204,0.397,0.404
18796289,0.4010803,0.39491171556510574,0.397,0.403
1594357,0.4013285,0.3951590310496657,0.396,0.403
760607,0.4019945,0.39582206503479067,0.396,0.402
10202090,0.4022537,0.3960833858958074,0.395,0.402
8718718,0.402901,0.39673453012025456,0.395,0.401
8822846,0.403181,0.3970090947360475,0.394,0.401
16636451,0.4038311,0.3976491108214974,0.394,0.4
2799041,0.4041104,0.39793179940188156,0.393,0.4
12744087,0.4047362,0.39856580713851925,0.393,0.399
18309087,0.405042,0.39887159824320956,0.392,0.399
12115902,0.4056507,0.3994845767590044,0.392,0.398
3540183,0.4059759,0.3998116509584311,0.391,0.398
22986898,0.4065785,0.40040550430758415,0.391,0.397
6618224,0.4069116,0.400746837757361,0.39,0.397
33375,0.4074914,0.40132850515962726,0.39,0.396
13175000,0.4078496,0.40168587497700853,0.389,0.396
21064544,0.4084156,0.40225366393976486,0.389,0.395
11163986,0.4087899,0.4026263931277014,0.388,0.395
13240776,0.4093513,0.403180980647997,0.388,0.394
91648,0.4097322,0.40356708052765655,0.387,0.394
5914667,0.4102686,0.40411041297200817,0.387,0.393
5867200,0.4106767,0.40451745744787937,0.386,0.393
22252875,0.4111968,0.4050419609117982,0.386,0.392
20848814,0.4116234,0.4054696537976721,0.385,0.392
17009166,0.4121286,0.4059756667796829,0.385,0.391
18945575,0.4125723,0.40641436086760724,0.384,0.391
9178305,0.4130683,0.4069115728879776,0.384,0.39
10355513,0.4135234,0.40736884208244123,0.383,0.39
6629646,0.4139973,0.4078495946120513,0.383,0.389
16073439,0.4144766,0.40832852771209144,0.382,0.389
23605512,0.4149425,0.40878977426421953,0.382,0.388
21572505,0.4154321,0.4092862246629094,0.381,0.388
19723296,0.4158771,0.40973211184448227,0.381,0.387
22275841,0.4163898,0.4102433715536249,0.38,0.387
13905841,0.4168338,0.41067664966515516,0.38,0.386
22170656,0.4173496,0.4111908712363883,0.379,0.386
542218,0.4177843,0.41162338772623813,0.379,0.385
1111333,0.4183117,0.4121515723616124,0.378,0.385
2378594,0.4187371,0.41257224140310006,0.378,0.384
6774589,0.419276,0.41311117336663145,0.377,0.384
10552813,0.4196919,0.4135233376326877,0.377,0.383
4805233,0.4202426,0.4140695050021831,0.376,0.383
10548894,0.4206536,0.4144765917903699,0.376,0.382
23280374,0.4212113,0.415037568470318,0.375,0.382
12713587,0.4216019,0.4154320885007778,0.375,0.381
5675965,0.4221823,0.4160170139513436,0.374,0.381
15612310,0.4225516,0.4163897431392802,0.374,0.38
23054693,0.4231556,0.4170002252284558,0.373,0.38
770089,0.4235031,0.41734964033050825,0.373,0.379
17427075,0.424131,0.41796536914681576,0.372,0.379
14790430,0.4244698,0.4183116954498309,0.372,0.378
12739428,0.4251088,0.41895403871263764,0.371,0.378
2159229,0.4254291,0.4192760354341948,0.371,0.377
9702791,0.4260887,0.4199463894499149,0.37,0.377
2445211,0.4263811,0.42024253334665324,0.37,0.376
2262127,0.427071,0.4209412366138114,0.369,0.376
16390099,0.427345,0.42121131612415297,0.369,0.375
6682089,0.4280555,0.4219183549174802,0.368,0.375
21365427,0.42832,0.4221822991420628,0.368,0.374
18578971,0.4290422,0.42289839277092395,0.367,0.374
10973961,0.4292966,0.4231555247126983,0.367,0.373
20277716,0.4300313,0.42389865591121456,0.366,0.373
1084011,0.430265,0.42413099283605954,0.366,0.372
20132419,0.4310226,0.42489536481699647,0.365,0.372
4903893,0.4312361,0.425108745824462,0.365,0.371
12833083,0.4320162,0.4258872501188024,0.364,0.371
23621236,0.4322229,0.4260886990532746,0.364,0.37
16908618,0.4330122,0.4268771467417761,0.363,0.37
6386574,0.4332067,0.4270709371471285,0.363,0.369
8354958,0.4340103,0.4278700898514715,0.362,0.369
3699206,0.4341949,0.4280554601060237,0.362,0.368
17603489,0.4350108,0.42887221473364756,0.361,0.368
19518944,0.4351822,0.4290422256176445,0.361,0.367
731548,0.4360136,0.42987984021684894,0.36,0.367
7014699,0.4361637,0.43003123368199103,0.36,0.366
1414072,0.4370187,0.4308823882221808,0.359,0.366
3208740,0.4371583,0.43102256892369445,0.359,0.365
10567346,0.4380262,0.43189526043251397,0.358,0.365
12661078,0.4381471,0.4320161890304391,0.358,0.364
2463799,0.4390359,0.4329105867571507,0.357,0.364
8036310,0.43914,0.433012094002225,0.357,0.363
23577821,0.4400481,0.43392697088967697,0.356,0.363
5233405,0.440132,0.43401028383905227,0.356,0.362
11626628,0.4410624,0.4349362042408703,0.355,0.362
21761190,0.4411357,0.4350108008532363,0.355,0.361
22279609,0.4420792,0.4359577081635816,0.354,0.361
11270120,0.4421358,0.43601360273246165,0.354,0.36
12143317,0.4430983,0.4369724421158003,0.353,0.36
2579652,0.4431465,0.43701868947672823,0.353,0.359
1544692,0.4441197,0.4379840026443505,0.352,0.359
15054146,0.4441618,0.4380261457106673,0.352,0.358
13500628,0.4451435,0.4389977634133108,0.351,0.358
21555499,0.4451784,0.4390358868096476,0.351,0.357
2869753,0.4461697,0.4400293799794455,0.35,0.357
6585494,0.4461876,0.44004795508598477,0.35,0.356
12636602,0.4471872,0.44106239285199433,0.35,0.355
23062641,0.4471982,0.4410742403003565,0.349,0.355
4890873,0.4482045,0.4420791577953608,0.349,0.354
4307382,0.4482291,0.4421048413709173,0.348,0.354
11276143,0.4492229,0.4430982499160841,0.348,0.353
22095725,0.4492624,0.4431368810602078,0.347,0.353
2933646,0.4502453,0.44411966921416424,0.347,0.352
11264070,0.450298,0.444171671050011,0.346,0.352
3516571,0.4512629,0.4451435003142324,0.346,0.351
6274051,0.4513361,0.44521822386354515,0.345,0.351
11619134,0.4522903,0.4461696585916574,0.345,0.35
17107791,0.4523765,0.44625652577554137,0.344,0.35
1108965,0.4533168,0.44719818635875486,0.344,0.349
7046184,0.4534193,0.4472992281683578,0.343,0.349
20688239,0.4543445,0.44822908361552477,0.343,0.348
513052,0.4544646,0.44834806584693326,0.342,0.348
23141555,0.4553732,0.44926235036196704,0.342,0.347
12861383,0.4555122,0.44940468899157526,0.341,0.347
1806706,0.4564063,0.4502979865980818,0.341,0.346
10078675,0.4565623,0.4504579694632865,0.34,0.346
23271714,0.4574298,0.45133603463618455,0.34,0.345
17269317,0.4576148,0.4515201355212693,0.339,0.345
21480832,0.4584701,0.4523764944762753,0.339,0.344
10789256,0.4586698,0.45257912815558377,0.338,0.344
19013322,0.4595016,0.4534193238060385,0.338,0.343
20162852,0.459727,0.4536385862253695,0.337,0.343
8166225,0.4605377,0.4544645649377897,0.337,0.342
4088489,0.4607868,0.4547126420440301,0.336,0.342
9674993,0.4615885,0.4555122178715289,0.336,0.341
10543412,0.461849,0.45577019605961483,0.335,0.341
22481028,0.4626543,0.4565622826072561,0.335,0.34
2195788,0.4629137,0.4568176797440917,0.334,0.34
15564295,0.4637029,0.45761475914497135,0.334,0.339
17126554,0.4639808,0.45788623496172703,0.333,0.339
9987274,0.464761,0.4586696474846746,0.333,0.338
14616604,0.4650504,0.45895796360303076,0.332,0.338
1490018,0.4658099,0.45972698993868144,0.332,0.337
8364803,0.4661225,0.4600438245577379,0.331,0.337
2105714,0.4668668,0.46078678650699184,0.331,0.336
16100511,0.467197,0.46111199896453303,0.33,0.336
14802214,0.467944,0.46184899487729025,0.33,0.335
3397224,0.468274,0.462182796734894,0.329,0.335
9355610,0.4690069,0.46291369967420787,0.329,0.334
18384291,0.4693535,0.4632620992806864,0.328,0.334
7431352,0.4700766,0.4639808162731135,0.328,0.333
12038985,0.4704355,0.46434288275752406,0.327,0.333
8300323,0.4711441,0.4650503869863227,0.327,0.332
178227,0.47152,0.46542908221075585,0.326,0.332
7202802,0.4722116,0.46612245412615105,0.326,0.331
2301037,0.4726069,0.4665118120541102,0.325,0.331
15020182,0.4732868,0.467196975380283,0.325,0.33
12403112,0.4736964,0.4676036813576296,0.324,0.33
1478413,0.4743645,0.4682739930610341,0.324,0.329
18796902,0.4747883,0.468697962463137,0.323,0.329
296369,0.4754358,0.4693534648560888,0.323,0.328
18129330,0.4758828,0.46980794143772425,0.322,0.328
17919038,0.4765075,0.4704354330777627,0.322,0.327
3432608,0.4769799,0.4709094579491957,0.321,0.327
9575699,0.4775832,0.4715198977260558,0.321,0.326
3719601,0.4780794,0.4720179136804221,0.32,0.326
3179262,0.4786708,0.472606858800968,0.32,0.325
5559285,0.4791815,0.47312446535744745,0.319,0.325
3236752,0.4797452,0.47369631630249937,0.319,0.324
5739871,0.4802861,0.4742379139419122,0.318,0.324
5330237,0.4808398,0.4747883125429655,0.318,0.323
21122406,0.4813933,0.4753429423755767,0.317,0.323
18236274,0.4819324,0.47588280521005083,0.317,0.322
18393381,0.482503,0.47645516390288967,0.316,0.322
16189598,0.4830222,0.47697983661607085,0.316,0.321
14831170,0.4836153,0.4775796560017206,0.315,0.321
13028058,0.4841135,0.47807940676102567,0.315,0.32
20318113,0.4847302,0.478702286358666,0.314,0.32
14622182,0.4852047,0.47918147333259964,0.314,0.319
17684711,0.4858476,0.479836425665449,0.313,0.319
12044132,0.4862936,0.48028612095542395,0.313,0.318
7248349,0.4869676,0.4809700149121294,0.312,0.318
23090666,0.48739,0.4813932650048674,0.312,0.317
15594974,0.4880902,0.48209438007401356,0.311,0.317
16105722,0.4884912,0.4825029901055612,0.311,0.316
7406253,0.4892153,0.48322856169311207,0.31,0.316
12239269,0.4896039,0.4836152962575053,0.31,0.315
3309649,0.4903431,0.4843607123210628,0.309,0.315
11749837,0.4907153,0.4847301411483842,0.309,0.314
1793107,0.4914734,0.4854953170633171,0.308,0.314
23058432,0.4918287,0.48584756709051335,0.308,0.313
8230387,0.4926064,0.4866332221661866,0.307,0.313
14844458,0.4929341,0.4869675317715773,0.307,0.312
3979226,0.493742,0.487789236940124,0.306,0.312
20296195,0.4940386,0.48809011981620715,0.306,0.311
23129181,0.4948802,0.4889390318036712,0.305,0.311
8454873,0.4951477,0.4892152889120873,0.305,0.31
10161077,0.496021,0.4900939041450879,0.304,0.31
480728,0.4962648,0.49034303905921783,0.304,0.309
16451546,0.4971644,0.49124238732685216,0.303,0.309
22067879,0.4973968,0.4914734125699142,0.303,0.308
22660962,0.4983105,0.49238460828591074,0.302,0.308
13618340,0.4985307,0.49260636713186096,0.302,0.307
14836888,0.4994593,0.4935430771741517,0.301,0.307
11345277,0.4996613,0.4937419450573736,0.301,0.306
11691517,0.5006106,0.49469134879433807,0.3,0.306
23336428,0.5008006,0.49488014634645217,0.3,0.305
12477841,0.5017646,0.4958352622460198,0.299,0.305
2583447,0.5019499,0.496020928686781,0.299,0.304
11966911,0.5029213,0.4969947889421502,0.298,0.304
870243,0.5030883,0.49716437670299135,0.298,0.303
10903157,0.5040807,0.4981727214955576,0.297,0.303
17718478,0.5042208,0.4983104903950832,0.297,0.302
1559090,0.5052427,0.49933736798187306,0.296,0.302
4859113,0.5053659,0.49945918513842535,0.296,0.301
13140390,0.5064074,0.5004912671400314,0.295,0.301
7977485,0.5065269,0.5006105878699646,0.295,0.3
154739,0.5075748,0.5016615834766346,0.294,0.3
4063938,0.507679,0.5017646139650698,0.294,0.299
9630196,0.5087449,0.502833380744283,0.293,0.299
23510415,0.5088301,0.5029213057360564,0.293,0.298
15170719,0.5099176,0.5040088168710711,0.292,0.298
3559475,0.5099898,0.5040806208706089,0.292,0.297
21267971,0.5110932,0.5051857339289045,0.291,0.297
1593900,0.51115,0.505242686305674,0.291,0.296
18774958,0.5122713,0.5063719596961654,0.29,0.296
20686302,0.5123072,0.5064073751043051,0.29,0.295
6216183,0.5134522,0.50756685948812,0.289,0.295
15835276,0.5134608,0.5075747718911333,0.289,0.294
4732166,0.514624,0.5087448343538429,0.289,0.293
17557782,0.5146359,0.5087567664268362,0.288,0.293
5676915,0.515784,0.5099176048047496,0.288,0.292
5883946,0.5158222,0.5099553897025618,0.287,0.292
12007938,0.5169518,0.5110930832438534,0.287,0.291
15633617,0.5170113,0.5111501202452541,0.286,0.291
20081593,0.5181334,0.5122713119834698,0.286,0.29
9810620,0.5182031,0.5123427351721673,0.285,0.29
9973941,0.5193089,0.5134522063989676,0.285,0.289
6090812,0.5193977,0.5135401737030566,0.284,0.289
3648882,0.5204955,0.5146358088026626,0.284,0.288
11757550,0.5205951,0.5147381622940485,0.283,0.288
11823305,0.5216784,0.5158222038191858,0.283,0.287
18999073,0.5217952,0.5159420746092215,0.282,0.287
2564929,0.5228522,0.5170112645115904,0.282,0.286
16681032,0.522998,0.5171574958742319,0.281,0.286
19953327,0.5240248,0.5182031178168233,0.281,0.285
1181120,0.5242037,0.5183833682811904,0.28,0.285
4088451,0.5252237,0.5193976791102533,0.28,0.284
8107036,0.5254121,0.5195871959717322,0.279,0.284
5872877,0.5264089,0.5205950330165114,0.279,0.283
22653812,0.5266234,0.520813237627953,0.278,0.283
22149699,0.5275999,0.5217951372232822,0.278,0.282
7596749,0.5278373,0.5220355981127184,0.277,0.282
8675693,0.5287945,0.5229979917305657,0.277,0.281
14866066,0.529054,0.5232559699186516,0.276,0.281
5615851,0.5299958,0.5242036388506773,0.276,0.28
5256731,0.5302736,0.5244820115748724,0.275,0.28
16676231,0.5311992,0.5254120362713016,0.275,0.279
22388087,0.531496,0.5257166426311558,0.274,0.279
16646746,0.5323991,0.5266232263047542,0.274,0.278
5717413,0.5327213,0.5269459423356762,0.273,0.278
23033408,0.5336127,0.5278372089510349,0.273,0.277
14840045,0.5339493,0.5281782462146027,0.272,0.277
5205043,0.5348382,0.5290540265224595,0.272,0.276
11079688,0.5351802,0.5294001835762123,0.271,0.276
11939793,0.5360512,0.5302735943943967,0.271,0.275
5512457,0.5364139,0.5306294832807328,0.27,0.275
22091677,0.5372866,0.5314960395037933,0.27,0.274
20648881,0.5376505,0.5318556518739004,0.269,0.274
22680141,0.538508,0.5327212349137026,0.269,0.273
14597924,0.5388899,0.533105642300739,0.268,0.273
3996114,0.539727,0.5339493075610712,0.268,0.272
884114,0.5401323,0.5343583830280901,0.267,0.272
13267913,0.5409569,0.535180172821268,0.267,0.271
1616219,0.5413773,0.5355914062163816,0.266,0.271
21223767,0.5421914,0.5364138730066086,0.266,0.27
1975850,0.5426253,0.5368601833113372,0.265,0.27
1742807,0.5434097,0.5376504504294086,0.265,0.269
13489177,0.5438762,0.5381132625372131,0.264,0.269
22148947,0.5446408,0.5388898627773525,0.264,0.268
22432924,0.5451299,0.5393835628755297,0.263,0.268
589495,0.5458583,0.5401321523627557,0.263,0.267
5541239,0.5463866,0.5406775157982551,0.262,0.267
16951750,0.547083,0.5413772768733026,0.262,0.266
16945228,0.5476462,0.5419413846646036,0.261,0.266
18119125,0.5483337,0.542625278621309,0.261,0.265
22981941,0.5489086,0.5432044072846406,0.26,0.265
15554064,0.5495871,0.5438761576067748,0.26,0.264
21054548,0.550174,0.5444702648298213,0.259,0.264
21823955,0.5508263,0.5451299138297,0.259,0.263
18680665,0.5514423,0.5457482660095734,0.258,0.263
508557,0.5520683,0.5463865896024,0.258,0.262
18980885,0.5527135,0.5470370145174824,0.257,0.262
1301623,0.5533128,0.5476461426125595,0.257,0.261
18911072,0.5539876,0.5483301211938961,0.256,0.261
13222430,0.5545593,0.5489085728601784,0.256,0.26
13809752,0.5552647,0.5496266551678718,0.255,0.26
1946196,0.5557996,0.5501739226575723,0.255,0.259
10666258,0.5565447,0.5509324555389593,0.254,0.259
14264626,0.5570518,0.5514422343170566,0.254,0.258
6523299,0.5578277,0.5522319090627098,0.253,0.258
5738223,0.5583065,0.5527134232140003,0.253,0.257
17566713,0.5591136,0.5535159609035897,0.252,0.257
3372606,0.559593,0.5539875739730347,0.252,0.256
10785096,0.5604025,0.554814525868713,0.251,0.256
21734263,0.5608576,0.5552646442818439,0.251,0.255
10480252,0.5616943,0.5561092827254344,0.25,0.255
2543939,0.5621312,0.5565446764527436,0.25,0.254
15970887,0.5629892,0.557396973425454,0.249,0.254
5654827,0.5634189,0.5578276281734184,0.249,0.253
13609590,0.564287,0.5587019698625455,0.248,0.253
14918273,0.5646933,0.5591135417561837,0.248,0.252
18582929,0.5655879,0.560022241045561,0.247,0.252
17204851,0.5659623,0.5604024595133551,0.247,0.251
4194168,0.5668916,0.5613351075733501,0.246,0.251
19785246,0.567248,0.5616942968203014,0.246,0.25
16895474,0.5681984,0.5626525015189063,0.245,0.25
20828778,0.5685353,0.5629891383016539,0.245,0.249
14482211,0.5695083,0.5639730265758154,0.244,0.249
8700013,0.5698212,0.5642869416450969,0.244,0.248
4503462,0.5708211,0.565282635055305,0.243,0.248
21699454,0.5711232,0.5655877914752616,0.243,0.247
17829040,0.572137,0.5666238931468477,0.242,0.247
179805,0.5724065,0.5668916031675169,0.242,0.246
12386065,0.5734559,0.5679534730392907,0.241,0.246
18791664,0.5737024,0.5681984190341782,0.241,0.245
16237814,0.5747779,0.5692803872558522,0.24,0.245
6648333,0.5750024,0.5695082390752457,0.24,0.244
7827718,0.5761029,0.5706228724045467,0.239,0.244
2499513,0.5762982,0.5708211056030349,0.239,0.243
17333443,0.5774309,0.5719571066517033,0.238,0.243
18215030,0.5776045,0.5721369763052302,0.238,0.242
14926045,0.578762,0.5732941758240038,0.237,0.242
3721870,0.5789208,0.5734558934941472,0.237,0.241
6630278,0.5800962,0.5746446156880273,0.236,0.241
9011331,0.5802264,0.5747778571697859,0.236,0.24
21681886,0.5814335,0.5760073684358842,0.235,0.24
17562814,0.5815253,0.5761028250198307,0.235,0.239
8696308,0.582774,0.5773751563492951,0.234,0.239
13229581,0.5828301,0.5774308816689128,0.234,0.238
21046110,0.5841173,0.5787359204183199,0.233,0.238
18154911,0.5841435,0.5787620271170322,0.233,0.237
9334948,0.5854633,0.5800961767395577,0.233,0.236
14324983,0.5854638,0.5800968960489226,0.232,0.236
21612701,0.5867861,0.581433457473436,0.232,0.235
6093045,0.5868136,0.581460706604669,0.231,0.235
11528586,0.5881175,0.5827737846940361,0.231,0.234
16802083,0.5881662,0.582822443856952,0.23,0.234
14954815,0.5894594,0.584117243025989,0.23,0.233
9084945,0.589522,0.584182784802821,0.229,0.233
22533650,0.5907896,0.5854637478446635,0.229,0.232
23454893,0.590881,0.5855534499536913,0.228,0.232
10673437,0.5921251,0.5868133837746909,0.228,0.231
17143685,0.5922431,0.5869316890090502,0.227,0.231
10494851,0.5934589,0.5881661508160713,0.227,0.23
8648592,0.5936085,0.5883106050614584,0.226,0.23
17531724,0.5948102,0.5895220066564889,0.226,0.229
13125078,0.5949769,0.5896850783207308,0.225,0.229
14245352,0.5961542,0.5908809936082593,0.225,0.228
15541084,0.5963484,0.5910781266865425,0.224,0.228
9264628,0.5974969,0.5922431116713825,0.224,0.227
17982808,0.5977231,0.592468170877948,0.223,0.227
9685793,0.5988495,0.5936083608458588,0.223,0.226
1515169,0.599101,0.5938599921866078,0.222,0.226
4116210,0.6001989,0.5949767834440033,0.222,0.225
16741997,0.6004821,0.5952678921751877,0.221,0.225
5989756,0.6015587,0.5963483371535008,0.221,0.224
15064628,0.6018663,0.5966646640247703,0.22,0.224
19598564,0.6029201,0.5977230642866667,0.22,0.223
661205,0.6032538,0.5980598703186765,0.219,0.223
3657530,0.6042819,0.599100964843501,0.219,0.222
11759712,0.6046444,0.5994751749624827,0.218,0.222
15012740,0.6056557,0.6004820388240036,0.218,0.221
21713718,0.6060384,0.6008696619470241,0.217,0.221
22519131,0.607028,0.6018662862281748,0.217,0.22
20701870,0.6074353,0.6022729498932058,0.216,0.22
20967996,0.6084015,0.60325374936833,0.216,0.219
12549235,0.6088356,0.6036893546572172,0.215,0.219
17153902,0.6097721,0.6046443859321536,0.215,0.218
9677672,0.6102391,0.6051146873198157,0.214,0.218
2272908,0.6111524,0.6060382382319612,0.214,0.217
13290421,0.611646,0.6065340539459175,0.213,0.217
2856229,0.6125359,0.6074352639554373,0.213,0.216
724340,0.6130558,0.6079557054370606,0.212,0.216
1065170,0.6139265,0.608835547727213,0.212,0.215
12937115,0.6144692,0.6093876388208894,0.211,0.215
22437723,0.6153093,0.6102390895472882,0.211,0.214
1557172,0.6158856,0.6108234649377516,0.21,0.214
6291122,0.6166948,0.6116458047910319,0.21,0.213
15775712,0.6173053,0.6122597988024007,0.209,0.213
7708485,0.618094,0.6130558203953909,0.209,0.212
16839465,0.6187284,0.613685850774364,0.208,0.212
2815606,0.6194983,0.6144690517357337,0.208,0.211
16160466,0.6201547,0.6151249349395258,0.207,0.211
12378839,0.620911,0.6158855411243762,0.207,0.21
21759156,0.6215843,0.6165553027676782,0.206,0.21
7036405,0.6223252,0.6173053308736338,0.206,0.209
204095,0.6230172,0.6180012838402793,0.205,0.209
8547186,0.6237349,0.6187283363588755,0.205,0.208
4327121,0.6244534,0.6194580968656687,0.204,0.208
12878139,0.6251408,0.6201546845170479,0.204,0.207
19458471,0.6258929,0.6209203258674522,0.203,0.207
5296600,0.6265634,0.6215842484112043,0.203,0.206
19262369,0.6273357,0.6223600870296632,0.202,0.206
11788258,0.627989,0.6230171549782915,0.202,0.205
1161094,0.628782,0.6238297206866731,0.201,0.205
8982522,0.6293889,0.6244533619059938,0.201,0.204
10585541,0.6302315,0.6253140367171889,0.2,0.204
8462437,0.6308039,0.6258928691943113,0.2,0.203
5990761,0.6316842,0.6267681417543811,0.199,0.203
1452851,0.6322462,0.6273357191555595,0.199,0.202
1415263,0.6331404,0.6282357867325588,0.198,0.202
16853838,0.6336861,0.628781869477423,0.198,0.201
6796972,0.6346,0.6297121903600613,0.197,0.201
12796972,0.6351203,0.6302313624722172,0.197,0.2
11087597,0.6360629,0.6311871976811497,0.196,0.2
7097632,0.6365494,0.6316841981399421,0.196,0.199
8366941,0.6375293,0.6326698212190424,0.195,0.199
1792675,0.6379972,0.6331403764805978,0.195,0.198
1262830,0.6389988,0.6341669578811786,0.194,0.198
2584034,0.6394284,0.6345999398064999,0.194,0.197
14310606,0.6404718,0.63565313565358,0.193,0.197
13720872,0.6408786,0.6360628458053327,0.193,0.196
4749302,0.6419483,0.6371473104536257,0.192,0.196
13523555,0.642329,0.6375290944770962,0.192,0.195
20277770,0.6434281,0.6386434739325036,0.191,0.195
14168728,0.6437845,0.6389987704464216,0.191,0.194
9348522,0.6449114,0.6401357446783483,0.19,0.194
6261272,0.6452491,0.6404717890886777,0.19,0.193
1378348,0.646398,0.641637366445936,0.189,0.193
21174650,0.6467026,0.6419482350284959,0.189,0.192
9885519,0.6478881,0.6431387343396302,0.188,0.192
5020726,0.648176,0.6434280659535603,0.188,0.191
13215950,0.6493817,0.6446497494412764,0.187,0.191
22299662,0.6496432,0.6449113241761866,0.187,0.19
4544723,0.6508787,0.6461642764651158,0.186,0.19
114921,0.6511134,0.6463980096963748,0.186,0.189
18846571,0.6523792,0.6476933166131987,0.185,0.189
19059219,0.6525735,0.647888122514125,0.185,0.188
304697,0.653883,0.6492078859493536,0.184,0.188
13362778,0.6540527,0.6493816626294371,0.184,0.187
22010695,0.6553903,0.6507467425546509,0.183,0.187
14068614,0.6555197,0.6508786300423111,0.183,0.186
2769690,0.6569012,0.6522756980781027,0.182,0.186
3039816,0.6570017,0.6523790670650625,0.182,0.185
15411133,0.6584155,0.6538115505089939,0.181,0.185
22288074,0.6584854,0.6538829313853759,0.181,0.184
10415522,0.6599333,0.65533826347972,0.18,0.184
18579628,0.6599835,0.6553903076278823,0.18,0.183
8005736,0.6614547,0.6568905754013714,0.179,0.183
11555305,0.6614647,0.6569011534802662,0.179,0.182
9196278,0.6629724,0.6584154689425277,0.179,0.181
5535603,0.6629794,0.6584230851593319,0.178,0.181
9276319,0.6644972,0.6599332540146665,0.178,0.18
16097175,0.6645078,0.6599429012226186,0.177,0.18
16433083,0.666005,0.6614545510089985,0.177,0.179
15616179,0.6660396,0.6614886970476709,0.176,0.179
735823,0.667517,0.6629793599255236,0.176,0.178
17641214,0.667575,0.6630358891791372,0.175,0.178
5365121,0.6690194,0.6645076807642416,0.175,0.177
8496950,0.6691139,0.6646041105314465,0.174,0.177
18741941,0.6705447,0.6660395558374684,0.174,0.176
15605321,0.6706563,0.666156930200885,0.173,0.176
18641162,0.6720785,0.6675749428328882,0.173,0.175
1271406,0.6722024,0.6676966753648094,0.172,0.175
6821872,0.6736058,0.6691138417505011,0.172,0.174
3243428,0.6737519,0.6692564342540028,0.171,0.174
19650527,0.6751483,0.6706562949026227,0.171,0.173
4972552,0.6753051,0.6708175894496102,0.17,0.173
5271030,0.6766811,0.6722023446015684,0.17,0.172
1498742,0.6768618,0.6723843721831898,0.169,0.172
2868798,0.6782204,0.6737519062227072,0.169,0.171
9299264,0.6784222,0.6739503509827733,0.168,0.171
19075455,0.679771,0.6753050643906703,0.168,0.17
6722515,0.6799861,0.675520137890759,0.167,0.17
19331257,0.6812981,0.6768618191054576,0.167,0.169
19289457,0.6815536,0.6771182740501827,0.166,0.169
15319661,0.6828522,0.6784221280547534,0.166,0.168
1815079,0.6831248,0.6786960579858128,0.165,0.168
6706124,0.6844147,0.6799860758631893,0.165,0.167
1463079,0.6846995,0.6802789617116279,0.164,0.167
22582824,0.6859621,0.6815535779061336,0.164,0.166
11390443,0.6862779,0.681869312404985,0.163,0.166
7991768,0.6875178,0.6831247188082178,0.163,0.165
8094378,0.68786,0.6834651636993675,0.162,0.165
6537446,0.6890849,0.6846994985694418,0.162,0.164
713622,0.6894457,0.685059999498176,0.161,0.164
11144693,0.6906373,0.6862779171898056,0.161,0.163
20608766,0.691035,0.6866759068301428,0.16,0.163
19846057,0.6922056,0.6878599323569936,0.16,0.162
2882124,0.692628,0.6882827170142602,0.159,0.162
8985250,0.6937808,0.689445628695637,0.159,0.161
4305804,0.6942247,0.6898987935954894,0.158,0.161
23553812,0.6953398,0.6910349638934202,0.158,0.16
18941807,0.695825,0.6915247712585642,0.157,0.16
8999277,0.6969172,0.6926279379503432,0.157,0.159
14623415,0.697429,0.6931399592811662,0.156,0.159
14744307,0.6984998,0.6942246354910372,0.156,0.158
11778539,0.6990368,0.6947661485058189,0.155,0.158
2886142,0.7000907,0.695824971890871,0.155,0.157
1580058,0.7006482,0.6963944110339348,0.154,0.157
1838078,0.7016728,0.6974290317744757,0.154,0.156
23129634,0.7022634,0.6980179768950215,0.153,0.156
11115659,0.7032716,0.6990367728295358,0.153,0.155
7379452,0.7038823,0.6996614718567461,0.152,0.155
4963825,0.7048532,0.7006481950560514,0.152,0.154
3033676,0.7055049,0.7013011587100685,0.151,0.154
14054822,0.7064566,0.7022633830786534,0.151,0.153
6922162,0.7071313,0.702945457605789,0.15,0.153
4119815,0.7080557,0.7038822522727108,0.15,0.152
1804757,0.7087614,0.7045952994148503,0.149,0.152
13322302,0.7096715,0.7055048449505392,0.149,0.151
12462638,0.7103952,0.7062261853065323,0.148,0.151
19386848,0.7112891,0.7071312034244541,0.148,0.15
3767734,0.7120328,0.7078868167560662,0.147,0.15
19393568,0.7129044,0.7087613276944557,0.147,0.149
11043213,0.7136743,0.7095284922882208,0.146,0.149
11567768,0.7145328,0.7103951754482281,0.146,0.148
7309491,0.7153194,0.711195047461936,0.145,0.148
15034757,0.7161528,0.7120328313104027,0.145,0.147
3066719,0.7169684,0.7128619411341757,0.144,0.147
10012595,0.7177803,0.7136742106563482,0.144,0.146
14800866,0.7186212,0.7145173681688936,0.143,0.146
11330533,0.719418,0.7153193981106959,0.143,0.145
11654831,0.7202778,0.7161904394392078,0.142,0.145
18690093,0.7210461,0.7169683936734457,0.142,0.144
18733522,0.7219382,0.7178776430229256,0.141,0.144
2834282,0.7226754,0.7186211973445975,0.141,0.143
20157560,0.7236025,0.7195645927327498,0.14,0.143
10228101,0.7243079,0.720277766811836,0.14,0.142
368331,0.7252705,0.7212392718710561,0.139,0.142
9323623,0.7259557,0.7219381866997922,0.139,0.141
6706151,0.7269424,0.722931891431168,0.138,0.141
17642243,0.7276023,0.7236024146961504,0.138,0.14
8404224,0.7286182,0.7246338197007072,0.137,0.14
12533039,0.7292454,0.7252704931132263,0.137,0.139
17597260,0.7302979,0.7263329553574183,0.136,0.139
6547906,0.7309013,0.72694242195102,0.136,0.138
6350628,0.7319814,0.7280307793323464,0.135,0.138
6147077,0.7325567,0.7286182012095314,0.135,0.137
7078041,0.7336688,0.7297338077220907,0.134,0.137
2388804,0.7342322,0.7302978308887604,0.134,0.136
132201,0.73536,0.7314463140705247,0.133,0.136
10582049,0.735884,0.7319813533010228,0.133,0.135
12562871,0.7370552,0.7331578895480161,0.132,0.135
13067487,0.7375653,0.7336687261340028,0.132,0.134
14324273,0.7387543,0.7348747117526392,0.131,0.134
1307485,0.739237,0.7353600340123317,0.131,0.133
2407441,0.7404573,0.7365870911641265,0.13,0.133
4171035,0.740913,0.7370551923113784,0.13,0.132
21111801,0.7421642,0.7383341666743887,0.129,0.132
9047051,0.7425756,0.7387542856557738,0.129,0.131
3079668,0.7438751,0.7400678714929279,0.128,0.131
17104096,0.7442557,0.7404572717332025,0.128,0.13
3779264,0.7455899,0.7418122390149929,0.127,0.13
138542,0.7459455,0.7421642351682958,0.127,0.129
7369397,0.7473087,0.7435406547940848,0.126,0.129
14181726,0.747639,0.7438750913364223,0.126,0.128
4909552,0.7490314,0.7452829913250021,0.125,0.128
14342725,0.7493305,0.7455898825498976,0.125,0.127
8931253,0.7507581,0.7470327325111458,0.124,0.127
6955577,0.7510336,0.7473086511210373,0.124,0.126
3193534,0.7524888,0.7487769307839486,0.123,0.126
8014706,0.7527435,0.7490313970498415,0.123,0.125
14355281,0.7542234,0.7505256141622029,0.122,0.125
18656001,0.7544517,0.7507580780239945,0.122,0.124
21518673,0.7559621,0.7522815752587366,0.121,0.124
1051075,0.7561679,0.752488736355812,0.121,0.123
16846120,0.7577048,0.7540358861749629,0.12,0.123
14068306,0.75789,0.7542234143576095,0.12,0.122
12564306,0.7594515,0.7558099992548801,0.119,0.122
3735647,0.7596,0.7559620697170715,0.119,0.121
5047100,0.7612023,0.7576041683723819,0.118,0.121
2276740,0.7613007,0.7577047447465135,0.118,0.12
17412143,0.7629569,0.759380100881869,0.117,0.12
10705301,0.7630253,0.7594514394459354,0.117,0.119
1335564,0.7647157,0.761173042942219,0.116,0.119
12263160,0.7647431,0.7612021538153375,0.116,0.118
18818058,0.7664786,0.7629507525689605,0.115,0.118
18876427,0.7664851,0.762956930167035,0.115,0.117
22732386,0.7682324,0.7647157261887126,0.115,0.116
597453,0.7682455,0.7647293930666448,0.114,0.116
605595,0.7699769,0.7664785418803703,0.114,0.115
13717489,0.7700165,0.766518992454064,0.113,0.115
14909527,0.7717358,0.7682454618666391,0.113,0.114
20434435,0.7717916,0.7683024988680398,0.112,0.114
22826821,0.7734814,0.770016486147519,0.112,0.113
10413451,0.7735707,0.7701064844427559,0.111,0.113
11738676,0.775229,0.7717915300983791,0.111,0.112
6862739,0.775354,0.7719197364145839,0.11,0.112
16145071,0.7769752,0.7735707206561658,0.11,0.111
15053332,0.7771414,0.7737310843322107,0.109,0.111
9654874,0.77876,0.7753539731962482,0.109,0.11
20852886,0.7789329,0.7755292308073769,0.108,0.11
11716039,0.7805045,0.7771413300309418,0.108,0.109
488674,0.7807286,0.7773670662345564,0.107,0.109
15113543,0.7822665,0.778932833472562,0.107,0.108
2717986,0.7825284,0.7791958468262019,0.106,0.108
9970239,0.7840403,0.7807284412087935,0.106,0.107
18249848,0.7843322,0.7810182805705105,0.105,0.107
20252701,0.7858319,0.7825282378642673,0.105,0.106
22043681,0.7861402,0.7828413913118684,0.104,0.106
3705357,0.7876001,0.7843321388143523,0.104,0.105
10930504,0.7879525,0.784690270253414,0.103,0.105
908373,0.7893748,0.7861402286836795,0.103,0.104
3021882,0.7897689,0.7865431688649396,0.102,0.104
19650778,0.7911615,0.7879524651599336,0.102,0.103
5757546,0.7915895,0.7883865048931442,0.101,0.103
2690538,0.7929427,0.78976889055543,0.101,0.102
12246095,0.7934143,0.7902477813431545,0.1,0.102
4422942,0.7947333,0.7915894625578531,0.1,0.101
10841594,0.7952434,0.7921053343093938,0.099,0.101
1168886,0.7965368,0.7934142657918342,0.099,0.1
836596,0.7970765,0.7939579367347104,0.098,0.1
13793098,0.7983514,0.7952433002573731,0.098,0.099
22319137,0.7989141,0.7958147280792692,0.097,0.099
21502564,0.8001615,0.7970765236421544,0.097,0.098
1685656,0.8007557,0.7976778239588495,0.096,0.098
11147785,0.8019772,0.7989139782584936,0.096,0.097
10456724,0.8026016,0.799552344163636,0.095,0.097
13682092,0.803795,0.8007556641063908,0.095,0.096
9204047,0.8044518,0.8014200097732986,0.094,0.096
1915873,0.8056151,0.8026015811858458,0.094,0.095
15943565,0.8063063,0.8033063351141317,0.093,0.095
16704138,0.8074372,0.8044517718091744,0.093,0.094
16029097,0.808165,0.8051826747484881,0.092,0.094
21990659,0.8092795,0.8063062359763764,0.092,0.093
15869750,0.810028,0.8070669267858579,0.091,0.093
21669433,0.811111,0.8081649313751363,0.091,0.092
2270864,0.8118953,0.8089625608361184,0.09,0.092
14206186,0.8129525,0.8100279426300853,0.09,0.091
19045770,0.8137669,0.8108489284892672,0.089,0.091
11870690,0.8147962,0.8118952697412234,0.089,0.09
22565241,0.8156428,0.8127474820893026,0.088,0.09
1438245,0.8166321,0.813766870396235,0.088,0.089
21835550,0.8175231,0.8146807741004285,0.087,0.089
17892683,0.818469,0.8156428292197512,0.087,0.088
1464121,0.8194077,0.8165858437970632,0.086,0.088
5278877,0.8203272,0.8175230615871408,0.086,0.087
10795345,0.8212966,0.8185046649962611,0.085,0.087
12655943,0.8221936,0.8194076521230352,0.085,0.086
16948368,0.8231899,0.8204193819008477,0.084,0.086
1940465,0.8240498,0.8212965585151186,0.084,0.085
9355993,0.8250875,0.8223596977563599,0.083,0.085
19314824,0.8259134,0.8231898653880223,0.083,0.084
9830754,0.8269896,0.8242698026185484,0.082,0.084
5791294,0.8278029,0.8250874881171151,0.082,0.083
21216484,0.828896,0.8261996673321125,0.081,0.083
13072129,0.829663,0.826989511327028,0.081,0.082
623093,0.8308068,0.8281502227679947,0.08,0.082
21669109,0.8315403,0.8288959350177613,0.08,0.081
2303459,0.832722,0.8300980279033643,0.079,0.081
4239745,0.8334223,0.8308067591893147,0.079,0.08
10077882,0.8346416,0.8320478217175661,0.078,0.08
3696104,0.835311,0.8327219415293727,0.078,0.079
878021,0.8365656,0.8339948652312552,0.077,0.079
21316359,0.8372023,0.8346415666625666,0.077,0.078
11872171,0.8384941,0.8359611608485329,0.076,0.078
18901672,0.8390929,0.8365656345888963,0.076,0.077
6935562,0.8404271,0.8379243676667733,0.075,0.077
12614038,0.8409884,0.8384941029960462,0.075,0.076
21432521,0.8423644,0.839888843854481,0.074,0.076
12220373,0.8428901,0.8404270141963319,0.074,0.075
16315682,0.8443063,0.8418526430451395,0.073,0.075
13595740,0.8448037,0.842364410502069,0.073,0.074
13666624,0.8462526,0.843828797431947,0.072,0.074
7548109,0.8467263,0.844306249600942,0.072,0.073
4842229,0.8482034,0.8458024553921355,0.071,0.073
4746297,0.8486476,0.8462525738052663,0.071,0.072
574743,0.8501587,0.8477822909503985,0.07,0.072
17197826,0.8505808,0.848203383115042,0.07,0.071
19139314,0.8521186,0.8497551449765909,0.069,0.071
7251455,0.8525204,0.8501587198425846,0.069,0.07
21315702,0.8540829,0.851747547292581,0.068,0.07
7704731,0.8544464,0.8521185416755787,0.068,0.069
22057215,0.8560519,0.8537626713220369,0.067,0.069
3179652,0.8563673,0.8540828486140242,0.067,0.068
16507621,0.8580252,0.8557671749602825,0.066,0.068
15011583,0.8583032,0.8560517252825521,0.066,0.067
3458296,0.8600031,0.8577865302212964,0.065,0.067
5622055,0.8602349,0.8580251293688471,0.065,0.066
13064613,0.8619856,0.8598100744015525,0.064,0.066
5630518,0.8621747,0.8600031031852245,0.064,0.065
7217105,0.8639727,0.86181982476693,0.063,0.065
16389710,0.8641344,0.861985604419369,0.063,0.064
20933065,0.8659644,0.8638509005393593,0.062,0.064
13169700,0.866084,0.863972675383596,0.062,0.063
17032062,0.8679606,0.8658925120783678,0.061,0.063
1696270,0.8680284,0.8659643583902212,0.061,0.062
19830285,0.8699615,0.8679306963198145,0.06,0.062
426089,0.8699917,0.8679606111269289,0.06,0.061
4594950,0.8719574,0.8699614335937191,0.06,0.06
3280539,0.871967,0.8699706576785153,0.059,0.06
1864654,0.8739155,0.871966910415223,0.059,0.059
13246446,0.873977,0.8720279670866037,0.058,0.059
3584635,0.8758979,0.8739769992791251,0.058,0.058
1878661,0.8759918,0.8740746984157973,0.057,0.058
6904305,0.8778739,0.8759917424977408,0.057,0.057
6074473,0.8780111,0.8761308230790494,0.056,0.057
5812969,0.8798528,0.8780110977587547,0.056,0.056
2131477,0.8800352,0.8782044227286357,0.055,0.056
3825759,0.8818351,0.8800351496867979,0.055,0.055
19137878,0.8820639,0.8802678251101675,0.054,0.055
21566160,0.8838217,0.8820638136572392,0.054,0.054
8061675,0.8840973,0.8823447674326846,0.053,0.054
2070389,0.8858288,0.8840971742947098,0.053,0.053
22308432,0.8861353,0.8844079582526384,0.052,0.053
10108070,0.8878392,0.8861352315992096,0.052,0.052
1989541,0.8881781,0.8864730531267934,0.051,0.052
267775,0.8898513,0.8881779855707388,0.051,0.051
20034794,0.8902255,0.8885523649389829,0.05,0.051
15593691,0.8918619,0.8902254785216128,0.05,0.05
1604294,0.8922777,0.8906506326685518,0.049,0.05
5035538,0.8938737,0.8922776258272005,0.049,0.049
14887253,0.8943346,0.8927467001577107,0.048,0.049
16723075,0.8958963,0.8943345544244486,0.048,0.048
4324398,0.8963962,0.8948337128113356,0.047,0.048
10000527,0.8979384,0.8963962220010416,0.047,0.047
127061,0.8984626,0.89691776360287,0.046,0.047
17830062,0.900005,0.8984626285569796,0.046,0.046
21052107,0.9005338,0.898997625475162,0.045,0.046
9248992,0.9020393,0.9005337740922622,0.045,0.045
13563287,0.9026098,0.9011123950078068,0.044,0.045
3140986,0.9040857,0.902609743231521,0.044,0.044
17602513,0.9046905,0.9032309726488538,0.043,0.044
7224021,0.9061255,0.9046904513501246,0.043,0.043
5162677,0.906776,0.9053501003500033,0.042,0.043
7895811,0.9081763,0.9067759830727042,0.042,0.042
15506876,0.9088664,0.9074742632167067,0.041,0.042
6209762,0.910241,0.9088663383992599,0.041,0.041
16887148,0.9109615,0.9096029535011769,0.04,0.041
19007836,0.9123027,0.910961475017476,0.04,0.04
4756515,0.9130615,0.9117374405728816,0.039,0.04
5410786,0.9143699,0.9130614775519837,0.039,0.039
12210401,0.9151663,0.9138693042810204,0.038,0.039
8855727,0.9164488,0.9151662613781519,0.038,0.038
6904469,0.917276,0.9159916477181539,0.037,0.038
22455741,0.9185277,0.9172759534329272,0.037,0.037
20985293,0.9193905,0.91815655734476,0.036,0.037
14100860,0.9206009,0.9193905114039942,0.036,0.036
7480865,0.9215099,0.9203099580215286,0.035,0.036
15575889,0.9226959,0.9215098929790371,0.035,0.035
16371277,0.9236342,0.9224580273465341,0.034,0.035
6540692,0.9248074,0.9236342250950028,0.034,0.034
7107866,0.9257634,0.9245972533975837,0.033,0.034
12060256,0.9269078,0.9257634231272601,0.033,0.033
248785,0.9278975,0.9267683406222644,0.032,0.033
15191180,0.9290082,0.9278975293881245,0.032,0.032
13768733,0.9300366,0.9289467478775402,0.031,0.032
17793407,0.9311232,0.9300365438775963,0.031,0.031
12785821,0.9321805,0.9311121229396176,0.03,0.031
17631301,0.9332423,0.9321805089079906,0.03,0.03
20569786,0.9343294,0.9332685277907924,0.029,0.03
7931179,0.9353598,0.9343293821669922,0.029,0.029
10644764,0.9364833,0.9354689374501693,0.028,0.029
15669135,0.9374933,0.9364832482792321,0.028,0.028
8229728,0.9386421,0.9376358780679231,0.027,0.028
20895990,0.9396157,0.9386420649323949,0.027,0.027
4671117,0.9408059,0.9398479236140844,0.026,0.027
15844358,0.9417416,0.9408058321264803,0.026,0.026
3124572,0.9429747,0.942054807057745,0.025,0.026
21840904,0.9438652,0.9429746344861196,0.025,0.025
3178088,0.9451484,0.9442891511942164,0.024,0.025
2888956,0.9459942,0.9451484296989974,0.024,0.024
22364988,0.9473272,0.9465160060508304,0.023,0.024
15506419,0.9481377,0.9473272177651134,0.023,0.023
1492336,0.949511,0.9487325790147586,0.022,0.023
17565920,0.9502765,0.9495110409967834,0.022,0.022
14173709,0.9516999,0.9509607455531555,0.021,0.022
22449828,0.9524347,0.9516998570816917,0.021,0.021
18749214,0.9538938,0.9531748220904644,0.02,0.021
17746894,0.9546089,0.9538937506444695,0.02,0.02
8669941,0.9560927,0.9554008307007669,0.019,0.02
17987290,0.9567627,0.9560927216851167,0.019,0.019
21670416,0.9582968,0.9576421563693088,0.018,0.019
2454706,0.9589402,0.9582967278913179,0.018,0.018
8051720,0.9605059,0.9598754850102064,0.017,0.018
599616,0.9611274,0.9605058538877043,0.017,0.017
1524868,0.9627202,0.9621258655142823,0.016,0.017
5722558,0.963305,0.9627200150496444,0.016,0.016
15300158,0.9649394,0.9643843699829494,0.015,0.016
3043082,0.9654831,0.9649393383140853,0.015,0.015
4771645,0.9671638,0.9666559489571305,0.014,0.015
19594854,0.9676698,0.9671637390563956,0.014,0.014
5938385,0.9693933,0.9689264278111065,0.013,0.014
14495304,0.9698525,0.9693933019012065,0.013,0.013
16563589,0.971628,0.9711831128502036,0.012,0.013
20570950,0.9720662,0.9716279845362027,0.012,0.012
21197301,0.9738678,0.9734625619150825,0.011,0.012
12847271,0.9742653,0.9738677869613838,0.011,0.011
7142656,0.9761128,0.9757380759346124,0.01,0.011
1486933,0.9764835,0.9761127938013812,0.01,0.01
20606402,0.978363,0.9780070738575432,0.009,0.01
10302531,0.9787161,0.9783629627438792,0.009,0.009
8912203,0.9806184,0.9802861844238973,0.008,0.009
19921485,0.9809528,0.9806183361011934,0.008,0.008
1741079,0.9828789,0.9825881859529798,0.007,0.008
21402270,0.9831716,0.9828789138733239,0.007,0.007
12839133,0.9851447,0.9849051660417772,0.006,0.007
4214468,0.9853853,0.9851446537479551,0.006,0.006
15216485,0.9874157,0.9872112295531553,0.005,0.006
14377503,0.987614,0.9874156403497181,0.005,0.005
8933572,0.9896919,0.9895428497031431,0.004,0.005
22737340,0.9898394,0.9896918736786128,0.004,0.004
16876766,0.9919734,0.9918541176293374,0.003,0.004
15013920,0.9920888,0.9919733537346395,0.003,0.003
1551293,0.9942601,0.994173297958545,0.002,0.003
5037135,0.9943435,0.9942600805177978,0.002,0.002
15924668,0.9965521,0.9965048334839017,0.001,0.002
15385441,0.996599,0.9965520963404036,0.001,0.001
9711273,0.9988494,0.9988312069067578,0.0,0.001
1319718,0.9988666,0.9988494012024568,0.0,0.0
